training_seed,pair_manifest_path,pair_manifest_sha256,main_model_sha256,main_config_sha256,aux_model_sha256,aux_config_sha256,sensor_calibration_path,sensor_calibration_sha256,v3_calibration_path,v3_calibration_sha256,pair_config_path,pair_config_sha256,calibration_path,calibration_sha256,sensor_calibration_algorithm_sha256,v3_calibration_algorithm_sha256,calibration_algorithm_sha256,controller,scenario,seed,simulation_seed,run_complete,overall_rmse,overall_mae,fault_window_rmse,detection_latency_s,sensor_fault_detected,first_post_event_reliability_entry_time_s,post_event_reliability_entries,recovery_latency_s,reliability_entries,recovery_events,false_recovery_events,first_post_event_recovery_time_s,post_event_recovery_events,recovered_after_event,sub_duration_s,sub_fraction,switches,source_switch_count,avg_episode_duration_s,frac_phys,frac_main,frac_aux,frac_fb,physical_fraction,main_fraction,auxiliary_fraction,fallback_fraction,event_frac_aux,event_frac_fb,control_effort_u2,control_variation_du2,voltage_violations,rate_violations,slew_violations,optimizer_failures,main_prediction_failures,aux_prediction_failures,total_failure_count,failure_count,prediction_failure_messages,nonfinite_events,total_safety_violation_count,safety_violation_count,mean_solve_ms,mean_aux_inference_ms,mean_reliability_update_ms,mean_arbitration_ms,mean_extension_ms,mean_control_compute_ms,sim_time_s,runtime_s,main_virtual_rmse,main_virtual_mae,aux_virtual_rmse,aux_virtual_mae,selected_virtual_rmse,selected_virtual_mae,corrupted_rmse,corrupted_mae,sub_samples
2026,results/training_seed_robustness/model_pair_manifest.json,b1c4ac1db684249d4eccd46691fd1b8ad30c36bb3be56cc19a50a7581c189d5e,d1f4178199f682560f164ccac1d56816aae341eb05fbed6ac7ad73a4e2056297,9254bbd088b0c9f7bd7ba71ee75c09fe4501ce28eb8e26efab7fb7d5130ce4cc,619f677ccc63c6a40c863858d8eee4175f72b1770dc6c8ba202e7b92c2768480,04fd322ba365b394751e4f60163ebea4b2164ff6fe699d7d2c2cc052eaae8ad2,results/training_seed_robustness/configs/sensor_seed2026_calibration.json,81e64239ec99af8c8a3908b45cee979e617e82cacdfeddeadcadf4561f202f46,results/training_seed_robustness/configs/v3_seed2026_calibration.json,7467f0be3489ab4bf7ac9f35c160ee94e19eafb0ed456596d12eca762b09d718,results/training_seed_robustness/configs/v3_seed2026_config.json,4aebc19efb29250fbcbadb1138cae0edd3f2c6eaf10a91d083f7dd7d9323ea8d,results/training_seed_robustness/configs/v3_seed2026_config.json,4aebc19efb29250fbcbadb1138cae0edd3f2c6eaf10a91d083f7dd7d9323ea8d,82253ac4cb2a068fab42fc381015af1ac2bb4919babec36af790c0896ca2469e,310f886193ca6bc1584f7e0985794efc32dd08535b1dfc4e1992a9dc88ba26c2,ffbadd2556bdcea56d9a1b3529109879bd1c2a7614941a516405ad3ce7a6b4bc,B_plain_MPC,combined_fault_load,49026,49026,True,11.178521671449692,6.42656384060213,4.039615700789835,,False,,0,,0,0,0,,0,,0.0,0.0,0,0,6.0,1.0,0.0,0.0,0.0,1.0,0.0,0.0,0.0,0.0,0.0,7985.597308929059,191.04723411943718,0,0,0,0,0,0,0,0,,0,0,0,247.14881570247044,0.0,0.0,0.0,0.0,247.2059909091062,31.301833800000168,31.301833800000168,,,,,,,,,0
2026,results/training_seed_robustness/model_pair_manifest.json,b1c4ac1db684249d4eccd46691fd1b8ad30c36bb3be56cc19a50a7581c189d5e,d1f4178199f682560f164ccac1d56816aae341eb05fbed6ac7ad73a4e2056297,9254bbd088b0c9f7bd7ba71ee75c09fe4501ce28eb8e26efab7fb7d5130ce4cc,619f677ccc63c6a40c863858d8eee4175f72b1770dc6c8ba202e7b92c2768480,04fd322ba365b394751e4f60163ebea4b2164ff6fe699d7d2c2cc052eaae8ad2,results/training_seed_robustness/configs/sensor_seed2026_calibration.json,81e64239ec99af8c8a3908b45cee979e617e82cacdfeddeadcadf4561f202f46,results/training_seed_robustness/configs/v3_seed2026_calibration.json,7467f0be3489ab4bf7ac9f35c160ee94e19eafb0ed456596d12eca762b09d718,results/training_seed_robustness/configs/v3_seed2026_config.json,4aebc19efb29250fbcbadb1138cae0edd3f2c6eaf10a91d083f7dd7d9323ea8d,results/training_seed_robustness/configs/v3_seed2026_config.json,4aebc19efb29250fbcbadb1138cae0edd3f2c6eaf10a91d083f7dd7d9323ea8d,82253ac4cb2a068fab42fc381015af1ac2bb4919babec36af790c0896ca2469e,310f886193ca6bc1584f7e0985794efc32dd08535b1dfc4e1992a9dc88ba26c2,ffbadd2556bdcea56d9a1b3529109879bd1c2a7614941a516405ad3ce7a6b4bc,C3_arbitration_MPC,combined_fault_load,49026,49026,True,11.189371812692968,6.2856082423979265,4.099155806050084,0.020000000000000018,True,3.02,1,,1,0,0,,0,,3.0100000000000002,0.5008319467554077,2,2,2.0,0.49916805324459235,0.1064891846921797,0.39434276206322794,0.0,0.49916805324459235,0.1064891846921797,0.39434276206322794,0.0,0.7873754152823921,0.0,8748.568818735017,227.19364236127902,0,0,0,0,0,0,0,0,,0,0,0,208.04671239669884,1.1324003442374078,0.026990877804267236,0.018300344246088385,1.1776915662877634,208.1193396694131,27.294683500000247,27.294683500000247,2.2466137999493574,1.8334511379103777,1.6108408576563684,1.387076649307107,2.1491854025758075,1.752714289411,3.271109666257124,3.2609323471171754,301
2026,results/training_seed_robustness/model_pair_manifest.json,b1c4ac1db684249d4eccd46691fd1b8ad30c36bb3be56cc19a50a7581c189d5e,d1f4178199f682560f164ccac1d56816aae341eb05fbed6ac7ad73a4e2056297,9254bbd088b0c9f7bd7ba71ee75c09fe4501ce28eb8e26efab7fb7d5130ce4cc,619f677ccc63c6a40c863858d8eee4175f72b1770dc6c8ba202e7b92c2768480,04fd322ba365b394751e4f60163ebea4b2164ff6fe699d7d2c2cc052eaae8ad2,results/training_seed_robustness/configs/sensor_seed2026_calibration.json,81e64239ec99af8c8a3908b45cee979e617e82cacdfeddeadcadf4561f202f46,results/training_seed_robustness/configs/v3_seed2026_calibration.json,7467f0be3489ab4bf7ac9f35c160ee94e19eafb0ed456596d12eca762b09d718,results/training_seed_robustness/configs/v3_seed2026_config.json,4aebc19efb29250fbcbadb1138cae0edd3f2c6eaf10a91d083f7dd7d9323ea8d,results/training_seed_robustness/configs/v3_seed2026_config.json,4aebc19efb29250fbcbadb1138cae0edd3f2c6eaf10a91d083f7dd7d9323ea8d,82253ac4cb2a068fab42fc381015af1ac2bb4919babec36af790c0896ca2469e,310f886193ca6bc1584f7e0985794efc32dd08535b1dfc4e1992a9dc88ba26c2,ffbadd2556bdcea56d9a1b3529109879bd1c2a7614941a516405ad3ce7a6b4bc,B_plain_MPC,combined_fault_load,49027,49027,True,11.166530780192467,6.378423438751319,3.941768919955978,,False,,0,,0,0,0,,0,,0.0,0.0,0,0,6.0,1.0,0.0,0.0,0.0,1.0,0.0,0.0,0.0,0.0,0.0,7877.988397071919,168.20235637555862,0,0,0,0,0,0,0,0,,0,0,0,245.22864793386006,0.0,0.0,0.0,0.0,245.28310495865796,30.991188299999976,30.991188299999976,,,,,,,,,0
2026,results/training_seed_robustness/model_pair_manifest.json,b1c4ac1db684249d4eccd46691fd1b8ad30c36bb3be56cc19a50a7581c189d5e,d1f4178199f682560f164ccac1d56816aae341eb05fbed6ac7ad73a4e2056297,9254bbd088b0c9f7bd7ba71ee75c09fe4501ce28eb8e26efab7fb7d5130ce4cc,619f677ccc63c6a40c863858d8eee4175f72b1770dc6c8ba202e7b92c2768480,04fd322ba365b394751e4f60163ebea4b2164ff6fe699d7d2c2cc052eaae8ad2,results/training_seed_robustness/configs/sensor_seed2026_calibration.json,81e64239ec99af8c8a3908b45cee979e617e82cacdfeddeadcadf4561f202f46,results/training_seed_robustness/configs/v3_seed2026_calibration.json,7467f0be3489ab4bf7ac9f35c160ee94e19eafb0ed456596d12eca762b09d718,results/training_seed_robustness/configs/v3_seed2026_config.json,4aebc19efb29250fbcbadb1138cae0edd3f2c6eaf10a91d083f7dd7d9323ea8d,results/training_seed_robustness/configs/v3_seed2026_config.json,4aebc19efb29250fbcbadb1138cae0edd3f2c6eaf10a91d083f7dd7d9323ea8d,82253ac4cb2a068fab42fc381015af1ac2bb4919babec36af790c0896ca2469e,310f886193ca6bc1584f7e0985794efc32dd08535b1dfc4e1992a9dc88ba26c2,ffbadd2556bdcea56d9a1b3529109879bd1c2a7614941a516405ad3ce7a6b4bc,C3_arbitration_MPC,combined_fault_load,49027,49027,True,11.67017849130104,7.584159737218079,5.263032906267676,,False,,0,,1,0,0,,0,,5.05,0.8402662229617305,1,1,3.0,0.15973377703826955,0.0,0.8402662229617305,0.0,0.15973377703826955,0.0,0.8402662229617305,0.0,1.0,0.0,9631.08442453903,215.60736249444372,0,0,0,0,0,0,0,0,,0,0,0,158.07262561980485,1.1106805507782167,0.024734767640265044,0.019150946655810065,1.1545662650742918,158.14770661155148,21.21527419999984,21.21527419999984,2.705719898339773,1.920485886221383,2.59901857024762,1.8464661302576966,2.59901857024762,1.8464661302576966,2.5382946021927593,2.030366379279243,505
2026,results/training_seed_robustness/model_pair_manifest.json,b1c4ac1db684249d4eccd46691fd1b8ad30c36bb3be56cc19a50a7581c189d5e,d1f4178199f682560f164ccac1d56816aae341eb05fbed6ac7ad73a4e2056297,9254bbd088b0c9f7bd7ba71ee75c09fe4501ce28eb8e26efab7fb7d5130ce4cc,619f677ccc63c6a40c863858d8eee4175f72b1770dc6c8ba202e7b92c2768480,04fd322ba365b394751e4f60163ebea4b2164ff6fe699d7d2c2cc052eaae8ad2,results/training_seed_robustness/configs/sensor_seed2026_calibration.json,81e64239ec99af8c8a3908b45cee979e617e82cacdfeddeadcadf4561f202f46,results/training_seed_robustness/configs/v3_seed2026_calibration.json,7467f0be3489ab4bf7ac9f35c160ee94e19eafb0ed456596d12eca762b09d718,results/training_seed_robustness/configs/v3_seed2026_config.json,4aebc19efb29250fbcbadb1138cae0edd3f2c6eaf10a91d083f7dd7d9323ea8d,results/training_seed_robustness/configs/v3_seed2026_config.json,4aebc19efb29250fbcbadb1138cae0edd3f2c6eaf10a91d083f7dd7d9323ea8d,82253ac4cb2a068fab42fc381015af1ac2bb4919babec36af790c0896ca2469e,310f886193ca6bc1584f7e0985794efc32dd08535b1dfc4e1992a9dc88ba26c2,ffbadd2556bdcea56d9a1b3529109879bd1c2a7614941a516405ad3ce7a6b4bc,B_plain_MPC,combined_fault_load,49028,49028,True,11.216687563263491,6.516128973619731,4.218133359087205,,False,,0,,0,0,0,,0,,0.0,0.0,0,0,6.0,1.0,0.0,0.0,0.0,1.0,0.0,0.0,0.0,0.0,0.0,8033.114373067702,185.05424975176373,0,0,0,0,0,0,0,0,,0,0,0,252.70225289257587,0.0,0.0,0.0,0.0,252.76244710745263,32.048855699999876,32.048855699999876,,,,,,,,,0
2026,results/training_seed_robustness/model_pair_manifest.json,b1c4ac1db684249d4eccd46691fd1b8ad30c36bb3be56cc19a50a7581c189d5e,d1f4178199f682560f164ccac1d56816aae341eb05fbed6ac7ad73a4e2056297,9254bbd088b0c9f7bd7ba71ee75c09fe4501ce28eb8e26efab7fb7d5130ce4cc,619f677ccc63c6a40c863858d8eee4175f72b1770dc6c8ba202e7b92c2768480,04fd322ba365b394751e4f60163ebea4b2164ff6fe699d7d2c2cc052eaae8ad2,results/training_seed_robustness/configs/sensor_seed2026_calibration.json,81e64239ec99af8c8a3908b45cee979e617e82cacdfeddeadcadf4561f202f46,results/training_seed_robustness/configs/v3_seed2026_calibration.json,7467f0be3489ab4bf7ac9f35c160ee94e19eafb0ed456596d12eca762b09d718,results/training_seed_robustness/configs/v3_seed2026_config.json,4aebc19efb29250fbcbadb1138cae0edd3f2c6eaf10a91d083f7dd7d9323ea8d,results/training_seed_robustness/configs/v3_seed2026_config.json,4aebc19efb29250fbcbadb1138cae0edd3f2c6eaf10a91d083f7dd7d9323ea8d,82253ac4cb2a068fab42fc381015af1ac2bb4919babec36af790c0896ca2469e,310f886193ca6bc1584f7e0985794efc32dd08535b1dfc4e1992a9dc88ba26c2,ffbadd2556bdcea56d9a1b3529109879bd1c2a7614941a516405ad3ce7a6b4bc,C3_arbitration_MPC,combined_fault_load,49028,49028,True,11.142922310475345,6.187567119752153,3.807849991048734,0.020000000000000018,True,3.02,1,,1,0,0,,0,,3.02,0.502495840266223,4,4,1.2,0.49750415973377704,0.07487520798668885,0.4276206322795341,0.0,0.49750415973377704,0.07487520798668885,0.4276206322795341,0.0,0.8538205980066446,0.0,8430.88358474577,224.0355318488,0,0,0,0,0,0,0,0,,0,0,0,207.73215454545237,1.0438903614447932,0.024437005168206013,0.01748261619000341,1.0858099828030028,207.79969669421902,27.12498110000024,27.12498110000024,2.2606440547671593,1.9227345072424744,1.7894864658788123,1.583061057589275,2.1569824623378016,1.8323386119421603,3.2906471191601976,3.277968368039972,302
2026,results/training_seed_robustness/model_pair_manifest.json,b1c4ac1db684249d4eccd46691fd1b8ad30c36bb3be56cc19a50a7581c189d5e,d1f4178199f682560f164ccac1d56816aae341eb05fbed6ac7ad73a4e2056297,9254bbd088b0c9f7bd7ba71ee75c09fe4501ce28eb8e26efab7fb7d5130ce4cc,619f677ccc63c6a40c863858d8eee4175f72b1770dc6c8ba202e7b92c2768480,04fd322ba365b394751e4f60163ebea4b2164ff6fe699d7d2c2cc052eaae8ad2,results/training_seed_robustness/configs/sensor_seed2026_calibration.json,81e64239ec99af8c8a3908b45cee979e617e82cacdfeddeadcadf4561f202f46,results/training_seed_robustness/configs/v3_seed2026_calibration.json,7467f0be3489ab4bf7ac9f35c160ee94e19eafb0ed456596d12eca762b09d718,results/training_seed_robustness/configs/v3_seed2026_config.json,4aebc19efb29250fbcbadb1138cae0edd3f2c6eaf10a91d083f7dd7d9323ea8d,results/training_seed_robustness/configs/v3_seed2026_config.json,4aebc19efb29250fbcbadb1138cae0edd3f2c6eaf10a91d083f7dd7d9323ea8d,82253ac4cb2a068fab42fc381015af1ac2bb4919babec36af790c0896ca2469e,310f886193ca6bc1584f7e0985794efc32dd08535b1dfc4e1992a9dc88ba26c2,ffbadd2556bdcea56d9a1b3529109879bd1c2a7614941a516405ad3ce7a6b4bc,B_plain_MPC,combined_fault_load,49029,49029,True,11.238955675475097,6.538868869846884,4.361334661395148,,False,,0,,0,0,0,,0,,0.0,0.0,0,0,6.0,1.0,0.0,0.0,0.0,1.0,0.0,0.0,0.0,0.0,0.0,7964.840958039759,185.0839723592215,0,0,0,0,0,0,0,0,,0,0,0,245.1485305785219,0.0,0.0,0.0,0.0,245.2072404958881,31.102237200000218,31.102237200000218,,,,,,,,,0
2026,results/training_seed_robustness/model_pair_manifest.json,b1c4ac1db684249d4eccd46691fd1b8ad30c36bb3be56cc19a50a7581c189d5e,d1f4178199f682560f164ccac1d56816aae341eb05fbed6ac7ad73a4e2056297,9254bbd088b0c9f7bd7ba71ee75c09fe4501ce28eb8e26efab7fb7d5130ce4cc,619f677ccc63c6a40c863858d8eee4175f72b1770dc6c8ba202e7b92c2768480,04fd322ba365b394751e4f60163ebea4b2164ff6fe699d7d2c2cc052eaae8ad2,results/training_seed_robustness/configs/sensor_seed2026_calibration.json,81e64239ec99af8c8a3908b45cee979e617e82cacdfeddeadcadf4561f202f46,results/training_seed_robustness/configs/v3_seed2026_calibration.json,7467f0be3489ab4bf7ac9f35c160ee94e19eafb0ed456596d12eca762b09d718,results/training_seed_robustness/configs/v3_seed2026_config.json,4aebc19efb29250fbcbadb1138cae0edd3f2c6eaf10a91d083f7dd7d9323ea8d,results/training_seed_robustness/configs/v3_seed2026_config.json,4aebc19efb29250fbcbadb1138cae0edd3f2c6eaf10a91d083f7dd7d9323ea8d,82253ac4cb2a068fab42fc381015af1ac2bb4919babec36af790c0896ca2469e,310f886193ca6bc1584f7e0985794efc32dd08535b1dfc4e1992a9dc88ba26c2,ffbadd2556bdcea56d9a1b3529109879bd1c2a7614941a516405ad3ce7a6b4bc,C3_arbitration_MPC,combined_fault_load,49029,49029,True,11.670178491061415,7.584159737103614,5.263032905562987,,False,,0,,1,0,0,,0,,5.01,0.8336106489184693,1,1,3.0,0.16638935108153077,0.0,0.8336106489184693,0.0,0.16638935108153077,0.0,0.8336106489184693,0.0,1.0,0.0,9631.084425228535,215.60736250082223,0,0,0,0,0,0,0,0,,0,0,0,157.96065206612275,1.1347091222064287,0.025300688472355382,0.01983803786483546,1.1798478485436195,158.03264628101724,21.24121530000002,21.24121530000002,2.6337496014161337,1.8763487259516256,2.5242960761145863,1.8021620068997066,2.5242960761145863,1.8021620068997066,2.5373215808905862,2.039716554026545,501
2026,results/training_seed_robustness/model_pair_manifest.json,b1c4ac1db684249d4eccd46691fd1b8ad30c36bb3be56cc19a50a7581c189d5e,d1f4178199f682560f164ccac1d56816aae341eb05fbed6ac7ad73a4e2056297,9254bbd088b0c9f7bd7ba71ee75c09fe4501ce28eb8e26efab7fb7d5130ce4cc,619f677ccc63c6a40c863858d8eee4175f72b1770dc6c8ba202e7b92c2768480,04fd322ba365b394751e4f60163ebea4b2164ff6fe699d7d2c2cc052eaae8ad2,results/training_seed_robustness/configs/sensor_seed2026_calibration.json,81e64239ec99af8c8a3908b45cee979e617e82cacdfeddeadcadf4561f202f46,results/training_seed_robustness/configs/v3_seed2026_calibration.json,7467f0be3489ab4bf7ac9f35c160ee94e19eafb0ed456596d12eca762b09d718,results/training_seed_robustness/configs/v3_seed2026_config.json,4aebc19efb29250fbcbadb1138cae0edd3f2c6eaf10a91d083f7dd7d9323ea8d,results/training_seed_robustness/configs/v3_seed2026_config.json,4aebc19efb29250fbcbadb1138cae0edd3f2c6eaf10a91d083f7dd7d9323ea8d,82253ac4cb2a068fab42fc381015af1ac2bb4919babec36af790c0896ca2469e,310f886193ca6bc1584f7e0985794efc32dd08535b1dfc4e1992a9dc88ba26c2,ffbadd2556bdcea56d9a1b3529109879bd1c2a7614941a516405ad3ce7a6b4bc,B_plain_MPC,combined_fault_load,49030,49030,True,11.233346554099036,6.527946761984525,4.311619605077916,,False,,0,,0,0,0,,0,,0.0,0.0,0,0,6.0,1.0,0.0,0.0,0.0,1.0,0.0,0.0,0.0,0.0,0.0,8022.973125749784,190.83285379622663,0,0,0,0,0,0,0,0,,0,0,0,271.7863661157161,0.0,0.0,0.0,0.0,271.8443702479321,34.293123699999796,34.293123699999796,,,,,,,,,0
2026,results/training_seed_robustness/model_pair_manifest.json,b1c4ac1db684249d4eccd46691fd1b8ad30c36bb3be56cc19a50a7581c189d5e,d1f4178199f682560f164ccac1d56816aae341eb05fbed6ac7ad73a4e2056297,9254bbd088b0c9f7bd7ba71ee75c09fe4501ce28eb8e26efab7fb7d5130ce4cc,619f677ccc63c6a40c863858d8eee4175f72b1770dc6c8ba202e7b92c2768480,04fd322ba365b394751e4f60163ebea4b2164ff6fe699d7d2c2cc052eaae8ad2,results/training_seed_robustness/configs/sensor_seed2026_calibration.json,81e64239ec99af8c8a3908b45cee979e617e82cacdfeddeadcadf4561f202f46,results/training_seed_robustness/configs/v3_seed2026_calibration.json,7467f0be3489ab4bf7ac9f35c160ee94e19eafb0ed456596d12eca762b09d718,results/training_seed_robustness/configs/v3_seed2026_config.json,4aebc19efb29250fbcbadb1138cae0edd3f2c6eaf10a91d083f7dd7d9323ea8d,results/training_seed_robustness/configs/v3_seed2026_config.json,4aebc19efb29250fbcbadb1138cae0edd3f2c6eaf10a91d083f7dd7d9323ea8d,82253ac4cb2a068fab42fc381015af1ac2bb4919babec36af790c0896ca2469e,310f886193ca6bc1584f7e0985794efc32dd08535b1dfc4e1992a9dc88ba26c2,ffbadd2556bdcea56d9a1b3529109879bd1c2a7614941a516405ad3ce7a6b4bc,C3_arbitration_MPC,combined_fault_load,49030,49030,True,11.174198463655864,6.263435951355212,3.9929612847168365,0.020000000000000018,True,3.02,1,,1,0,0,,0,,3.02,0.502495840266223,4,4,1.2,0.49750415973377704,0.08485856905158069,0.4176372712146423,0.0,0.49750415973377704,0.08485856905158069,0.4176372712146423,0.0,0.8338870431893688,0.0,8571.018531553264,211.238051050858,0,0,0,0,0,0,0,0,,0,0,0,215.47606776858473,1.1369752151658634,0.026370567984439153,0.01840120481032932,1.1817469879606317,215.54516611572467,28.230321399999866,28.230321399999866,2.2011288450549955,1.8492196202179507,1.6898627308334302,1.4731607255270762,2.0961808006854623,1.7583860255606938,3.2847974831248443,3.273460114634035,302
2026,results/training_seed_robustness/model_pair_manifest.json,b1c4ac1db684249d4eccd46691fd1b8ad30c36bb3be56cc19a50a7581c189d5e,d1f4178199f682560f164ccac1d56816aae341eb05fbed6ac7ad73a4e2056297,9254bbd088b0c9f7bd7ba71ee75c09fe4501ce28eb8e26efab7fb7d5130ce4cc,619f677ccc63c6a40c863858d8eee4175f72b1770dc6c8ba202e7b92c2768480,04fd322ba365b394751e4f60163ebea4b2164ff6fe699d7d2c2cc052eaae8ad2,results/training_seed_robustness/configs/sensor_seed2026_calibration.json,81e64239ec99af8c8a3908b45cee979e617e82cacdfeddeadcadf4561f202f46,results/training_seed_robustness/configs/v3_seed2026_calibration.json,7467f0be3489ab4bf7ac9f35c160ee94e19eafb0ed456596d12eca762b09d718,results/training_seed_robustness/configs/v3_seed2026_config.json,4aebc19efb29250fbcbadb1138cae0edd3f2c6eaf10a91d083f7dd7d9323ea8d,results/training_seed_robustness/configs/v3_seed2026_config.json,4aebc19efb29250fbcbadb1138cae0edd3f2c6eaf10a91d083f7dd7d9323ea8d,82253ac4cb2a068fab42fc381015af1ac2bb4919babec36af790c0896ca2469e,310f886193ca6bc1584f7e0985794efc32dd08535b1dfc4e1992a9dc88ba26c2,ffbadd2556bdcea56d9a1b3529109879bd1c2a7614941a516405ad3ce7a6b4bc,B_plain_MPC,load_disturbance,49026,49026,True,10.823591922655739,4.8714583309535895,0.8520738875132681,,,,0,,0,0,0,,0,,0.0,0.0,0,0,6.0,1.0,0.0,0.0,0.0,1.0,0.0,0.0,0.0,0.0,0.0,8443.847910012562,164.4097724668127,0,0,0,0,0,0,0,0,,0,0,0,271.4945438016483,0.0,0.0,0.0,0.0,271.55325041321555,34.294287599999734,34.294287599999734,,,,,,,,,0
2026,results/training_seed_robustness/model_pair_manifest.json,b1c4ac1db684249d4eccd46691fd1b8ad30c36bb3be56cc19a50a7581c189d5e,d1f4178199f682560f164ccac1d56816aae341eb05fbed6ac7ad73a4e2056297,9254bbd088b0c9f7bd7ba71ee75c09fe4501ce28eb8e26efab7fb7d5130ce4cc,619f677ccc63c6a40c863858d8eee4175f72b1770dc6c8ba202e7b92c2768480,04fd322ba365b394751e4f60163ebea4b2164ff6fe699d7d2c2cc052eaae8ad2,results/training_seed_robustness/configs/sensor_seed2026_calibration.json,81e64239ec99af8c8a3908b45cee979e617e82cacdfeddeadcadf4561f202f46,results/training_seed_robustness/configs/v3_seed2026_calibration.json,7467f0be3489ab4bf7ac9f35c160ee94e19eafb0ed456596d12eca762b09d718,results/training_seed_robustness/configs/v3_seed2026_config.json,4aebc19efb29250fbcbadb1138cae0edd3f2c6eaf10a91d083f7dd7d9323ea8d,results/training_seed_robustness/configs/v3_seed2026_config.json,4aebc19efb29250fbcbadb1138cae0edd3f2c6eaf10a91d083f7dd7d9323ea8d,82253ac4cb2a068fab42fc381015af1ac2bb4919babec36af790c0896ca2469e,310f886193ca6bc1584f7e0985794efc32dd08535b1dfc4e1992a9dc88ba26c2,ffbadd2556bdcea56d9a1b3529109879bd1c2a7614941a516405ad3ce7a6b4bc,C3_arbitration_MPC,load_disturbance,49026,49026,True,10.823591922655739,4.8714583309535895,0.8520738875132681,,,,0,,0,0,0,,0,,0.0,0.0,0,0,6.0,1.0,0.0,0.0,0.0,1.0,0.0,0.0,0.0,0.0,0.0,8443.847910012562,164.4097724668127,0,0,0,0,0,0,0,0,,0,0,0,273.975689256189,1.1321590361310228,0.02561617900142342,0.01527624785194035,1.1730514629843865,274.03389586778616,35.28549070000008,35.28549070000008,,,,,,,,,0
2026,results/training_seed_robustness/model_pair_manifest.json,b1c4ac1db684249d4eccd46691fd1b8ad30c36bb3be56cc19a50a7581c189d5e,d1f4178199f682560f164ccac1d56816aae341eb05fbed6ac7ad73a4e2056297,9254bbd088b0c9f7bd7ba71ee75c09fe4501ce28eb8e26efab7fb7d5130ce4cc,619f677ccc63c6a40c863858d8eee4175f72b1770dc6c8ba202e7b92c2768480,04fd322ba365b394751e4f60163ebea4b2164ff6fe699d7d2c2cc052eaae8ad2,results/training_seed_robustness/configs/sensor_seed2026_calibration.json,81e64239ec99af8c8a3908b45cee979e617e82cacdfeddeadcadf4561f202f46,results/training_seed_robustness/configs/v3_seed2026_calibration.json,7467f0be3489ab4bf7ac9f35c160ee94e19eafb0ed456596d12eca762b09d718,results/training_seed_robustness/configs/v3_seed2026_config.json,4aebc19efb29250fbcbadb1138cae0edd3f2c6eaf10a91d083f7dd7d9323ea8d,results/training_seed_robustness/configs/v3_seed2026_config.json,4aebc19efb29250fbcbadb1138cae0edd3f2c6eaf10a91d083f7dd7d9323ea8d,82253ac4cb2a068fab42fc381015af1ac2bb4919babec36af790c0896ca2469e,310f886193ca6bc1584f7e0985794efc32dd08535b1dfc4e1992a9dc88ba26c2,ffbadd2556bdcea56d9a1b3529109879bd1c2a7614941a516405ad3ce7a6b4bc,B_plain_MPC,load_disturbance,49027,49027,True,10.830491070761672,4.872597569833557,0.8822438852738081,,,,0,,0,0,0,,0,,0.0,0.0,0,0,6.0,1.0,0.0,0.0,0.0,1.0,0.0,0.0,0.0,0.0,0.0,8335.228466358707,141.81261777155464,0,0,0,0,0,0,0,0,,0,0,0,276.45960330581767,0.0,0.0,0.0,0.0,276.5166074380258,34.87251470000001,34.87251470000001,,,,,,,,,0
2026,results/training_seed_robustness/model_pair_manifest.json,b1c4ac1db684249d4eccd46691fd1b8ad30c36bb3be56cc19a50a7581c189d5e,d1f4178199f682560f164ccac1d56816aae341eb05fbed6ac7ad73a4e2056297,9254bbd088b0c9f7bd7ba71ee75c09fe4501ce28eb8e26efab7fb7d5130ce4cc,619f677ccc63c6a40c863858d8eee4175f72b1770dc6c8ba202e7b92c2768480,04fd322ba365b394751e4f60163ebea4b2164ff6fe699d7d2c2cc052eaae8ad2,results/training_seed_robustness/configs/sensor_seed2026_calibration.json,81e64239ec99af8c8a3908b45cee979e617e82cacdfeddeadcadf4561f202f46,results/training_seed_robustness/configs/v3_seed2026_calibration.json,7467f0be3489ab4bf7ac9f35c160ee94e19eafb0ed456596d12eca762b09d718,results/training_seed_robustness/configs/v3_seed2026_config.json,4aebc19efb29250fbcbadb1138cae0edd3f2c6eaf10a91d083f7dd7d9323ea8d,results/training_seed_robustness/configs/v3_seed2026_config.json,4aebc19efb29250fbcbadb1138cae0edd3f2c6eaf10a91d083f7dd7d9323ea8d,82253ac4cb2a068fab42fc381015af1ac2bb4919babec36af790c0896ca2469e,310f886193ca6bc1584f7e0985794efc32dd08535b1dfc4e1992a9dc88ba26c2,ffbadd2556bdcea56d9a1b3529109879bd1c2a7614941a516405ad3ce7a6b4bc,C3_arbitration_MPC,load_disturbance,49027,49027,True,11.67017849130104,7.584159737218079,5.263032906267676,,,,0,,1,0,0,,0,,5.05,0.8402662229617305,1,1,3.0,0.15973377703826955,0.0,0.8402662229617305,0.0,0.15973377703826955,0.0,0.8402662229617305,0.0,1.0,0.0,9631.08442453903,215.60736249444372,0,0,0,0,0,0,0,0,,0,0,0,159.91924628099898,1.181633046481613,0.02661686747601716,0.021187435454920796,1.229437349412551,160.00353057851805,21.53756629999998,21.53756629999998,2.705719898339773,1.920485886221383,2.59901857024762,1.8464661302576966,2.59901857024762,1.8464661302576966,0.2534892090389285,0.19821375184509502,505
2026,results/training_seed_robustness/model_pair_manifest.json,b1c4ac1db684249d4eccd46691fd1b8ad30c36bb3be56cc19a50a7581c189d5e,d1f4178199f682560f164ccac1d56816aae341eb05fbed6ac7ad73a4e2056297,9254bbd088b0c9f7bd7ba71ee75c09fe4501ce28eb8e26efab7fb7d5130ce4cc,619f677ccc63c6a40c863858d8eee4175f72b1770dc6c8ba202e7b92c2768480,04fd322ba365b394751e4f60163ebea4b2164ff6fe699d7d2c2cc052eaae8ad2,results/training_seed_robustness/configs/sensor_seed2026_calibration.json,81e64239ec99af8c8a3908b45cee979e617e82cacdfeddeadcadf4561f202f46,results/training_seed_robustness/configs/v3_seed2026_calibration.json,7467f0be3489ab4bf7ac9f35c160ee94e19eafb0ed456596d12eca762b09d718,results/training_seed_robustness/configs/v3_seed2026_config.json,4aebc19efb29250fbcbadb1138cae0edd3f2c6eaf10a91d083f7dd7d9323ea8d,results/training_seed_robustness/configs/v3_seed2026_config.json,4aebc19efb29250fbcbadb1138cae0edd3f2c6eaf10a91d083f7dd7d9323ea8d,82253ac4cb2a068fab42fc381015af1ac2bb4919babec36af790c0896ca2469e,310f886193ca6bc1584f7e0985794efc32dd08535b1dfc4e1992a9dc88ba26c2,ffbadd2556bdcea56d9a1b3529109879bd1c2a7614941a516405ad3ce7a6b4bc,B_plain_MPC,load_disturbance,49028,49028,True,10.832825385375235,4.923028810171709,0.9448917538641097,,,,0,,0,0,0,,0,,0.0,0.0,0,0,6.0,1.0,0.0,0.0,0.0,1.0,0.0,0.0,0.0,0.0,0.0,8430.043476136541,149.52050375227685,0,0,0,0,0,0,0,0,,0,0,0,263.50900330577844,0.0,0.0,0.0,0.0,263.566437190108,33.288242699999955,33.288242699999955,,,,,,,,,0
2026,results/training_seed_robustness/model_pair_manifest.json,b1c4ac1db684249d4eccd46691fd1b8ad30c36bb3be56cc19a50a7581c189d5e,d1f4178199f682560f164ccac1d56816aae341eb05fbed6ac7ad73a4e2056297,9254bbd088b0c9f7bd7ba71ee75c09fe4501ce28eb8e26efab7fb7d5130ce4cc,619f677ccc63c6a40c863858d8eee4175f72b1770dc6c8ba202e7b92c2768480,04fd322ba365b394751e4f60163ebea4b2164ff6fe699d7d2c2cc052eaae8ad2,results/training_seed_robustness/configs/sensor_seed2026_calibration.json,81e64239ec99af8c8a3908b45cee979e617e82cacdfeddeadcadf4561f202f46,results/training_seed_robustness/configs/v3_seed2026_calibration.json,7467f0be3489ab4bf7ac9f35c160ee94e19eafb0ed456596d12eca762b09d718,results/training_seed_robustness/configs/v3_seed2026_config.json,4aebc19efb29250fbcbadb1138cae0edd3f2c6eaf10a91d083f7dd7d9323ea8d,results/training_seed_robustness/configs/v3_seed2026_config.json,4aebc19efb29250fbcbadb1138cae0edd3f2c6eaf10a91d083f7dd7d9323ea8d,82253ac4cb2a068fab42fc381015af1ac2bb4919babec36af790c0896ca2469e,310f886193ca6bc1584f7e0985794efc32dd08535b1dfc4e1992a9dc88ba26c2,ffbadd2556bdcea56d9a1b3529109879bd1c2a7614941a516405ad3ce7a6b4bc,C3_arbitration_MPC,load_disturbance,49028,49028,True,11.181625908925657,6.2637629987890655,4.028018332644485,0.06000000000000005,,3.06,1,,1,0,0,,0,,2.97,0.49417637271214643,6,6,0.8571428571428571,0.5058236272878536,0.10815307820299501,0.3860232945091514,0.0,0.5058236272878536,0.10815307820299501,0.3860232945091514,0.0,0.770764119601329,0.0,8757.50747900606,213.7569669460804,0,0,0,0,0,0,0,0,,0,0,0,230.63736363637648,1.1892676419904058,0.02703924269044928,0.0191502581753651,1.2354571428562202,230.70887768592965,30.137279300000046,30.137279300000046,2.2654237255463925,1.8659452503879872,1.6039860552085767,1.3787084981210505,2.1685573825720574,1.7826757621548632,0.25599558928530314,0.20212143203246363,297
2026,results/training_seed_robustness/model_pair_manifest.json,b1c4ac1db684249d4eccd46691fd1b8ad30c36bb3be56cc19a50a7581c189d5e,d1f4178199f682560f164ccac1d56816aae341eb05fbed6ac7ad73a4e2056297,9254bbd088b0c9f7bd7ba71ee75c09fe4501ce28eb8e26efab7fb7d5130ce4cc,619f677ccc63c6a40c863858d8eee4175f72b1770dc6c8ba202e7b92c2768480,04fd322ba365b394751e4f60163ebea4b2164ff6fe699d7d2c2cc052eaae8ad2,results/training_seed_robustness/configs/sensor_seed2026_calibration.json,81e64239ec99af8c8a3908b45cee979e617e82cacdfeddeadcadf4561f202f46,results/training_seed_robustness/configs/v3_seed2026_calibration.json,7467f0be3489ab4bf7ac9f35c160ee94e19eafb0ed456596d12eca762b09d718,results/training_seed_robustness/configs/v3_seed2026_config.json,4aebc19efb29250fbcbadb1138cae0edd3f2c6eaf10a91d083f7dd7d9323ea8d,results/training_seed_robustness/configs/v3_seed2026_config.json,4aebc19efb29250fbcbadb1138cae0edd3f2c6eaf10a91d083f7dd7d9323ea8d,82253ac4cb2a068fab42fc381015af1ac2bb4919babec36af790c0896ca2469e,310f886193ca6bc1584f7e0985794efc32dd08535b1dfc4e1992a9dc88ba26c2,ffbadd2556bdcea56d9a1b3529109879bd1c2a7614941a516405ad3ce7a6b4bc,B_plain_MPC,load_disturbance,49029,49029,True,10.825824459059463,4.875588096714347,0.9056631076344082,,,,0,,0,0,0,,0,,0.0,0.0,0,0,6.0,1.0,0.0,0.0,0.0,1.0,0.0,0.0,0.0,0.0,0.0,8408.066854115947,161.2451053241043,0,0,0,0,0,0,0,0,,0,0,0,276.7138925620044,0.0,0.0,0.0,0.0,276.7741727272386,34.9576318999998,34.9576318999998,,,,,,,,,0
2026,results/training_seed_robustness/model_pair_manifest.json,b1c4ac1db684249d4eccd46691fd1b8ad30c36bb3be56cc19a50a7581c189d5e,d1f4178199f682560f164ccac1d56816aae341eb05fbed6ac7ad73a4e2056297,9254bbd088b0c9f7bd7ba71ee75c09fe4501ce28eb8e26efab7fb7d5130ce4cc,619f677ccc63c6a40c863858d8eee4175f72b1770dc6c8ba202e7b92c2768480,04fd322ba365b394751e4f60163ebea4b2164ff6fe699d7d2c2cc052eaae8ad2,results/training_seed_robustness/configs/sensor_seed2026_calibration.json,81e64239ec99af8c8a3908b45cee979e617e82cacdfeddeadcadf4561f202f46,results/training_seed_robustness/configs/v3_seed2026_calibration.json,7467f0be3489ab4bf7ac9f35c160ee94e19eafb0ed456596d12eca762b09d718,results/training_seed_robustness/configs/v3_seed2026_config.json,4aebc19efb29250fbcbadb1138cae0edd3f2c6eaf10a91d083f7dd7d9323ea8d,results/training_seed_robustness/configs/v3_seed2026_config.json,4aebc19efb29250fbcbadb1138cae0edd3f2c6eaf10a91d083f7dd7d9323ea8d,82253ac4cb2a068fab42fc381015af1ac2bb4919babec36af790c0896ca2469e,310f886193ca6bc1584f7e0985794efc32dd08535b1dfc4e1992a9dc88ba26c2,ffbadd2556bdcea56d9a1b3529109879bd1c2a7614941a516405ad3ce7a6b4bc,C3_arbitration_MPC,load_disturbance,49029,49029,True,11.670178491061415,7.584159737103614,5.263032905562987,,,,0,,1,0,0,,0,,5.01,0.8336106489184693,1,1,3.0,0.16638935108153077,0.0,0.8336106489184693,0.0,0.16638935108153077,0.0,0.8336106489184693,0.0,1.0,0.0,9631.084425228535,215.60736250082223,0,0,0,0,0,0,0,0,,0,0,0,165.1479570247852,1.2075421686749468,0.027172977620067377,0.021542340787187475,1.2562574870822016,165.2321024793505,22.223408700000164,22.223408700000164,2.6337496014161337,1.8763487259516256,2.5242960761145863,1.8021620068997066,2.5242960761145863,1.8021620068997066,0.24301671933376567,0.18990244099658882,501
2026,results/training_seed_robustness/model_pair_manifest.json,b1c4ac1db684249d4eccd46691fd1b8ad30c36bb3be56cc19a50a7581c189d5e,d1f4178199f682560f164ccac1d56816aae341eb05fbed6ac7ad73a4e2056297,9254bbd088b0c9f7bd7ba71ee75c09fe4501ce28eb8e26efab7fb7d5130ce4cc,619f677ccc63c6a40c863858d8eee4175f72b1770dc6c8ba202e7b92c2768480,04fd322ba365b394751e4f60163ebea4b2164ff6fe699d7d2c2cc052eaae8ad2,results/training_seed_robustness/configs/sensor_seed2026_calibration.json,81e64239ec99af8c8a3908b45cee979e617e82cacdfeddeadcadf4561f202f46,results/training_seed_robustness/configs/v3_seed2026_calibration.json,7467f0be3489ab4bf7ac9f35c160ee94e19eafb0ed456596d12eca762b09d718,results/training_seed_robustness/configs/v3_seed2026_config.json,4aebc19efb29250fbcbadb1138cae0edd3f2c6eaf10a91d083f7dd7d9323ea8d,results/training_seed_robustness/configs/v3_seed2026_config.json,4aebc19efb29250fbcbadb1138cae0edd3f2c6eaf10a91d083f7dd7d9323ea8d,82253ac4cb2a068fab42fc381015af1ac2bb4919babec36af790c0896ca2469e,310f886193ca6bc1584f7e0985794efc32dd08535b1dfc4e1992a9dc88ba26c2,ffbadd2556bdcea56d9a1b3529109879bd1c2a7614941a516405ad3ce7a6b4bc,B_plain_MPC,load_disturbance,49030,49030,True,10.831171078900068,4.8976437377174,0.9337713745703,,,,0,,0,0,0,,0,,0.0,0.0,0,0,6.0,1.0,0.0,0.0,0.0,1.0,0.0,0.0,0.0,0.0,0.0,8412.953830565646,158.58865420029753,0,0,0,0,0,0,0,0,,0,0,0,282.58354214878545,0.0,0.0,0.0,0.0,282.64252479336267,35.6304554000003,35.6304554000003,,,,,,,,,0
2026,results/training_seed_robustness/model_pair_manifest.json,b1c4ac1db684249d4eccd46691fd1b8ad30c36bb3be56cc19a50a7581c189d5e,d1f4178199f682560f164ccac1d56816aae341eb05fbed6ac7ad73a4e2056297,9254bbd088b0c9f7bd7ba71ee75c09fe4501ce28eb8e26efab7fb7d5130ce4cc,619f677ccc63c6a40c863858d8eee4175f72b1770dc6c8ba202e7b92c2768480,04fd322ba365b394751e4f60163ebea4b2164ff6fe699d7d2c2cc052eaae8ad2,results/training_seed_robustness/configs/sensor_seed2026_calibration.json,81e64239ec99af8c8a3908b45cee979e617e82cacdfeddeadcadf4561f202f46,results/training_seed_robustness/configs/v3_seed2026_calibration.json,7467f0be3489ab4bf7ac9f35c160ee94e19eafb0ed456596d12eca762b09d718,results/training_seed_robustness/configs/v3_seed2026_config.json,4aebc19efb29250fbcbadb1138cae0edd3f2c6eaf10a91d083f7dd7d9323ea8d,results/training_seed_robustness/configs/v3_seed2026_config.json,4aebc19efb29250fbcbadb1138cae0edd3f2c6eaf10a91d083f7dd7d9323ea8d,82253ac4cb2a068fab42fc381015af1ac2bb4919babec36af790c0896ca2469e,310f886193ca6bc1584f7e0985794efc32dd08535b1dfc4e1992a9dc88ba26c2,ffbadd2556bdcea56d9a1b3529109879bd1c2a7614941a516405ad3ce7a6b4bc,C3_arbitration_MPC,load_disturbance,49030,49030,True,11.142518523596806,6.144744919050017,3.8120996996128715,0.10000000000000009,,3.1,1,,1,0,0,,0,,2.93,0.4875207986688852,6,6,0.8571428571428571,0.5124792013311148,0.11813643926788686,0.36938435940099834,0.0,0.5124792013311148,0.11813643926788686,0.36938435940099834,0.0,0.7375415282392026,0.0,8799.407869118597,218.91812789360043,0,0,0,0,0,0,0,0,,0,0,0,240.04997438016875,1.1627910499233112,0.025619104972676048,0.01872185887111774,1.2071320137671049,240.12185041322084,31.234882199999902,31.234882199999902,2.2378600210942037,1.8316315472339249,1.659867598918452,1.4346959907841885,2.1408093545024425,1.7502524614278632,0.252677686478109,0.19427588139394855,293
2026,results/training_seed_robustness/model_pair_manifest.json,b1c4ac1db684249d4eccd46691fd1b8ad30c36bb3be56cc19a50a7581c189d5e,d1f4178199f682560f164ccac1d56816aae341eb05fbed6ac7ad73a4e2056297,9254bbd088b0c9f7bd7ba71ee75c09fe4501ce28eb8e26efab7fb7d5130ce4cc,619f677ccc63c6a40c863858d8eee4175f72b1770dc6c8ba202e7b92c2768480,04fd322ba365b394751e4f60163ebea4b2164ff6fe699d7d2c2cc052eaae8ad2,results/training_seed_robustness/configs/sensor_seed2026_calibration.json,81e64239ec99af8c8a3908b45cee979e617e82cacdfeddeadcadf4561f202f46,results/training_seed_robustness/configs/v3_seed2026_calibration.json,7467f0be3489ab4bf7ac9f35c160ee94e19eafb0ed456596d12eca762b09d718,results/training_seed_robustness/configs/v3_seed2026_config.json,4aebc19efb29250fbcbadb1138cae0edd3f2c6eaf10a91d083f7dd7d9323ea8d,results/training_seed_robustness/configs/v3_seed2026_config.json,4aebc19efb29250fbcbadb1138cae0edd3f2c6eaf10a91d083f7dd7d9323ea8d,82253ac4cb2a068fab42fc381015af1ac2bb4919babec36af790c0896ca2469e,310f886193ca6bc1584f7e0985794efc32dd08535b1dfc4e1992a9dc88ba26c2,ffbadd2556bdcea56d9a1b3529109879bd1c2a7614941a516405ad3ce7a6b4bc,B_plain_MPC,parameter_variation,49026,49026,True,10.816819906247675,4.782246648463017,0.6583451498378654,,,,0,,0,0,0,,0,,0.0,0.0,0,0,6.0,1.0,0.0,0.0,0.0,1.0,0.0,0.0,0.0,0.0,0.0,7857.2109151160175,152.05653279402844,0,0,0,0,0,0,0,0,,0,0,0,266.1546553718828,0.0,0.0,0.0,0.0,266.21423057854713,33.64960650000012,33.64960650000012,,,,,,,,,0
2026,results/training_seed_robustness/model_pair_manifest.json,b1c4ac1db684249d4eccd46691fd1b8ad30c36bb3be56cc19a50a7581c189d5e,d1f4178199f682560f164ccac1d56816aae341eb05fbed6ac7ad73a4e2056297,9254bbd088b0c9f7bd7ba71ee75c09fe4501ce28eb8e26efab7fb7d5130ce4cc,619f677ccc63c6a40c863858d8eee4175f72b1770dc6c8ba202e7b92c2768480,04fd322ba365b394751e4f60163ebea4b2164ff6fe699d7d2c2cc052eaae8ad2,results/training_seed_robustness/configs/sensor_seed2026_calibration.json,81e64239ec99af8c8a3908b45cee979e617e82cacdfeddeadcadf4561f202f46,results/training_seed_robustness/configs/v3_seed2026_calibration.json,7467f0be3489ab4bf7ac9f35c160ee94e19eafb0ed456596d12eca762b09d718,results/training_seed_robustness/configs/v3_seed2026_config.json,4aebc19efb29250fbcbadb1138cae0edd3f2c6eaf10a91d083f7dd7d9323ea8d,results/training_seed_robustness/configs/v3_seed2026_config.json,4aebc19efb29250fbcbadb1138cae0edd3f2c6eaf10a91d083f7dd7d9323ea8d,82253ac4cb2a068fab42fc381015af1ac2bb4919babec36af790c0896ca2469e,310f886193ca6bc1584f7e0985794efc32dd08535b1dfc4e1992a9dc88ba26c2,ffbadd2556bdcea56d9a1b3529109879bd1c2a7614941a516405ad3ce7a6b4bc,C3_arbitration_MPC,parameter_variation,49026,49026,True,10.816819906247675,4.782246648463017,0.6583451498378654,,,,0,,0,0,0,,0,,0.0,0.0,0,0,6.0,1.0,0.0,0.0,0.0,1.0,0.0,0.0,0.0,0.0,0.0,7857.2109151160175,152.05653279402844,0,0,0,0,0,0,0,0,,0,0,0,260.29571239669997,1.1839120481889482,0.026190877805191266,0.015760929434036872,1.2258638554281762,260.3545115702451,33.729220799999894,33.729220799999894,,,,,,,,,0
2026,results/training_seed_robustness/model_pair_manifest.json,b1c4ac1db684249d4eccd46691fd1b8ad30c36bb3be56cc19a50a7581c189d5e,d1f4178199f682560f164ccac1d56816aae341eb05fbed6ac7ad73a4e2056297,9254bbd088b0c9f7bd7ba71ee75c09fe4501ce28eb8e26efab7fb7d5130ce4cc,619f677ccc63c6a40c863858d8eee4175f72b1770dc6c8ba202e7b92c2768480,04fd322ba365b394751e4f60163ebea4b2164ff6fe699d7d2c2cc052eaae8ad2,results/training_seed_robustness/configs/sensor_seed2026_calibration.json,81e64239ec99af8c8a3908b45cee979e617e82cacdfeddeadcadf4561f202f46,results/training_seed_robustness/configs/v3_seed2026_calibration.json,7467f0be3489ab4bf7ac9f35c160ee94e19eafb0ed456596d12eca762b09d718,results/training_seed_robustness/configs/v3_seed2026_config.json,4aebc19efb29250fbcbadb1138cae0edd3f2c6eaf10a91d083f7dd7d9323ea8d,results/training_seed_robustness/configs/v3_seed2026_config.json,4aebc19efb29250fbcbadb1138cae0edd3f2c6eaf10a91d083f7dd7d9323ea8d,82253ac4cb2a068fab42fc381015af1ac2bb4919babec36af790c0896ca2469e,310f886193ca6bc1584f7e0985794efc32dd08535b1dfc4e1992a9dc88ba26c2,ffbadd2556bdcea56d9a1b3529109879bd1c2a7614941a516405ad3ce7a6b4bc,B_plain_MPC,parameter_variation,49027,49027,True,10.822066728432999,4.768781387941503,0.6435395583968976,,,,0,,0,0,0,,0,,0.0,0.0,0,0,6.0,1.0,0.0,0.0,0.0,1.0,0.0,0.0,0.0,0.0,0.0,7755.374870873816,123.59919521334491,0,0,0,0,0,0,0,0,,0,0,0,265.61112396693864,0.0,0.0,0.0,0.0,265.6727396694038,33.54653290000033,33.54653290000033,,,,,,,,,0
2026,results/training_seed_robustness/model_pair_manifest.json,b1c4ac1db684249d4eccd46691fd1b8ad30c36bb3be56cc19a50a7581c189d5e,d1f4178199f682560f164ccac1d56816aae341eb05fbed6ac7ad73a4e2056297,9254bbd088b0c9f7bd7ba71ee75c09fe4501ce28eb8e26efab7fb7d5130ce4cc,619f677ccc63c6a40c863858d8eee4175f72b1770dc6c8ba202e7b92c2768480,04fd322ba365b394751e4f60163ebea4b2164ff6fe699d7d2c2cc052eaae8ad2,results/training_seed_robustness/configs/sensor_seed2026_calibration.json,81e64239ec99af8c8a3908b45cee979e617e82cacdfeddeadcadf4561f202f46,results/training_seed_robustness/configs/v3_seed2026_calibration.json,7467f0be3489ab4bf7ac9f35c160ee94e19eafb0ed456596d12eca762b09d718,results/training_seed_robustness/configs/v3_seed2026_config.json,4aebc19efb29250fbcbadb1138cae0edd3f2c6eaf10a91d083f7dd7d9323ea8d,results/training_seed_robustness/configs/v3_seed2026_config.json,4aebc19efb29250fbcbadb1138cae0edd3f2c6eaf10a91d083f7dd7d9323ea8d,82253ac4cb2a068fab42fc381015af1ac2bb4919babec36af790c0896ca2469e,310f886193ca6bc1584f7e0985794efc32dd08535b1dfc4e1992a9dc88ba26c2,ffbadd2556bdcea56d9a1b3529109879bd1c2a7614941a516405ad3ce7a6b4bc,C3_arbitration_MPC,parameter_variation,49027,49027,True,12.221459901915889,8.760766618992266,7.348318860423733,,,,0,,1,0,0,,0,,5.05,0.8402662229617305,1,1,3.0,0.15973377703826955,0.0,0.8402662229617305,0.0,0.15973377703826955,0.0,0.8402662229617305,0.0,1.0,0.0,7818.684060195144,243.87201043763196,0,0,0,0,0,0,0,0,,0,0,0,151.16096528927,1.0981795180731613,0.025012392428155193,0.02011841653067439,1.1433103270319909,151.23763719008994,20.382367199999862,20.382367199999862,8.507553524037132,5.892715974194441,8.379572107238591,5.818955776778655,8.379572107238591,5.818955776778655,0.2534892090389284,0.1982137518450949,505
2026,results/training_seed_robustness/model_pair_manifest.json,b1c4ac1db684249d4eccd46691fd1b8ad30c36bb3be56cc19a50a7581c189d5e,d1f4178199f682560f164ccac1d56816aae341eb05fbed6ac7ad73a4e2056297,9254bbd088b0c9f7bd7ba71ee75c09fe4501ce28eb8e26efab7fb7d5130ce4cc,619f677ccc63c6a40c863858d8eee4175f72b1770dc6c8ba202e7b92c2768480,04fd322ba365b394751e4f60163ebea4b2164ff6fe699d7d2c2cc052eaae8ad2,results/training_seed_robustness/configs/sensor_seed2026_calibration.json,81e64239ec99af8c8a3908b45cee979e617e82cacdfeddeadcadf4561f202f46,results/training_seed_robustness/configs/v3_seed2026_calibration.json,7467f0be3489ab4bf7ac9f35c160ee94e19eafb0ed456596d12eca762b09d718,results/training_seed_robustness/configs/v3_seed2026_config.json,4aebc19efb29250fbcbadb1138cae0edd3f2c6eaf10a91d083f7dd7d9323ea8d,results/training_seed_robustness/configs/v3_seed2026_config.json,4aebc19efb29250fbcbadb1138cae0edd3f2c6eaf10a91d083f7dd7d9323ea8d,82253ac4cb2a068fab42fc381015af1ac2bb4919babec36af790c0896ca2469e,310f886193ca6bc1584f7e0985794efc32dd08535b1dfc4e1992a9dc88ba26c2,ffbadd2556bdcea56d9a1b3529109879bd1c2a7614941a516405ad3ce7a6b4bc,B_plain_MPC,parameter_variation,49028,49028,True,10.823473063736833,4.819017169681289,0.6988704948925298,,,,0,,0,0,0,,0,,0.0,0.0,0,0,6.0,1.0,0.0,0.0,0.0,1.0,0.0,0.0,0.0,0.0,0.0,7835.396671124763,128.89499386691924,0,0,0,0,0,0,0,0,,0,0,0,263.40955537189296,0.0,0.0,0.0,0.0,263.4722768594987,33.35954679999986,33.35954679999986,,,,,,,,,0
2026,results/training_seed_robustness/model_pair_manifest.json,b1c4ac1db684249d4eccd46691fd1b8ad30c36bb3be56cc19a50a7581c189d5e,d1f4178199f682560f164ccac1d56816aae341eb05fbed6ac7ad73a4e2056297,9254bbd088b0c9f7bd7ba71ee75c09fe4501ce28eb8e26efab7fb7d5130ce4cc,619f677ccc63c6a40c863858d8eee4175f72b1770dc6c8ba202e7b92c2768480,04fd322ba365b394751e4f60163ebea4b2164ff6fe699d7d2c2cc052eaae8ad2,results/training_seed_robustness/configs/sensor_seed2026_calibration.json,81e64239ec99af8c8a3908b45cee979e617e82cacdfeddeadcadf4561f202f46,results/training_seed_robustness/configs/v3_seed2026_calibration.json,7467f0be3489ab4bf7ac9f35c160ee94e19eafb0ed456596d12eca762b09d718,results/training_seed_robustness/configs/v3_seed2026_config.json,4aebc19efb29250fbcbadb1138cae0edd3f2c6eaf10a91d083f7dd7d9323ea8d,results/training_seed_robustness/configs/v3_seed2026_config.json,4aebc19efb29250fbcbadb1138cae0edd3f2c6eaf10a91d083f7dd7d9323ea8d,82253ac4cb2a068fab42fc381015af1ac2bb4919babec36af790c0896ca2469e,310f886193ca6bc1584f7e0985794efc32dd08535b1dfc4e1992a9dc88ba26c2,ffbadd2556bdcea56d9a1b3529109879bd1c2a7614941a516405ad3ce7a6b4bc,C3_arbitration_MPC,parameter_variation,49028,49028,True,10.823512485615316,4.817588247374108,0.7003151595968697,,,,0,,0,0,0,,0,,0.02,0.0033277870216306157,4,4,1.2,0.9966722129783694,0.0016638935108153079,0.0,0.0016638935108153079,0.9966722129783694,0.0016638935108153079,0.0,0.0016638935108153079,0.0,0.0033222591362126247,7825.917252826363,127.89814950881262,0,0,0,0,0,0,0,0,,0,0,0,251.5792223140831,1.0798765920792146,0.023673666093597202,0.014201032701526487,1.1177512908743383,251.6359561983441,32.46557870000015,32.46557870000015,0.16522304264078103,0.16417969809160482,8.55415922451001,6.1836751948072965,0.38156768254738327,0.34523009629100443,0.8004406351360835,0.7999841148336202,2
2026,results/training_seed_robustness/model_pair_manifest.json,b1c4ac1db684249d4eccd46691fd1b8ad30c36bb3be56cc19a50a7581c189d5e,d1f4178199f682560f164ccac1d56816aae341eb05fbed6ac7ad73a4e2056297,9254bbd088b0c9f7bd7ba71ee75c09fe4501ce28eb8e26efab7fb7d5130ce4cc,619f677ccc63c6a40c863858d8eee4175f72b1770dc6c8ba202e7b92c2768480,04fd322ba365b394751e4f60163ebea4b2164ff6fe699d7d2c2cc052eaae8ad2,results/training_seed_robustness/configs/sensor_seed2026_calibration.json,81e64239ec99af8c8a3908b45cee979e617e82cacdfeddeadcadf4561f202f46,results/training_seed_robustness/configs/v3_seed2026_calibration.json,7467f0be3489ab4bf7ac9f35c160ee94e19eafb0ed456596d12eca762b09d718,results/training_seed_robustness/configs/v3_seed2026_config.json,4aebc19efb29250fbcbadb1138cae0edd3f2c6eaf10a91d083f7dd7d9323ea8d,results/training_seed_robustness/configs/v3_seed2026_config.json,4aebc19efb29250fbcbadb1138cae0edd3f2c6eaf10a91d083f7dd7d9323ea8d,82253ac4cb2a068fab42fc381015af1ac2bb4919babec36af790c0896ca2469e,310f886193ca6bc1584f7e0985794efc32dd08535b1dfc4e1992a9dc88ba26c2,ffbadd2556bdcea56d9a1b3529109879bd1c2a7614941a516405ad3ce7a6b4bc,B_plain_MPC,parameter_variation,49029,49029,True,10.816720804048115,4.767675223384101,0.6533205228335183,,,,0,,0,0,0,,0,,0.0,0.0,0,0,6.0,1.0,0.0,0.0,0.0,1.0,0.0,0.0,0.0,0.0,0.0,7813.336400669104,142.86836134122817,0,0,0,0,0,0,0,0,,0,0,0,274.3461743801441,0.0,0.0,0.0,0.0,274.40618925622164,34.62724159999971,34.62724159999971,,,,,,,,,0
2026,results/training_seed_robustness/model_pair_manifest.json,b1c4ac1db684249d4eccd46691fd1b8ad30c36bb3be56cc19a50a7581c189d5e,d1f4178199f682560f164ccac1d56816aae341eb05fbed6ac7ad73a4e2056297,9254bbd088b0c9f7bd7ba71ee75c09fe4501ce28eb8e26efab7fb7d5130ce4cc,619f677ccc63c6a40c863858d8eee4175f72b1770dc6c8ba202e7b92c2768480,04fd322ba365b394751e4f60163ebea4b2164ff6fe699d7d2c2cc052eaae8ad2,results/training_seed_robustness/configs/sensor_seed2026_calibration.json,81e64239ec99af8c8a3908b45cee979e617e82cacdfeddeadcadf4561f202f46,results/training_seed_robustness/configs/v3_seed2026_calibration.json,7467f0be3489ab4bf7ac9f35c160ee94e19eafb0ed456596d12eca762b09d718,results/training_seed_robustness/configs/v3_seed2026_config.json,4aebc19efb29250fbcbadb1138cae0edd3f2c6eaf10a91d083f7dd7d9323ea8d,results/training_seed_robustness/configs/v3_seed2026_config.json,4aebc19efb29250fbcbadb1138cae0edd3f2c6eaf10a91d083f7dd7d9323ea8d,82253ac4cb2a068fab42fc381015af1ac2bb4919babec36af790c0896ca2469e,310f886193ca6bc1584f7e0985794efc32dd08535b1dfc4e1992a9dc88ba26c2,ffbadd2556bdcea56d9a1b3529109879bd1c2a7614941a516405ad3ce7a6b4bc,C3_arbitration_MPC,parameter_variation,49029,49029,True,12.221459901604824,8.760766618737955,7.34831885964588,,,,0,,1,0,0,,0,,5.01,0.8336106489184693,1,1,3.0,0.16638935108153077,0.0,0.8336106489184693,0.0,0.16638935108153077,0.0,0.8336106489184693,0.0,1.0,0.0,7818.6840608846505,243.87201044401058,0,0,0,0,0,0,0,0,,0,0,0,156.54791652893385,1.1238895008647383,0.025100344232755256,0.020069018947697182,1.1690588640451907,156.6267157024661,21.04612670000006,21.04612670000006,8.515492075247485,5.880293225823042,8.386959349115275,5.806368137615573,8.386959349115275,5.806368137615573,0.24301671933376556,0.1899024409965887,501
2026,results/training_seed_robustness/model_pair_manifest.json,b1c4ac1db684249d4eccd46691fd1b8ad30c36bb3be56cc19a50a7581c189d5e,d1f4178199f682560f164ccac1d56816aae341eb05fbed6ac7ad73a4e2056297,9254bbd088b0c9f7bd7ba71ee75c09fe4501ce28eb8e26efab7fb7d5130ce4cc,619f677ccc63c6a40c863858d8eee4175f72b1770dc6c8ba202e7b92c2768480,04fd322ba365b394751e4f60163ebea4b2164ff6fe699d7d2c2cc052eaae8ad2,results/training_seed_robustness/configs/sensor_seed2026_calibration.json,81e64239ec99af8c8a3908b45cee979e617e82cacdfeddeadcadf4561f202f46,results/training_seed_robustness/configs/v3_seed2026_calibration.json,7467f0be3489ab4bf7ac9f35c160ee94e19eafb0ed456596d12eca762b09d718,results/training_seed_robustness/configs/v3_seed2026_config.json,4aebc19efb29250fbcbadb1138cae0edd3f2c6eaf10a91d083f7dd7d9323ea8d,results/training_seed_robustness/configs/v3_seed2026_config.json,4aebc19efb29250fbcbadb1138cae0edd3f2c6eaf10a91d083f7dd7d9323ea8d,82253ac4cb2a068fab42fc381015af1ac2bb4919babec36af790c0896ca2469e,310f886193ca6bc1584f7e0985794efc32dd08535b1dfc4e1992a9dc88ba26c2,ffbadd2556bdcea56d9a1b3529109879bd1c2a7614941a516405ad3ce7a6b4bc,B_plain_MPC,parameter_variation,49030,49030,True,10.822319469106768,4.796845575277494,0.699449250175084,,,,0,,0,0,0,,0,,0.0,0.0,0,0,6.0,1.0,0.0,0.0,0.0,1.0,0.0,0.0,0.0,0.0,0.0,7804.832475841291,135.94802811152064,0,0,0,0,0,0,0,0,,0,0,0,271.8252677686003,0.0,0.0,0.0,0.0,271.8815669421335,34.25923060000014,34.25923060000014,,,,,,,,,0
2026,results/training_seed_robustness/model_pair_manifest.json,b1c4ac1db684249d4eccd46691fd1b8ad30c36bb3be56cc19a50a7581c189d5e,d1f4178199f682560f164ccac1d56816aae341eb05fbed6ac7ad73a4e2056297,9254bbd088b0c9f7bd7ba71ee75c09fe4501ce28eb8e26efab7fb7d5130ce4cc,619f677ccc63c6a40c863858d8eee4175f72b1770dc6c8ba202e7b92c2768480,04fd322ba365b394751e4f60163ebea4b2164ff6fe699d7d2c2cc052eaae8ad2,results/training_seed_robustness/configs/sensor_seed2026_calibration.json,81e64239ec99af8c8a3908b45cee979e617e82cacdfeddeadcadf4561f202f46,results/training_seed_robustness/configs/v3_seed2026_calibration.json,7467f0be3489ab4bf7ac9f35c160ee94e19eafb0ed456596d12eca762b09d718,results/training_seed_robustness/configs/v3_seed2026_config.json,4aebc19efb29250fbcbadb1138cae0edd3f2c6eaf10a91d083f7dd7d9323ea8d,results/training_seed_robustness/configs/v3_seed2026_config.json,4aebc19efb29250fbcbadb1138cae0edd3f2c6eaf10a91d083f7dd7d9323ea8d,82253ac4cb2a068fab42fc381015af1ac2bb4919babec36af790c0896ca2469e,310f886193ca6bc1584f7e0985794efc32dd08535b1dfc4e1992a9dc88ba26c2,ffbadd2556bdcea56d9a1b3529109879bd1c2a7614941a516405ad3ce7a6b4bc,C3_arbitration_MPC,parameter_variation,49030,49030,True,10.822319469106768,4.796845575277494,0.699449250175084,,,,0,,0,0,0,,0,,0.01,0.0016638935108153079,2,2,2.0,0.9983361064891847,0.0016638935108153079,0.0,0.0,0.9983361064891847,0.0016638935108153079,0.0,0.0,0.0,0.0,7804.832475841291,135.94802811152064,0,0,0,0,0,0,0,0,,0,0,0,267.2040520661269,1.07502753872048,0.023298795192381015,0.014342857145075365,1.1126691910579363,267.2606429752051,34.37471080000023,34.37471080000023,0.10333428495098107,0.10333428495098107,2.712043143747098,2.712043143747098,0.10333428495098107,0.10333428495098107,1.1763218289072959,1.1763218289072959,1
2026,results/training_seed_robustness/model_pair_manifest.json,b1c4ac1db684249d4eccd46691fd1b8ad30c36bb3be56cc19a50a7581c189d5e,d1f4178199f682560f164ccac1d56816aae341eb05fbed6ac7ad73a4e2056297,9254bbd088b0c9f7bd7ba71ee75c09fe4501ce28eb8e26efab7fb7d5130ce4cc,619f677ccc63c6a40c863858d8eee4175f72b1770dc6c8ba202e7b92c2768480,04fd322ba365b394751e4f60163ebea4b2164ff6fe699d7d2c2cc052eaae8ad2,results/training_seed_robustness/configs/sensor_seed2026_calibration.json,81e64239ec99af8c8a3908b45cee979e617e82cacdfeddeadcadf4561f202f46,results/training_seed_robustness/configs/v3_seed2026_calibration.json,7467f0be3489ab4bf7ac9f35c160ee94e19eafb0ed456596d12eca762b09d718,results/training_seed_robustness/configs/v3_seed2026_config.json,4aebc19efb29250fbcbadb1138cae0edd3f2c6eaf10a91d083f7dd7d9323ea8d,results/training_seed_robustness/configs/v3_seed2026_config.json,4aebc19efb29250fbcbadb1138cae0edd3f2c6eaf10a91d083f7dd7d9323ea8d,82253ac4cb2a068fab42fc381015af1ac2bb4919babec36af790c0896ca2469e,310f886193ca6bc1584f7e0985794efc32dd08535b1dfc4e1992a9dc88ba26c2,ffbadd2556bdcea56d9a1b3529109879bd1c2a7614941a516405ad3ce7a6b4bc,B_plain_MPC,sensor_bias_5,49026,49026,True,10.942649439607354,5.456047532953448,2.8414809846404863,,False,,0,,0,0,0,,0,,0.0,0.0,0,0,6.0,1.0,0.0,0.0,0.0,1.0,0.0,0.0,0.0,0.0,0.0,6513.651706125893,216.4978424901891,0,0,0,0,0,0,0,0,,0,0,0,259.1004504132166,0.0,0.0,0.0,0.0,259.1619570247801,32.89903520000007,32.89903520000007,,,,,,,,,0
2026,results/training_seed_robustness/model_pair_manifest.json,b1c4ac1db684249d4eccd46691fd1b8ad30c36bb3be56cc19a50a7581c189d5e,d1f4178199f682560f164ccac1d56816aae341eb05fbed6ac7ad73a4e2056297,9254bbd088b0c9f7bd7ba71ee75c09fe4501ce28eb8e26efab7fb7d5130ce4cc,619f677ccc63c6a40c863858d8eee4175f72b1770dc6c8ba202e7b92c2768480,04fd322ba365b394751e4f60163ebea4b2164ff6fe699d7d2c2cc052eaae8ad2,results/training_seed_robustness/configs/sensor_seed2026_calibration.json,81e64239ec99af8c8a3908b45cee979e617e82cacdfeddeadcadf4561f202f46,results/training_seed_robustness/configs/v3_seed2026_calibration.json,7467f0be3489ab4bf7ac9f35c160ee94e19eafb0ed456596d12eca762b09d718,results/training_seed_robustness/configs/v3_seed2026_config.json,4aebc19efb29250fbcbadb1138cae0edd3f2c6eaf10a91d083f7dd7d9323ea8d,results/training_seed_robustness/configs/v3_seed2026_config.json,4aebc19efb29250fbcbadb1138cae0edd3f2c6eaf10a91d083f7dd7d9323ea8d,82253ac4cb2a068fab42fc381015af1ac2bb4919babec36af790c0896ca2469e,310f886193ca6bc1584f7e0985794efc32dd08535b1dfc4e1992a9dc88ba26c2,ffbadd2556bdcea56d9a1b3529109879bd1c2a7614941a516405ad3ce7a6b4bc,C3_arbitration_MPC,sensor_bias_5,49026,49026,True,10.809843694453981,4.628987580775075,0.4786769507605762,0.020000000000000018,True,2.02,1,,1,0,0,,0,False,4.01,0.6672212978369384,1,1,3.0,0.33277870216306155,0.6672212978369384,0.0,0.0,0.33277870216306155,0.6672212978369384,0.0,0.0,0.0,0.0,6237.639393230833,118.66468233385194,0,0,0,0,0,0,0,0,,0,0,0,171.3301537190001,1.1354595524861752,0.025482960411984577,0.018949225478018247,1.179891738376178,171.40947190081016,22.85897950000026,22.85897950000026,0.2929793998358465,0.27995558610339133,0.43547303713443386,0.2901490243995472,0.2929793998358465,0.27995558610339133,2.3024602562885375,1.7194843251948875,401
2026,results/training_seed_robustness/model_pair_manifest.json,b1c4ac1db684249d4eccd46691fd1b8ad30c36bb3be56cc19a50a7581c189d5e,d1f4178199f682560f164ccac1d56816aae341eb05fbed6ac7ad73a4e2056297,9254bbd088b0c9f7bd7ba71ee75c09fe4501ce28eb8e26efab7fb7d5130ce4cc,619f677ccc63c6a40c863858d8eee4175f72b1770dc6c8ba202e7b92c2768480,04fd322ba365b394751e4f60163ebea4b2164ff6fe699d7d2c2cc052eaae8ad2,results/training_seed_robustness/configs/sensor_seed2026_calibration.json,81e64239ec99af8c8a3908b45cee979e617e82cacdfeddeadcadf4561f202f46,results/training_seed_robustness/configs/v3_seed2026_calibration.json,7467f0be3489ab4bf7ac9f35c160ee94e19eafb0ed456596d12eca762b09d718,results/training_seed_robustness/configs/v3_seed2026_config.json,4aebc19efb29250fbcbadb1138cae0edd3f2c6eaf10a91d083f7dd7d9323ea8d,results/training_seed_robustness/configs/v3_seed2026_config.json,4aebc19efb29250fbcbadb1138cae0edd3f2c6eaf10a91d083f7dd7d9323ea8d,82253ac4cb2a068fab42fc381015af1ac2bb4919babec36af790c0896ca2469e,310f886193ca6bc1584f7e0985794efc32dd08535b1dfc4e1992a9dc88ba26c2,ffbadd2556bdcea56d9a1b3529109879bd1c2a7614941a516405ad3ce7a6b4bc,B_plain_MPC,sensor_bias_5,49027,49027,True,10.966900688921191,5.576360117894525,2.9904952513980465,,False,,0,,0,0,0,,0,,0.0,0.0,0,0,6.0,1.0,0.0,0.0,0.0,1.0,0.0,0.0,0.0,0.0,0.0,6490.79126530565,215.08657804235366,0,0,0,0,0,0,0,0,,0,0,0,247.07651818183018,0.0,0.0,0.0,0.0,247.13523636361316,31.279924299999948,31.279924299999948,,,,,,,,,0
2026,results/training_seed_robustness/model_pair_manifest.json,b1c4ac1db684249d4eccd46691fd1b8ad30c36bb3be56cc19a50a7581c189d5e,d1f4178199f682560f164ccac1d56816aae341eb05fbed6ac7ad73a4e2056297,9254bbd088b0c9f7bd7ba71ee75c09fe4501ce28eb8e26efab7fb7d5130ce4cc,619f677ccc63c6a40c863858d8eee4175f72b1770dc6c8ba202e7b92c2768480,04fd322ba365b394751e4f60163ebea4b2164ff6fe699d7d2c2cc052eaae8ad2,results/training_seed_robustness/configs/sensor_seed2026_calibration.json,81e64239ec99af8c8a3908b45cee979e617e82cacdfeddeadcadf4561f202f46,results/training_seed_robustness/configs/v3_seed2026_calibration.json,7467f0be3489ab4bf7ac9f35c160ee94e19eafb0ed456596d12eca762b09d718,results/training_seed_robustness/configs/v3_seed2026_config.json,4aebc19efb29250fbcbadb1138cae0edd3f2c6eaf10a91d083f7dd7d9323ea8d,results/training_seed_robustness/configs/v3_seed2026_config.json,4aebc19efb29250fbcbadb1138cae0edd3f2c6eaf10a91d083f7dd7d9323ea8d,82253ac4cb2a068fab42fc381015af1ac2bb4919babec36af790c0896ca2469e,310f886193ca6bc1584f7e0985794efc32dd08535b1dfc4e1992a9dc88ba26c2,ffbadd2556bdcea56d9a1b3529109879bd1c2a7614941a516405ad3ce7a6b4bc,C3_arbitration_MPC,sensor_bias_5,49027,49027,True,11.272170554139022,6.6586485743666275,3.0375305792179934,,False,,0,,1,0,0,,0,False,5.05,0.8402662229617305,1,1,3.0,0.15973377703826955,0.0,0.8402662229617305,0.0,0.15973377703826955,0.0,0.8402662229617305,0.0,1.0,0.0,7632.889190190234,237.2048614439931,0,0,0,0,0,0,0,0,,0,0,0,173.92061157024426,1.2078333907037053,0.026126161784537957,0.020708605851333623,1.254668158339577,174.00642809916613,23.302958000000217,23.302958000000217,2.591053816487395,1.7502924230332906,2.4935989977195696,1.702411608617296,2.4935989977195696,1.702411608617296,2.0666751078611396,1.407613637119548,505
2026,results/training_seed_robustness/model_pair_manifest.json,b1c4ac1db684249d4eccd46691fd1b8ad30c36bb3be56cc19a50a7581c189d5e,d1f4178199f682560f164ccac1d56816aae341eb05fbed6ac7ad73a4e2056297,9254bbd088b0c9f7bd7ba71ee75c09fe4501ce28eb8e26efab7fb7d5130ce4cc,619f677ccc63c6a40c863858d8eee4175f72b1770dc6c8ba202e7b92c2768480,04fd322ba365b394751e4f60163ebea4b2164ff6fe699d7d2c2cc052eaae8ad2,results/training_seed_robustness/configs/sensor_seed2026_calibration.json,81e64239ec99af8c8a3908b45cee979e617e82cacdfeddeadcadf4561f202f46,results/training_seed_robustness/configs/v3_seed2026_calibration.json,7467f0be3489ab4bf7ac9f35c160ee94e19eafb0ed456596d12eca762b09d718,results/training_seed_robustness/configs/v3_seed2026_config.json,4aebc19efb29250fbcbadb1138cae0edd3f2c6eaf10a91d083f7dd7d9323ea8d,results/training_seed_robustness/configs/v3_seed2026_config.json,4aebc19efb29250fbcbadb1138cae0edd3f2c6eaf10a91d083f7dd7d9323ea8d,82253ac4cb2a068fab42fc381015af1ac2bb4919babec36af790c0896ca2469e,310f886193ca6bc1584f7e0985794efc32dd08535b1dfc4e1992a9dc88ba26c2,ffbadd2556bdcea56d9a1b3529109879bd1c2a7614941a516405ad3ce7a6b4bc,B_plain_MPC,sensor_bias_5,49028,49028,True,10.960474438210133,5.538342548898162,2.9243048444590873,,False,,0,,0,0,0,,0,,0.0,0.0,0,0,6.0,1.0,0.0,0.0,0.0,1.0,0.0,0.0,0.0,0.0,0.0,6469.72843495506,191.12459315046786,0,0,0,0,0,0,0,0,,0,0,0,248.8624115702437,0.0,0.0,0.0,0.0,248.9233826446245,31.58681630000001,31.58681630000001,,,,,,,,,0
2026,results/training_seed_robustness/model_pair_manifest.json,b1c4ac1db684249d4eccd46691fd1b8ad30c36bb3be56cc19a50a7581c189d5e,d1f4178199f682560f164ccac1d56816aae341eb05fbed6ac7ad73a4e2056297,9254bbd088b0c9f7bd7ba71ee75c09fe4501ce28eb8e26efab7fb7d5130ce4cc,619f677ccc63c6a40c863858d8eee4175f72b1770dc6c8ba202e7b92c2768480,04fd322ba365b394751e4f60163ebea4b2164ff6fe699d7d2c2cc052eaae8ad2,results/training_seed_robustness/configs/sensor_seed2026_calibration.json,81e64239ec99af8c8a3908b45cee979e617e82cacdfeddeadcadf4561f202f46,results/training_seed_robustness/configs/v3_seed2026_calibration.json,7467f0be3489ab4bf7ac9f35c160ee94e19eafb0ed456596d12eca762b09d718,results/training_seed_robustness/configs/v3_seed2026_config.json,4aebc19efb29250fbcbadb1138cae0edd3f2c6eaf10a91d083f7dd7d9323ea8d,results/training_seed_robustness/configs/v3_seed2026_config.json,4aebc19efb29250fbcbadb1138cae0edd3f2c6eaf10a91d083f7dd7d9323ea8d,82253ac4cb2a068fab42fc381015af1ac2bb4919babec36af790c0896ca2469e,310f886193ca6bc1584f7e0985794efc32dd08535b1dfc4e1992a9dc88ba26c2,ffbadd2556bdcea56d9a1b3529109879bd1c2a7614941a516405ad3ce7a6b4bc,C3_arbitration_MPC,sensor_bias_5,49028,49028,True,10.815629083316514,4.6616003764279235,0.37663249640345603,0.020000000000000018,True,2.02,1,,1,0,0,,0,False,4.01,0.6672212978369384,1,1,3.0,0.33277870216306155,0.6672212978369384,0.0,0.0,0.33277870216306155,0.6672212978369384,0.0,0.0,0.0,0.0,6171.514307085246,97.39956112440635,0,0,0,0,0,0,0,0,,0,0,0,170.30479504131839,1.1042662650642954,0.025098278828207157,0.018248881247605313,1.1476134251401078,170.3798760330763,22.704770600000302,22.704770600000302,0.31223203262456317,0.2988099662100242,0.36966484639243113,0.2537233936949121,0.31223203262456317,0.2988099662100242,2.3329210599343324,1.7336324932523135,401
2026,results/training_seed_robustness/model_pair_manifest.json,b1c4ac1db684249d4eccd46691fd1b8ad30c36bb3be56cc19a50a7581c189d5e,d1f4178199f682560f164ccac1d56816aae341eb05fbed6ac7ad73a4e2056297,9254bbd088b0c9f7bd7ba71ee75c09fe4501ce28eb8e26efab7fb7d5130ce4cc,619f677ccc63c6a40c863858d8eee4175f72b1770dc6c8ba202e7b92c2768480,04fd322ba365b394751e4f60163ebea4b2164ff6fe699d7d2c2cc052eaae8ad2,results/training_seed_robustness/configs/sensor_seed2026_calibration.json,81e64239ec99af8c8a3908b45cee979e617e82cacdfeddeadcadf4561f202f46,results/training_seed_robustness/configs/v3_seed2026_calibration.json,7467f0be3489ab4bf7ac9f35c160ee94e19eafb0ed456596d12eca762b09d718,results/training_seed_robustness/configs/v3_seed2026_config.json,4aebc19efb29250fbcbadb1138cae0edd3f2c6eaf10a91d083f7dd7d9323ea8d,results/training_seed_robustness/configs/v3_seed2026_config.json,4aebc19efb29250fbcbadb1138cae0edd3f2c6eaf10a91d083f7dd7d9323ea8d,82253ac4cb2a068fab42fc381015af1ac2bb4919babec36af790c0896ca2469e,310f886193ca6bc1584f7e0985794efc32dd08535b1dfc4e1992a9dc88ba26c2,ffbadd2556bdcea56d9a1b3529109879bd1c2a7614941a516405ad3ce7a6b4bc,B_plain_MPC,sensor_bias_5,49029,49029,True,10.950609204609243,5.472416747822795,2.8955811081264877,,False,,0,,0,0,0,,0,,0.0,0.0,0,0,6.0,1.0,0.0,0.0,0.0,1.0,0.0,0.0,0.0,0.0,0.0,6621.2655369204085,227.6753246495759,0,0,0,0,0,0,0,0,,0,0,0,267.3891049586762,0.0,0.0,0.0,0.0,267.45052479337716,33.84091549999994,33.84091549999994,,,,,,,,,0
2026,results/training_seed_robustness/model_pair_manifest.json,b1c4ac1db684249d4eccd46691fd1b8ad30c36bb3be56cc19a50a7581c189d5e,d1f4178199f682560f164ccac1d56816aae341eb05fbed6ac7ad73a4e2056297,9254bbd088b0c9f7bd7ba71ee75c09fe4501ce28eb8e26efab7fb7d5130ce4cc,619f677ccc63c6a40c863858d8eee4175f72b1770dc6c8ba202e7b92c2768480,04fd322ba365b394751e4f60163ebea4b2164ff6fe699d7d2c2cc052eaae8ad2,results/training_seed_robustness/configs/sensor_seed2026_calibration.json,81e64239ec99af8c8a3908b45cee979e617e82cacdfeddeadcadf4561f202f46,results/training_seed_robustness/configs/v3_seed2026_calibration.json,7467f0be3489ab4bf7ac9f35c160ee94e19eafb0ed456596d12eca762b09d718,results/training_seed_robustness/configs/v3_seed2026_config.json,4aebc19efb29250fbcbadb1138cae0edd3f2c6eaf10a91d083f7dd7d9323ea8d,results/training_seed_robustness/configs/v3_seed2026_config.json,4aebc19efb29250fbcbadb1138cae0edd3f2c6eaf10a91d083f7dd7d9323ea8d,82253ac4cb2a068fab42fc381015af1ac2bb4919babec36af790c0896ca2469e,310f886193ca6bc1584f7e0985794efc32dd08535b1dfc4e1992a9dc88ba26c2,ffbadd2556bdcea56d9a1b3529109879bd1c2a7614941a516405ad3ce7a6b4bc,C3_arbitration_MPC,sensor_bias_5,49029,49029,True,11.272170554004955,6.658648574425805,3.037530578225299,,False,,0,,1,0,0,,0,False,5.01,0.8336106489184693,1,1,3.0,0.16638935108153077,0.0,0.8336106489184693,0.0,0.16638935108153077,0.0,0.8336106489184693,0.0,1.0,0.0,7632.8891908797095,237.20486145037464,0,0,0,0,0,0,0,0,,0,0,0,171.6561371900745,1.1238702237621452,0.026096041301805758,0.01988984508827841,1.1698561101522293,171.73437520661972,22.899289999999837,22.899289999999837,2.514841430816621,1.7047963947024687,2.414730364083813,1.6569573191400526,2.414730364083813,1.6569573191400526,2.0844308676808097,1.4166871625538053,501
2026,results/training_seed_robustness/model_pair_manifest.json,b1c4ac1db684249d4eccd46691fd1b8ad30c36bb3be56cc19a50a7581c189d5e,d1f4178199f682560f164ccac1d56816aae341eb05fbed6ac7ad73a4e2056297,9254bbd088b0c9f7bd7ba71ee75c09fe4501ce28eb8e26efab7fb7d5130ce4cc,619f677ccc63c6a40c863858d8eee4175f72b1770dc6c8ba202e7b92c2768480,04fd322ba365b394751e4f60163ebea4b2164ff6fe699d7d2c2cc052eaae8ad2,results/training_seed_robustness/configs/sensor_seed2026_calibration.json,81e64239ec99af8c8a3908b45cee979e617e82cacdfeddeadcadf4561f202f46,results/training_seed_robustness/configs/v3_seed2026_calibration.json,7467f0be3489ab4bf7ac9f35c160ee94e19eafb0ed456596d12eca762b09d718,results/training_seed_robustness/configs/v3_seed2026_config.json,4aebc19efb29250fbcbadb1138cae0edd3f2c6eaf10a91d083f7dd7d9323ea8d,results/training_seed_robustness/configs/v3_seed2026_config.json,4aebc19efb29250fbcbadb1138cae0edd3f2c6eaf10a91d083f7dd7d9323ea8d,82253ac4cb2a068fab42fc381015af1ac2bb4919babec36af790c0896ca2469e,310f886193ca6bc1584f7e0985794efc32dd08535b1dfc4e1992a9dc88ba26c2,ffbadd2556bdcea56d9a1b3529109879bd1c2a7614941a516405ad3ce7a6b4bc,B_plain_MPC,sensor_bias_5,49030,49030,True,10.960192773056876,5.536101855404361,2.940449686426099,,False,,0,,0,0,0,,0,,0.0,0.0,0,0,6.0,1.0,0.0,0.0,0.0,1.0,0.0,0.0,0.0,0.0,0.0,6520.873288798099,225.7424917953631,0,0,0,0,0,0,0,0,,0,0,0,273.96827768592823,0.0,0.0,0.0,0.0,274.0267231405191,34.661047699999926,34.661047699999926,,,,,,,,,0
2026,results/training_seed_robustness/model_pair_manifest.json,b1c4ac1db684249d4eccd46691fd1b8ad30c36bb3be56cc19a50a7581c189d5e,d1f4178199f682560f164ccac1d56816aae341eb05fbed6ac7ad73a4e2056297,9254bbd088b0c9f7bd7ba71ee75c09fe4501ce28eb8e26efab7fb7d5130ce4cc,619f677ccc63c6a40c863858d8eee4175f72b1770dc6c8ba202e7b92c2768480,04fd322ba365b394751e4f60163ebea4b2164ff6fe699d7d2c2cc052eaae8ad2,results/training_seed_robustness/configs/sensor_seed2026_calibration.json,81e64239ec99af8c8a3908b45cee979e617e82cacdfeddeadcadf4561f202f46,results/training_seed_robustness/configs/v3_seed2026_calibration.json,7467f0be3489ab4bf7ac9f35c160ee94e19eafb0ed456596d12eca762b09d718,results/training_seed_robustness/configs/v3_seed2026_config.json,4aebc19efb29250fbcbadb1138cae0edd3f2c6eaf10a91d083f7dd7d9323ea8d,results/training_seed_robustness/configs/v3_seed2026_config.json,4aebc19efb29250fbcbadb1138cae0edd3f2c6eaf10a91d083f7dd7d9323ea8d,82253ac4cb2a068fab42fc381015af1ac2bb4919babec36af790c0896ca2469e,310f886193ca6bc1584f7e0985794efc32dd08535b1dfc4e1992a9dc88ba26c2,ffbadd2556bdcea56d9a1b3529109879bd1c2a7614941a516405ad3ce7a6b4bc,C3_arbitration_MPC,sensor_bias_5,49030,49030,True,10.816068313878231,4.691116375172964,0.4387778183276725,0.020000000000000018,True,2.02,1,,1,0,0,,0,False,4.0200000000000005,0.6688851913477537,3,3,1.5,0.33111480865224624,0.6688851913477537,0.0,0.0,0.33111480865224624,0.6688851913477537,0.0,0.0,0.0,0.0,6124.513312217177,93.47209850213532,0,0,0,0,0,0,0,0,,0,0,0,166.58507438017273,1.1078807228880605,0.02599776247837869,0.019360757316224754,1.1532392426826639,166.65313801652226,22.266470000000027,22.266470000000027,0.4041867194461577,0.39990290218120006,0.36140812249427245,0.2302022440668201,0.4041867194461577,0.39990290218120006,2.329421176931127,1.727823633314321,402
2026,results/training_seed_robustness/model_pair_manifest.json,b1c4ac1db684249d4eccd46691fd1b8ad30c36bb3be56cc19a50a7581c189d5e,d1f4178199f682560f164ccac1d56816aae341eb05fbed6ac7ad73a4e2056297,9254bbd088b0c9f7bd7ba71ee75c09fe4501ce28eb8e26efab7fb7d5130ce4cc,619f677ccc63c6a40c863858d8eee4175f72b1770dc6c8ba202e7b92c2768480,04fd322ba365b394751e4f60163ebea4b2164ff6fe699d7d2c2cc052eaae8ad2,results/training_seed_robustness/configs/sensor_seed2026_calibration.json,81e64239ec99af8c8a3908b45cee979e617e82cacdfeddeadcadf4561f202f46,results/training_seed_robustness/configs/v3_seed2026_calibration.json,7467f0be3489ab4bf7ac9f35c160ee94e19eafb0ed456596d12eca762b09d718,results/training_seed_robustness/configs/v3_seed2026_config.json,4aebc19efb29250fbcbadb1138cae0edd3f2c6eaf10a91d083f7dd7d9323ea8d,results/training_seed_robustness/configs/v3_seed2026_config.json,4aebc19efb29250fbcbadb1138cae0edd3f2c6eaf10a91d083f7dd7d9323ea8d,82253ac4cb2a068fab42fc381015af1ac2bb4919babec36af790c0896ca2469e,310f886193ca6bc1584f7e0985794efc32dd08535b1dfc4e1992a9dc88ba26c2,ffbadd2556bdcea56d9a1b3529109879bd1c2a7614941a516405ad3ce7a6b4bc,B_plain_MPC,sensor_dropout,49026,49026,True,27.682696658457544,23.492101442872634,21.286654177150655,,False,,0,,0,0,0,,0,,0.0,0.0,0,0,6.0,1.0,0.0,0.0,0.0,1.0,0.0,0.0,0.0,0.0,0.0,15067.014423496217,85.16583416358816,0,0,0,0,0,0,0,0,,0,0,0,118.34699421484957,0.0,0.0,0.0,0.0,118.40957190082737,15.746497300000101,15.746497300000101,,,,,,,,,0
2026,results/training_seed_robustness/model_pair_manifest.json,b1c4ac1db684249d4eccd46691fd1b8ad30c36bb3be56cc19a50a7581c189d5e,d1f4178199f682560f164ccac1d56816aae341eb05fbed6ac7ad73a4e2056297,9254bbd088b0c9f7bd7ba71ee75c09fe4501ce28eb8e26efab7fb7d5130ce4cc,619f677ccc63c6a40c863858d8eee4175f72b1770dc6c8ba202e7b92c2768480,04fd322ba365b394751e4f60163ebea4b2164ff6fe699d7d2c2cc052eaae8ad2,results/training_seed_robustness/configs/sensor_seed2026_calibration.json,81e64239ec99af8c8a3908b45cee979e617e82cacdfeddeadcadf4561f202f46,results/training_seed_robustness/configs/v3_seed2026_calibration.json,7467f0be3489ab4bf7ac9f35c160ee94e19eafb0ed456596d12eca762b09d718,results/training_seed_robustness/configs/v3_seed2026_config.json,4aebc19efb29250fbcbadb1138cae0edd3f2c6eaf10a91d083f7dd7d9323ea8d,results/training_seed_robustness/configs/v3_seed2026_config.json,4aebc19efb29250fbcbadb1138cae0edd3f2c6eaf10a91d083f7dd7d9323ea8d,82253ac4cb2a068fab42fc381015af1ac2bb4919babec36af790c0896ca2469e,310f886193ca6bc1584f7e0985794efc32dd08535b1dfc4e1992a9dc88ba26c2,ffbadd2556bdcea56d9a1b3529109879bd1c2a7614941a516405ad3ce7a6b4bc,C3_arbitration_MPC,sensor_dropout,49026,49026,True,10.809843694453981,4.628987580775075,0.4786769507605762,0.020000000000000018,True,2.02,1,,1,0,0,,0,False,4.01,0.6672212978369384,1,1,3.0,0.33277870216306155,0.6672212978369384,0.0,0.0,0.33277870216306155,0.6672212978369384,0.0,0.0,0.0,0.0,6237.639393230833,118.66468233385194,0,0,0,0,0,0,0,0,,0,0,0,165.18386942148064,1.077237865751637,0.02367710840737718,0.01809604131652493,1.1190110154755393,165.25319669419468,22.041114200000266,22.041114200000266,0.2929793998358465,0.27995558610339133,0.43547303713443386,0.2901490243995472,0.2929793998358465,0.27995558610339133,24.650538429005394,17.510345437305233,401
2026,results/training_seed_robustness/model_pair_manifest.json,b1c4ac1db684249d4eccd46691fd1b8ad30c36bb3be56cc19a50a7581c189d5e,d1f4178199f682560f164ccac1d56816aae341eb05fbed6ac7ad73a4e2056297,9254bbd088b0c9f7bd7ba71ee75c09fe4501ce28eb8e26efab7fb7d5130ce4cc,619f677ccc63c6a40c863858d8eee4175f72b1770dc6c8ba202e7b92c2768480,04fd322ba365b394751e4f60163ebea4b2164ff6fe699d7d2c2cc052eaae8ad2,results/training_seed_robustness/configs/sensor_seed2026_calibration.json,81e64239ec99af8c8a3908b45cee979e617e82cacdfeddeadcadf4561f202f46,results/training_seed_robustness/configs/v3_seed2026_calibration.json,7467f0be3489ab4bf7ac9f35c160ee94e19eafb0ed456596d12eca762b09d718,results/training_seed_robustness/configs/v3_seed2026_config.json,4aebc19efb29250fbcbadb1138cae0edd3f2c6eaf10a91d083f7dd7d9323ea8d,results/training_seed_robustness/configs/v3_seed2026_config.json,4aebc19efb29250fbcbadb1138cae0edd3f2c6eaf10a91d083f7dd7d9323ea8d,82253ac4cb2a068fab42fc381015af1ac2bb4919babec36af790c0896ca2469e,310f886193ca6bc1584f7e0985794efc32dd08535b1dfc4e1992a9dc88ba26c2,ffbadd2556bdcea56d9a1b3529109879bd1c2a7614941a516405ad3ce7a6b4bc,B_plain_MPC,sensor_dropout,49027,49027,True,27.328518035245597,23.054983642902357,20.39578049818782,,False,,0,,0,0,0,,0,,0.0,0.0,0,0,6.0,1.0,0.0,0.0,0.0,1.0,0.0,0.0,0.0,0.0,0.0,14936.653362717336,82.41098503682143,0,0,0,0,0,0,0,0,,0,0,0,130.26911983472152,0.0,0.0,0.0,0.0,130.33734628098043,17.284935300000143,17.284935300000143,,,,,,,,,0
2026,results/training_seed_robustness/model_pair_manifest.json,b1c4ac1db684249d4eccd46691fd1b8ad30c36bb3be56cc19a50a7581c189d5e,d1f4178199f682560f164ccac1d56816aae341eb05fbed6ac7ad73a4e2056297,9254bbd088b0c9f7bd7ba71ee75c09fe4501ce28eb8e26efab7fb7d5130ce4cc,619f677ccc63c6a40c863858d8eee4175f72b1770dc6c8ba202e7b92c2768480,04fd322ba365b394751e4f60163ebea4b2164ff6fe699d7d2c2cc052eaae8ad2,results/training_seed_robustness/configs/sensor_seed2026_calibration.json,81e64239ec99af8c8a3908b45cee979e617e82cacdfeddeadcadf4561f202f46,results/training_seed_robustness/configs/v3_seed2026_calibration.json,7467f0be3489ab4bf7ac9f35c160ee94e19eafb0ed456596d12eca762b09d718,results/training_seed_robustness/configs/v3_seed2026_config.json,4aebc19efb29250fbcbadb1138cae0edd3f2c6eaf10a91d083f7dd7d9323ea8d,results/training_seed_robustness/configs/v3_seed2026_config.json,4aebc19efb29250fbcbadb1138cae0edd3f2c6eaf10a91d083f7dd7d9323ea8d,82253ac4cb2a068fab42fc381015af1ac2bb4919babec36af790c0896ca2469e,310f886193ca6bc1584f7e0985794efc32dd08535b1dfc4e1992a9dc88ba26c2,ffbadd2556bdcea56d9a1b3529109879bd1c2a7614941a516405ad3ce7a6b4bc,C3_arbitration_MPC,sensor_dropout,49027,49027,True,11.272170554139022,6.6586485743666275,3.0375305792179934,,False,,0,,1,0,0,,0,False,5.05,0.8402662229617305,1,1,3.0,0.15973377703826955,0.0,0.8402662229617305,0.0,0.15973377703826955,0.0,0.8402662229617305,0.0,1.0,0.0,7632.889190190234,237.2048614439931,0,0,0,0,0,0,0,0,,0,0,0,170.49720413225327,1.0874363166927064,0.023927022381177984,0.018910843372397467,1.1302741824462816,170.573599173543,22.701476400000047,22.701476400000047,2.591053816487395,1.7502924230332906,2.4935989977195696,1.702411608617296,2.4935989977195696,1.702411608617296,21.25722027763955,13.450079159609434,505
2026,results/training_seed_robustness/model_pair_manifest.json,b1c4ac1db684249d4eccd46691fd1b8ad30c36bb3be56cc19a50a7581c189d5e,d1f4178199f682560f164ccac1d56816aae341eb05fbed6ac7ad73a4e2056297,9254bbd088b0c9f7bd7ba71ee75c09fe4501ce28eb8e26efab7fb7d5130ce4cc,619f677ccc63c6a40c863858d8eee4175f72b1770dc6c8ba202e7b92c2768480,04fd322ba365b394751e4f60163ebea4b2164ff6fe699d7d2c2cc052eaae8ad2,results/training_seed_robustness/configs/sensor_seed2026_calibration.json,81e64239ec99af8c8a3908b45cee979e617e82cacdfeddeadcadf4561f202f46,results/training_seed_robustness/configs/v3_seed2026_calibration.json,7467f0be3489ab4bf7ac9f35c160ee94e19eafb0ed456596d12eca762b09d718,results/training_seed_robustness/configs/v3_seed2026_config.json,4aebc19efb29250fbcbadb1138cae0edd3f2c6eaf10a91d083f7dd7d9323ea8d,results/training_seed_robustness/configs/v3_seed2026_config.json,4aebc19efb29250fbcbadb1138cae0edd3f2c6eaf10a91d083f7dd7d9323ea8d,82253ac4cb2a068fab42fc381015af1ac2bb4919babec36af790c0896ca2469e,310f886193ca6bc1584f7e0985794efc32dd08535b1dfc4e1992a9dc88ba26c2,ffbadd2556bdcea56d9a1b3529109879bd1c2a7614941a516405ad3ce7a6b4bc,B_plain_MPC,sensor_dropout,49028,49028,True,27.621908664054953,23.428314440524886,21.122524865004088,,False,,0,,0,0,0,,0,,0.0,0.0,0,0,6.0,1.0,0.0,0.0,0.0,1.0,0.0,0.0,0.0,0.0,0.0,15065.588478755564,75.88115855405542,0,0,0,0,0,0,0,0,,0,0,0,124.31115041320759,0.0,0.0,0.0,0.0,124.37346363636863,16.530711899999915,16.530711899999915,,,,,,,,,0
2026,results/training_seed_robustness/model_pair_manifest.json,b1c4ac1db684249d4eccd46691fd1b8ad30c36bb3be56cc19a50a7581c189d5e,d1f4178199f682560f164ccac1d56816aae341eb05fbed6ac7ad73a4e2056297,9254bbd088b0c9f7bd7ba71ee75c09fe4501ce28eb8e26efab7fb7d5130ce4cc,619f677ccc63c6a40c863858d8eee4175f72b1770dc6c8ba202e7b92c2768480,04fd322ba365b394751e4f60163ebea4b2164ff6fe699d7d2c2cc052eaae8ad2,results/training_seed_robustness/configs/sensor_seed2026_calibration.json,81e64239ec99af8c8a3908b45cee979e617e82cacdfeddeadcadf4561f202f46,results/training_seed_robustness/configs/v3_seed2026_calibration.json,7467f0be3489ab4bf7ac9f35c160ee94e19eafb0ed456596d12eca762b09d718,results/training_seed_robustness/configs/v3_seed2026_config.json,4aebc19efb29250fbcbadb1138cae0edd3f2c6eaf10a91d083f7dd7d9323ea8d,results/training_seed_robustness/configs/v3_seed2026_config.json,4aebc19efb29250fbcbadb1138cae0edd3f2c6eaf10a91d083f7dd7d9323ea8d,82253ac4cb2a068fab42fc381015af1ac2bb4919babec36af790c0896ca2469e,310f886193ca6bc1584f7e0985794efc32dd08535b1dfc4e1992a9dc88ba26c2,ffbadd2556bdcea56d9a1b3529109879bd1c2a7614941a516405ad3ce7a6b4bc,C3_arbitration_MPC,sensor_dropout,49028,49028,True,10.815629083316514,4.6616003764279235,0.37663249640345603,0.020000000000000018,True,2.02,1,,1,0,0,,0,False,4.01,0.6672212978369384,1,1,3.0,0.33277870216306155,0.6672212978369384,0.0,0.0,0.33277870216306155,0.6672212978369384,0.0,0.0,0.0,0.0,6171.514307085246,97.39956112440635,0,0,0,0,0,0,0,0,,0,0,0,169.69248677684644,1.1224103270357808,0.024834079164400766,0.0191061961915831,1.1663506023917647,169.76626776859345,22.64740380000012,22.64740380000012,0.31223203262456317,0.2988099662100242,0.36966484639243113,0.2537233936949121,0.31223203262456317,0.2988099662100242,24.603608284166693,17.469917416755443,401
2026,results/training_seed_robustness/model_pair_manifest.json,b1c4ac1db684249d4eccd46691fd1b8ad30c36bb3be56cc19a50a7581c189d5e,d1f4178199f682560f164ccac1d56816aae341eb05fbed6ac7ad73a4e2056297,9254bbd088b0c9f7bd7ba71ee75c09fe4501ce28eb8e26efab7fb7d5130ce4cc,619f677ccc63c6a40c863858d8eee4175f72b1770dc6c8ba202e7b92c2768480,04fd322ba365b394751e4f60163ebea4b2164ff6fe699d7d2c2cc052eaae8ad2,results/training_seed_robustness/configs/sensor_seed2026_calibration.json,81e64239ec99af8c8a3908b45cee979e617e82cacdfeddeadcadf4561f202f46,results/training_seed_robustness/configs/v3_seed2026_calibration.json,7467f0be3489ab4bf7ac9f35c160ee94e19eafb0ed456596d12eca762b09d718,results/training_seed_robustness/configs/v3_seed2026_config.json,4aebc19efb29250fbcbadb1138cae0edd3f2c6eaf10a91d083f7dd7d9323ea8d,results/training_seed_robustness/configs/v3_seed2026_config.json,4aebc19efb29250fbcbadb1138cae0edd3f2c6eaf10a91d083f7dd7d9323ea8d,82253ac4cb2a068fab42fc381015af1ac2bb4919babec36af790c0896ca2469e,310f886193ca6bc1584f7e0985794efc32dd08535b1dfc4e1992a9dc88ba26c2,ffbadd2556bdcea56d9a1b3529109879bd1c2a7614941a516405ad3ce7a6b4bc,B_plain_MPC,sensor_dropout,49029,49029,True,27.394303768936354,23.12292988483179,20.569430996263026,,False,,0,,0,0,0,,0,,0.0,0.0,0,0,6.0,1.0,0.0,0.0,0.0,1.0,0.0,0.0,0.0,0.0,0.0,14932.953950824642,83.47288399200983,0,0,0,0,0,0,0,0,,0,0,0,132.50008677686466,0.0,0.0,0.0,0.0,132.5681876032794,17.60286730000007,17.60286730000007,,,,,,,,,0
2026,results/training_seed_robustness/model_pair_manifest.json,b1c4ac1db684249d4eccd46691fd1b8ad30c36bb3be56cc19a50a7581c189d5e,d1f4178199f682560f164ccac1d56816aae341eb05fbed6ac7ad73a4e2056297,9254bbd088b0c9f7bd7ba71ee75c09fe4501ce28eb8e26efab7fb7d5130ce4cc,619f677ccc63c6a40c863858d8eee4175f72b1770dc6c8ba202e7b92c2768480,04fd322ba365b394751e4f60163ebea4b2164ff6fe699d7d2c2cc052eaae8ad2,results/training_seed_robustness/configs/sensor_seed2026_calibration.json,81e64239ec99af8c8a3908b45cee979e617e82cacdfeddeadcadf4561f202f46,results/training_seed_robustness/configs/v3_seed2026_calibration.json,7467f0be3489ab4bf7ac9f35c160ee94e19eafb0ed456596d12eca762b09d718,results/training_seed_robustness/configs/v3_seed2026_config.json,4aebc19efb29250fbcbadb1138cae0edd3f2c6eaf10a91d083f7dd7d9323ea8d,results/training_seed_robustness/configs/v3_seed2026_config.json,4aebc19efb29250fbcbadb1138cae0edd3f2c6eaf10a91d083f7dd7d9323ea8d,82253ac4cb2a068fab42fc381015af1ac2bb4919babec36af790c0896ca2469e,310f886193ca6bc1584f7e0985794efc32dd08535b1dfc4e1992a9dc88ba26c2,ffbadd2556bdcea56d9a1b3529109879bd1c2a7614941a516405ad3ce7a6b4bc,C3_arbitration_MPC,sensor_dropout,49029,49029,True,11.272170554004955,6.658648574425805,3.037530578225299,,False,,0,,1,0,0,,0,False,5.01,0.8336106489184693,1,1,3.0,0.16638935108153077,0.0,0.8336106489184693,0.0,0.16638935108153077,0.0,0.8336106489184693,0.0,1.0,0.0,7632.8891908797095,237.20486145037464,0,0,0,0,0,0,0,0,,0,0,0,167.06784793391796,1.0763820998227183,0.024520998282842748,0.019358003449233743,1.1202611015547947,167.14454958678252,22.242030599999907,22.242030599999907,2.514841430816621,1.7047963947024687,2.414730364083813,1.6569573191400526,2.414730364083813,1.6569573191400526,21.34178916961494,13.548353201861753,501
2026,results/training_seed_robustness/model_pair_manifest.json,b1c4ac1db684249d4eccd46691fd1b8ad30c36bb3be56cc19a50a7581c189d5e,d1f4178199f682560f164ccac1d56816aae341eb05fbed6ac7ad73a4e2056297,9254bbd088b0c9f7bd7ba71ee75c09fe4501ce28eb8e26efab7fb7d5130ce4cc,619f677ccc63c6a40c863858d8eee4175f72b1770dc6c8ba202e7b92c2768480,04fd322ba365b394751e4f60163ebea4b2164ff6fe699d7d2c2cc052eaae8ad2,results/training_seed_robustness/configs/sensor_seed2026_calibration.json,81e64239ec99af8c8a3908b45cee979e617e82cacdfeddeadcadf4561f202f46,results/training_seed_robustness/configs/v3_seed2026_calibration.json,7467f0be3489ab4bf7ac9f35c160ee94e19eafb0ed456596d12eca762b09d718,results/training_seed_robustness/configs/v3_seed2026_config.json,4aebc19efb29250fbcbadb1138cae0edd3f2c6eaf10a91d083f7dd7d9323ea8d,results/training_seed_robustness/configs/v3_seed2026_config.json,4aebc19efb29250fbcbadb1138cae0edd3f2c6eaf10a91d083f7dd7d9323ea8d,82253ac4cb2a068fab42fc381015af1ac2bb4919babec36af790c0896ca2469e,310f886193ca6bc1584f7e0985794efc32dd08535b1dfc4e1992a9dc88ba26c2,ffbadd2556bdcea56d9a1b3529109879bd1c2a7614941a516405ad3ce7a6b4bc,B_plain_MPC,sensor_dropout,49030,49030,True,27.482822849077852,23.249056750251953,20.780540375980838,,False,,0,,0,0,0,,0,,0.0,0.0,0,0,6.0,1.0,0.0,0.0,0.0,1.0,0.0,0.0,0.0,0.0,0.0,14994.953546668492,79.47320145560178,0,0,0,0,0,0,0,0,,0,0,0,126.64692561985765,0.0,0.0,0.0,0.0,126.7033214876016,16.68603800000028,16.68603800000028,,,,,,,,,0
2026,results/training_seed_robustness/model_pair_manifest.json,b1c4ac1db684249d4eccd46691fd1b8ad30c36bb3be56cc19a50a7581c189d5e,d1f4178199f682560f164ccac1d56816aae341eb05fbed6ac7ad73a4e2056297,9254bbd088b0c9f7bd7ba71ee75c09fe4501ce28eb8e26efab7fb7d5130ce4cc,619f677ccc63c6a40c863858d8eee4175f72b1770dc6c8ba202e7b92c2768480,04fd322ba365b394751e4f60163ebea4b2164ff6fe699d7d2c2cc052eaae8ad2,results/training_seed_robustness/configs/sensor_seed2026_calibration.json,81e64239ec99af8c8a3908b45cee979e617e82cacdfeddeadcadf4561f202f46,results/training_seed_robustness/configs/v3_seed2026_calibration.json,7467f0be3489ab4bf7ac9f35c160ee94e19eafb0ed456596d12eca762b09d718,results/training_seed_robustness/configs/v3_seed2026_config.json,4aebc19efb29250fbcbadb1138cae0edd3f2c6eaf10a91d083f7dd7d9323ea8d,results/training_seed_robustness/configs/v3_seed2026_config.json,4aebc19efb29250fbcbadb1138cae0edd3f2c6eaf10a91d083f7dd7d9323ea8d,82253ac4cb2a068fab42fc381015af1ac2bb4919babec36af790c0896ca2469e,310f886193ca6bc1584f7e0985794efc32dd08535b1dfc4e1992a9dc88ba26c2,ffbadd2556bdcea56d9a1b3529109879bd1c2a7614941a516405ad3ce7a6b4bc,C3_arbitration_MPC,sensor_dropout,49030,49030,True,10.816068313878231,4.691116375172964,0.4387778183276725,0.020000000000000018,True,2.02,1,,1,0,0,,0,False,4.0200000000000005,0.6688851913477537,3,3,1.5,0.33111480865224624,0.6688851913477537,0.0,0.0,0.33111480865224624,0.6688851913477537,0.0,0.0,0.0,0.0,6124.513312217177,93.47209850213532,0,0,0,0,0,0,0,0,,0,0,0,167.94997685950094,1.1888204819198311,0.02566247848462276,0.019587091231808976,1.2340700516362628,168.0253991735637,22.53836369999999,22.53836369999999,0.4041867194461577,0.39990290218120006,0.36140812249427245,0.2302022440668201,0.4041867194461577,0.39990290218120006,24.448547618790123,17.338167067342923,402
2027,results/training_seed_robustness/model_pair_manifest.json,b1c4ac1db684249d4eccd46691fd1b8ad30c36bb3be56cc19a50a7581c189d5e,934fe3b3a1672532d68fb94ff7605b59a32f6ad4d8291b968b0a1a1ca17008f1,af02115f4d62f8c4c2b0733067b437dfb4c0bd7f982bb8fcc45b2cf7f025dc5a,561f5529020c3b7d3b658f62c400e1b4ccedbce478c7f4e1d43e4dc1d2610fd6,e1e651b5aca612b93df60e191244a767c2e1c2d37d4f257bd2ac6b953e54a5c0,results/training_seed_robustness/configs/sensor_seed2027_calibration.json,3909dd3cf343cf0aec25b33607cf5a0815879a760710f2ded52a15b1b7127ad4,results/training_seed_robustness/configs/v3_seed2027_calibration.json,adba638df2a6b177e1e70b5bc4d597433a1907dc92e33efd4adc222d3dc95955,results/training_seed_robustness/configs/v3_seed2027_config.json,a0357c3f2919d1cd160335850b065c16442ae6c649f2611c2a458cde5a4edfb2,results/training_seed_robustness/configs/v3_seed2027_config.json,a0357c3f2919d1cd160335850b065c16442ae6c649f2611c2a458cde5a4edfb2,82253ac4cb2a068fab42fc381015af1ac2bb4919babec36af790c0896ca2469e,310f886193ca6bc1584f7e0985794efc32dd08535b1dfc4e1992a9dc88ba26c2,ffbadd2556bdcea56d9a1b3529109879bd1c2a7614941a516405ad3ce7a6b4bc,B_plain_MPC,combined_fault_load,49026,49026,True,11.288185016026786,6.728567308621833,4.543739941220832,,False,,0,,0,0,0,,0,,0.0,0.0,0,0,6.0,1.0,0.0,0.0,0.0,1.0,0.0,0.0,0.0,0.0,0.0,7603.926226044475,136.96745649587587,0,0,0,0,0,0,0,0,,0,0,0,294.02461735537884,0.0,0.0,0.0,0.0,294.0801330578249,36.94164939999973,36.94164939999973,,,,,,,,,0
2027,results/training_seed_robustness/model_pair_manifest.json,b1c4ac1db684249d4eccd46691fd1b8ad30c36bb3be56cc19a50a7581c189d5e,934fe3b3a1672532d68fb94ff7605b59a32f6ad4d8291b968b0a1a1ca17008f1,af02115f4d62f8c4c2b0733067b437dfb4c0bd7f982bb8fcc45b2cf7f025dc5a,561f5529020c3b7d3b658f62c400e1b4ccedbce478c7f4e1d43e4dc1d2610fd6,e1e651b5aca612b93df60e191244a767c2e1c2d37d4f257bd2ac6b953e54a5c0,results/training_seed_robustness/configs/sensor_seed2027_calibration.json,3909dd3cf343cf0aec25b33607cf5a0815879a760710f2ded52a15b1b7127ad4,results/training_seed_robustness/configs/v3_seed2027_calibration.json,adba638df2a6b177e1e70b5bc4d597433a1907dc92e33efd4adc222d3dc95955,results/training_seed_robustness/configs/v3_seed2027_config.json,a0357c3f2919d1cd160335850b065c16442ae6c649f2611c2a458cde5a4edfb2,results/training_seed_robustness/configs/v3_seed2027_config.json,a0357c3f2919d1cd160335850b065c16442ae6c649f2611c2a458cde5a4edfb2,82253ac4cb2a068fab42fc381015af1ac2bb4919babec36af790c0896ca2469e,310f886193ca6bc1584f7e0985794efc32dd08535b1dfc4e1992a9dc88ba26c2,ffbadd2556bdcea56d9a1b3529109879bd1c2a7614941a516405ad3ce7a6b4bc,C3_arbitration_MPC,combined_fault_load,49026,49026,True,11.048519346064046,5.803451479234687,3.1554200051353365,0.020000000000000018,True,3.02,1,,1,0,0,,0,,3.0100000000000002,0.5008319467554077,2,2,2.0,0.49916805324459235,0.09151414309484193,0.40931780366056575,0.0,0.49916805324459235,0.09151414309484193,0.40931780366056575,0.0,0.8172757475083057,0.0,8559.5936169079,148.68432810839622,0,0,0,0,0,0,0,0,,0,0,0,245.55359173550377,1.0407442340710016,0.023549053356703,0.017514113599186837,1.0818074010268914,245.6215272727341,31.674548199999663,31.674548199999663,1.831824766634691,1.4653768027757839,1.365889658390308,1.2202435136906213,1.7894395596161816,1.4282964391944257,3.271109666257124,3.2609323471171754,301
2027,results/training_seed_robustness/model_pair_manifest.json,b1c4ac1db684249d4eccd46691fd1b8ad30c36bb3be56cc19a50a7581c189d5e,934fe3b3a1672532d68fb94ff7605b59a32f6ad4d8291b968b0a1a1ca17008f1,af02115f4d62f8c4c2b0733067b437dfb4c0bd7f982bb8fcc45b2cf7f025dc5a,561f5529020c3b7d3b658f62c400e1b4ccedbce478c7f4e1d43e4dc1d2610fd6,e1e651b5aca612b93df60e191244a767c2e1c2d37d4f257bd2ac6b953e54a5c0,results/training_seed_robustness/configs/sensor_seed2027_calibration.json,3909dd3cf343cf0aec25b33607cf5a0815879a760710f2ded52a15b1b7127ad4,results/training_seed_robustness/configs/v3_seed2027_calibration.json,adba638df2a6b177e1e70b5bc4d597433a1907dc92e33efd4adc222d3dc95955,results/training_seed_robustness/configs/v3_seed2027_config.json,a0357c3f2919d1cd160335850b065c16442ae6c649f2611c2a458cde5a4edfb2,results/training_seed_robustness/configs/v3_seed2027_config.json,a0357c3f2919d1cd160335850b065c16442ae6c649f2611c2a458cde5a4edfb2,82253ac4cb2a068fab42fc381015af1ac2bb4919babec36af790c0896ca2469e,310f886193ca6bc1584f7e0985794efc32dd08535b1dfc4e1992a9dc88ba26c2,ffbadd2556bdcea56d9a1b3529109879bd1c2a7614941a516405ad3ce7a6b4bc,B_plain_MPC,combined_fault_load,49027,49027,True,11.286479516441888,6.760809875929035,4.4738819284335944,,False,,0,,0,0,0,,0,,0.0,0.0,0,0,6.0,1.0,0.0,0.0,0.0,1.0,0.0,0.0,0.0,0.0,0.0,7589.67479984114,109.41248681675734,0,0,0,0,0,0,0,0,,0,0,0,287.4986702479212,0.0,0.0,0.0,0.0,287.55539504135044,36.20631779999985,36.20631779999985,,,,,,,,,0
2027,results/training_seed_robustness/model_pair_manifest.json,b1c4ac1db684249d4eccd46691fd1b8ad30c36bb3be56cc19a50a7581c189d5e,934fe3b3a1672532d68fb94ff7605b59a32f6ad4d8291b968b0a1a1ca17008f1,af02115f4d62f8c4c2b0733067b437dfb4c0bd7f982bb8fcc45b2cf7f025dc5a,561f5529020c3b7d3b658f62c400e1b4ccedbce478c7f4e1d43e4dc1d2610fd6,e1e651b5aca612b93df60e191244a767c2e1c2d37d4f257bd2ac6b953e54a5c0,results/training_seed_robustness/configs/sensor_seed2027_calibration.json,3909dd3cf343cf0aec25b33607cf5a0815879a760710f2ded52a15b1b7127ad4,results/training_seed_robustness/configs/v3_seed2027_calibration.json,adba638df2a6b177e1e70b5bc4d597433a1907dc92e33efd4adc222d3dc95955,results/training_seed_robustness/configs/v3_seed2027_config.json,a0357c3f2919d1cd160335850b065c16442ae6c649f2611c2a458cde5a4edfb2,results/training_seed_robustness/configs/v3_seed2027_config.json,a0357c3f2919d1cd160335850b065c16442ae6c649f2611c2a458cde5a4edfb2,82253ac4cb2a068fab42fc381015af1ac2bb4919babec36af790c0896ca2469e,310f886193ca6bc1584f7e0985794efc32dd08535b1dfc4e1992a9dc88ba26c2,ffbadd2556bdcea56d9a1b3529109879bd1c2a7614941a516405ad3ce7a6b4bc,C3_arbitration_MPC,combined_fault_load,49027,49027,True,11.258619859834187,6.393936065642599,2.660287169538239,,False,,0,,1,0,0,,0,,5.05,0.8402662229617305,1,1,3.0,0.15973377703826955,0.0,0.8402662229617305,0.0,0.15973377703826955,0.0,0.8402662229617305,0.0,1.0,0.0,9403.852954052236,181.9104023013724,0,0,0,0,0,0,0,0,,0,0,0,225.69652975205315,1.0559907056714313,0.02383012048968103,0.01890808951636422,1.0987289156774764,225.7726471073977,29.31406049999987,29.31406049999987,2.649301223199234,1.664335629674533,2.617988852983043,1.653297672101064,2.617988852983043,1.653297672101064,2.538294602192759,2.0303663792792426,505
2027,results/training_seed_robustness/model_pair_manifest.json,b1c4ac1db684249d4eccd46691fd1b8ad30c36bb3be56cc19a50a7581c189d5e,934fe3b3a1672532d68fb94ff7605b59a32f6ad4d8291b968b0a1a1ca17008f1,af02115f4d62f8c4c2b0733067b437dfb4c0bd7f982bb8fcc45b2cf7f025dc5a,561f5529020c3b7d3b658f62c400e1b4ccedbce478c7f4e1d43e4dc1d2610fd6,e1e651b5aca612b93df60e191244a767c2e1c2d37d4f257bd2ac6b953e54a5c0,results/training_seed_robustness/configs/sensor_seed2027_calibration.json,3909dd3cf343cf0aec25b33607cf5a0815879a760710f2ded52a15b1b7127ad4,results/training_seed_robustness/configs/v3_seed2027_calibration.json,adba638df2a6b177e1e70b5bc4d597433a1907dc92e33efd4adc222d3dc95955,results/training_seed_robustness/configs/v3_seed2027_config.json,a0357c3f2919d1cd160335850b065c16442ae6c649f2611c2a458cde5a4edfb2,results/training_seed_robustness/configs/v3_seed2027_config.json,a0357c3f2919d1cd160335850b065c16442ae6c649f2611c2a458cde5a4edfb2,82253ac4cb2a068fab42fc381015af1ac2bb4919babec36af790c0896ca2469e,310f886193ca6bc1584f7e0985794efc32dd08535b1dfc4e1992a9dc88ba26c2,ffbadd2556bdcea56d9a1b3529109879bd1c2a7614941a516405ad3ce7a6b4bc,B_plain_MPC,combined_fault_load,49028,49028,True,11.294658989497155,6.742200688674154,4.577763495217044,,False,,0,,0,0,0,,0,,0.0,0.0,0,0,6.0,1.0,0.0,0.0,0.0,1.0,0.0,0.0,0.0,0.0,0.0,7554.933042340781,114.92739252756424,0,0,0,0,0,0,0,0,,0,0,0,276.80607520659584,0.0,0.0,0.0,0.0,276.8663355371824,34.88504640000019,34.88504640000019,,,,,,,,,0
2027,results/training_seed_robustness/model_pair_manifest.json,b1c4ac1db684249d4eccd46691fd1b8ad30c36bb3be56cc19a50a7581c189d5e,934fe3b3a1672532d68fb94ff7605b59a32f6ad4d8291b968b0a1a1ca17008f1,af02115f4d62f8c4c2b0733067b437dfb4c0bd7f982bb8fcc45b2cf7f025dc5a,561f5529020c3b7d3b658f62c400e1b4ccedbce478c7f4e1d43e4dc1d2610fd6,e1e651b5aca612b93df60e191244a767c2e1c2d37d4f257bd2ac6b953e54a5c0,results/training_seed_robustness/configs/sensor_seed2027_calibration.json,3909dd3cf343cf0aec25b33607cf5a0815879a760710f2ded52a15b1b7127ad4,results/training_seed_robustness/configs/v3_seed2027_calibration.json,adba638df2a6b177e1e70b5bc4d597433a1907dc92e33efd4adc222d3dc95955,results/training_seed_robustness/configs/v3_seed2027_config.json,a0357c3f2919d1cd160335850b065c16442ae6c649f2611c2a458cde5a4edfb2,results/training_seed_robustness/configs/v3_seed2027_config.json,a0357c3f2919d1cd160335850b065c16442ae6c649f2611c2a458cde5a4edfb2,82253ac4cb2a068fab42fc381015af1ac2bb4919babec36af790c0896ca2469e,310f886193ca6bc1584f7e0985794efc32dd08535b1dfc4e1992a9dc88ba26c2,ffbadd2556bdcea56d9a1b3529109879bd1c2a7614941a516405ad3ce7a6b4bc,C3_arbitration_MPC,combined_fault_load,49028,49028,True,11.258619859680659,6.393936065576896,2.660287169458334,,False,,0,,1,0,0,,0,,4.91,0.8169717138103162,1,1,3.0,0.18302828618968386,0.0,0.8169717138103162,0.0,0.18302828618968386,0.0,0.8169717138103162,0.0,1.0,0.0,9403.8529541313,181.91040230159624,0,0,0,0,0,0,0,0,,0,0,0,228.6317123967361,1.0759877796825568,0.024619105004356292,0.019523580036476074,1.1201304647233892,228.71010247933728,29.677597800000058,29.677597800000058,2.2204220591219737,1.4572246012379573,2.1966870271214787,1.4486538836695435,2.1966870271214787,1.4486538836695435,2.585119446995668,2.0889632303618435,491
2027,results/training_seed_robustness/model_pair_manifest.json,b1c4ac1db684249d4eccd46691fd1b8ad30c36bb3be56cc19a50a7581c189d5e,934fe3b3a1672532d68fb94ff7605b59a32f6ad4d8291b968b0a1a1ca17008f1,af02115f4d62f8c4c2b0733067b437dfb4c0bd7f982bb8fcc45b2cf7f025dc5a,561f5529020c3b7d3b658f62c400e1b4ccedbce478c7f4e1d43e4dc1d2610fd6,e1e651b5aca612b93df60e191244a767c2e1c2d37d4f257bd2ac6b953e54a5c0,results/training_seed_robustness/configs/sensor_seed2027_calibration.json,3909dd3cf343cf0aec25b33607cf5a0815879a760710f2ded52a15b1b7127ad4,results/training_seed_robustness/configs/v3_seed2027_calibration.json,adba638df2a6b177e1e70b5bc4d597433a1907dc92e33efd4adc222d3dc95955,results/training_seed_robustness/configs/v3_seed2027_config.json,a0357c3f2919d1cd160335850b065c16442ae6c649f2611c2a458cde5a4edfb2,results/training_seed_robustness/configs/v3_seed2027_config.json,a0357c3f2919d1cd160335850b065c16442ae6c649f2611c2a458cde5a4edfb2,82253ac4cb2a068fab42fc381015af1ac2bb4919babec36af790c0896ca2469e,310f886193ca6bc1584f7e0985794efc32dd08535b1dfc4e1992a9dc88ba26c2,ffbadd2556bdcea56d9a1b3529109879bd1c2a7614941a516405ad3ce7a6b4bc,B_plain_MPC,combined_fault_load,49029,49029,True,11.30611941201865,6.811816334858318,4.56642078253816,,False,,0,,0,0,0,,0,,0.0,0.0,0,0,6.0,1.0,0.0,0.0,0.0,1.0,0.0,0.0,0.0,0.0,0.0,7710.527557765413,136.52824624456218,0,0,0,0,0,0,0,0,,0,0,0,269.266383471077,0.0,0.0,0.0,0.0,269.321097520641,33.868572700000186,33.868572700000186,,,,,,,,,0
2027,results/training_seed_robustness/model_pair_manifest.json,b1c4ac1db684249d4eccd46691fd1b8ad30c36bb3be56cc19a50a7581c189d5e,934fe3b3a1672532d68fb94ff7605b59a32f6ad4d8291b968b0a1a1ca17008f1,af02115f4d62f8c4c2b0733067b437dfb4c0bd7f982bb8fcc45b2cf7f025dc5a,561f5529020c3b7d3b658f62c400e1b4ccedbce478c7f4e1d43e4dc1d2610fd6,e1e651b5aca612b93df60e191244a767c2e1c2d37d4f257bd2ac6b953e54a5c0,results/training_seed_robustness/configs/sensor_seed2027_calibration.json,3909dd3cf343cf0aec25b33607cf5a0815879a760710f2ded52a15b1b7127ad4,results/training_seed_robustness/configs/v3_seed2027_calibration.json,adba638df2a6b177e1e70b5bc4d597433a1907dc92e33efd4adc222d3dc95955,results/training_seed_robustness/configs/v3_seed2027_config.json,a0357c3f2919d1cd160335850b065c16442ae6c649f2611c2a458cde5a4edfb2,results/training_seed_robustness/configs/v3_seed2027_config.json,a0357c3f2919d1cd160335850b065c16442ae6c649f2611c2a458cde5a4edfb2,82253ac4cb2a068fab42fc381015af1ac2bb4919babec36af790c0896ca2469e,310f886193ca6bc1584f7e0985794efc32dd08535b1dfc4e1992a9dc88ba26c2,ffbadd2556bdcea56d9a1b3529109879bd1c2a7614941a516405ad3ce7a6b4bc,C3_arbitration_MPC,combined_fault_load,49029,49029,True,11.07257346213402,5.908924618864425,3.2274845043416645,0.020000000000000018,True,3.02,1,,1,0,0,,0,,3.0100000000000002,0.5008319467554077,2,2,2.0,0.49916805324459235,0.08319467554076539,0.4176372712146423,0.0,0.49916805324459235,0.08319467554076539,0.4176372712146423,0.0,0.8338870431893688,0.0,8682.348034329298,154.30194809553095,0,0,0,0,0,0,0,0,,0,0,0,204.82260578513555,0.9591652323683814,0.021199999991167184,0.015557314962220148,0.9959225473217688,204.88302892560893,26.602533199999925,26.602533199999925,1.8206843865944593,1.4533135047179349,1.4025469552709684,1.2382352167307886,1.778133826948157,1.4163279566887146,3.266605915188604,3.2584436758154847,301
2027,results/training_seed_robustness/model_pair_manifest.json,b1c4ac1db684249d4eccd46691fd1b8ad30c36bb3be56cc19a50a7581c189d5e,934fe3b3a1672532d68fb94ff7605b59a32f6ad4d8291b968b0a1a1ca17008f1,af02115f4d62f8c4c2b0733067b437dfb4c0bd7f982bb8fcc45b2cf7f025dc5a,561f5529020c3b7d3b658f62c400e1b4ccedbce478c7f4e1d43e4dc1d2610fd6,e1e651b5aca612b93df60e191244a767c2e1c2d37d4f257bd2ac6b953e54a5c0,results/training_seed_robustness/configs/sensor_seed2027_calibration.json,3909dd3cf343cf0aec25b33607cf5a0815879a760710f2ded52a15b1b7127ad4,results/training_seed_robustness/configs/v3_seed2027_calibration.json,adba638df2a6b177e1e70b5bc4d597433a1907dc92e33efd4adc222d3dc95955,results/training_seed_robustness/configs/v3_seed2027_config.json,a0357c3f2919d1cd160335850b065c16442ae6c649f2611c2a458cde5a4edfb2,results/training_seed_robustness/configs/v3_seed2027_config.json,a0357c3f2919d1cd160335850b065c16442ae6c649f2611c2a458cde5a4edfb2,82253ac4cb2a068fab42fc381015af1ac2bb4919babec36af790c0896ca2469e,310f886193ca6bc1584f7e0985794efc32dd08535b1dfc4e1992a9dc88ba26c2,ffbadd2556bdcea56d9a1b3529109879bd1c2a7614941a516405ad3ce7a6b4bc,B_plain_MPC,combined_fault_load,49030,49030,True,11.301779733140995,6.76567152849089,4.609576420652842,,False,,0,,0,0,0,,0,,0.0,0.0,0,0,6.0,1.0,0.0,0.0,0.0,1.0,0.0,0.0,0.0,0.0,0.0,7583.088290564267,129.20536193963872,0,0,0,0,0,0,0,0,,0,0,0,259.76239008264014,0.0,0.0,0.0,0.0,259.8172950413319,32.74123800000007,32.74123800000007,,,,,,,,,0
2027,results/training_seed_robustness/model_pair_manifest.json,b1c4ac1db684249d4eccd46691fd1b8ad30c36bb3be56cc19a50a7581c189d5e,934fe3b3a1672532d68fb94ff7605b59a32f6ad4d8291b968b0a1a1ca17008f1,af02115f4d62f8c4c2b0733067b437dfb4c0bd7f982bb8fcc45b2cf7f025dc5a,561f5529020c3b7d3b658f62c400e1b4ccedbce478c7f4e1d43e4dc1d2610fd6,e1e651b5aca612b93df60e191244a767c2e1c2d37d4f257bd2ac6b953e54a5c0,results/training_seed_robustness/configs/sensor_seed2027_calibration.json,3909dd3cf343cf0aec25b33607cf5a0815879a760710f2ded52a15b1b7127ad4,results/training_seed_robustness/configs/v3_seed2027_calibration.json,adba638df2a6b177e1e70b5bc4d597433a1907dc92e33efd4adc222d3dc95955,results/training_seed_robustness/configs/v3_seed2027_config.json,a0357c3f2919d1cd160335850b065c16442ae6c649f2611c2a458cde5a4edfb2,results/training_seed_robustness/configs/v3_seed2027_config.json,a0357c3f2919d1cd160335850b065c16442ae6c649f2611c2a458cde5a4edfb2,82253ac4cb2a068fab42fc381015af1ac2bb4919babec36af790c0896ca2469e,310f886193ca6bc1584f7e0985794efc32dd08535b1dfc4e1992a9dc88ba26c2,ffbadd2556bdcea56d9a1b3529109879bd1c2a7614941a516405ad3ce7a6b4bc,C3_arbitration_MPC,combined_fault_load,49030,49030,True,11.068536071475439,5.865126792765977,3.29090575704553,0.020000000000000018,True,3.02,1,,2,1,0,,0,,3.0700000000000003,0.5108153078202995,6,6,0.8571428571428571,0.4891846921797005,0.08985024958402663,0.4209650582362729,0.0,0.4891846921797005,0.08985024958402663,0.4209650582362729,0.0,0.840531561461794,0.0,8615.812601823345,150.7366485833687,0,0,0,0,0,0,0,0,,0,0,0,212.60692066114132,0.9962834767571564,0.022506196211136906,0.016425129096598552,1.035214802064892,212.66982314050776,27.605999099999735,27.605999099999735,1.8035407050425056,1.43125320980477,1.4076243073787336,1.2455228460300076,1.7618308059689392,1.3950866569880884,3.25831155504217,3.2249302282010666,307
2027,results/training_seed_robustness/model_pair_manifest.json,b1c4ac1db684249d4eccd46691fd1b8ad30c36bb3be56cc19a50a7581c189d5e,934fe3b3a1672532d68fb94ff7605b59a32f6ad4d8291b968b0a1a1ca17008f1,af02115f4d62f8c4c2b0733067b437dfb4c0bd7f982bb8fcc45b2cf7f025dc5a,561f5529020c3b7d3b658f62c400e1b4ccedbce478c7f4e1d43e4dc1d2610fd6,e1e651b5aca612b93df60e191244a767c2e1c2d37d4f257bd2ac6b953e54a5c0,results/training_seed_robustness/configs/sensor_seed2027_calibration.json,3909dd3cf343cf0aec25b33607cf5a0815879a760710f2ded52a15b1b7127ad4,results/training_seed_robustness/configs/v3_seed2027_calibration.json,adba638df2a6b177e1e70b5bc4d597433a1907dc92e33efd4adc222d3dc95955,results/training_seed_robustness/configs/v3_seed2027_config.json,a0357c3f2919d1cd160335850b065c16442ae6c649f2611c2a458cde5a4edfb2,results/training_seed_robustness/configs/v3_seed2027_config.json,a0357c3f2919d1cd160335850b065c16442ae6c649f2611c2a458cde5a4edfb2,82253ac4cb2a068fab42fc381015af1ac2bb4919babec36af790c0896ca2469e,310f886193ca6bc1584f7e0985794efc32dd08535b1dfc4e1992a9dc88ba26c2,ffbadd2556bdcea56d9a1b3529109879bd1c2a7614941a516405ad3ce7a6b4bc,B_plain_MPC,load_disturbance,49026,49026,True,10.882225621119876,5.308051494636666,1.6355124466870132,,,,0,,0,0,0,,0,,0.0,0.0,0,0,6.0,1.0,0.0,0.0,0.0,1.0,0.0,0.0,0.0,0.0,0.0,8061.437351517433,117.03961884370051,0,0,0,0,0,0,0,0,,0,0,0,309.762466115726,0.0,0.0,0.0,0.0,309.82736694215026,38.99619229999962,38.99619229999962,,,,,,,,,0
2027,results/training_seed_robustness/model_pair_manifest.json,b1c4ac1db684249d4eccd46691fd1b8ad30c36bb3be56cc19a50a7581c189d5e,934fe3b3a1672532d68fb94ff7605b59a32f6ad4d8291b968b0a1a1ca17008f1,af02115f4d62f8c4c2b0733067b437dfb4c0bd7f982bb8fcc45b2cf7f025dc5a,561f5529020c3b7d3b658f62c400e1b4ccedbce478c7f4e1d43e4dc1d2610fd6,e1e651b5aca612b93df60e191244a767c2e1c2d37d4f257bd2ac6b953e54a5c0,results/training_seed_robustness/configs/sensor_seed2027_calibration.json,3909dd3cf343cf0aec25b33607cf5a0815879a760710f2ded52a15b1b7127ad4,results/training_seed_robustness/configs/v3_seed2027_calibration.json,adba638df2a6b177e1e70b5bc4d597433a1907dc92e33efd4adc222d3dc95955,results/training_seed_robustness/configs/v3_seed2027_config.json,a0357c3f2919d1cd160335850b065c16442ae6c649f2611c2a458cde5a4edfb2,results/training_seed_robustness/configs/v3_seed2027_config.json,a0357c3f2919d1cd160335850b065c16442ae6c649f2611c2a458cde5a4edfb2,82253ac4cb2a068fab42fc381015af1ac2bb4919babec36af790c0896ca2469e,310f886193ca6bc1584f7e0985794efc32dd08535b1dfc4e1992a9dc88ba26c2,ffbadd2556bdcea56d9a1b3529109879bd1c2a7614941a516405ad3ce7a6b4bc,C3_arbitration_MPC,load_disturbance,49026,49026,True,10.882225621119876,5.308051494636666,1.6355124466870132,,,,0,,0,0,0,,0,,0.0,0.0,0,0,6.0,1.0,0.0,0.0,0.0,1.0,0.0,0.0,0.0,0.0,0.0,8061.437351517433,117.03961884370051,0,0,0,0,0,0,0,0,,0,0,0,300.9099851239385,1.1693237521526554,0.026265232367357404,0.01590740104173246,1.211496385561745,300.97274545452956,38.60540620000029,38.60540620000029,,,,,,,,,0
2027,results/training_seed_robustness/model_pair_manifest.json,b1c4ac1db684249d4eccd46691fd1b8ad30c36bb3be56cc19a50a7581c189d5e,934fe3b3a1672532d68fb94ff7605b59a32f6ad4d8291b968b0a1a1ca17008f1,af02115f4d62f8c4c2b0733067b437dfb4c0bd7f982bb8fcc45b2cf7f025dc5a,561f5529020c3b7d3b658f62c400e1b4ccedbce478c7f4e1d43e4dc1d2610fd6,e1e651b5aca612b93df60e191244a767c2e1c2d37d4f257bd2ac6b953e54a5c0,results/training_seed_robustness/configs/sensor_seed2027_calibration.json,3909dd3cf343cf0aec25b33607cf5a0815879a760710f2ded52a15b1b7127ad4,results/training_seed_robustness/configs/v3_seed2027_calibration.json,adba638df2a6b177e1e70b5bc4d597433a1907dc92e33efd4adc222d3dc95955,results/training_seed_robustness/configs/v3_seed2027_config.json,a0357c3f2919d1cd160335850b065c16442ae6c649f2611c2a458cde5a4edfb2,results/training_seed_robustness/configs/v3_seed2027_config.json,a0357c3f2919d1cd160335850b065c16442ae6c649f2611c2a458cde5a4edfb2,82253ac4cb2a068fab42fc381015af1ac2bb4919babec36af790c0896ca2469e,310f886193ca6bc1584f7e0985794efc32dd08535b1dfc4e1992a9dc88ba26c2,ffbadd2556bdcea56d9a1b3529109879bd1c2a7614941a516405ad3ce7a6b4bc,B_plain_MPC,load_disturbance,49027,49027,True,10.891095149975474,5.344581171228912,1.5834830825862682,,,,0,,0,0,0,,0,,0.0,0.0,0,0,6.0,1.0,0.0,0.0,0.0,1.0,0.0,0.0,0.0,0.0,0.0,8080.088628668049,94.5145063351764,0,0,0,0,0,0,0,0,,0,0,0,280.9527206611601,0.0,0.0,0.0,0.0,281.01255702480074,35.38835980000022,35.38835980000022,,,,,,,,,0
2027,results/training_seed_robustness/model_pair_manifest.json,b1c4ac1db684249d4eccd46691fd1b8ad30c36bb3be56cc19a50a7581c189d5e,934fe3b3a1672532d68fb94ff7605b59a32f6ad4d8291b968b0a1a1ca17008f1,af02115f4d62f8c4c2b0733067b437dfb4c0bd7f982bb8fcc45b2cf7f025dc5a,561f5529020c3b7d3b658f62c400e1b4ccedbce478c7f4e1d43e4dc1d2610fd6,e1e651b5aca612b93df60e191244a767c2e1c2d37d4f257bd2ac6b953e54a5c0,results/training_seed_robustness/configs/sensor_seed2027_calibration.json,3909dd3cf343cf0aec25b33607cf5a0815879a760710f2ded52a15b1b7127ad4,results/training_seed_robustness/configs/v3_seed2027_calibration.json,adba638df2a6b177e1e70b5bc4d597433a1907dc92e33efd4adc222d3dc95955,results/training_seed_robustness/configs/v3_seed2027_config.json,a0357c3f2919d1cd160335850b065c16442ae6c649f2611c2a458cde5a4edfb2,results/training_seed_robustness/configs/v3_seed2027_config.json,a0357c3f2919d1cd160335850b065c16442ae6c649f2611c2a458cde5a4edfb2,82253ac4cb2a068fab42fc381015af1ac2bb4919babec36af790c0896ca2469e,310f886193ca6bc1584f7e0985794efc32dd08535b1dfc4e1992a9dc88ba26c2,ffbadd2556bdcea56d9a1b3529109879bd1c2a7614941a516405ad3ce7a6b4bc,C3_arbitration_MPC,load_disturbance,49027,49027,True,11.258619859834187,6.393936065642599,2.660287169538239,,,,0,,1,0,0,,0,,5.05,0.8402662229617305,1,1,3.0,0.15973377703826955,0.0,0.8402662229617305,0.0,0.15973377703826955,0.0,0.8402662229617305,0.0,1.0,0.0,9403.852954052236,181.9104023013724,0,0,0,0,0,0,0,0,,0,0,0,229.4913471074429,1.067991910496197,0.024396385525598405,0.019313769374495988,1.1117020653962915,229.57438925621784,29.754802800000107,29.754802800000107,2.649301223199234,1.664335629674533,2.617988852983043,1.653297672101064,2.617988852983043,1.653297672101064,0.2534892090389285,0.198213751845095,505
2027,results/training_seed_robustness/model_pair_manifest.json,b1c4ac1db684249d4eccd46691fd1b8ad30c36bb3be56cc19a50a7581c189d5e,934fe3b3a1672532d68fb94ff7605b59a32f6ad4d8291b968b0a1a1ca17008f1,af02115f4d62f8c4c2b0733067b437dfb4c0bd7f982bb8fcc45b2cf7f025dc5a,561f5529020c3b7d3b658f62c400e1b4ccedbce478c7f4e1d43e4dc1d2610fd6,e1e651b5aca612b93df60e191244a767c2e1c2d37d4f257bd2ac6b953e54a5c0,results/training_seed_robustness/configs/sensor_seed2027_calibration.json,3909dd3cf343cf0aec25b33607cf5a0815879a760710f2ded52a15b1b7127ad4,results/training_seed_robustness/configs/v3_seed2027_calibration.json,adba638df2a6b177e1e70b5bc4d597433a1907dc92e33efd4adc222d3dc95955,results/training_seed_robustness/configs/v3_seed2027_config.json,a0357c3f2919d1cd160335850b065c16442ae6c649f2611c2a458cde5a4edfb2,results/training_seed_robustness/configs/v3_seed2027_config.json,a0357c3f2919d1cd160335850b065c16442ae6c649f2611c2a458cde5a4edfb2,82253ac4cb2a068fab42fc381015af1ac2bb4919babec36af790c0896ca2469e,310f886193ca6bc1584f7e0985794efc32dd08535b1dfc4e1992a9dc88ba26c2,ffbadd2556bdcea56d9a1b3529109879bd1c2a7614941a516405ad3ce7a6b4bc,B_plain_MPC,load_disturbance,49028,49028,True,10.886449547825046,5.328168120395979,1.6961498389387737,,,,0,,0,0,0,,0,,0.0,0.0,0,0,6.0,1.0,0.0,0.0,0.0,1.0,0.0,0.0,0.0,0.0,0.0,8033.862917813751,97.93408488121646,0,0,0,0,0,0,0,0,,0,0,0,290.44365537191135,0.0,0.0,0.0,0.0,290.5002066115817,36.555118700000094,36.555118700000094,,,,,,,,,0
2027,results/training_seed_robustness/model_pair_manifest.json,b1c4ac1db684249d4eccd46691fd1b8ad30c36bb3be56cc19a50a7581c189d5e,934fe3b3a1672532d68fb94ff7605b59a32f6ad4d8291b968b0a1a1ca17008f1,af02115f4d62f8c4c2b0733067b437dfb4c0bd7f982bb8fcc45b2cf7f025dc5a,561f5529020c3b7d3b658f62c400e1b4ccedbce478c7f4e1d43e4dc1d2610fd6,e1e651b5aca612b93df60e191244a767c2e1c2d37d4f257bd2ac6b953e54a5c0,results/training_seed_robustness/configs/sensor_seed2027_calibration.json,3909dd3cf343cf0aec25b33607cf5a0815879a760710f2ded52a15b1b7127ad4,results/training_seed_robustness/configs/v3_seed2027_calibration.json,adba638df2a6b177e1e70b5bc4d597433a1907dc92e33efd4adc222d3dc95955,results/training_seed_robustness/configs/v3_seed2027_config.json,a0357c3f2919d1cd160335850b065c16442ae6c649f2611c2a458cde5a4edfb2,results/training_seed_robustness/configs/v3_seed2027_config.json,a0357c3f2919d1cd160335850b065c16442ae6c649f2611c2a458cde5a4edfb2,82253ac4cb2a068fab42fc381015af1ac2bb4919babec36af790c0896ca2469e,310f886193ca6bc1584f7e0985794efc32dd08535b1dfc4e1992a9dc88ba26c2,ffbadd2556bdcea56d9a1b3529109879bd1c2a7614941a516405ad3ce7a6b4bc,C3_arbitration_MPC,load_disturbance,49028,49028,True,11.258619859680659,6.393936065576896,2.660287169458334,,,,0,,1,0,0,,0,,4.91,0.8169717138103162,1,1,3.0,0.18302828618968386,0.0,0.8169717138103162,0.0,0.18302828618968386,0.0,0.8169717138103162,0.0,1.0,0.0,9403.8529541313,181.91040230159624,0,0,0,0,0,0,0,0,,0,0,0,225.30232314048507,1.1378624784843983,0.02660086060094447,0.01997401033691927,1.184437349422262,225.37859752064983,29.39466900000025,29.39466900000025,2.2204220591219737,1.4572246012379573,2.1966870271214787,1.4486538836695435,2.1966870271214787,1.4486538836695435,0.2502373860063374,0.1967692278958186,491
2027,results/training_seed_robustness/model_pair_manifest.json,b1c4ac1db684249d4eccd46691fd1b8ad30c36bb3be56cc19a50a7581c189d5e,934fe3b3a1672532d68fb94ff7605b59a32f6ad4d8291b968b0a1a1ca17008f1,af02115f4d62f8c4c2b0733067b437dfb4c0bd7f982bb8fcc45b2cf7f025dc5a,561f5529020c3b7d3b658f62c400e1b4ccedbce478c7f4e1d43e4dc1d2610fd6,e1e651b5aca612b93df60e191244a767c2e1c2d37d4f257bd2ac6b953e54a5c0,results/training_seed_robustness/configs/sensor_seed2027_calibration.json,3909dd3cf343cf0aec25b33607cf5a0815879a760710f2ded52a15b1b7127ad4,results/training_seed_robustness/configs/v3_seed2027_calibration.json,adba638df2a6b177e1e70b5bc4d597433a1907dc92e33efd4adc222d3dc95955,results/training_seed_robustness/configs/v3_seed2027_config.json,a0357c3f2919d1cd160335850b065c16442ae6c649f2611c2a458cde5a4edfb2,results/training_seed_robustness/configs/v3_seed2027_config.json,a0357c3f2919d1cd160335850b065c16442ae6c649f2611c2a458cde5a4edfb2,82253ac4cb2a068fab42fc381015af1ac2bb4919babec36af790c0896ca2469e,310f886193ca6bc1584f7e0985794efc32dd08535b1dfc4e1992a9dc88ba26c2,ffbadd2556bdcea56d9a1b3529109879bd1c2a7614941a516405ad3ce7a6b4bc,B_plain_MPC,load_disturbance,49029,49029,True,10.89704766644675,5.385214732256972,1.6483316351403043,,,,0,,0,0,0,,0,,0.0,0.0,0,0,6.0,1.0,0.0,0.0,0.0,1.0,0.0,0.0,0.0,0.0,0.0,8140.970875365218,112.93122286014652,0,0,0,0,0,0,0,0,,0,0,0,275.88352479337163,0.0,0.0,0.0,0.0,275.9435462809683,34.822452800000065,34.822452800000065,,,,,,,,,0
2027,results/training_seed_robustness/model_pair_manifest.json,b1c4ac1db684249d4eccd46691fd1b8ad30c36bb3be56cc19a50a7581c189d5e,934fe3b3a1672532d68fb94ff7605b59a32f6ad4d8291b968b0a1a1ca17008f1,af02115f4d62f8c4c2b0733067b437dfb4c0bd7f982bb8fcc45b2cf7f025dc5a,561f5529020c3b7d3b658f62c400e1b4ccedbce478c7f4e1d43e4dc1d2610fd6,e1e651b5aca612b93df60e191244a767c2e1c2d37d4f257bd2ac6b953e54a5c0,results/training_seed_robustness/configs/sensor_seed2027_calibration.json,3909dd3cf343cf0aec25b33607cf5a0815879a760710f2ded52a15b1b7127ad4,results/training_seed_robustness/configs/v3_seed2027_calibration.json,adba638df2a6b177e1e70b5bc4d597433a1907dc92e33efd4adc222d3dc95955,results/training_seed_robustness/configs/v3_seed2027_config.json,a0357c3f2919d1cd160335850b065c16442ae6c649f2611c2a458cde5a4edfb2,results/training_seed_robustness/configs/v3_seed2027_config.json,a0357c3f2919d1cd160335850b065c16442ae6c649f2611c2a458cde5a4edfb2,82253ac4cb2a068fab42fc381015af1ac2bb4919babec36af790c0896ca2469e,310f886193ca6bc1584f7e0985794efc32dd08535b1dfc4e1992a9dc88ba26c2,ffbadd2556bdcea56d9a1b3529109879bd1c2a7614941a516405ad3ce7a6b4bc,C3_arbitration_MPC,load_disturbance,49029,49029,True,11.018392636394378,5.793411082847112,2.833164148272466,2.0300000000000002,,5.03,1,,1,0,0,,0,,1.0,0.16638935108153077,2,2,2.0,0.8336106489184693,0.09317803660565724,0.07321131447587355,0.0,0.8336106489184693,0.09317803660565724,0.07321131447587355,0.0,0.1461794019933555,0.0,8321.85594276343,112.55016876293278,0,0,0,0,0,0,0,0,,0,0,0,243.67644710744284,1.1078851979369877,0.024542685025118895,0.01619965576415551,1.148627538726262,243.74128347106998,31.584840900000017,31.584840900000017,2.510982010337684,2.1294203551680853,1.3128503546217054,1.265727651872922,2.455406984619833,2.0787244297511083,0.2361696843000689,0.18983933850275958,100
2027,results/training_seed_robustness/model_pair_manifest.json,b1c4ac1db684249d4eccd46691fd1b8ad30c36bb3be56cc19a50a7581c189d5e,934fe3b3a1672532d68fb94ff7605b59a32f6ad4d8291b968b0a1a1ca17008f1,af02115f4d62f8c4c2b0733067b437dfb4c0bd7f982bb8fcc45b2cf7f025dc5a,561f5529020c3b7d3b658f62c400e1b4ccedbce478c7f4e1d43e4dc1d2610fd6,e1e651b5aca612b93df60e191244a767c2e1c2d37d4f257bd2ac6b953e54a5c0,results/training_seed_robustness/configs/sensor_seed2027_calibration.json,3909dd3cf343cf0aec25b33607cf5a0815879a760710f2ded52a15b1b7127ad4,results/training_seed_robustness/configs/v3_seed2027_calibration.json,adba638df2a6b177e1e70b5bc4d597433a1907dc92e33efd4adc222d3dc95955,results/training_seed_robustness/configs/v3_seed2027_config.json,a0357c3f2919d1cd160335850b065c16442ae6c649f2611c2a458cde5a4edfb2,results/training_seed_robustness/configs/v3_seed2027_config.json,a0357c3f2919d1cd160335850b065c16442ae6c649f2611c2a458cde5a4edfb2,82253ac4cb2a068fab42fc381015af1ac2bb4919babec36af790c0896ca2469e,310f886193ca6bc1584f7e0985794efc32dd08535b1dfc4e1992a9dc88ba26c2,ffbadd2556bdcea56d9a1b3529109879bd1c2a7614941a516405ad3ce7a6b4bc,B_plain_MPC,load_disturbance,49030,49030,True,10.88691059398756,5.3391562242417185,1.6935087250026555,,,,0,,0,0,0,,0,,0.0,0.0,0,0,6.0,1.0,0.0,0.0,0.0,1.0,0.0,0.0,0.0,0.0,0.0,8035.495351821427,109.0163290806868,0,0,0,0,0,0,0,0,,0,0,0,298.3038528925308,0.0,0.0,0.0,0.0,298.3604735537175,37.49399919999996,37.49399919999996,,,,,,,,,0
2027,results/training_seed_robustness/model_pair_manifest.json,b1c4ac1db684249d4eccd46691fd1b8ad30c36bb3be56cc19a50a7581c189d5e,934fe3b3a1672532d68fb94ff7605b59a32f6ad4d8291b968b0a1a1ca17008f1,af02115f4d62f8c4c2b0733067b437dfb4c0bd7f982bb8fcc45b2cf7f025dc5a,561f5529020c3b7d3b658f62c400e1b4ccedbce478c7f4e1d43e4dc1d2610fd6,e1e651b5aca612b93df60e191244a767c2e1c2d37d4f257bd2ac6b953e54a5c0,results/training_seed_robustness/configs/sensor_seed2027_calibration.json,3909dd3cf343cf0aec25b33607cf5a0815879a760710f2ded52a15b1b7127ad4,results/training_seed_robustness/configs/v3_seed2027_calibration.json,adba638df2a6b177e1e70b5bc4d597433a1907dc92e33efd4adc222d3dc95955,results/training_seed_robustness/configs/v3_seed2027_config.json,a0357c3f2919d1cd160335850b065c16442ae6c649f2611c2a458cde5a4edfb2,results/training_seed_robustness/configs/v3_seed2027_config.json,a0357c3f2919d1cd160335850b065c16442ae6c649f2611c2a458cde5a4edfb2,82253ac4cb2a068fab42fc381015af1ac2bb4919babec36af790c0896ca2469e,310f886193ca6bc1584f7e0985794efc32dd08535b1dfc4e1992a9dc88ba26c2,ffbadd2556bdcea56d9a1b3529109879bd1c2a7614941a516405ad3ce7a6b4bc,C3_arbitration_MPC,load_disturbance,49030,49030,True,11.046584385300832,5.8076589825347575,3.140182346873258,0.10000000000000009,,3.1,1,,2,1,0,,0,,2.98,0.49584026622296173,8,8,0.6666666666666666,0.5041597337770383,0.08652246256239601,0.40931780366056575,0.0,0.5041597337770383,0.08652246256239601,0.40931780366056575,0.0,0.8172757475083057,0.0,8525.051783328618,148.24757366582645,0,0,0,0,0,0,0,0,,0,0,0,247.17129669421064,1.1309287435657651,0.02571669535322764,0.017843889846437578,1.1744893287654303,247.23838099172767,32.02339589999974,32.02339589999974,1.826616900529787,1.457010089028633,1.3570768107303095,1.2122449256686934,1.7842280037959972,1.4195816086554194,0.25364285297510264,0.19492392371659661,298
2027,results/training_seed_robustness/model_pair_manifest.json,b1c4ac1db684249d4eccd46691fd1b8ad30c36bb3be56cc19a50a7581c189d5e,934fe3b3a1672532d68fb94ff7605b59a32f6ad4d8291b968b0a1a1ca17008f1,af02115f4d62f8c4c2b0733067b437dfb4c0bd7f982bb8fcc45b2cf7f025dc5a,561f5529020c3b7d3b658f62c400e1b4ccedbce478c7f4e1d43e4dc1d2610fd6,e1e651b5aca612b93df60e191244a767c2e1c2d37d4f257bd2ac6b953e54a5c0,results/training_seed_robustness/configs/sensor_seed2027_calibration.json,3909dd3cf343cf0aec25b33607cf5a0815879a760710f2ded52a15b1b7127ad4,results/training_seed_robustness/configs/v3_seed2027_calibration.json,adba638df2a6b177e1e70b5bc4d597433a1907dc92e33efd4adc222d3dc95955,results/training_seed_robustness/configs/v3_seed2027_config.json,a0357c3f2919d1cd160335850b065c16442ae6c649f2611c2a458cde5a4edfb2,results/training_seed_robustness/configs/v3_seed2027_config.json,a0357c3f2919d1cd160335850b065c16442ae6c649f2611c2a458cde5a4edfb2,82253ac4cb2a068fab42fc381015af1ac2bb4919babec36af790c0896ca2469e,310f886193ca6bc1584f7e0985794efc32dd08535b1dfc4e1992a9dc88ba26c2,ffbadd2556bdcea56d9a1b3529109879bd1c2a7614941a516405ad3ce7a6b4bc,B_plain_MPC,parameter_variation,49026,49026,True,10.857375174795447,5.12412715689034,1.2634152963744398,,,,0,,0,0,0,,0,,0.0,0.0,0,0,6.0,1.0,0.0,0.0,0.0,1.0,0.0,0.0,0.0,0.0,0.0,7512.312995086788,116.3982467369296,0,0,0,0,0,0,0,0,,0,0,0,274.31339504132177,0.0,0.0,0.0,0.0,274.36615289256343,34.48212430000012,34.48212430000012,,,,,,,,,0
2027,results/training_seed_robustness/model_pair_manifest.json,b1c4ac1db684249d4eccd46691fd1b8ad30c36bb3be56cc19a50a7581c189d5e,934fe3b3a1672532d68fb94ff7605b59a32f6ad4d8291b968b0a1a1ca17008f1,af02115f4d62f8c4c2b0733067b437dfb4c0bd7f982bb8fcc45b2cf7f025dc5a,561f5529020c3b7d3b658f62c400e1b4ccedbce478c7f4e1d43e4dc1d2610fd6,e1e651b5aca612b93df60e191244a767c2e1c2d37d4f257bd2ac6b953e54a5c0,results/training_seed_robustness/configs/sensor_seed2027_calibration.json,3909dd3cf343cf0aec25b33607cf5a0815879a760710f2ded52a15b1b7127ad4,results/training_seed_robustness/configs/v3_seed2027_calibration.json,adba638df2a6b177e1e70b5bc4d597433a1907dc92e33efd4adc222d3dc95955,results/training_seed_robustness/configs/v3_seed2027_config.json,a0357c3f2919d1cd160335850b065c16442ae6c649f2611c2a458cde5a4edfb2,results/training_seed_robustness/configs/v3_seed2027_config.json,a0357c3f2919d1cd160335850b065c16442ae6c649f2611c2a458cde5a4edfb2,82253ac4cb2a068fab42fc381015af1ac2bb4919babec36af790c0896ca2469e,310f886193ca6bc1584f7e0985794efc32dd08535b1dfc4e1992a9dc88ba26c2,ffbadd2556bdcea56d9a1b3529109879bd1c2a7614941a516405ad3ce7a6b4bc,C3_arbitration_MPC,parameter_variation,49026,49026,True,10.857375174795447,5.12412715689034,1.2634152963744398,,,,0,,0,0,0,,0,,0.0,0.0,0,0,6.0,1.0,0.0,0.0,0.0,1.0,0.0,0.0,0.0,0.0,0.0,7512.312995086788,116.3982467369296,0,0,0,0,0,0,0,0,,0,0,0,266.9452851239854,0.9643879518116216,0.021849053358666562,0.013334767638561203,0.9995717728088493,266.9956545454557,34.12971229999994,34.12971229999994,,,,,,,,,0
2027,results/training_seed_robustness/model_pair_manifest.json,b1c4ac1db684249d4eccd46691fd1b8ad30c36bb3be56cc19a50a7581c189d5e,934fe3b3a1672532d68fb94ff7605b59a32f6ad4d8291b968b0a1a1ca17008f1,af02115f4d62f8c4c2b0733067b437dfb4c0bd7f982bb8fcc45b2cf7f025dc5a,561f5529020c3b7d3b658f62c400e1b4ccedbce478c7f4e1d43e4dc1d2610fd6,e1e651b5aca612b93df60e191244a767c2e1c2d37d4f257bd2ac6b953e54a5c0,results/training_seed_robustness/configs/sensor_seed2027_calibration.json,3909dd3cf343cf0aec25b33607cf5a0815879a760710f2ded52a15b1b7127ad4,results/training_seed_robustness/configs/v3_seed2027_calibration.json,adba638df2a6b177e1e70b5bc4d597433a1907dc92e33efd4adc222d3dc95955,results/training_seed_robustness/configs/v3_seed2027_config.json,a0357c3f2919d1cd160335850b065c16442ae6c649f2611c2a458cde5a4edfb2,results/training_seed_robustness/configs/v3_seed2027_config.json,a0357c3f2919d1cd160335850b065c16442ae6c649f2611c2a458cde5a4edfb2,82253ac4cb2a068fab42fc381015af1ac2bb4919babec36af790c0896ca2469e,310f886193ca6bc1584f7e0985794efc32dd08535b1dfc4e1992a9dc88ba26c2,ffbadd2556bdcea56d9a1b3529109879bd1c2a7614941a516405ad3ce7a6b4bc,B_plain_MPC,parameter_variation,49027,49027,True,10.86745377444655,5.164697982316237,1.2166854965414453,,,,0,,0,0,0,,0,,0.0,0.0,0,0,6.0,1.0,0.0,0.0,0.0,1.0,0.0,0.0,0.0,0.0,0.0,7538.247729764452,90.53821980594427,0,0,0,0,0,0,0,0,,0,0,0,263.57659834712643,0.0,0.0,0.0,0.0,263.6273991735706,33.167404299999816,33.167404299999816,,,,,,,,,0
2027,results/training_seed_robustness/model_pair_manifest.json,b1c4ac1db684249d4eccd46691fd1b8ad30c36bb3be56cc19a50a7581c189d5e,934fe3b3a1672532d68fb94ff7605b59a32f6ad4d8291b968b0a1a1ca17008f1,af02115f4d62f8c4c2b0733067b437dfb4c0bd7f982bb8fcc45b2cf7f025dc5a,561f5529020c3b7d3b658f62c400e1b4ccedbce478c7f4e1d43e4dc1d2610fd6,e1e651b5aca612b93df60e191244a767c2e1c2d37d4f257bd2ac6b953e54a5c0,results/training_seed_robustness/configs/sensor_seed2027_calibration.json,3909dd3cf343cf0aec25b33607cf5a0815879a760710f2ded52a15b1b7127ad4,results/training_seed_robustness/configs/v3_seed2027_calibration.json,adba638df2a6b177e1e70b5bc4d597433a1907dc92e33efd4adc222d3dc95955,results/training_seed_robustness/configs/v3_seed2027_config.json,a0357c3f2919d1cd160335850b065c16442ae6c649f2611c2a458cde5a4edfb2,results/training_seed_robustness/configs/v3_seed2027_config.json,a0357c3f2919d1cd160335850b065c16442ae6c649f2611c2a458cde5a4edfb2,82253ac4cb2a068fab42fc381015af1ac2bb4919babec36af790c0896ca2469e,310f886193ca6bc1584f7e0985794efc32dd08535b1dfc4e1992a9dc88ba26c2,ffbadd2556bdcea56d9a1b3529109879bd1c2a7614941a516405ad3ce7a6b4bc,C3_arbitration_MPC,parameter_variation,49027,49027,True,12.42447983905354,9.027705639207264,7.887189143238542,,,,0,,1,0,0,,0,,5.05,0.8402662229617305,1,1,3.0,0.15973377703826955,0.0,0.8402662229617305,0.0,0.15973377703826955,0.0,0.8402662229617305,0.0,1.0,0.0,7934.502152669636,239.35306326346898,0,0,0,0,0,0,0,0,,0,0,0,155.52353636363205,1.088421342510143,0.024206024099432847,0.019123407902933966,1.1317507745125097,155.5980223140504,20.852607199999966,20.852607199999966,8.079287652217735,5.818552352586305,8.134766886535312,5.873739622719219,8.134766886535312,5.873739622719219,0.25348920903892846,0.1982137518450949,505
2027,results/training_seed_robustness/model_pair_manifest.json,b1c4ac1db684249d4eccd46691fd1b8ad30c36bb3be56cc19a50a7581c189d5e,934fe3b3a1672532d68fb94ff7605b59a32f6ad4d8291b968b0a1a1ca17008f1,af02115f4d62f8c4c2b0733067b437dfb4c0bd7f982bb8fcc45b2cf7f025dc5a,561f5529020c3b7d3b658f62c400e1b4ccedbce478c7f4e1d43e4dc1d2610fd6,e1e651b5aca612b93df60e191244a767c2e1c2d37d4f257bd2ac6b953e54a5c0,results/training_seed_robustness/configs/sensor_seed2027_calibration.json,3909dd3cf343cf0aec25b33607cf5a0815879a760710f2ded52a15b1b7127ad4,results/training_seed_robustness/configs/v3_seed2027_calibration.json,adba638df2a6b177e1e70b5bc4d597433a1907dc92e33efd4adc222d3dc95955,results/training_seed_robustness/configs/v3_seed2027_config.json,a0357c3f2919d1cd160335850b065c16442ae6c649f2611c2a458cde5a4edfb2,results/training_seed_robustness/configs/v3_seed2027_config.json,a0357c3f2919d1cd160335850b065c16442ae6c649f2611c2a458cde5a4edfb2,82253ac4cb2a068fab42fc381015af1ac2bb4919babec36af790c0896ca2469e,310f886193ca6bc1584f7e0985794efc32dd08535b1dfc4e1992a9dc88ba26c2,ffbadd2556bdcea56d9a1b3529109879bd1c2a7614941a516405ad3ce7a6b4bc,B_plain_MPC,parameter_variation,49028,49028,True,10.859801358812435,5.140510395880096,1.3114317025239155,,,,0,,0,0,0,,0,,0.0,0.0,0,0,6.0,1.0,0.0,0.0,0.0,1.0,0.0,0.0,0.0,0.0,0.0,7472.1177107366275,92.29608399439286,0,0,0,0,0,0,0,0,,0,0,0,262.6875322314071,0.0,0.0,0.0,0.0,262.7408776859603,33.08081720000018,33.08081720000018,,,,,,,,,0
2027,results/training_seed_robustness/model_pair_manifest.json,b1c4ac1db684249d4eccd46691fd1b8ad30c36bb3be56cc19a50a7581c189d5e,934fe3b3a1672532d68fb94ff7605b59a32f6ad4d8291b968b0a1a1ca17008f1,af02115f4d62f8c4c2b0733067b437dfb4c0bd7f982bb8fcc45b2cf7f025dc5a,561f5529020c3b7d3b658f62c400e1b4ccedbce478c7f4e1d43e4dc1d2610fd6,e1e651b5aca612b93df60e191244a767c2e1c2d37d4f257bd2ac6b953e54a5c0,results/training_seed_robustness/configs/sensor_seed2027_calibration.json,3909dd3cf343cf0aec25b33607cf5a0815879a760710f2ded52a15b1b7127ad4,results/training_seed_robustness/configs/v3_seed2027_calibration.json,adba638df2a6b177e1e70b5bc4d597433a1907dc92e33efd4adc222d3dc95955,results/training_seed_robustness/configs/v3_seed2027_config.json,a0357c3f2919d1cd160335850b065c16442ae6c649f2611c2a458cde5a4edfb2,results/training_seed_robustness/configs/v3_seed2027_config.json,a0357c3f2919d1cd160335850b065c16442ae6c649f2611c2a458cde5a4edfb2,82253ac4cb2a068fab42fc381015af1ac2bb4919babec36af790c0896ca2469e,310f886193ca6bc1584f7e0985794efc32dd08535b1dfc4e1992a9dc88ba26c2,ffbadd2556bdcea56d9a1b3529109879bd1c2a7614941a516405ad3ce7a6b4bc,C3_arbitration_MPC,parameter_variation,49028,49028,True,12.424479838893003,9.02770563911861,7.887189143144233,,,,0,,1,0,0,,0,,4.91,0.8169717138103162,1,1,3.0,0.18302828618968386,0.0,0.8169717138103162,0.0,0.18302828618968386,0.0,0.8169717138103162,0.0,1.0,0.0,7934.502152748701,239.35306326369283,0,0,0,0,0,0,0,0,,0,0,0,148.19021322311661,0.9657211703887166,0.02154888123753211,0.01732151462585938,1.004591566252108,148.26158925619862,19.738620399999945,19.738620399999945,8.052790569039715,5.7298914954606905,8.114026251562187,5.7894343012945715,8.114026251562187,5.7894343012945715,0.2502373860063373,0.19676922789581852,491
2027,results/training_seed_robustness/model_pair_manifest.json,b1c4ac1db684249d4eccd46691fd1b8ad30c36bb3be56cc19a50a7581c189d5e,934fe3b3a1672532d68fb94ff7605b59a32f6ad4d8291b968b0a1a1ca17008f1,af02115f4d62f8c4c2b0733067b437dfb4c0bd7f982bb8fcc45b2cf7f025dc5a,561f5529020c3b7d3b658f62c400e1b4ccedbce478c7f4e1d43e4dc1d2610fd6,e1e651b5aca612b93df60e191244a767c2e1c2d37d4f257bd2ac6b953e54a5c0,results/training_seed_robustness/configs/sensor_seed2027_calibration.json,3909dd3cf343cf0aec25b33607cf5a0815879a760710f2ded52a15b1b7127ad4,results/training_seed_robustness/configs/v3_seed2027_calibration.json,adba638df2a6b177e1e70b5bc4d597433a1907dc92e33efd4adc222d3dc95955,results/training_seed_robustness/configs/v3_seed2027_config.json,a0357c3f2919d1cd160335850b065c16442ae6c649f2611c2a458cde5a4edfb2,results/training_seed_robustness/configs/v3_seed2027_config.json,a0357c3f2919d1cd160335850b065c16442ae6c649f2611c2a458cde5a4edfb2,82253ac4cb2a068fab42fc381015af1ac2bb4919babec36af790c0896ca2469e,310f886193ca6bc1584f7e0985794efc32dd08535b1dfc4e1992a9dc88ba26c2,ffbadd2556bdcea56d9a1b3529109879bd1c2a7614941a516405ad3ce7a6b4bc,B_plain_MPC,parameter_variation,49029,49029,True,10.871438417915686,5.20010764050584,1.2664517810914302,,,,0,,0,0,0,,0,,0.0,0.0,0,0,6.0,1.0,0.0,0.0,0.0,1.0,0.0,0.0,0.0,0.0,0.0,7579.22918863815,109.42042974280592,0,0,0,0,0,0,0,0,,0,0,0,254.49319669421456,0.0,0.0,0.0,0.0,254.54383388430435,32.07302070000014,32.07302070000014,,,,,,,,,0
2027,results/training_seed_robustness/model_pair_manifest.json,b1c4ac1db684249d4eccd46691fd1b8ad30c36bb3be56cc19a50a7581c189d5e,934fe3b3a1672532d68fb94ff7605b59a32f6ad4d8291b968b0a1a1ca17008f1,af02115f4d62f8c4c2b0733067b437dfb4c0bd7f982bb8fcc45b2cf7f025dc5a,561f5529020c3b7d3b658f62c400e1b4ccedbce478c7f4e1d43e4dc1d2610fd6,e1e651b5aca612b93df60e191244a767c2e1c2d37d4f257bd2ac6b953e54a5c0,results/training_seed_robustness/configs/sensor_seed2027_calibration.json,3909dd3cf343cf0aec25b33607cf5a0815879a760710f2ded52a15b1b7127ad4,results/training_seed_robustness/configs/v3_seed2027_calibration.json,adba638df2a6b177e1e70b5bc4d597433a1907dc92e33efd4adc222d3dc95955,results/training_seed_robustness/configs/v3_seed2027_config.json,a0357c3f2919d1cd160335850b065c16442ae6c649f2611c2a458cde5a4edfb2,results/training_seed_robustness/configs/v3_seed2027_config.json,a0357c3f2919d1cd160335850b065c16442ae6c649f2611c2a458cde5a4edfb2,82253ac4cb2a068fab42fc381015af1ac2bb4919babec36af790c0896ca2469e,310f886193ca6bc1584f7e0985794efc32dd08535b1dfc4e1992a9dc88ba26c2,ffbadd2556bdcea56d9a1b3529109879bd1c2a7614941a516405ad3ce7a6b4bc,C3_arbitration_MPC,parameter_variation,49029,49029,True,10.871438417915686,5.20010764050584,1.2664517810914302,,,,0,,0,0,0,,0,,0.0,0.0,0,0,6.0,1.0,0.0,0.0,0.0,1.0,0.0,0.0,0.0,0.0,0.0,7579.22918863815,109.42042974280592,0,0,0,0,0,0,0,0,,0,0,0,264.3536991735541,0.9919795180737252,0.02271652323364639,0.013341996549783361,1.028038037857155,264.405892562006,33.870640600000115,33.870640600000115,,,,,,,,,0
2027,results/training_seed_robustness/model_pair_manifest.json,b1c4ac1db684249d4eccd46691fd1b8ad30c36bb3be56cc19a50a7581c189d5e,934fe3b3a1672532d68fb94ff7605b59a32f6ad4d8291b968b0a1a1ca17008f1,af02115f4d62f8c4c2b0733067b437dfb4c0bd7f982bb8fcc45b2cf7f025dc5a,561f5529020c3b7d3b658f62c400e1b4ccedbce478c7f4e1d43e4dc1d2610fd6,e1e651b5aca612b93df60e191244a767c2e1c2d37d4f257bd2ac6b953e54a5c0,results/training_seed_robustness/configs/sensor_seed2027_calibration.json,3909dd3cf343cf0aec25b33607cf5a0815879a760710f2ded52a15b1b7127ad4,results/training_seed_robustness/configs/v3_seed2027_calibration.json,adba638df2a6b177e1e70b5bc4d597433a1907dc92e33efd4adc222d3dc95955,results/training_seed_robustness/configs/v3_seed2027_config.json,a0357c3f2919d1cd160335850b065c16442ae6c649f2611c2a458cde5a4edfb2,results/training_seed_robustness/configs/v3_seed2027_config.json,a0357c3f2919d1cd160335850b065c16442ae6c649f2611c2a458cde5a4edfb2,82253ac4cb2a068fab42fc381015af1ac2bb4919babec36af790c0896ca2469e,310f886193ca6bc1584f7e0985794efc32dd08535b1dfc4e1992a9dc88ba26c2,ffbadd2556bdcea56d9a1b3529109879bd1c2a7614941a516405ad3ce7a6b4bc,B_plain_MPC,parameter_variation,49030,49030,True,10.860281737240435,5.151942401685916,1.308315708450141,,,,0,,0,0,0,,0,,0.0,0.0,0,0,6.0,1.0,0.0,0.0,0.0,1.0,0.0,0.0,0.0,0.0,0.0,7478.203851529732,106.57049545879075,0,0,0,0,0,0,0,0,,0,0,0,253.37123636365715,0.0,0.0,0.0,0.0,253.42523719008426,31.878432599999996,31.878432599999996,,,,,,,,,0
2027,results/training_seed_robustness/model_pair_manifest.json,b1c4ac1db684249d4eccd46691fd1b8ad30c36bb3be56cc19a50a7581c189d5e,934fe3b3a1672532d68fb94ff7605b59a32f6ad4d8291b968b0a1a1ca17008f1,af02115f4d62f8c4c2b0733067b437dfb4c0bd7f982bb8fcc45b2cf7f025dc5a,561f5529020c3b7d3b658f62c400e1b4ccedbce478c7f4e1d43e4dc1d2610fd6,e1e651b5aca612b93df60e191244a767c2e1c2d37d4f257bd2ac6b953e54a5c0,results/training_seed_robustness/configs/sensor_seed2027_calibration.json,3909dd3cf343cf0aec25b33607cf5a0815879a760710f2ded52a15b1b7127ad4,results/training_seed_robustness/configs/v3_seed2027_calibration.json,adba638df2a6b177e1e70b5bc4d597433a1907dc92e33efd4adc222d3dc95955,results/training_seed_robustness/configs/v3_seed2027_config.json,a0357c3f2919d1cd160335850b065c16442ae6c649f2611c2a458cde5a4edfb2,results/training_seed_robustness/configs/v3_seed2027_config.json,a0357c3f2919d1cd160335850b065c16442ae6c649f2611c2a458cde5a4edfb2,82253ac4cb2a068fab42fc381015af1ac2bb4919babec36af790c0896ca2469e,310f886193ca6bc1584f7e0985794efc32dd08535b1dfc4e1992a9dc88ba26c2,ffbadd2556bdcea56d9a1b3529109879bd1c2a7614941a516405ad3ce7a6b4bc,C3_arbitration_MPC,parameter_variation,49030,49030,True,10.838294668253699,4.867749735638119,0.8712627678152544,0.77,,3.77,1,,2,1,0,,0,,2.31,0.3843594009983361,7,7,0.75,0.6156405990016639,0.009983361064891847,0.0,0.37437603993344426,0.6156405990016639,0.009983361064891847,0.0,0.37437603993344426,0.0,0.7475083056478405,7831.98287130284,85.23438607666073,0,0,0,0,0,0,0,0,,0,0,0,249.52942975205062,1.0429480206619892,0.02337039587972916,0.01659122203576061,1.082909638577479,249.59403471074972,32.14707150000004,32.14707150000004,1.3303689215237127,1.1607924875786786,12.000509189173016,11.87733295620361,1.4273728417452392,1.2670730424760124,0.25245199649168865,0.1911756797599824,231
2027,results/training_seed_robustness/model_pair_manifest.json,b1c4ac1db684249d4eccd46691fd1b8ad30c36bb3be56cc19a50a7581c189d5e,934fe3b3a1672532d68fb94ff7605b59a32f6ad4d8291b968b0a1a1ca17008f1,af02115f4d62f8c4c2b0733067b437dfb4c0bd7f982bb8fcc45b2cf7f025dc5a,561f5529020c3b7d3b658f62c400e1b4ccedbce478c7f4e1d43e4dc1d2610fd6,e1e651b5aca612b93df60e191244a767c2e1c2d37d4f257bd2ac6b953e54a5c0,results/training_seed_robustness/configs/sensor_seed2027_calibration.json,3909dd3cf343cf0aec25b33607cf5a0815879a760710f2ded52a15b1b7127ad4,results/training_seed_robustness/configs/v3_seed2027_calibration.json,adba638df2a6b177e1e70b5bc4d597433a1907dc92e33efd4adc222d3dc95955,results/training_seed_robustness/configs/v3_seed2027_config.json,a0357c3f2919d1cd160335850b065c16442ae6c649f2611c2a458cde5a4edfb2,results/training_seed_robustness/configs/v3_seed2027_config.json,a0357c3f2919d1cd160335850b065c16442ae6c649f2611c2a458cde5a4edfb2,82253ac4cb2a068fab42fc381015af1ac2bb4919babec36af790c0896ca2469e,310f886193ca6bc1584f7e0985794efc32dd08535b1dfc4e1992a9dc88ba26c2,ffbadd2556bdcea56d9a1b3529109879bd1c2a7614941a516405ad3ce7a6b4bc,B_plain_MPC,sensor_bias_5,49026,49026,True,10.95487208601369,5.548985365067203,2.8442240650541852,,False,,0,,0,0,0,,0,,0.0,0.0,0,0,6.0,1.0,0.0,0.0,0.0,1.0,0.0,0.0,0.0,0.0,0.0,6025.914687033228,134.39436234203734,0,0,0,0,0,0,0,0,,0,0,0,278.18966776857087,0.0,0.0,0.0,0.0,278.24700909088114,35.056091599999945,35.056091599999945,,,,,,,,,0
2027,results/training_seed_robustness/model_pair_manifest.json,b1c4ac1db684249d4eccd46691fd1b8ad30c36bb3be56cc19a50a7581c189d5e,934fe3b3a1672532d68fb94ff7605b59a32f6ad4d8291b968b0a1a1ca17008f1,af02115f4d62f8c4c2b0733067b437dfb4c0bd7f982bb8fcc45b2cf7f025dc5a,561f5529020c3b7d3b658f62c400e1b4ccedbce478c7f4e1d43e4dc1d2610fd6,e1e651b5aca612b93df60e191244a767c2e1c2d37d4f257bd2ac6b953e54a5c0,results/training_seed_robustness/configs/sensor_seed2027_calibration.json,3909dd3cf343cf0aec25b33607cf5a0815879a760710f2ded52a15b1b7127ad4,results/training_seed_robustness/configs/v3_seed2027_calibration.json,adba638df2a6b177e1e70b5bc4d597433a1907dc92e33efd4adc222d3dc95955,results/training_seed_robustness/configs/v3_seed2027_config.json,a0357c3f2919d1cd160335850b065c16442ae6c649f2611c2a458cde5a4edfb2,results/training_seed_robustness/configs/v3_seed2027_config.json,a0357c3f2919d1cd160335850b065c16442ae6c649f2611c2a458cde5a4edfb2,82253ac4cb2a068fab42fc381015af1ac2bb4919babec36af790c0896ca2469e,310f886193ca6bc1584f7e0985794efc32dd08535b1dfc4e1992a9dc88ba26c2,ffbadd2556bdcea56d9a1b3529109879bd1c2a7614941a516405ad3ce7a6b4bc,C3_arbitration_MPC,sensor_bias_5,49026,49026,True,10.820640291450228,4.54897075671089,0.27215916939634716,0.020000000000000018,True,2.02,1,,1,0,0,,0,False,4.01,0.6672212978369384,1,1,3.0,0.33277870216306155,0.6672212978369384,0.0,0.0,0.33277870216306155,0.6672212978369384,0.0,0.0,0.0,0.0,6105.410373348728,66.94114188812222,0,0,0,0,0,0,0,0,,0,0,0,149.27606528926694,1.0558304647209535,0.024422719449240612,0.017860240966037586,1.0981134251362317,149.3465909090957,20.061165600000095,20.061165600000095,0.13257870880613776,0.10918884839067014,0.553839219694096,0.5430082671184286,0.13257870880613776,0.10918884839067014,2.3024602562885375,1.7194843251948875,401
2027,results/training_seed_robustness/model_pair_manifest.json,b1c4ac1db684249d4eccd46691fd1b8ad30c36bb3be56cc19a50a7581c189d5e,934fe3b3a1672532d68fb94ff7605b59a32f6ad4d8291b968b0a1a1ca17008f1,af02115f4d62f8c4c2b0733067b437dfb4c0bd7f982bb8fcc45b2cf7f025dc5a,561f5529020c3b7d3b658f62c400e1b4ccedbce478c7f4e1d43e4dc1d2610fd6,e1e651b5aca612b93df60e191244a767c2e1c2d37d4f257bd2ac6b953e54a5c0,results/training_seed_robustness/configs/sensor_seed2027_calibration.json,3909dd3cf343cf0aec25b33607cf5a0815879a760710f2ded52a15b1b7127ad4,results/training_seed_robustness/configs/v3_seed2027_calibration.json,adba638df2a6b177e1e70b5bc4d597433a1907dc92e33efd4adc222d3dc95955,results/training_seed_robustness/configs/v3_seed2027_config.json,a0357c3f2919d1cd160335850b065c16442ae6c649f2611c2a458cde5a4edfb2,results/training_seed_robustness/configs/v3_seed2027_config.json,a0357c3f2919d1cd160335850b065c16442ae6c649f2611c2a458cde5a4edfb2,82253ac4cb2a068fab42fc381015af1ac2bb4919babec36af790c0896ca2469e,310f886193ca6bc1584f7e0985794efc32dd08535b1dfc4e1992a9dc88ba26c2,ffbadd2556bdcea56d9a1b3529109879bd1c2a7614941a516405ad3ce7a6b4bc,B_plain_MPC,sensor_bias_5,49027,49027,True,10.972900376742349,5.635417947087324,2.891567291874159,,False,,0,,0,0,0,,0,,0.0,0.0,0,0,6.0,1.0,0.0,0.0,0.0,1.0,0.0,0.0,0.0,0.0,0.0,6042.272909744149,123.32620458621741,0,0,0,0,0,0,0,0,,0,0,0,256.79002975203724,0.0,0.0,0.0,0.0,256.84602727275234,32.36820559999978,32.36820559999978,,,,,,,,,0
2027,results/training_seed_robustness/model_pair_manifest.json,b1c4ac1db684249d4eccd46691fd1b8ad30c36bb3be56cc19a50a7581c189d5e,934fe3b3a1672532d68fb94ff7605b59a32f6ad4d8291b968b0a1a1ca17008f1,af02115f4d62f8c4c2b0733067b437dfb4c0bd7f982bb8fcc45b2cf7f025dc5a,561f5529020c3b7d3b658f62c400e1b4ccedbce478c7f4e1d43e4dc1d2610fd6,e1e651b5aca612b93df60e191244a767c2e1c2d37d4f257bd2ac6b953e54a5c0,results/training_seed_robustness/configs/sensor_seed2027_calibration.json,3909dd3cf343cf0aec25b33607cf5a0815879a760710f2ded52a15b1b7127ad4,results/training_seed_robustness/configs/v3_seed2027_calibration.json,adba638df2a6b177e1e70b5bc4d597433a1907dc92e33efd4adc222d3dc95955,results/training_seed_robustness/configs/v3_seed2027_config.json,a0357c3f2919d1cd160335850b065c16442ae6c649f2611c2a458cde5a4edfb2,results/training_seed_robustness/configs/v3_seed2027_config.json,a0357c3f2919d1cd160335850b065c16442ae6c649f2611c2a458cde5a4edfb2,82253ac4cb2a068fab42fc381015af1ac2bb4919babec36af790c0896ca2469e,310f886193ca6bc1584f7e0985794efc32dd08535b1dfc4e1992a9dc88ba26c2,ffbadd2556bdcea56d9a1b3529109879bd1c2a7614941a516405ad3ce7a6b4bc,C3_arbitration_MPC,sensor_bias_5,49027,49027,True,11.113450838368458,5.623005715539056,1.2043156926072858,,False,,0,,1,0,0,,0,False,5.05,0.8402662229617305,1,1,3.0,0.15973377703826955,0.0,0.8402662229617305,0.0,0.15973377703826955,0.0,0.8402662229617305,0.0,1.0,0.0,6885.788250375514,124.7999251876689,0,0,0,0,0,0,0,0,,0,0,0,225.17835950410256,1.1161790017356723,0.02464027538297225,0.01999931154263347,1.1608185886612779,225.25280165291406,29.348951500000112,29.348951500000112,2.51264215579892,1.3400805143795458,2.4900288547069582,1.343805407309257,2.4900288547069582,1.343805407309257,2.0666751078611396,1.407613637119548,505
2027,results/training_seed_robustness/model_pair_manifest.json,b1c4ac1db684249d4eccd46691fd1b8ad30c36bb3be56cc19a50a7581c189d5e,934fe3b3a1672532d68fb94ff7605b59a32f6ad4d8291b968b0a1a1ca17008f1,af02115f4d62f8c4c2b0733067b437dfb4c0bd7f982bb8fcc45b2cf7f025dc5a,561f5529020c3b7d3b658f62c400e1b4ccedbce478c7f4e1d43e4dc1d2610fd6,e1e651b5aca612b93df60e191244a767c2e1c2d37d4f257bd2ac6b953e54a5c0,results/training_seed_robustness/configs/sensor_seed2027_calibration.json,3909dd3cf343cf0aec25b33607cf5a0815879a760710f2ded52a15b1b7127ad4,results/training_seed_robustness/configs/v3_seed2027_calibration.json,adba638df2a6b177e1e70b5bc4d597433a1907dc92e33efd4adc222d3dc95955,results/training_seed_robustness/configs/v3_seed2027_config.json,a0357c3f2919d1cd160335850b065c16442ae6c649f2611c2a458cde5a4edfb2,results/training_seed_robustness/configs/v3_seed2027_config.json,a0357c3f2919d1cd160335850b065c16442ae6c649f2611c2a458cde5a4edfb2,82253ac4cb2a068fab42fc381015af1ac2bb4919babec36af790c0896ca2469e,310f886193ca6bc1584f7e0985794efc32dd08535b1dfc4e1992a9dc88ba26c2,ffbadd2556bdcea56d9a1b3529109879bd1c2a7614941a516405ad3ce7a6b4bc,B_plain_MPC,sensor_bias_5,49028,49028,True,10.96290589557452,5.596675278322031,2.8787091339843904,,False,,0,,0,0,0,,0,,0.0,0.0,0,0,6.0,1.0,0.0,0.0,0.0,1.0,0.0,0.0,0.0,0.0,0.0,6016.3891855754355,132.04226161610146,0,0,0,0,0,0,0,0,,0,0,0,274.1522793388762,0.0,0.0,0.0,0.0,274.2063826446483,34.524714199999835,34.524714199999835,,,,,,,,,0
2027,results/training_seed_robustness/model_pair_manifest.json,b1c4ac1db684249d4eccd46691fd1b8ad30c36bb3be56cc19a50a7581c189d5e,934fe3b3a1672532d68fb94ff7605b59a32f6ad4d8291b968b0a1a1ca17008f1,af02115f4d62f8c4c2b0733067b437dfb4c0bd7f982bb8fcc45b2cf7f025dc5a,561f5529020c3b7d3b658f62c400e1b4ccedbce478c7f4e1d43e4dc1d2610fd6,e1e651b5aca612b93df60e191244a767c2e1c2d37d4f257bd2ac6b953e54a5c0,results/training_seed_robustness/configs/sensor_seed2027_calibration.json,3909dd3cf343cf0aec25b33607cf5a0815879a760710f2ded52a15b1b7127ad4,results/training_seed_robustness/configs/v3_seed2027_calibration.json,adba638df2a6b177e1e70b5bc4d597433a1907dc92e33efd4adc222d3dc95955,results/training_seed_robustness/configs/v3_seed2027_config.json,a0357c3f2919d1cd160335850b065c16442ae6c649f2611c2a458cde5a4edfb2,results/training_seed_robustness/configs/v3_seed2027_config.json,a0357c3f2919d1cd160335850b065c16442ae6c649f2611c2a458cde5a4edfb2,82253ac4cb2a068fab42fc381015af1ac2bb4919babec36af790c0896ca2469e,310f886193ca6bc1584f7e0985794efc32dd08535b1dfc4e1992a9dc88ba26c2,ffbadd2556bdcea56d9a1b3529109879bd1c2a7614941a516405ad3ce7a6b4bc,C3_arbitration_MPC,sensor_bias_5,49028,49028,True,11.11345083822072,5.623005715491969,1.2043156925842573,,False,,0,,1,0,0,,0,False,4.91,0.8169717138103162,1,1,3.0,0.18302828618968386,0.0,0.8169717138103162,0.0,0.18302828618968386,0.0,0.8169717138103162,0.0,1.0,0.0,6885.788250454577,124.79992518789275,0,0,0,0,0,0,0,0,,0,0,0,216.2111801653248,1.0147268502564601,0.022988123934852087,0.017912736658185036,1.0556277108494974,216.2794727272672,28.100585499999852,28.100585499999852,2.050544747718615,1.1237239225801516,2.0379340224940243,1.1303369921861193,2.0379340224940243,1.1303369921861193,2.111086532885049,1.4509095533699112,491
2027,results/training_seed_robustness/model_pair_manifest.json,b1c4ac1db684249d4eccd46691fd1b8ad30c36bb3be56cc19a50a7581c189d5e,934fe3b3a1672532d68fb94ff7605b59a32f6ad4d8291b968b0a1a1ca17008f1,af02115f4d62f8c4c2b0733067b437dfb4c0bd7f982bb8fcc45b2cf7f025dc5a,561f5529020c3b7d3b658f62c400e1b4ccedbce478c7f4e1d43e4dc1d2610fd6,e1e651b5aca612b93df60e191244a767c2e1c2d37d4f257bd2ac6b953e54a5c0,results/training_seed_robustness/configs/sensor_seed2027_calibration.json,3909dd3cf343cf0aec25b33607cf5a0815879a760710f2ded52a15b1b7127ad4,results/training_seed_robustness/configs/v3_seed2027_calibration.json,adba638df2a6b177e1e70b5bc4d597433a1907dc92e33efd4adc222d3dc95955,results/training_seed_robustness/configs/v3_seed2027_config.json,a0357c3f2919d1cd160335850b065c16442ae6c649f2611c2a458cde5a4edfb2,results/training_seed_robustness/configs/v3_seed2027_config.json,a0357c3f2919d1cd160335850b065c16442ae6c649f2611c2a458cde5a4edfb2,82253ac4cb2a068fab42fc381015af1ac2bb4919babec36af790c0896ca2469e,310f886193ca6bc1584f7e0985794efc32dd08535b1dfc4e1992a9dc88ba26c2,ffbadd2556bdcea56d9a1b3529109879bd1c2a7614941a516405ad3ce7a6b4bc,B_plain_MPC,sensor_bias_5,49029,49029,True,10.972914088079445,5.63587089045529,2.8876572560328433,,False,,0,,0,0,0,,0,,0.0,0.0,0,0,6.0,1.0,0.0,0.0,0.0,1.0,0.0,0.0,0.0,0.0,0.0,6066.460007467807,132.81200253243216,0,0,0,0,0,0,0,0,,0,0,0,264.13357851240954,0.0,0.0,0.0,0.0,264.1908462810083,33.30777369999987,33.30777369999987,,,,,,,,,0
2027,results/training_seed_robustness/model_pair_manifest.json,b1c4ac1db684249d4eccd46691fd1b8ad30c36bb3be56cc19a50a7581c189d5e,934fe3b3a1672532d68fb94ff7605b59a32f6ad4d8291b968b0a1a1ca17008f1,af02115f4d62f8c4c2b0733067b437dfb4c0bd7f982bb8fcc45b2cf7f025dc5a,561f5529020c3b7d3b658f62c400e1b4ccedbce478c7f4e1d43e4dc1d2610fd6,e1e651b5aca612b93df60e191244a767c2e1c2d37d4f257bd2ac6b953e54a5c0,results/training_seed_robustness/configs/sensor_seed2027_calibration.json,3909dd3cf343cf0aec25b33607cf5a0815879a760710f2ded52a15b1b7127ad4,results/training_seed_robustness/configs/v3_seed2027_calibration.json,adba638df2a6b177e1e70b5bc4d597433a1907dc92e33efd4adc222d3dc95955,results/training_seed_robustness/configs/v3_seed2027_config.json,a0357c3f2919d1cd160335850b065c16442ae6c649f2611c2a458cde5a4edfb2,results/training_seed_robustness/configs/v3_seed2027_config.json,a0357c3f2919d1cd160335850b065c16442ae6c649f2611c2a458cde5a4edfb2,82253ac4cb2a068fab42fc381015af1ac2bb4919babec36af790c0896ca2469e,310f886193ca6bc1584f7e0985794efc32dd08535b1dfc4e1992a9dc88ba26c2,ffbadd2556bdcea56d9a1b3529109879bd1c2a7614941a516405ad3ce7a6b4bc,C3_arbitration_MPC,sensor_bias_5,49029,49029,True,10.835956730857227,4.655666189220813,0.5075711718529514,0.020000000000000018,True,2.02,1,,1,0,0,,0,False,4.01,0.6672212978369384,1,1,3.0,0.33277870216306155,0.6672212978369384,0.0,0.0,0.33277870216306155,0.6672212978369384,0.0,0.0,0.0,0.0,6116.840847701352,63.61957050497636,0,0,0,0,0,0,0,0,,0,0,0,133.91434462805177,1.0403395869268843,0.024089328738551814,0.01763046472571562,1.0820593803911518,133.98292809919184,18.17780509999966,18.17780509999966,0.2841617479890788,0.1835116561422601,0.5274479432319134,0.5161935867142311,0.2841617479890788,0.1835116561422601,2.3267358383098276,1.7228231938731728,401
2027,results/training_seed_robustness/model_pair_manifest.json,b1c4ac1db684249d4eccd46691fd1b8ad30c36bb3be56cc19a50a7581c189d5e,934fe3b3a1672532d68fb94ff7605b59a32f6ad4d8291b968b0a1a1ca17008f1,af02115f4d62f8c4c2b0733067b437dfb4c0bd7f982bb8fcc45b2cf7f025dc5a,561f5529020c3b7d3b658f62c400e1b4ccedbce478c7f4e1d43e4dc1d2610fd6,e1e651b5aca612b93df60e191244a767c2e1c2d37d4f257bd2ac6b953e54a5c0,results/training_seed_robustness/configs/sensor_seed2027_calibration.json,3909dd3cf343cf0aec25b33607cf5a0815879a760710f2ded52a15b1b7127ad4,results/training_seed_robustness/configs/v3_seed2027_calibration.json,adba638df2a6b177e1e70b5bc4d597433a1907dc92e33efd4adc222d3dc95955,results/training_seed_robustness/configs/v3_seed2027_config.json,a0357c3f2919d1cd160335850b065c16442ae6c649f2611c2a458cde5a4edfb2,results/training_seed_robustness/configs/v3_seed2027_config.json,a0357c3f2919d1cd160335850b065c16442ae6c649f2611c2a458cde5a4edfb2,82253ac4cb2a068fab42fc381015af1ac2bb4919babec36af790c0896ca2469e,310f886193ca6bc1584f7e0985794efc32dd08535b1dfc4e1992a9dc88ba26c2,ffbadd2556bdcea56d9a1b3529109879bd1c2a7614941a516405ad3ce7a6b4bc,B_plain_MPC,sensor_bias_5,49030,49030,True,10.960536312548097,5.582038873573798,2.8758056988489393,,False,,0,,0,0,0,,0,,0.0,0.0,0,0,6.0,1.0,0.0,0.0,0.0,1.0,0.0,0.0,0.0,0.0,0.0,5984.608176845045,132.69381916623723,0,0,0,0,0,0,0,0,,0,0,0,263.4208239669533,0.0,0.0,0.0,0.0,263.4754148759858,33.328847400000086,33.328847400000086,,,,,,,,,0
2027,results/training_seed_robustness/model_pair_manifest.json,b1c4ac1db684249d4eccd46691fd1b8ad30c36bb3be56cc19a50a7581c189d5e,934fe3b3a1672532d68fb94ff7605b59a32f6ad4d8291b968b0a1a1ca17008f1,af02115f4d62f8c4c2b0733067b437dfb4c0bd7f982bb8fcc45b2cf7f025dc5a,561f5529020c3b7d3b658f62c400e1b4ccedbce478c7f4e1d43e4dc1d2610fd6,e1e651b5aca612b93df60e191244a767c2e1c2d37d4f257bd2ac6b953e54a5c0,results/training_seed_robustness/configs/sensor_seed2027_calibration.json,3909dd3cf343cf0aec25b33607cf5a0815879a760710f2ded52a15b1b7127ad4,results/training_seed_robustness/configs/v3_seed2027_calibration.json,adba638df2a6b177e1e70b5bc4d597433a1907dc92e33efd4adc222d3dc95955,results/training_seed_robustness/configs/v3_seed2027_config.json,a0357c3f2919d1cd160335850b065c16442ae6c649f2611c2a458cde5a4edfb2,results/training_seed_robustness/configs/v3_seed2027_config.json,a0357c3f2919d1cd160335850b065c16442ae6c649f2611c2a458cde5a4edfb2,82253ac4cb2a068fab42fc381015af1ac2bb4919babec36af790c0896ca2469e,310f886193ca6bc1584f7e0985794efc32dd08535b1dfc4e1992a9dc88ba26c2,ffbadd2556bdcea56d9a1b3529109879bd1c2a7614941a516405ad3ce7a6b4bc,C3_arbitration_MPC,sensor_bias_5,49030,49030,True,10.824265734228984,4.639940269329229,0.5553305134293495,0.020000000000000018,True,2.02,1,,2,1,0,,0,False,4.07,0.6772046589018302,5,5,1.0,0.3227953410981697,0.6772046589018302,0.0,0.0,0.3227953410981697,0.6772046589018302,0.0,0.0,0.0,0.0,6028.041293329378,60.91053084915293,0,0,0,0,0,0,0,0,,0,0,0,135.17430413224602,1.116905163513544,0.02632134249867928,0.019517039594741114,1.1627435456069644,135.24205619833157,18.456984100000227,18.456984100000227,0.38103187267997535,0.2686056604123864,0.5677176212482755,0.5493413548525065,0.38103187267997535,0.2686056604123864,2.315464456644937,1.7102057150629142,407
2027,results/training_seed_robustness/model_pair_manifest.json,b1c4ac1db684249d4eccd46691fd1b8ad30c36bb3be56cc19a50a7581c189d5e,934fe3b3a1672532d68fb94ff7605b59a32f6ad4d8291b968b0a1a1ca17008f1,af02115f4d62f8c4c2b0733067b437dfb4c0bd7f982bb8fcc45b2cf7f025dc5a,561f5529020c3b7d3b658f62c400e1b4ccedbce478c7f4e1d43e4dc1d2610fd6,e1e651b5aca612b93df60e191244a767c2e1c2d37d4f257bd2ac6b953e54a5c0,results/training_seed_robustness/configs/sensor_seed2027_calibration.json,3909dd3cf343cf0aec25b33607cf5a0815879a760710f2ded52a15b1b7127ad4,results/training_seed_robustness/configs/v3_seed2027_calibration.json,adba638df2a6b177e1e70b5bc4d597433a1907dc92e33efd4adc222d3dc95955,results/training_seed_robustness/configs/v3_seed2027_config.json,a0357c3f2919d1cd160335850b065c16442ae6c649f2611c2a458cde5a4edfb2,results/training_seed_robustness/configs/v3_seed2027_config.json,a0357c3f2919d1cd160335850b065c16442ae6c649f2611c2a458cde5a4edfb2,82253ac4cb2a068fab42fc381015af1ac2bb4919babec36af790c0896ca2469e,310f886193ca6bc1584f7e0985794efc32dd08535b1dfc4e1992a9dc88ba26c2,ffbadd2556bdcea56d9a1b3529109879bd1c2a7614941a516405ad3ce7a6b4bc,B_plain_MPC,sensor_dropout,49026,49026,True,18.658373934012413,14.181184357447933,19.424901159474565,,False,,0,,0,0,0,,0,,0.0,0.0,0,0,6.0,1.0,0.0,0.0,0.0,1.0,0.0,0.0,0.0,0.0,0.0,10244.493399602492,131.56336539204176,0,0,0,0,0,0,0,0,,0,0,0,163.2958231405061,0.0,0.0,0.0,0.0,163.35645123968067,21.236137299999882,21.236137299999882,,,,,,,,,0
2027,results/training_seed_robustness/model_pair_manifest.json,b1c4ac1db684249d4eccd46691fd1b8ad30c36bb3be56cc19a50a7581c189d5e,934fe3b3a1672532d68fb94ff7605b59a32f6ad4d8291b968b0a1a1ca17008f1,af02115f4d62f8c4c2b0733067b437dfb4c0bd7f982bb8fcc45b2cf7f025dc5a,561f5529020c3b7d3b658f62c400e1b4ccedbce478c7f4e1d43e4dc1d2610fd6,e1e651b5aca612b93df60e191244a767c2e1c2d37d4f257bd2ac6b953e54a5c0,results/training_seed_robustness/configs/sensor_seed2027_calibration.json,3909dd3cf343cf0aec25b33607cf5a0815879a760710f2ded52a15b1b7127ad4,results/training_seed_robustness/configs/v3_seed2027_calibration.json,adba638df2a6b177e1e70b5bc4d597433a1907dc92e33efd4adc222d3dc95955,results/training_seed_robustness/configs/v3_seed2027_config.json,a0357c3f2919d1cd160335850b065c16442ae6c649f2611c2a458cde5a4edfb2,results/training_seed_robustness/configs/v3_seed2027_config.json,a0357c3f2919d1cd160335850b065c16442ae6c649f2611c2a458cde5a4edfb2,82253ac4cb2a068fab42fc381015af1ac2bb4919babec36af790c0896ca2469e,310f886193ca6bc1584f7e0985794efc32dd08535b1dfc4e1992a9dc88ba26c2,ffbadd2556bdcea56d9a1b3529109879bd1c2a7614941a516405ad3ce7a6b4bc,C3_arbitration_MPC,sensor_dropout,49026,49026,True,10.820640291450228,4.54897075671089,0.27215916939634716,0.020000000000000018,True,2.02,1,,1,0,0,,0,False,4.01,0.6672212978369384,1,1,3.0,0.33277870216306155,0.6672212978369384,0.0,0.0,0.33277870216306155,0.6672212978369384,0.0,0.0,0.0,0.0,6105.410373348728,66.94114188812222,0,0,0,0,0,0,0,0,,0,0,0,148.40631157026598,1.1516598967182525,0.02492289157953643,0.01916953527326202,1.195752323571051,148.47543223139618,20.121932399999878,20.121932399999878,0.13257870880613776,0.10918884839067014,0.553839219694096,0.5430082671184286,0.13257870880613776,0.10918884839067014,24.663787811107234,17.520784316068042,401
2027,results/training_seed_robustness/model_pair_manifest.json,b1c4ac1db684249d4eccd46691fd1b8ad30c36bb3be56cc19a50a7581c189d5e,934fe3b3a1672532d68fb94ff7605b59a32f6ad4d8291b968b0a1a1ca17008f1,af02115f4d62f8c4c2b0733067b437dfb4c0bd7f982bb8fcc45b2cf7f025dc5a,561f5529020c3b7d3b658f62c400e1b4ccedbce478c7f4e1d43e4dc1d2610fd6,e1e651b5aca612b93df60e191244a767c2e1c2d37d4f257bd2ac6b953e54a5c0,results/training_seed_robustness/configs/sensor_seed2027_calibration.json,3909dd3cf343cf0aec25b33607cf5a0815879a760710f2ded52a15b1b7127ad4,results/training_seed_robustness/configs/v3_seed2027_calibration.json,adba638df2a6b177e1e70b5bc4d597433a1907dc92e33efd4adc222d3dc95955,results/training_seed_robustness/configs/v3_seed2027_config.json,a0357c3f2919d1cd160335850b065c16442ae6c649f2611c2a458cde5a4edfb2,results/training_seed_robustness/configs/v3_seed2027_config.json,a0357c3f2919d1cd160335850b065c16442ae6c649f2611c2a458cde5a4edfb2,82253ac4cb2a068fab42fc381015af1ac2bb4919babec36af790c0896ca2469e,310f886193ca6bc1584f7e0985794efc32dd08535b1dfc4e1992a9dc88ba26c2,ffbadd2556bdcea56d9a1b3529109879bd1c2a7614941a516405ad3ce7a6b4bc,B_plain_MPC,sensor_dropout,49027,49027,True,18.654227979376902,14.213599780759942,19.399959448578546,,False,,0,,0,0,0,,0,,0.0,0.0,0,0,6.0,1.0,0.0,0.0,0.0,1.0,0.0,0.0,0.0,0.0,0.0,10280.936246741556,129.84293338811773,0,0,0,0,0,0,0,0,,0,0,0,150.2531578512164,0.0,0.0,0.0,0.0,150.3119421487693,19.532675800000106,19.532675800000106,,,,,,,,,0
2027,results/training_seed_robustness/model_pair_manifest.json,b1c4ac1db684249d4eccd46691fd1b8ad30c36bb3be56cc19a50a7581c189d5e,934fe3b3a1672532d68fb94ff7605b59a32f6ad4d8291b968b0a1a1ca17008f1,af02115f4d62f8c4c2b0733067b437dfb4c0bd7f982bb8fcc45b2cf7f025dc5a,561f5529020c3b7d3b658f62c400e1b4ccedbce478c7f4e1d43e4dc1d2610fd6,e1e651b5aca612b93df60e191244a767c2e1c2d37d4f257bd2ac6b953e54a5c0,results/training_seed_robustness/configs/sensor_seed2027_calibration.json,3909dd3cf343cf0aec25b33607cf5a0815879a760710f2ded52a15b1b7127ad4,results/training_seed_robustness/configs/v3_seed2027_calibration.json,adba638df2a6b177e1e70b5bc4d597433a1907dc92e33efd4adc222d3dc95955,results/training_seed_robustness/configs/v3_seed2027_config.json,a0357c3f2919d1cd160335850b065c16442ae6c649f2611c2a458cde5a4edfb2,results/training_seed_robustness/configs/v3_seed2027_config.json,a0357c3f2919d1cd160335850b065c16442ae6c649f2611c2a458cde5a4edfb2,82253ac4cb2a068fab42fc381015af1ac2bb4919babec36af790c0896ca2469e,310f886193ca6bc1584f7e0985794efc32dd08535b1dfc4e1992a9dc88ba26c2,ffbadd2556bdcea56d9a1b3529109879bd1c2a7614941a516405ad3ce7a6b4bc,C3_arbitration_MPC,sensor_dropout,49027,49027,True,11.113450838368458,5.623005715539056,1.2043156926072858,,False,,0,,1,0,0,,0,False,5.05,0.8402662229617305,1,1,3.0,0.15973377703826955,0.0,0.8402662229617305,0.0,0.15973377703826955,0.0,0.8402662229617305,0.0,1.0,0.0,6885.788250375514,124.7999251876689,0,0,0,0,0,0,0,0,,0,0,0,236.41365867766308,1.1077602409680893,0.02461135973260474,0.019023235800353252,1.1513948365010473,236.4884404959006,30.697983199999726,30.697983199999726,2.51264215579892,1.3400805143795458,2.4900288547069582,1.343805407309257,2.4900288547069582,1.343805407309257,22.02190954154005,13.966861664217767,505
2027,results/training_seed_robustness/model_pair_manifest.json,b1c4ac1db684249d4eccd46691fd1b8ad30c36bb3be56cc19a50a7581c189d5e,934fe3b3a1672532d68fb94ff7605b59a32f6ad4d8291b968b0a1a1ca17008f1,af02115f4d62f8c4c2b0733067b437dfb4c0bd7f982bb8fcc45b2cf7f025dc5a,561f5529020c3b7d3b658f62c400e1b4ccedbce478c7f4e1d43e4dc1d2610fd6,e1e651b5aca612b93df60e191244a767c2e1c2d37d4f257bd2ac6b953e54a5c0,results/training_seed_robustness/configs/sensor_seed2027_calibration.json,3909dd3cf343cf0aec25b33607cf5a0815879a760710f2ded52a15b1b7127ad4,results/training_seed_robustness/configs/v3_seed2027_calibration.json,adba638df2a6b177e1e70b5bc4d597433a1907dc92e33efd4adc222d3dc95955,results/training_seed_robustness/configs/v3_seed2027_config.json,a0357c3f2919d1cd160335850b065c16442ae6c649f2611c2a458cde5a4edfb2,results/training_seed_robustness/configs/v3_seed2027_config.json,a0357c3f2919d1cd160335850b065c16442ae6c649f2611c2a458cde5a4edfb2,82253ac4cb2a068fab42fc381015af1ac2bb4919babec36af790c0896ca2469e,310f886193ca6bc1584f7e0985794efc32dd08535b1dfc4e1992a9dc88ba26c2,ffbadd2556bdcea56d9a1b3529109879bd1c2a7614941a516405ad3ce7a6b4bc,B_plain_MPC,sensor_dropout,49028,49028,True,18.65643939508651,14.14038612528547,19.43158860471596,,False,,0,,0,0,0,,0,,0.0,0.0,0,0,6.0,1.0,0.0,0.0,0.0,1.0,0.0,0.0,0.0,0.0,0.0,10198.746722079659,132.030384420484,0,0,0,0,0,0,0,0,,0,0,0,163.85756115700553,0.0,0.0,0.0,0.0,163.9171413223289,21.19055100000014,21.19055100000014,,,,,,,,,0
2027,results/training_seed_robustness/model_pair_manifest.json,b1c4ac1db684249d4eccd46691fd1b8ad30c36bb3be56cc19a50a7581c189d5e,934fe3b3a1672532d68fb94ff7605b59a32f6ad4d8291b968b0a1a1ca17008f1,af02115f4d62f8c4c2b0733067b437dfb4c0bd7f982bb8fcc45b2cf7f025dc5a,561f5529020c3b7d3b658f62c400e1b4ccedbce478c7f4e1d43e4dc1d2610fd6,e1e651b5aca612b93df60e191244a767c2e1c2d37d4f257bd2ac6b953e54a5c0,results/training_seed_robustness/configs/sensor_seed2027_calibration.json,3909dd3cf343cf0aec25b33607cf5a0815879a760710f2ded52a15b1b7127ad4,results/training_seed_robustness/configs/v3_seed2027_calibration.json,adba638df2a6b177e1e70b5bc4d597433a1907dc92e33efd4adc222d3dc95955,results/training_seed_robustness/configs/v3_seed2027_config.json,a0357c3f2919d1cd160335850b065c16442ae6c649f2611c2a458cde5a4edfb2,results/training_seed_robustness/configs/v3_seed2027_config.json,a0357c3f2919d1cd160335850b065c16442ae6c649f2611c2a458cde5a4edfb2,82253ac4cb2a068fab42fc381015af1ac2bb4919babec36af790c0896ca2469e,310f886193ca6bc1584f7e0985794efc32dd08535b1dfc4e1992a9dc88ba26c2,ffbadd2556bdcea56d9a1b3529109879bd1c2a7614941a516405ad3ce7a6b4bc,C3_arbitration_MPC,sensor_dropout,49028,49028,True,11.11345083822072,5.623005715491969,1.2043156925842573,,False,,0,,1,0,0,,0,False,4.91,0.8169717138103162,1,1,3.0,0.18302828618968386,0.0,0.8169717138103162,0.0,0.18302828618968386,0.0,0.8169717138103162,0.0,1.0,0.0,6885.788250454577,124.79992518789275,0,0,0,0,0,0,0,0,,0,0,0,237.56785867767238,1.1424719449241632,0.02587641996039523,0.020114974177759527,1.188463339062318,237.6512644628138,30.891329900000073,30.891329900000073,2.050544747718615,1.1237239225801516,2.0379340224940243,1.1303369921861193,2.0379340224940243,1.1303369921861193,22.333591265971066,14.357957056772596,491
2027,results/training_seed_robustness/model_pair_manifest.json,b1c4ac1db684249d4eccd46691fd1b8ad30c36bb3be56cc19a50a7581c189d5e,934fe3b3a1672532d68fb94ff7605b59a32f6ad4d8291b968b0a1a1ca17008f1,af02115f4d62f8c4c2b0733067b437dfb4c0bd7f982bb8fcc45b2cf7f025dc5a,561f5529020c3b7d3b658f62c400e1b4ccedbce478c7f4e1d43e4dc1d2610fd6,e1e651b5aca612b93df60e191244a767c2e1c2d37d4f257bd2ac6b953e54a5c0,results/training_seed_robustness/configs/sensor_seed2027_calibration.json,3909dd3cf343cf0aec25b33607cf5a0815879a760710f2ded52a15b1b7127ad4,results/training_seed_robustness/configs/v3_seed2027_calibration.json,adba638df2a6b177e1e70b5bc4d597433a1907dc92e33efd4adc222d3dc95955,results/training_seed_robustness/configs/v3_seed2027_config.json,a0357c3f2919d1cd160335850b065c16442ae6c649f2611c2a458cde5a4edfb2,results/training_seed_robustness/configs/v3_seed2027_config.json,a0357c3f2919d1cd160335850b065c16442ae6c649f2611c2a458cde5a4edfb2,82253ac4cb2a068fab42fc381015af1ac2bb4919babec36af790c0896ca2469e,310f886193ca6bc1584f7e0985794efc32dd08535b1dfc4e1992a9dc88ba26c2,ffbadd2556bdcea56d9a1b3529109879bd1c2a7614941a516405ad3ce7a6b4bc,B_plain_MPC,sensor_dropout,49029,49029,True,18.5490987703733,14.073413702871298,19.183576890402374,,False,,0,,0,0,0,,0,,0.0,0.0,0,0,6.0,1.0,0.0,0.0,0.0,1.0,0.0,0.0,0.0,0.0,0.0,10231.275814861448,126.71124055027491,0,0,0,0,0,0,0,0,,0,0,0,160.65118347107784,0.0,0.0,0.0,0.0,160.70921570246716,20.814498400000048,20.814498400000048,,,,,,,,,0
2027,results/training_seed_robustness/model_pair_manifest.json,b1c4ac1db684249d4eccd46691fd1b8ad30c36bb3be56cc19a50a7581c189d5e,934fe3b3a1672532d68fb94ff7605b59a32f6ad4d8291b968b0a1a1ca17008f1,af02115f4d62f8c4c2b0733067b437dfb4c0bd7f982bb8fcc45b2cf7f025dc5a,561f5529020c3b7d3b658f62c400e1b4ccedbce478c7f4e1d43e4dc1d2610fd6,e1e651b5aca612b93df60e191244a767c2e1c2d37d4f257bd2ac6b953e54a5c0,results/training_seed_robustness/configs/sensor_seed2027_calibration.json,3909dd3cf343cf0aec25b33607cf5a0815879a760710f2ded52a15b1b7127ad4,results/training_seed_robustness/configs/v3_seed2027_calibration.json,adba638df2a6b177e1e70b5bc4d597433a1907dc92e33efd4adc222d3dc95955,results/training_seed_robustness/configs/v3_seed2027_config.json,a0357c3f2919d1cd160335850b065c16442ae6c649f2611c2a458cde5a4edfb2,results/training_seed_robustness/configs/v3_seed2027_config.json,a0357c3f2919d1cd160335850b065c16442ae6c649f2611c2a458cde5a4edfb2,82253ac4cb2a068fab42fc381015af1ac2bb4919babec36af790c0896ca2469e,310f886193ca6bc1584f7e0985794efc32dd08535b1dfc4e1992a9dc88ba26c2,ffbadd2556bdcea56d9a1b3529109879bd1c2a7614941a516405ad3ce7a6b4bc,C3_arbitration_MPC,sensor_dropout,49029,49029,True,10.835956730857227,4.655666189220813,0.5075711718529514,0.020000000000000018,True,2.02,1,,1,0,0,,0,False,4.01,0.6672212978369384,1,1,3.0,0.33277870216306155,0.6672212978369384,0.0,0.0,0.33277870216306155,0.6672212978369384,0.0,0.0,0.0,0.0,6116.840847701352,63.61957050497636,0,0,0,0,0,0,0,0,,0,0,0,149.45587520660337,1.1644432013792583,0.02592151462610114,0.019796213428215356,1.2101609294335747,149.5333537189945,20.251763799999935,20.251763799999935,0.2841617479890788,0.1835116561422601,0.5274479432319134,0.5161935867142311,0.2841617479890788,0.1835116561422601,24.444090613623885,17.35049271660008,401
2027,results/training_seed_robustness/model_pair_manifest.json,b1c4ac1db684249d4eccd46691fd1b8ad30c36bb3be56cc19a50a7581c189d5e,934fe3b3a1672532d68fb94ff7605b59a32f6ad4d8291b968b0a1a1ca17008f1,af02115f4d62f8c4c2b0733067b437dfb4c0bd7f982bb8fcc45b2cf7f025dc5a,561f5529020c3b7d3b658f62c400e1b4ccedbce478c7f4e1d43e4dc1d2610fd6,e1e651b5aca612b93df60e191244a767c2e1c2d37d4f257bd2ac6b953e54a5c0,results/training_seed_robustness/configs/sensor_seed2027_calibration.json,3909dd3cf343cf0aec25b33607cf5a0815879a760710f2ded52a15b1b7127ad4,results/training_seed_robustness/configs/v3_seed2027_calibration.json,adba638df2a6b177e1e70b5bc4d597433a1907dc92e33efd4adc222d3dc95955,results/training_seed_robustness/configs/v3_seed2027_config.json,a0357c3f2919d1cd160335850b065c16442ae6c649f2611c2a458cde5a4edfb2,results/training_seed_robustness/configs/v3_seed2027_config.json,a0357c3f2919d1cd160335850b065c16442ae6c649f2611c2a458cde5a4edfb2,82253ac4cb2a068fab42fc381015af1ac2bb4919babec36af790c0896ca2469e,310f886193ca6bc1584f7e0985794efc32dd08535b1dfc4e1992a9dc88ba26c2,ffbadd2556bdcea56d9a1b3529109879bd1c2a7614941a516405ad3ce7a6b4bc,B_plain_MPC,sensor_dropout,49030,49030,True,18.687725437007263,14.223754628701709,19.482952918942665,,False,,0,,0,0,0,,0,,0.0,0.0,0,0,6.0,1.0,0.0,0.0,0.0,1.0,0.0,0.0,0.0,0.0,0.0,10258.028421816842,130.8980839325794,0,0,0,0,0,0,0,0,,0,0,0,157.6021206611578,0.0,0.0,0.0,0.0,157.66624710746584,20.565633299999718,20.565633299999718,,,,,,,,,0
2027,results/training_seed_robustness/model_pair_manifest.json,b1c4ac1db684249d4eccd46691fd1b8ad30c36bb3be56cc19a50a7581c189d5e,934fe3b3a1672532d68fb94ff7605b59a32f6ad4d8291b968b0a1a1ca17008f1,af02115f4d62f8c4c2b0733067b437dfb4c0bd7f982bb8fcc45b2cf7f025dc5a,561f5529020c3b7d3b658f62c400e1b4ccedbce478c7f4e1d43e4dc1d2610fd6,e1e651b5aca612b93df60e191244a767c2e1c2d37d4f257bd2ac6b953e54a5c0,results/training_seed_robustness/configs/sensor_seed2027_calibration.json,3909dd3cf343cf0aec25b33607cf5a0815879a760710f2ded52a15b1b7127ad4,results/training_seed_robustness/configs/v3_seed2027_calibration.json,adba638df2a6b177e1e70b5bc4d597433a1907dc92e33efd4adc222d3dc95955,results/training_seed_robustness/configs/v3_seed2027_config.json,a0357c3f2919d1cd160335850b065c16442ae6c649f2611c2a458cde5a4edfb2,results/training_seed_robustness/configs/v3_seed2027_config.json,a0357c3f2919d1cd160335850b065c16442ae6c649f2611c2a458cde5a4edfb2,82253ac4cb2a068fab42fc381015af1ac2bb4919babec36af790c0896ca2469e,310f886193ca6bc1584f7e0985794efc32dd08535b1dfc4e1992a9dc88ba26c2,ffbadd2556bdcea56d9a1b3529109879bd1c2a7614941a516405ad3ce7a6b4bc,C3_arbitration_MPC,sensor_dropout,49030,49030,True,10.824265734228984,4.639940269329229,0.5553305134293495,0.020000000000000018,True,2.02,1,,2,1,0,,0,False,4.07,0.6772046589018302,5,5,1.0,0.3227953410981697,0.6772046589018302,0.0,0.0,0.3227953410981697,0.6772046589018302,0.0,0.0,0.0,0.0,6028.041293329378,60.91053084915293,0,0,0,0,0,0,0,0,,0,0,0,141.9721512396723,1.1413222031010601,0.024644922549467055,0.01959345954736679,1.1855605851978939,142.04692314050146,19.318826100000024,19.318826100000024,0.38103187267997535,0.2686056604123864,0.5677176212482755,0.5493413548525065,0.38103187267997535,0.2686056604123864,24.186621213672886,17.05085493730905,407
2028,results/training_seed_robustness/model_pair_manifest.json,b1c4ac1db684249d4eccd46691fd1b8ad30c36bb3be56cc19a50a7581c189d5e,8c57a90ecbcc46bce14ffce41566365d871967aa090a0e39f98bbc71a7def024,c0330dc7af509e80d4f257fe7aa452e5633d34eb6e4322a2da35b2a5feebc0ee,9739d68ca44fd76eb997f23f52a13efde666b9120b090861a04fab0f52e64f7f,3fc89a4dbfb84c58770707d0f98be4afb5cb8223f754c3843697919e0f7eddad,results/training_seed_robustness/configs/sensor_seed2028_calibration.json,e19df77cd05faf70ed73b8811d55298239e5c8bcafe5164c5151877abf721e40,results/training_seed_robustness/configs/v3_seed2028_calibration.json,f7e875e89772bde559ca9a7f17d065def1eea478ef82cee9884133090f3a5e74,results/training_seed_robustness/configs/v3_seed2028_config.json,9aa43116030f881158b9d8b1ac4446fdfd7cbeeed4058817d2a8d2cbfaca6302,results/training_seed_robustness/configs/v3_seed2028_config.json,9aa43116030f881158b9d8b1ac4446fdfd7cbeeed4058817d2a8d2cbfaca6302,82253ac4cb2a068fab42fc381015af1ac2bb4919babec36af790c0896ca2469e,310f886193ca6bc1584f7e0985794efc32dd08535b1dfc4e1992a9dc88ba26c2,ffbadd2556bdcea56d9a1b3529109879bd1c2a7614941a516405ad3ce7a6b4bc,B_plain_MPC,combined_fault_load,49026,49026,True,11.19571376062029,6.448036754553173,4.117253799520967,,False,,0,,0,0,0,,0,,0.0,0.0,0,0,6.0,1.0,0.0,0.0,0.0,1.0,0.0,0.0,0.0,0.0,0.0,7974.767600929566,167.14503766087162,0,0,0,0,0,0,0,0,,0,0,0,210.5788148760439,0.0,0.0,0.0,0.0,210.63464462811922,26.76167650000025,26.76167650000025,,,,,,,,,0
2028,results/training_seed_robustness/model_pair_manifest.json,b1c4ac1db684249d4eccd46691fd1b8ad30c36bb3be56cc19a50a7581c189d5e,8c57a90ecbcc46bce14ffce41566365d871967aa090a0e39f98bbc71a7def024,c0330dc7af509e80d4f257fe7aa452e5633d34eb6e4322a2da35b2a5feebc0ee,9739d68ca44fd76eb997f23f52a13efde666b9120b090861a04fab0f52e64f7f,3fc89a4dbfb84c58770707d0f98be4afb5cb8223f754c3843697919e0f7eddad,results/training_seed_robustness/configs/sensor_seed2028_calibration.json,e19df77cd05faf70ed73b8811d55298239e5c8bcafe5164c5151877abf721e40,results/training_seed_robustness/configs/v3_seed2028_calibration.json,f7e875e89772bde559ca9a7f17d065def1eea478ef82cee9884133090f3a5e74,results/training_seed_robustness/configs/v3_seed2028_config.json,9aa43116030f881158b9d8b1ac4446fdfd7cbeeed4058817d2a8d2cbfaca6302,results/training_seed_robustness/configs/v3_seed2028_config.json,9aa43116030f881158b9d8b1ac4446fdfd7cbeeed4058817d2a8d2cbfaca6302,82253ac4cb2a068fab42fc381015af1ac2bb4919babec36af790c0896ca2469e,310f886193ca6bc1584f7e0985794efc32dd08535b1dfc4e1992a9dc88ba26c2,ffbadd2556bdcea56d9a1b3529109879bd1c2a7614941a516405ad3ce7a6b4bc,C3_arbitration_MPC,combined_fault_load,49026,49026,True,11.127072253028631,6.062082637790063,3.7272416175217726,0.020000000000000018,True,3.02,1,,1,0,0,,0,,3.0100000000000002,0.5008319467554077,2,2,2.0,0.49916805324459235,0.11148086522462562,0.389351081530782,0.0,0.49916805324459235,0.11148086522462562,0.389351081530782,0.0,0.7774086378737541,0.0,8361.403719220067,221.30274478937764,0,0,0,0,0,0,0,0,,0,0,0,168.39994958678096,0.9589648881342602,0.02108106711678025,0.015008089513824584,0.995054044764865,168.4584999999955,22.1882885,22.1882885,2.4492861529811503,1.9596527889993953,1.8570323944276936,1.5448920603108547,2.3081355337767606,1.8460029284688257,3.271109666257124,3.2609323471171745,301
2028,results/training_seed_robustness/model_pair_manifest.json,b1c4ac1db684249d4eccd46691fd1b8ad30c36bb3be56cc19a50a7581c189d5e,8c57a90ecbcc46bce14ffce41566365d871967aa090a0e39f98bbc71a7def024,c0330dc7af509e80d4f257fe7aa452e5633d34eb6e4322a2da35b2a5feebc0ee,9739d68ca44fd76eb997f23f52a13efde666b9120b090861a04fab0f52e64f7f,3fc89a4dbfb84c58770707d0f98be4afb5cb8223f754c3843697919e0f7eddad,results/training_seed_robustness/configs/sensor_seed2028_calibration.json,e19df77cd05faf70ed73b8811d55298239e5c8bcafe5164c5151877abf721e40,results/training_seed_robustness/configs/v3_seed2028_calibration.json,f7e875e89772bde559ca9a7f17d065def1eea478ef82cee9884133090f3a5e74,results/training_seed_robustness/configs/v3_seed2028_config.json,9aa43116030f881158b9d8b1ac4446fdfd7cbeeed4058817d2a8d2cbfaca6302,results/training_seed_robustness/configs/v3_seed2028_config.json,9aa43116030f881158b9d8b1ac4446fdfd7cbeeed4058817d2a8d2cbfaca6302,82253ac4cb2a068fab42fc381015af1ac2bb4919babec36af790c0896ca2469e,310f886193ca6bc1584f7e0985794efc32dd08535b1dfc4e1992a9dc88ba26c2,ffbadd2556bdcea56d9a1b3529109879bd1c2a7614941a516405ad3ce7a6b4bc,B_plain_MPC,combined_fault_load,49027,49027,True,11.180028702465723,6.430952119160244,3.9848540506751733,,False,,0,,0,0,0,,0,,0.0,0.0,0,0,6.0,1.0,0.0,0.0,0.0,1.0,0.0,0.0,0.0,0.0,0.0,8012.697311497134,176.40362490191268,0,0,0,0,0,0,0,0,,0,0,0,218.96744710744494,0.0,0.0,0.0,0.0,219.02093305783458,27.78813459999992,27.78813459999992,,,,,,,,,0
2028,results/training_seed_robustness/model_pair_manifest.json,b1c4ac1db684249d4eccd46691fd1b8ad30c36bb3be56cc19a50a7581c189d5e,8c57a90ecbcc46bce14ffce41566365d871967aa090a0e39f98bbc71a7def024,c0330dc7af509e80d4f257fe7aa452e5633d34eb6e4322a2da35b2a5feebc0ee,9739d68ca44fd76eb997f23f52a13efde666b9120b090861a04fab0f52e64f7f,3fc89a4dbfb84c58770707d0f98be4afb5cb8223f754c3843697919e0f7eddad,results/training_seed_robustness/configs/sensor_seed2028_calibration.json,e19df77cd05faf70ed73b8811d55298239e5c8bcafe5164c5151877abf721e40,results/training_seed_robustness/configs/v3_seed2028_calibration.json,f7e875e89772bde559ca9a7f17d065def1eea478ef82cee9884133090f3a5e74,results/training_seed_robustness/configs/v3_seed2028_config.json,9aa43116030f881158b9d8b1ac4446fdfd7cbeeed4058817d2a8d2cbfaca6302,results/training_seed_robustness/configs/v3_seed2028_config.json,9aa43116030f881158b9d8b1ac4446fdfd7cbeeed4058817d2a8d2cbfaca6302,82253ac4cb2a068fab42fc381015af1ac2bb4919babec36af790c0896ca2469e,310f886193ca6bc1584f7e0985794efc32dd08535b1dfc4e1992a9dc88ba26c2,ffbadd2556bdcea56d9a1b3529109879bd1c2a7614941a516405ad3ce7a6b4bc,C3_arbitration_MPC,combined_fault_load,49027,49027,True,11.375524586132945,7.010945782307322,4.004313302160815,,False,,0,,1,0,0,,0,,5.05,0.8402662229617305,1,1,3.0,0.15973377703826955,0.0,0.8402662229617305,0.0,0.15973377703826955,0.0,0.8402662229617305,0.0,1.0,0.0,9409.390337812949,238.15096214601596,0,0,0,0,0,0,0,0,,0,0,0,141.90121074380082,0.9886330464736393,0.021736833042016672,0.017820481941009863,1.0281903614566659,141.96815454545137,19.047148000000107,19.047148000000107,2.5316433187110454,1.8149112494953765,2.386511555217391,1.7030064018079165,2.386511555217391,1.7030064018079165,2.5382946021927593,2.030366379279243,505
2028,results/training_seed_robustness/model_pair_manifest.json,b1c4ac1db684249d4eccd46691fd1b8ad30c36bb3be56cc19a50a7581c189d5e,8c57a90ecbcc46bce14ffce41566365d871967aa090a0e39f98bbc71a7def024,c0330dc7af509e80d4f257fe7aa452e5633d34eb6e4322a2da35b2a5feebc0ee,9739d68ca44fd76eb997f23f52a13efde666b9120b090861a04fab0f52e64f7f,3fc89a4dbfb84c58770707d0f98be4afb5cb8223f754c3843697919e0f7eddad,results/training_seed_robustness/configs/sensor_seed2028_calibration.json,e19df77cd05faf70ed73b8811d55298239e5c8bcafe5164c5151877abf721e40,results/training_seed_robustness/configs/v3_seed2028_calibration.json,f7e875e89772bde559ca9a7f17d065def1eea478ef82cee9884133090f3a5e74,results/training_seed_robustness/configs/v3_seed2028_config.json,9aa43116030f881158b9d8b1ac4446fdfd7cbeeed4058817d2a8d2cbfaca6302,results/training_seed_robustness/configs/v3_seed2028_config.json,9aa43116030f881158b9d8b1ac4446fdfd7cbeeed4058817d2a8d2cbfaca6302,82253ac4cb2a068fab42fc381015af1ac2bb4919babec36af790c0896ca2469e,310f886193ca6bc1584f7e0985794efc32dd08535b1dfc4e1992a9dc88ba26c2,ffbadd2556bdcea56d9a1b3529109879bd1c2a7614941a516405ad3ce7a6b4bc,B_plain_MPC,combined_fault_load,49028,49028,True,11.244334177295995,6.583354266920908,4.333896577859956,,False,,0,,0,0,0,,0,,0.0,0.0,0,0,6.0,1.0,0.0,0.0,0.0,1.0,0.0,0.0,0.0,0.0,0.0,8121.409956091766,187.66443617920456,0,0,0,0,0,0,0,0,,0,0,0,211.83382231405375,0.0,0.0,0.0,0.0,211.88268925621097,26.896306300000106,26.896306300000106,,,,,,,,,0
2028,results/training_seed_robustness/model_pair_manifest.json,b1c4ac1db684249d4eccd46691fd1b8ad30c36bb3be56cc19a50a7581c189d5e,8c57a90ecbcc46bce14ffce41566365d871967aa090a0e39f98bbc71a7def024,c0330dc7af509e80d4f257fe7aa452e5633d34eb6e4322a2da35b2a5feebc0ee,9739d68ca44fd76eb997f23f52a13efde666b9120b090861a04fab0f52e64f7f,3fc89a4dbfb84c58770707d0f98be4afb5cb8223f754c3843697919e0f7eddad,results/training_seed_robustness/configs/sensor_seed2028_calibration.json,e19df77cd05faf70ed73b8811d55298239e5c8bcafe5164c5151877abf721e40,results/training_seed_robustness/configs/v3_seed2028_calibration.json,f7e875e89772bde559ca9a7f17d065def1eea478ef82cee9884133090f3a5e74,results/training_seed_robustness/configs/v3_seed2028_config.json,9aa43116030f881158b9d8b1ac4446fdfd7cbeeed4058817d2a8d2cbfaca6302,results/training_seed_robustness/configs/v3_seed2028_config.json,9aa43116030f881158b9d8b1ac4446fdfd7cbeeed4058817d2a8d2cbfaca6302,82253ac4cb2a068fab42fc381015af1ac2bb4919babec36af790c0896ca2469e,310f886193ca6bc1584f7e0985794efc32dd08535b1dfc4e1992a9dc88ba26c2,ffbadd2556bdcea56d9a1b3529109879bd1c2a7614941a516405ad3ce7a6b4bc,C3_arbitration_MPC,combined_fault_load,49028,49028,True,11.132575944129027,6.167535509058384,3.712974568818493,0.020000000000000018,True,3.02,1,,1,0,0,,0,,3.02,0.502495840266223,4,4,1.2,0.49750415973377704,0.08153078202995008,0.4209650582362729,0.0,0.49750415973377704,0.08153078202995008,0.4209650582362729,0.0,0.840531561461794,0.0,8866.55215535692,240.5448746704624,0,0,0,0,0,0,0,0,,0,0,0,165.71385867768532,0.9697440619657816,0.02221204819860244,0.016429776244308608,1.0083858864086925,165.77849338844783,21.889931599999727,21.889931599999727,2.388260512066249,1.8512306933678278,1.8750659041002293,1.4886219805408336,2.236780260849478,1.7384307710456894,3.290647119160197,3.277968368039972,302
2028,results/training_seed_robustness/model_pair_manifest.json,b1c4ac1db684249d4eccd46691fd1b8ad30c36bb3be56cc19a50a7581c189d5e,8c57a90ecbcc46bce14ffce41566365d871967aa090a0e39f98bbc71a7def024,c0330dc7af509e80d4f257fe7aa452e5633d34eb6e4322a2da35b2a5feebc0ee,9739d68ca44fd76eb997f23f52a13efde666b9120b090861a04fab0f52e64f7f,3fc89a4dbfb84c58770707d0f98be4afb5cb8223f754c3843697919e0f7eddad,results/training_seed_robustness/configs/sensor_seed2028_calibration.json,e19df77cd05faf70ed73b8811d55298239e5c8bcafe5164c5151877abf721e40,results/training_seed_robustness/configs/v3_seed2028_calibration.json,f7e875e89772bde559ca9a7f17d065def1eea478ef82cee9884133090f3a5e74,results/training_seed_robustness/configs/v3_seed2028_config.json,9aa43116030f881158b9d8b1ac4446fdfd7cbeeed4058817d2a8d2cbfaca6302,results/training_seed_robustness/configs/v3_seed2028_config.json,9aa43116030f881158b9d8b1ac4446fdfd7cbeeed4058817d2a8d2cbfaca6302,82253ac4cb2a068fab42fc381015af1ac2bb4919babec36af790c0896ca2469e,310f886193ca6bc1584f7e0985794efc32dd08535b1dfc4e1992a9dc88ba26c2,ffbadd2556bdcea56d9a1b3529109879bd1c2a7614941a516405ad3ce7a6b4bc,B_plain_MPC,combined_fault_load,49029,49029,True,11.264380755553047,6.607273745180008,4.454612406481707,,False,,0,,0,0,0,,0,,0.0,0.0,0,0,6.0,1.0,0.0,0.0,0.0,1.0,0.0,0.0,0.0,0.0,0.0,8117.226848939211,194.63679405681555,0,0,0,0,0,0,0,0,,0,0,0,221.8017636363441,0.0,0.0,0.0,0.0,221.85781074382655,28.1803289999998,28.1803289999998,,,,,,,,,0
2028,results/training_seed_robustness/model_pair_manifest.json,b1c4ac1db684249d4eccd46691fd1b8ad30c36bb3be56cc19a50a7581c189d5e,8c57a90ecbcc46bce14ffce41566365d871967aa090a0e39f98bbc71a7def024,c0330dc7af509e80d4f257fe7aa452e5633d34eb6e4322a2da35b2a5feebc0ee,9739d68ca44fd76eb997f23f52a13efde666b9120b090861a04fab0f52e64f7f,3fc89a4dbfb84c58770707d0f98be4afb5cb8223f754c3843697919e0f7eddad,results/training_seed_robustness/configs/sensor_seed2028_calibration.json,e19df77cd05faf70ed73b8811d55298239e5c8bcafe5164c5151877abf721e40,results/training_seed_robustness/configs/v3_seed2028_calibration.json,f7e875e89772bde559ca9a7f17d065def1eea478ef82cee9884133090f3a5e74,results/training_seed_robustness/configs/v3_seed2028_config.json,9aa43116030f881158b9d8b1ac4446fdfd7cbeeed4058817d2a8d2cbfaca6302,results/training_seed_robustness/configs/v3_seed2028_config.json,9aa43116030f881158b9d8b1ac4446fdfd7cbeeed4058817d2a8d2cbfaca6302,82253ac4cb2a068fab42fc381015af1ac2bb4919babec36af790c0896ca2469e,310f886193ca6bc1584f7e0985794efc32dd08535b1dfc4e1992a9dc88ba26c2,ffbadd2556bdcea56d9a1b3529109879bd1c2a7614941a516405ad3ce7a6b4bc,C3_arbitration_MPC,combined_fault_load,49029,49029,True,11.375524586276267,7.0109457823936285,4.0043133023596145,,False,,0,,1,0,0,,0,,5.01,0.8336106489184693,1,1,3.0,0.16638935108153077,0.0,0.8336106489184693,0.0,0.16638935108153077,0.0,0.8336106489184693,0.0,1.0,0.0,9409.390337591796,238.15096214439208,0,0,0,0,0,0,0,0,,0,0,0,149.66106033055942,0.9953913941592555,0.02211996557081762,0.018093115310050912,1.035604475040124,149.7299677685867,19.98750800000016,19.98750800000016,2.4555158608556207,1.7711984116419037,2.308804298626852,1.6593702170220668,2.308804298626852,1.6593702170220668,2.537321580890586,2.0397165540265445,501
2028,results/training_seed_robustness/model_pair_manifest.json,b1c4ac1db684249d4eccd46691fd1b8ad30c36bb3be56cc19a50a7581c189d5e,8c57a90ecbcc46bce14ffce41566365d871967aa090a0e39f98bbc71a7def024,c0330dc7af509e80d4f257fe7aa452e5633d34eb6e4322a2da35b2a5feebc0ee,9739d68ca44fd76eb997f23f52a13efde666b9120b090861a04fab0f52e64f7f,3fc89a4dbfb84c58770707d0f98be4afb5cb8223f754c3843697919e0f7eddad,results/training_seed_robustness/configs/sensor_seed2028_calibration.json,e19df77cd05faf70ed73b8811d55298239e5c8bcafe5164c5151877abf721e40,results/training_seed_robustness/configs/v3_seed2028_calibration.json,f7e875e89772bde559ca9a7f17d065def1eea478ef82cee9884133090f3a5e74,results/training_seed_robustness/configs/v3_seed2028_config.json,9aa43116030f881158b9d8b1ac4446fdfd7cbeeed4058817d2a8d2cbfaca6302,results/training_seed_robustness/configs/v3_seed2028_config.json,9aa43116030f881158b9d8b1ac4446fdfd7cbeeed4058817d2a8d2cbfaca6302,82253ac4cb2a068fab42fc381015af1ac2bb4919babec36af790c0896ca2469e,310f886193ca6bc1584f7e0985794efc32dd08535b1dfc4e1992a9dc88ba26c2,ffbadd2556bdcea56d9a1b3529109879bd1c2a7614941a516405ad3ce7a6b4bc,B_plain_MPC,combined_fault_load,49030,49030,True,11.302085263887435,6.701489503482511,4.621873599609064,,False,,0,,0,0,0,,0,,0.0,0.0,0,0,6.0,1.0,0.0,0.0,0.0,1.0,0.0,0.0,0.0,0.0,0.0,8169.047892095451,194.52566049311548,0,0,0,0,0,0,0,0,,0,0,0,225.85929090909988,0.0,0.0,0.0,0.0,225.90749504132503,28.602298299999802,28.602298299999802,,,,,,,,,0
2028,results/training_seed_robustness/model_pair_manifest.json,b1c4ac1db684249d4eccd46691fd1b8ad30c36bb3be56cc19a50a7581c189d5e,8c57a90ecbcc46bce14ffce41566365d871967aa090a0e39f98bbc71a7def024,c0330dc7af509e80d4f257fe7aa452e5633d34eb6e4322a2da35b2a5feebc0ee,9739d68ca44fd76eb997f23f52a13efde666b9120b090861a04fab0f52e64f7f,3fc89a4dbfb84c58770707d0f98be4afb5cb8223f754c3843697919e0f7eddad,results/training_seed_robustness/configs/sensor_seed2028_calibration.json,e19df77cd05faf70ed73b8811d55298239e5c8bcafe5164c5151877abf721e40,results/training_seed_robustness/configs/v3_seed2028_calibration.json,f7e875e89772bde559ca9a7f17d065def1eea478ef82cee9884133090f3a5e74,results/training_seed_robustness/configs/v3_seed2028_config.json,9aa43116030f881158b9d8b1ac4446fdfd7cbeeed4058817d2a8d2cbfaca6302,results/training_seed_robustness/configs/v3_seed2028_config.json,9aa43116030f881158b9d8b1ac4446fdfd7cbeeed4058817d2a8d2cbfaca6302,82253ac4cb2a068fab42fc381015af1ac2bb4919babec36af790c0896ca2469e,310f886193ca6bc1584f7e0985794efc32dd08535b1dfc4e1992a9dc88ba26c2,ffbadd2556bdcea56d9a1b3529109879bd1c2a7614941a516405ad3ce7a6b4bc,C3_arbitration_MPC,combined_fault_load,49030,49030,True,11.140622655926808,6.1794803535595335,3.7585153985711557,0.020000000000000018,True,3.02,1,,1,0,0,,0,,3.02,0.502495840266223,4,4,1.2,0.49750415973377704,0.10149750415973377,0.40099833610648916,0.0,0.49750415973377704,0.10149750415973377,0.40099833610648916,0.0,0.8006644518272426,0.0,8701.492039370478,236.51143752739063,0,0,0,0,0,0,0,0,,0,0,0,174.8951198347332,1.007044061953224,0.023053872638212004,0.01615938039190425,1.0462573149833403,174.9563330578428,23.05947279999964,23.05947279999964,2.5187213682408762,1.9786401524819048,1.8812507118788595,1.534124066888963,2.374422649921192,1.867140357828336,3.2847974831248443,3.273460114634035,302
2028,results/training_seed_robustness/model_pair_manifest.json,b1c4ac1db684249d4eccd46691fd1b8ad30c36bb3be56cc19a50a7581c189d5e,8c57a90ecbcc46bce14ffce41566365d871967aa090a0e39f98bbc71a7def024,c0330dc7af509e80d4f257fe7aa452e5633d34eb6e4322a2da35b2a5feebc0ee,9739d68ca44fd76eb997f23f52a13efde666b9120b090861a04fab0f52e64f7f,3fc89a4dbfb84c58770707d0f98be4afb5cb8223f754c3843697919e0f7eddad,results/training_seed_robustness/configs/sensor_seed2028_calibration.json,e19df77cd05faf70ed73b8811d55298239e5c8bcafe5164c5151877abf721e40,results/training_seed_robustness/configs/v3_seed2028_calibration.json,f7e875e89772bde559ca9a7f17d065def1eea478ef82cee9884133090f3a5e74,results/training_seed_robustness/configs/v3_seed2028_config.json,9aa43116030f881158b9d8b1ac4446fdfd7cbeeed4058817d2a8d2cbfaca6302,results/training_seed_robustness/configs/v3_seed2028_config.json,9aa43116030f881158b9d8b1ac4446fdfd7cbeeed4058817d2a8d2cbfaca6302,82253ac4cb2a068fab42fc381015af1ac2bb4919babec36af790c0896ca2469e,310f886193ca6bc1584f7e0985794efc32dd08535b1dfc4e1992a9dc88ba26c2,ffbadd2556bdcea56d9a1b3529109879bd1c2a7614941a516405ad3ce7a6b4bc,B_plain_MPC,load_disturbance,49026,49026,True,10.82365438257764,4.826327237228504,0.7706955730977982,,,,0,,0,0,0,,0,,0.0,0.0,0,0,6.0,1.0,0.0,0.0,0.0,1.0,0.0,0.0,0.0,0.0,0.0,8414.172478388291,139.88567119911713,0,0,0,0,0,0,0,0,,0,0,0,217.92316776856586,0.0,0.0,0.0,0.0,217.97854380165444,27.63000779999993,27.63000779999993,,,,,,,,,0
2028,results/training_seed_robustness/model_pair_manifest.json,b1c4ac1db684249d4eccd46691fd1b8ad30c36bb3be56cc19a50a7581c189d5e,8c57a90ecbcc46bce14ffce41566365d871967aa090a0e39f98bbc71a7def024,c0330dc7af509e80d4f257fe7aa452e5633d34eb6e4322a2da35b2a5feebc0ee,9739d68ca44fd76eb997f23f52a13efde666b9120b090861a04fab0f52e64f7f,3fc89a4dbfb84c58770707d0f98be4afb5cb8223f754c3843697919e0f7eddad,results/training_seed_robustness/configs/sensor_seed2028_calibration.json,e19df77cd05faf70ed73b8811d55298239e5c8bcafe5164c5151877abf721e40,results/training_seed_robustness/configs/v3_seed2028_calibration.json,f7e875e89772bde559ca9a7f17d065def1eea478ef82cee9884133090f3a5e74,results/training_seed_robustness/configs/v3_seed2028_config.json,9aa43116030f881158b9d8b1ac4446fdfd7cbeeed4058817d2a8d2cbfaca6302,results/training_seed_robustness/configs/v3_seed2028_config.json,9aa43116030f881158b9d8b1ac4446fdfd7cbeeed4058817d2a8d2cbfaca6302,82253ac4cb2a068fab42fc381015af1ac2bb4919babec36af790c0896ca2469e,310f886193ca6bc1584f7e0985794efc32dd08535b1dfc4e1992a9dc88ba26c2,ffbadd2556bdcea56d9a1b3529109879bd1c2a7614941a516405ad3ce7a6b4bc,C3_arbitration_MPC,load_disturbance,49026,49026,True,10.82365438257764,4.826327237228504,0.7706955730977982,,,,0,,0,0,0,,0,,0.0,0.0,0,0,6.0,1.0,0.0,0.0,0.0,1.0,0.0,0.0,0.0,0.0,0.0,8414.172478388291,139.88567119911713,0,0,0,0,0,0,0,0,,0,0,0,211.44008925616507,0.9944660929326653,0.021936833048047246,0.013813597246061866,1.0302165232267744,211.4928768595002,27.473183699999936,27.473183699999936,,,,,,,,,0
2028,results/training_seed_robustness/model_pair_manifest.json,b1c4ac1db684249d4eccd46691fd1b8ad30c36bb3be56cc19a50a7581c189d5e,8c57a90ecbcc46bce14ffce41566365d871967aa090a0e39f98bbc71a7def024,c0330dc7af509e80d4f257fe7aa452e5633d34eb6e4322a2da35b2a5feebc0ee,9739d68ca44fd76eb997f23f52a13efde666b9120b090861a04fab0f52e64f7f,3fc89a4dbfb84c58770707d0f98be4afb5cb8223f754c3843697919e0f7eddad,results/training_seed_robustness/configs/sensor_seed2028_calibration.json,e19df77cd05faf70ed73b8811d55298239e5c8bcafe5164c5151877abf721e40,results/training_seed_robustness/configs/v3_seed2028_calibration.json,f7e875e89772bde559ca9a7f17d065def1eea478ef82cee9884133090f3a5e74,results/training_seed_robustness/configs/v3_seed2028_config.json,9aa43116030f881158b9d8b1ac4446fdfd7cbeeed4058817d2a8d2cbfaca6302,results/training_seed_robustness/configs/v3_seed2028_config.json,9aa43116030f881158b9d8b1ac4446fdfd7cbeeed4058817d2a8d2cbfaca6302,82253ac4cb2a068fab42fc381015af1ac2bb4919babec36af790c0896ca2469e,310f886193ca6bc1584f7e0985794efc32dd08535b1dfc4e1992a9dc88ba26c2,ffbadd2556bdcea56d9a1b3529109879bd1c2a7614941a516405ad3ce7a6b4bc,B_plain_MPC,load_disturbance,49027,49027,True,10.833828517405452,4.875177543080111,0.8136206268815449,,,,0,,0,0,0,,0,,0.0,0.0,0,0,6.0,1.0,0.0,0.0,0.0,1.0,0.0,0.0,0.0,0.0,0.0,8443.274389803943,142.65555762325516,0,0,0,0,0,0,0,0,,0,0,0,234.1428760330642,0.0,0.0,0.0,0.0,234.19230578512108,29.533157300000312,29.533157300000312,,,,,,,,,0
2028,results/training_seed_robustness/model_pair_manifest.json,b1c4ac1db684249d4eccd46691fd1b8ad30c36bb3be56cc19a50a7581c189d5e,8c57a90ecbcc46bce14ffce41566365d871967aa090a0e39f98bbc71a7def024,c0330dc7af509e80d4f257fe7aa452e5633d34eb6e4322a2da35b2a5feebc0ee,9739d68ca44fd76eb997f23f52a13efde666b9120b090861a04fab0f52e64f7f,3fc89a4dbfb84c58770707d0f98be4afb5cb8223f754c3843697919e0f7eddad,results/training_seed_robustness/configs/sensor_seed2028_calibration.json,e19df77cd05faf70ed73b8811d55298239e5c8bcafe5164c5151877abf721e40,results/training_seed_robustness/configs/v3_seed2028_calibration.json,f7e875e89772bde559ca9a7f17d065def1eea478ef82cee9884133090f3a5e74,results/training_seed_robustness/configs/v3_seed2028_config.json,9aa43116030f881158b9d8b1ac4446fdfd7cbeeed4058817d2a8d2cbfaca6302,results/training_seed_robustness/configs/v3_seed2028_config.json,9aa43116030f881158b9d8b1ac4446fdfd7cbeeed4058817d2a8d2cbfaca6302,82253ac4cb2a068fab42fc381015af1ac2bb4919babec36af790c0896ca2469e,310f886193ca6bc1584f7e0985794efc32dd08535b1dfc4e1992a9dc88ba26c2,ffbadd2556bdcea56d9a1b3529109879bd1c2a7614941a516405ad3ce7a6b4bc,C3_arbitration_MPC,load_disturbance,49027,49027,True,11.375524586132945,7.010945782307322,4.004313302160815,,,,0,,1,0,0,,0,,5.05,0.8402662229617305,1,1,3.0,0.15973377703826955,0.0,0.8402662229617305,0.0,0.15973377703826955,0.0,0.8402662229617305,0.0,1.0,0.0,9409.390337812949,238.15096214601596,0,0,0,0,0,0,0,0,,0,0,0,146.3004033057737,0.9898805507666844,0.02277349397393847,0.01843321858082484,1.0310872633214476,146.3692752066109,19.571893499999987,19.571893499999987,2.5316433187110454,1.8149112494953765,2.386511555217391,1.7030064018079165,2.386511555217391,1.7030064018079165,0.2534892090389285,0.19821375184509502,505
2028,results/training_seed_robustness/model_pair_manifest.json,b1c4ac1db684249d4eccd46691fd1b8ad30c36bb3be56cc19a50a7581c189d5e,8c57a90ecbcc46bce14ffce41566365d871967aa090a0e39f98bbc71a7def024,c0330dc7af509e80d4f257fe7aa452e5633d34eb6e4322a2da35b2a5feebc0ee,9739d68ca44fd76eb997f23f52a13efde666b9120b090861a04fab0f52e64f7f,3fc89a4dbfb84c58770707d0f98be4afb5cb8223f754c3843697919e0f7eddad,results/training_seed_robustness/configs/sensor_seed2028_calibration.json,e19df77cd05faf70ed73b8811d55298239e5c8bcafe5164c5151877abf721e40,results/training_seed_robustness/configs/v3_seed2028_calibration.json,f7e875e89772bde559ca9a7f17d065def1eea478ef82cee9884133090f3a5e74,results/training_seed_robustness/configs/v3_seed2028_config.json,9aa43116030f881158b9d8b1ac4446fdfd7cbeeed4058817d2a8d2cbfaca6302,results/training_seed_robustness/configs/v3_seed2028_config.json,9aa43116030f881158b9d8b1ac4446fdfd7cbeeed4058817d2a8d2cbfaca6302,82253ac4cb2a068fab42fc381015af1ac2bb4919babec36af790c0896ca2469e,310f886193ca6bc1584f7e0985794efc32dd08535b1dfc4e1992a9dc88ba26c2,ffbadd2556bdcea56d9a1b3529109879bd1c2a7614941a516405ad3ce7a6b4bc,B_plain_MPC,load_disturbance,49028,49028,True,10.836165008726528,4.921758689396339,0.8873802351730901,,,,0,,0,0,0,,0,,0.0,0.0,0,0,6.0,1.0,0.0,0.0,0.0,1.0,0.0,0.0,0.0,0.0,0.0,8527.441421215008,153.17704108946694,0,0,0,0,0,0,0,0,,0,0,0,226.02984214876986,0.0,0.0,0.0,0.0,226.08356363637668,28.63996559999987,28.63996559999987,,,,,,,,,0
2028,results/training_seed_robustness/model_pair_manifest.json,b1c4ac1db684249d4eccd46691fd1b8ad30c36bb3be56cc19a50a7581c189d5e,8c57a90ecbcc46bce14ffce41566365d871967aa090a0e39f98bbc71a7def024,c0330dc7af509e80d4f257fe7aa452e5633d34eb6e4322a2da35b2a5feebc0ee,9739d68ca44fd76eb997f23f52a13efde666b9120b090861a04fab0f52e64f7f,3fc89a4dbfb84c58770707d0f98be4afb5cb8223f754c3843697919e0f7eddad,results/training_seed_robustness/configs/sensor_seed2028_calibration.json,e19df77cd05faf70ed73b8811d55298239e5c8bcafe5164c5151877abf721e40,results/training_seed_robustness/configs/v3_seed2028_calibration.json,f7e875e89772bde559ca9a7f17d065def1eea478ef82cee9884133090f3a5e74,results/training_seed_robustness/configs/v3_seed2028_config.json,9aa43116030f881158b9d8b1ac4446fdfd7cbeeed4058817d2a8d2cbfaca6302,results/training_seed_robustness/configs/v3_seed2028_config.json,9aa43116030f881158b9d8b1ac4446fdfd7cbeeed4058817d2a8d2cbfaca6302,82253ac4cb2a068fab42fc381015af1ac2bb4919babec36af790c0896ca2469e,310f886193ca6bc1584f7e0985794efc32dd08535b1dfc4e1992a9dc88ba26c2,ffbadd2556bdcea56d9a1b3529109879bd1c2a7614941a516405ad3ce7a6b4bc,C3_arbitration_MPC,load_disturbance,49028,49028,True,11.112162216729638,6.080499260871729,3.5888010168046955,0.08000000000000007,,3.08,1,,1,0,0,,0,,2.95,0.4908485856905158,6,6,0.8571428571428571,0.5091514143094842,0.11980033277870217,0.37104825291181365,0.0,0.5091514143094842,0.11980033277870217,0.37104825291181365,0.0,0.7408637873754153,0.0,8459.562104001576,244.23284433469044,0,0,0,0,0,0,0,0,,0,0,0,185.24452066113622,1.0304349397671282,0.02228743545208486,0.016213941465901563,1.0689363166851147,185.30590330577573,24.35677170000008,24.35677170000008,2.494877938027698,2.009726944393896,1.8945583358659646,1.5694840385251858,2.357072365116516,1.9019766868523058,0.2564078240805211,0.20255214029115165,295
2028,results/training_seed_robustness/model_pair_manifest.json,b1c4ac1db684249d4eccd46691fd1b8ad30c36bb3be56cc19a50a7581c189d5e,8c57a90ecbcc46bce14ffce41566365d871967aa090a0e39f98bbc71a7def024,c0330dc7af509e80d4f257fe7aa452e5633d34eb6e4322a2da35b2a5feebc0ee,9739d68ca44fd76eb997f23f52a13efde666b9120b090861a04fab0f52e64f7f,3fc89a4dbfb84c58770707d0f98be4afb5cb8223f754c3843697919e0f7eddad,results/training_seed_robustness/configs/sensor_seed2028_calibration.json,e19df77cd05faf70ed73b8811d55298239e5c8bcafe5164c5151877abf721e40,results/training_seed_robustness/configs/v3_seed2028_calibration.json,f7e875e89772bde559ca9a7f17d065def1eea478ef82cee9884133090f3a5e74,results/training_seed_robustness/configs/v3_seed2028_config.json,9aa43116030f881158b9d8b1ac4446fdfd7cbeeed4058817d2a8d2cbfaca6302,results/training_seed_robustness/configs/v3_seed2028_config.json,9aa43116030f881158b9d8b1ac4446fdfd7cbeeed4058817d2a8d2cbfaca6302,82253ac4cb2a068fab42fc381015af1ac2bb4919babec36af790c0896ca2469e,310f886193ca6bc1584f7e0985794efc32dd08535b1dfc4e1992a9dc88ba26c2,ffbadd2556bdcea56d9a1b3529109879bd1c2a7614941a516405ad3ce7a6b4bc,B_plain_MPC,load_disturbance,49029,49029,True,10.831216647151244,4.889586760511132,0.8563466603473372,,,,0,,0,0,0,,0,,0.0,0.0,0,0,6.0,1.0,0.0,0.0,0.0,1.0,0.0,0.0,0.0,0.0,0.0,8515.538744496123,162.60655602697216,0,0,0,0,0,0,0,0,,0,0,0,229.4577066115929,0.0,0.0,0.0,0.0,229.50682892561485,28.96866409999984,28.96866409999984,,,,,,,,,0
2028,results/training_seed_robustness/model_pair_manifest.json,b1c4ac1db684249d4eccd46691fd1b8ad30c36bb3be56cc19a50a7581c189d5e,8c57a90ecbcc46bce14ffce41566365d871967aa090a0e39f98bbc71a7def024,c0330dc7af509e80d4f257fe7aa452e5633d34eb6e4322a2da35b2a5feebc0ee,9739d68ca44fd76eb997f23f52a13efde666b9120b090861a04fab0f52e64f7f,3fc89a4dbfb84c58770707d0f98be4afb5cb8223f754c3843697919e0f7eddad,results/training_seed_robustness/configs/sensor_seed2028_calibration.json,e19df77cd05faf70ed73b8811d55298239e5c8bcafe5164c5151877abf721e40,results/training_seed_robustness/configs/v3_seed2028_calibration.json,f7e875e89772bde559ca9a7f17d065def1eea478ef82cee9884133090f3a5e74,results/training_seed_robustness/configs/v3_seed2028_config.json,9aa43116030f881158b9d8b1ac4446fdfd7cbeeed4058817d2a8d2cbfaca6302,results/training_seed_robustness/configs/v3_seed2028_config.json,9aa43116030f881158b9d8b1ac4446fdfd7cbeeed4058817d2a8d2cbfaca6302,82253ac4cb2a068fab42fc381015af1ac2bb4919babec36af790c0896ca2469e,310f886193ca6bc1584f7e0985794efc32dd08535b1dfc4e1992a9dc88ba26c2,ffbadd2556bdcea56d9a1b3529109879bd1c2a7614941a516405ad3ce7a6b4bc,C3_arbitration_MPC,load_disturbance,49029,49029,True,11.375524586276267,7.0109457823936285,4.0043133023596145,,,,0,,1,0,0,,0,,5.01,0.8336106489184693,1,1,3.0,0.16638935108153077,0.0,0.8336106489184693,0.0,0.16638935108153077,0.0,0.8336106489184693,0.0,1.0,0.0,9409.390337591796,238.15096214439208,0,0,0,0,0,0,0,0,,0,0,0,146.94473388429415,0.9596826161912433,0.02137607572967525,0.017209122215122948,0.9982678141360415,147.01035371901585,19.574203500000294,19.574203500000294,2.4555158608556207,1.7711984116419037,2.308804298626852,1.6593702170220668,2.308804298626852,1.6593702170220668,0.24301671933376556,0.18990244099658865,501
2028,results/training_seed_robustness/model_pair_manifest.json,b1c4ac1db684249d4eccd46691fd1b8ad30c36bb3be56cc19a50a7581c189d5e,8c57a90ecbcc46bce14ffce41566365d871967aa090a0e39f98bbc71a7def024,c0330dc7af509e80d4f257fe7aa452e5633d34eb6e4322a2da35b2a5feebc0ee,9739d68ca44fd76eb997f23f52a13efde666b9120b090861a04fab0f52e64f7f,3fc89a4dbfb84c58770707d0f98be4afb5cb8223f754c3843697919e0f7eddad,results/training_seed_robustness/configs/sensor_seed2028_calibration.json,e19df77cd05faf70ed73b8811d55298239e5c8bcafe5164c5151877abf721e40,results/training_seed_robustness/configs/v3_seed2028_calibration.json,f7e875e89772bde559ca9a7f17d065def1eea478ef82cee9884133090f3a5e74,results/training_seed_robustness/configs/v3_seed2028_config.json,9aa43116030f881158b9d8b1ac4446fdfd7cbeeed4058817d2a8d2cbfaca6302,results/training_seed_robustness/configs/v3_seed2028_config.json,9aa43116030f881158b9d8b1ac4446fdfd7cbeeed4058817d2a8d2cbfaca6302,82253ac4cb2a068fab42fc381015af1ac2bb4919babec36af790c0896ca2469e,310f886193ca6bc1584f7e0985794efc32dd08535b1dfc4e1992a9dc88ba26c2,ffbadd2556bdcea56d9a1b3529109879bd1c2a7614941a516405ad3ce7a6b4bc,B_plain_MPC,load_disturbance,49030,49030,True,10.837828828243627,4.937670518433358,0.915788475472243,,,,0,,0,0,0,,0,,0.0,0.0,0,0,6.0,1.0,0.0,0.0,0.0,1.0,0.0,0.0,0.0,0.0,0.0,8568.529334823479,162.44337708616467,0,0,0,0,0,0,0,0,,0,0,0,229.79278512395678,0.0,0.0,0.0,0.0,229.84546528924653,29.175978100000066,29.175978100000066,,,,,,,,,0
2028,results/training_seed_robustness/model_pair_manifest.json,b1c4ac1db684249d4eccd46691fd1b8ad30c36bb3be56cc19a50a7581c189d5e,8c57a90ecbcc46bce14ffce41566365d871967aa090a0e39f98bbc71a7def024,c0330dc7af509e80d4f257fe7aa452e5633d34eb6e4322a2da35b2a5feebc0ee,9739d68ca44fd76eb997f23f52a13efde666b9120b090861a04fab0f52e64f7f,3fc89a4dbfb84c58770707d0f98be4afb5cb8223f754c3843697919e0f7eddad,results/training_seed_robustness/configs/sensor_seed2028_calibration.json,e19df77cd05faf70ed73b8811d55298239e5c8bcafe5164c5151877abf721e40,results/training_seed_robustness/configs/v3_seed2028_calibration.json,f7e875e89772bde559ca9a7f17d065def1eea478ef82cee9884133090f3a5e74,results/training_seed_robustness/configs/v3_seed2028_config.json,9aa43116030f881158b9d8b1ac4446fdfd7cbeeed4058817d2a8d2cbfaca6302,results/training_seed_robustness/configs/v3_seed2028_config.json,9aa43116030f881158b9d8b1ac4446fdfd7cbeeed4058817d2a8d2cbfaca6302,82253ac4cb2a068fab42fc381015af1ac2bb4919babec36af790c0896ca2469e,310f886193ca6bc1584f7e0985794efc32dd08535b1dfc4e1992a9dc88ba26c2,ffbadd2556bdcea56d9a1b3529109879bd1c2a7614941a516405ad3ce7a6b4bc,C3_arbitration_MPC,load_disturbance,49030,49030,True,11.089574642943363,6.028237395681064,3.4439212135116373,0.1299999999999999,,3.13,1,,1,0,0,,0,,2.9,0.4825291181364393,6,6,0.8571428571428571,0.5174708818635607,0.1314475873544093,0.35108153078202997,0.0,0.5174708818635607,0.1314475873544093,0.35108153078202997,0.0,0.7009966777408638,0.0,8489.098381378295,259.1274638474171,0,0,0,0,0,0,0,0,,0,0,0,194.98337272729304,1.0944184165264812,0.023919793454301876,0.01745903613335222,1.1357972461141352,195.05167603303622,25.654709899999943,25.654709899999943,2.3585878538121965,1.8946392503375842,1.9079104729132066,1.5621925391004794,2.2230253813792706,1.7930533032597922,0.2517868526765861,0.19347598718265402,290
2028,results/training_seed_robustness/model_pair_manifest.json,b1c4ac1db684249d4eccd46691fd1b8ad30c36bb3be56cc19a50a7581c189d5e,8c57a90ecbcc46bce14ffce41566365d871967aa090a0e39f98bbc71a7def024,c0330dc7af509e80d4f257fe7aa452e5633d34eb6e4322a2da35b2a5feebc0ee,9739d68ca44fd76eb997f23f52a13efde666b9120b090861a04fab0f52e64f7f,3fc89a4dbfb84c58770707d0f98be4afb5cb8223f754c3843697919e0f7eddad,results/training_seed_robustness/configs/sensor_seed2028_calibration.json,e19df77cd05faf70ed73b8811d55298239e5c8bcafe5164c5151877abf721e40,results/training_seed_robustness/configs/v3_seed2028_calibration.json,f7e875e89772bde559ca9a7f17d065def1eea478ef82cee9884133090f3a5e74,results/training_seed_robustness/configs/v3_seed2028_config.json,9aa43116030f881158b9d8b1ac4446fdfd7cbeeed4058817d2a8d2cbfaca6302,results/training_seed_robustness/configs/v3_seed2028_config.json,9aa43116030f881158b9d8b1ac4446fdfd7cbeeed4058817d2a8d2cbfaca6302,82253ac4cb2a068fab42fc381015af1ac2bb4919babec36af790c0896ca2469e,310f886193ca6bc1584f7e0985794efc32dd08535b1dfc4e1992a9dc88ba26c2,ffbadd2556bdcea56d9a1b3529109879bd1c2a7614941a516405ad3ce7a6b4bc,B_plain_MPC,parameter_variation,49026,49026,True,10.81716402291202,4.735194672192002,0.5599329514419676,,,,0,,0,0,0,,0,,0.0,0.0,0,0,6.0,1.0,0.0,0.0,0.0,1.0,0.0,0.0,0.0,0.0,0.0,7815.966750569999,122.96870082634736,0,0,0,0,0,0,0,0,,0,0,0,232.4245966942463,0.0,0.0,0.0,0.0,232.47665950413483,29.358937199999673,29.358937199999673,,,,,,,,,0
2028,results/training_seed_robustness/model_pair_manifest.json,b1c4ac1db684249d4eccd46691fd1b8ad30c36bb3be56cc19a50a7581c189d5e,8c57a90ecbcc46bce14ffce41566365d871967aa090a0e39f98bbc71a7def024,c0330dc7af509e80d4f257fe7aa452e5633d34eb6e4322a2da35b2a5feebc0ee,9739d68ca44fd76eb997f23f52a13efde666b9120b090861a04fab0f52e64f7f,3fc89a4dbfb84c58770707d0f98be4afb5cb8223f754c3843697919e0f7eddad,results/training_seed_robustness/configs/sensor_seed2028_calibration.json,e19df77cd05faf70ed73b8811d55298239e5c8bcafe5164c5151877abf721e40,results/training_seed_robustness/configs/v3_seed2028_calibration.json,f7e875e89772bde559ca9a7f17d065def1eea478ef82cee9884133090f3a5e74,results/training_seed_robustness/configs/v3_seed2028_config.json,9aa43116030f881158b9d8b1ac4446fdfd7cbeeed4058817d2a8d2cbfaca6302,results/training_seed_robustness/configs/v3_seed2028_config.json,9aa43116030f881158b9d8b1ac4446fdfd7cbeeed4058817d2a8d2cbfaca6302,82253ac4cb2a068fab42fc381015af1ac2bb4919babec36af790c0896ca2469e,310f886193ca6bc1584f7e0985794efc32dd08535b1dfc4e1992a9dc88ba26c2,ffbadd2556bdcea56d9a1b3529109879bd1c2a7614941a516405ad3ce7a6b4bc,C3_arbitration_MPC,parameter_variation,49026,49026,True,10.81716402291202,4.735194672192002,0.5599329514419676,,,,0,,0,0,0,,0,,0.0,0.0,0,0,6.0,1.0,0.0,0.0,0.0,1.0,0.0,0.0,0.0,0.0,0.0,7815.966750569999,122.96870082634736,0,0,0,0,0,0,0,0,,0,0,0,232.77979421490355,1.0625227194500728,0.023415662646565895,0.01400206540481424,1.0999404475014531,232.83505123965955,30.179223000000093,30.179223000000093,,,,,,,,,0
2028,results/training_seed_robustness/model_pair_manifest.json,b1c4ac1db684249d4eccd46691fd1b8ad30c36bb3be56cc19a50a7581c189d5e,8c57a90ecbcc46bce14ffce41566365d871967aa090a0e39f98bbc71a7def024,c0330dc7af509e80d4f257fe7aa452e5633d34eb6e4322a2da35b2a5feebc0ee,9739d68ca44fd76eb997f23f52a13efde666b9120b090861a04fab0f52e64f7f,3fc89a4dbfb84c58770707d0f98be4afb5cb8223f754c3843697919e0f7eddad,results/training_seed_robustness/configs/sensor_seed2028_calibration.json,e19df77cd05faf70ed73b8811d55298239e5c8bcafe5164c5151877abf721e40,results/training_seed_robustness/configs/v3_seed2028_calibration.json,f7e875e89772bde559ca9a7f17d065def1eea478ef82cee9884133090f3a5e74,results/training_seed_robustness/configs/v3_seed2028_config.json,9aa43116030f881158b9d8b1ac4446fdfd7cbeeed4058817d2a8d2cbfaca6302,results/training_seed_robustness/configs/v3_seed2028_config.json,9aa43116030f881158b9d8b1ac4446fdfd7cbeeed4058817d2a8d2cbfaca6302,82253ac4cb2a068fab42fc381015af1ac2bb4919babec36af790c0896ca2469e,310f886193ca6bc1584f7e0985794efc32dd08535b1dfc4e1992a9dc88ba26c2,ffbadd2556bdcea56d9a1b3529109879bd1c2a7614941a516405ad3ce7a6b4bc,B_plain_MPC,parameter_variation,49027,49027,True,10.825581339511563,4.76739327883472,0.5525522273971499,,,,0,,0,0,0,,0,,0.0,0.0,0,0,6.0,1.0,0.0,0.0,0.0,1.0,0.0,0.0,0.0,0.0,0.0,7843.186738145358,123.26492122677507,0,0,0,0,0,0,0,0,,0,0,0,235.74794049585583,0.0,0.0,0.0,0.0,235.80263801654124,29.805712500000027,29.805712500000027,,,,,,,,,0
2028,results/training_seed_robustness/model_pair_manifest.json,b1c4ac1db684249d4eccd46691fd1b8ad30c36bb3be56cc19a50a7581c189d5e,8c57a90ecbcc46bce14ffce41566365d871967aa090a0e39f98bbc71a7def024,c0330dc7af509e80d4f257fe7aa452e5633d34eb6e4322a2da35b2a5feebc0ee,9739d68ca44fd76eb997f23f52a13efde666b9120b090861a04fab0f52e64f7f,3fc89a4dbfb84c58770707d0f98be4afb5cb8223f754c3843697919e0f7eddad,results/training_seed_robustness/configs/sensor_seed2028_calibration.json,e19df77cd05faf70ed73b8811d55298239e5c8bcafe5164c5151877abf721e40,results/training_seed_robustness/configs/v3_seed2028_calibration.json,f7e875e89772bde559ca9a7f17d065def1eea478ef82cee9884133090f3a5e74,results/training_seed_robustness/configs/v3_seed2028_config.json,9aa43116030f881158b9d8b1ac4446fdfd7cbeeed4058817d2a8d2cbfaca6302,results/training_seed_robustness/configs/v3_seed2028_config.json,9aa43116030f881158b9d8b1ac4446fdfd7cbeeed4058817d2a8d2cbfaca6302,82253ac4cb2a068fab42fc381015af1ac2bb4919babec36af790c0896ca2469e,310f886193ca6bc1584f7e0985794efc32dd08535b1dfc4e1992a9dc88ba26c2,ffbadd2556bdcea56d9a1b3529109879bd1c2a7614941a516405ad3ce7a6b4bc,C3_arbitration_MPC,parameter_variation,49027,49027,True,12.269335951590215,8.852164563073103,7.631015817965337,,,,0,,1,0,0,,0,,5.05,0.8402662229617305,1,1,3.0,0.15973377703826955,0.0,0.8402662229617305,0.0,0.15973377703826955,0.0,0.8402662229617305,0.0,1.0,0.0,7749.5793327854,245.00798708812408,0,0,0,0,0,0,0,0,,0,0,0,142.52785619836393,1.020563511182838,0.023462306373509854,0.017972977643216877,1.0619987951995646,142.6013768595458,19.159775600000103,19.159775600000103,8.806642792787178,6.077047467698526,8.672144033579992,5.9685043925372625,8.672144033579992,5.9685043925372625,0.25348920903892846,0.1982137518450949,505
2028,results/training_seed_robustness/model_pair_manifest.json,b1c4ac1db684249d4eccd46691fd1b8ad30c36bb3be56cc19a50a7581c189d5e,8c57a90ecbcc46bce14ffce41566365d871967aa090a0e39f98bbc71a7def024,c0330dc7af509e80d4f257fe7aa452e5633d34eb6e4322a2da35b2a5feebc0ee,9739d68ca44fd76eb997f23f52a13efde666b9120b090861a04fab0f52e64f7f,3fc89a4dbfb84c58770707d0f98be4afb5cb8223f754c3843697919e0f7eddad,results/training_seed_robustness/configs/sensor_seed2028_calibration.json,e19df77cd05faf70ed73b8811d55298239e5c8bcafe5164c5151877abf721e40,results/training_seed_robustness/configs/v3_seed2028_calibration.json,f7e875e89772bde559ca9a7f17d065def1eea478ef82cee9884133090f3a5e74,results/training_seed_robustness/configs/v3_seed2028_config.json,9aa43116030f881158b9d8b1ac4446fdfd7cbeeed4058817d2a8d2cbfaca6302,results/training_seed_robustness/configs/v3_seed2028_config.json,9aa43116030f881158b9d8b1ac4446fdfd7cbeeed4058817d2a8d2cbfaca6302,82253ac4cb2a068fab42fc381015af1ac2bb4919babec36af790c0896ca2469e,310f886193ca6bc1584f7e0985794efc32dd08535b1dfc4e1992a9dc88ba26c2,ffbadd2556bdcea56d9a1b3529109879bd1c2a7614941a516405ad3ce7a6b4bc,B_plain_MPC,parameter_variation,49028,49028,True,10.826459179739128,4.808667737042109,0.6063289103730856,,,,0,,0,0,0,,0,,0.0,0.0,0,0,6.0,1.0,0.0,0.0,0.0,1.0,0.0,0.0,0.0,0.0,0.0,7924.553014159682,132.95499634917374,0,0,0,0,0,0,0,0,,0,0,0,220.39815785121226,0.0,0.0,0.0,0.0,220.44854793388413,27.905700199999956,27.905700199999956,,,,,,,,,0
2028,results/training_seed_robustness/model_pair_manifest.json,b1c4ac1db684249d4eccd46691fd1b8ad30c36bb3be56cc19a50a7581c189d5e,8c57a90ecbcc46bce14ffce41566365d871967aa090a0e39f98bbc71a7def024,c0330dc7af509e80d4f257fe7aa452e5633d34eb6e4322a2da35b2a5feebc0ee,9739d68ca44fd76eb997f23f52a13efde666b9120b090861a04fab0f52e64f7f,3fc89a4dbfb84c58770707d0f98be4afb5cb8223f754c3843697919e0f7eddad,results/training_seed_robustness/configs/sensor_seed2028_calibration.json,e19df77cd05faf70ed73b8811d55298239e5c8bcafe5164c5151877abf721e40,results/training_seed_robustness/configs/v3_seed2028_calibration.json,f7e875e89772bde559ca9a7f17d065def1eea478ef82cee9884133090f3a5e74,results/training_seed_robustness/configs/v3_seed2028_config.json,9aa43116030f881158b9d8b1ac4446fdfd7cbeeed4058817d2a8d2cbfaca6302,results/training_seed_robustness/configs/v3_seed2028_config.json,9aa43116030f881158b9d8b1ac4446fdfd7cbeeed4058817d2a8d2cbfaca6302,82253ac4cb2a068fab42fc381015af1ac2bb4919babec36af790c0896ca2469e,310f886193ca6bc1584f7e0985794efc32dd08535b1dfc4e1992a9dc88ba26c2,ffbadd2556bdcea56d9a1b3529109879bd1c2a7614941a516405ad3ce7a6b4bc,C3_arbitration_MPC,parameter_variation,49028,49028,True,10.826548918840738,4.81121970338359,0.6069058371564223,,,,0,,0,0,0,,0,,0.01,0.0016638935108153079,2,2,2.0,0.9983361064891847,0.0016638935108153079,0.0,0.0,0.9983361064891847,0.0016638935108153079,0.0,0.0,0.0,0.0,7926.857454373167,132.93952554856307,0,0,0,0,0,0,0,0,,0,0,0,202.76470991734078,0.9235108433794973,0.020858347674809156,0.01285387263825291,0.9572230636925593,202.81287933882092,26.267497599999842,26.267497599999842,0.15568739285745892,0.15568739285745892,0.013983388989458945,0.013983388989458945,0.15568739285745892,0.15568739285745892,0.7729540132628543,0.7729540132628543,1
2028,results/training_seed_robustness/model_pair_manifest.json,b1c4ac1db684249d4eccd46691fd1b8ad30c36bb3be56cc19a50a7581c189d5e,8c57a90ecbcc46bce14ffce41566365d871967aa090a0e39f98bbc71a7def024,c0330dc7af509e80d4f257fe7aa452e5633d34eb6e4322a2da35b2a5feebc0ee,9739d68ca44fd76eb997f23f52a13efde666b9120b090861a04fab0f52e64f7f,3fc89a4dbfb84c58770707d0f98be4afb5cb8223f754c3843697919e0f7eddad,results/training_seed_robustness/configs/sensor_seed2028_calibration.json,e19df77cd05faf70ed73b8811d55298239e5c8bcafe5164c5151877abf721e40,results/training_seed_robustness/configs/v3_seed2028_calibration.json,f7e875e89772bde559ca9a7f17d065def1eea478ef82cee9884133090f3a5e74,results/training_seed_robustness/configs/v3_seed2028_config.json,9aa43116030f881158b9d8b1ac4446fdfd7cbeeed4058817d2a8d2cbfaca6302,results/training_seed_robustness/configs/v3_seed2028_config.json,9aa43116030f881158b9d8b1ac4446fdfd7cbeeed4058817d2a8d2cbfaca6302,82253ac4cb2a068fab42fc381015af1ac2bb4919babec36af790c0896ca2469e,310f886193ca6bc1584f7e0985794efc32dd08535b1dfc4e1992a9dc88ba26c2,ffbadd2556bdcea56d9a1b3529109879bd1c2a7614941a516405ad3ce7a6b4bc,B_plain_MPC,parameter_variation,49029,49029,True,10.821511514473912,4.773860640091257,0.5601272637446053,,,,0,,0,0,0,,0,,0.0,0.0,0,0,6.0,1.0,0.0,0.0,0.0,1.0,0.0,0.0,0.0,0.0,0.0,7903.311114692726,143.6665543364049,0,0,0,0,0,0,0,0,,0,0,0,203.07470578515773,0.0,0.0,0.0,0.0,203.1207595041376,25.675893200000246,25.675893200000246,,,,,,,,,0
2028,results/training_seed_robustness/model_pair_manifest.json,b1c4ac1db684249d4eccd46691fd1b8ad30c36bb3be56cc19a50a7581c189d5e,8c57a90ecbcc46bce14ffce41566365d871967aa090a0e39f98bbc71a7def024,c0330dc7af509e80d4f257fe7aa452e5633d34eb6e4322a2da35b2a5feebc0ee,9739d68ca44fd76eb997f23f52a13efde666b9120b090861a04fab0f52e64f7f,3fc89a4dbfb84c58770707d0f98be4afb5cb8223f754c3843697919e0f7eddad,results/training_seed_robustness/configs/sensor_seed2028_calibration.json,e19df77cd05faf70ed73b8811d55298239e5c8bcafe5164c5151877abf721e40,results/training_seed_robustness/configs/v3_seed2028_calibration.json,f7e875e89772bde559ca9a7f17d065def1eea478ef82cee9884133090f3a5e74,results/training_seed_robustness/configs/v3_seed2028_config.json,9aa43116030f881158b9d8b1ac4446fdfd7cbeeed4058817d2a8d2cbfaca6302,results/training_seed_robustness/configs/v3_seed2028_config.json,9aa43116030f881158b9d8b1ac4446fdfd7cbeeed4058817d2a8d2cbfaca6302,82253ac4cb2a068fab42fc381015af1ac2bb4919babec36af790c0896ca2469e,310f886193ca6bc1584f7e0985794efc32dd08535b1dfc4e1992a9dc88ba26c2,ffbadd2556bdcea56d9a1b3529109879bd1c2a7614941a516405ad3ce7a6b4bc,C3_arbitration_MPC,parameter_variation,49029,49029,True,12.269335951757352,8.852164563184017,7.6310158181796295,,,,0,,1,0,0,,0,,5.01,0.8336106489184693,1,1,3.0,0.16638935108153077,0.0,0.8336106489184693,0.0,0.16638935108153077,0.0,0.8336106489184693,0.0,1.0,0.0,7749.579332564247,245.0079870865002,0,0,0,0,0,0,0,0,,0,0,0,127.52621900825048,0.9623951807259365,0.021558347676348722,0.016777969019620947,1.0007314974219061,127.5912917355211,17.234781099999964,17.234781099999964,8.817331986174622,6.067363661536851,8.683098366040262,5.958924079942339,8.683098366040262,5.958924079942339,0.24301671933376556,0.18990244099658873,501
2028,results/training_seed_robustness/model_pair_manifest.json,b1c4ac1db684249d4eccd46691fd1b8ad30c36bb3be56cc19a50a7581c189d5e,8c57a90ecbcc46bce14ffce41566365d871967aa090a0e39f98bbc71a7def024,c0330dc7af509e80d4f257fe7aa452e5633d34eb6e4322a2da35b2a5feebc0ee,9739d68ca44fd76eb997f23f52a13efde666b9120b090861a04fab0f52e64f7f,3fc89a4dbfb84c58770707d0f98be4afb5cb8223f754c3843697919e0f7eddad,results/training_seed_robustness/configs/sensor_seed2028_calibration.json,e19df77cd05faf70ed73b8811d55298239e5c8bcafe5164c5151877abf721e40,results/training_seed_robustness/configs/v3_seed2028_calibration.json,f7e875e89772bde559ca9a7f17d065def1eea478ef82cee9884133090f3a5e74,results/training_seed_robustness/configs/v3_seed2028_config.json,9aa43116030f881158b9d8b1ac4446fdfd7cbeeed4058817d2a8d2cbfaca6302,results/training_seed_robustness/configs/v3_seed2028_config.json,9aa43116030f881158b9d8b1ac4446fdfd7cbeeed4058817d2a8d2cbfaca6302,82253ac4cb2a068fab42fc381015af1ac2bb4919babec36af790c0896ca2469e,310f886193ca6bc1584f7e0985794efc32dd08535b1dfc4e1992a9dc88ba26c2,ffbadd2556bdcea56d9a1b3529109879bd1c2a7614941a516405ad3ce7a6b4bc,B_plain_MPC,parameter_variation,49030,49030,True,10.827338115102945,4.82557909432553,0.6203688595561672,,,,0,,0,0,0,,0,,0.0,0.0,0,0,6.0,1.0,0.0,0.0,0.0,1.0,0.0,0.0,0.0,0.0,0.0,7948.802139231266,145.02513898959415,0,0,0,0,0,0,0,0,,0,0,0,187.21827603305113,0.0,0.0,0.0,0.0,187.26285950411273,23.713455000000067,23.713455000000067,,,,,,,,,0
2028,results/training_seed_robustness/model_pair_manifest.json,b1c4ac1db684249d4eccd46691fd1b8ad30c36bb3be56cc19a50a7581c189d5e,8c57a90ecbcc46bce14ffce41566365d871967aa090a0e39f98bbc71a7def024,c0330dc7af509e80d4f257fe7aa452e5633d34eb6e4322a2da35b2a5feebc0ee,9739d68ca44fd76eb997f23f52a13efde666b9120b090861a04fab0f52e64f7f,3fc89a4dbfb84c58770707d0f98be4afb5cb8223f754c3843697919e0f7eddad,results/training_seed_robustness/configs/sensor_seed2028_calibration.json,e19df77cd05faf70ed73b8811d55298239e5c8bcafe5164c5151877abf721e40,results/training_seed_robustness/configs/v3_seed2028_calibration.json,f7e875e89772bde559ca9a7f17d065def1eea478ef82cee9884133090f3a5e74,results/training_seed_robustness/configs/v3_seed2028_config.json,9aa43116030f881158b9d8b1ac4446fdfd7cbeeed4058817d2a8d2cbfaca6302,results/training_seed_robustness/configs/v3_seed2028_config.json,9aa43116030f881158b9d8b1ac4446fdfd7cbeeed4058817d2a8d2cbfaca6302,82253ac4cb2a068fab42fc381015af1ac2bb4919babec36af790c0896ca2469e,310f886193ca6bc1584f7e0985794efc32dd08535b1dfc4e1992a9dc88ba26c2,ffbadd2556bdcea56d9a1b3529109879bd1c2a7614941a516405ad3ce7a6b4bc,C3_arbitration_MPC,parameter_variation,49030,49030,True,10.827338115102945,4.82557909432553,0.6203688595561672,,,,0,,0,0,0,,0,,0.01,0.0016638935108153079,2,2,2.0,0.9983361064891847,0.0016638935108153079,0.0,0.0,0.9983361064891847,0.0016638935108153079,0.0,0.0,0.0,0.0,7948.802139231266,145.02513898959415,0,0,0,0,0,0,0,0,,0,0,0,163.8969090909086,0.7119552495626141,0.016542685029663,0.009546127360137905,0.738044061952415,163.93804958676833,21.19100490000028,21.19100490000028,0.14445672170212687,0.14445672170212687,1.8752607031328945,1.8752607031328945,0.14445672170212687,0.14445672170212687,1.1763218289072959,1.1763218289072959,1
2028,results/training_seed_robustness/model_pair_manifest.json,b1c4ac1db684249d4eccd46691fd1b8ad30c36bb3be56cc19a50a7581c189d5e,8c57a90ecbcc46bce14ffce41566365d871967aa090a0e39f98bbc71a7def024,c0330dc7af509e80d4f257fe7aa452e5633d34eb6e4322a2da35b2a5feebc0ee,9739d68ca44fd76eb997f23f52a13efde666b9120b090861a04fab0f52e64f7f,3fc89a4dbfb84c58770707d0f98be4afb5cb8223f754c3843697919e0f7eddad,results/training_seed_robustness/configs/sensor_seed2028_calibration.json,e19df77cd05faf70ed73b8811d55298239e5c8bcafe5164c5151877abf721e40,results/training_seed_robustness/configs/v3_seed2028_calibration.json,f7e875e89772bde559ca9a7f17d065def1eea478ef82cee9884133090f3a5e74,results/training_seed_robustness/configs/v3_seed2028_config.json,9aa43116030f881158b9d8b1ac4446fdfd7cbeeed4058817d2a8d2cbfaca6302,results/training_seed_robustness/configs/v3_seed2028_config.json,9aa43116030f881158b9d8b1ac4446fdfd7cbeeed4058817d2a8d2cbfaca6302,82253ac4cb2a068fab42fc381015af1ac2bb4919babec36af790c0896ca2469e,310f886193ca6bc1584f7e0985794efc32dd08535b1dfc4e1992a9dc88ba26c2,ffbadd2556bdcea56d9a1b3529109879bd1c2a7614941a516405ad3ce7a6b4bc,B_plain_MPC,sensor_bias_5,49026,49026,True,10.942548489873213,5.464662602658345,2.7903458340592744,,False,,0,,0,0,0,,0,,0.0,0.0,0,0,6.0,1.0,0.0,0.0,0.0,1.0,0.0,0.0,0.0,0.0,0.0,6520.624280698003,209.23495120361517,0,0,0,0,0,0,0,0,,0,0,0,226.26357355369885,0.0,0.0,0.0,0.0,226.31990165288795,28.74231869999994,28.74231869999994,,,,,,,,,0
2028,results/training_seed_robustness/model_pair_manifest.json,b1c4ac1db684249d4eccd46691fd1b8ad30c36bb3be56cc19a50a7581c189d5e,8c57a90ecbcc46bce14ffce41566365d871967aa090a0e39f98bbc71a7def024,c0330dc7af509e80d4f257fe7aa452e5633d34eb6e4322a2da35b2a5feebc0ee,9739d68ca44fd76eb997f23f52a13efde666b9120b090861a04fab0f52e64f7f,3fc89a4dbfb84c58770707d0f98be4afb5cb8223f754c3843697919e0f7eddad,results/training_seed_robustness/configs/sensor_seed2028_calibration.json,e19df77cd05faf70ed73b8811d55298239e5c8bcafe5164c5151877abf721e40,results/training_seed_robustness/configs/v3_seed2028_calibration.json,f7e875e89772bde559ca9a7f17d065def1eea478ef82cee9884133090f3a5e74,results/training_seed_robustness/configs/v3_seed2028_config.json,9aa43116030f881158b9d8b1ac4446fdfd7cbeeed4058817d2a8d2cbfaca6302,results/training_seed_robustness/configs/v3_seed2028_config.json,9aa43116030f881158b9d8b1ac4446fdfd7cbeeed4058817d2a8d2cbfaca6302,82253ac4cb2a068fab42fc381015af1ac2bb4919babec36af790c0896ca2469e,310f886193ca6bc1584f7e0985794efc32dd08535b1dfc4e1992a9dc88ba26c2,ffbadd2556bdcea56d9a1b3529109879bd1c2a7614941a516405ad3ce7a6b4bc,C3_arbitration_MPC,sensor_bias_5,49026,49026,True,10.845881592340506,5.108232809790488,0.7978609683737015,0.020000000000000018,True,2.02,1,,1,0,0,,0,False,4.01,0.6672212978369384,1,1,3.0,0.33277870216306155,0.6672212978369384,0.0,0.0,0.33277870216306155,0.6672212978369384,0.0,0.0,0.0,0.0,6395.34270153172,89.65152432255604,0,0,0,0,0,0,0,0,,0,0,0,129.72280578510473,1.0587667814304171,0.02462185885960684,0.018572633390952255,1.101961273680976,129.7953760330762,17.703583499999695,17.703583499999695,1.0879467705881898,1.0176158128338766,0.4135158273699667,0.35129009358634605,1.0879467705881898,1.0176158128338766,2.3024602562885375,1.7194843251948875,401
2028,results/training_seed_robustness/model_pair_manifest.json,b1c4ac1db684249d4eccd46691fd1b8ad30c36bb3be56cc19a50a7581c189d5e,8c57a90ecbcc46bce14ffce41566365d871967aa090a0e39f98bbc71a7def024,c0330dc7af509e80d4f257fe7aa452e5633d34eb6e4322a2da35b2a5feebc0ee,9739d68ca44fd76eb997f23f52a13efde666b9120b090861a04fab0f52e64f7f,3fc89a4dbfb84c58770707d0f98be4afb5cb8223f754c3843697919e0f7eddad,results/training_seed_robustness/configs/sensor_seed2028_calibration.json,e19df77cd05faf70ed73b8811d55298239e5c8bcafe5164c5151877abf721e40,results/training_seed_robustness/configs/v3_seed2028_calibration.json,f7e875e89772bde559ca9a7f17d065def1eea478ef82cee9884133090f3a5e74,results/training_seed_robustness/configs/v3_seed2028_config.json,9aa43116030f881158b9d8b1ac4446fdfd7cbeeed4058817d2a8d2cbfaca6302,results/training_seed_robustness/configs/v3_seed2028_config.json,9aa43116030f881158b9d8b1ac4446fdfd7cbeeed4058817d2a8d2cbfaca6302,82253ac4cb2a068fab42fc381015af1ac2bb4919babec36af790c0896ca2469e,310f886193ca6bc1584f7e0985794efc32dd08535b1dfc4e1992a9dc88ba26c2,ffbadd2556bdcea56d9a1b3529109879bd1c2a7614941a516405ad3ce7a6b4bc,B_plain_MPC,sensor_bias_5,49027,49027,True,10.959209514262398,5.544293333559426,2.853676341024326,,False,,0,,0,0,0,,0,,0.0,0.0,0,0,6.0,1.0,0.0,0.0,0.0,1.0,0.0,0.0,0.0,0.0,0.0,6607.791198003236,212.14202686998485,0,0,0,0,0,0,0,0,,0,0,0,214.44996033061358,0.0,0.0,0.0,0.0,214.50803966942755,27.365418299999874,27.365418299999874,,,,,,,,,0
2028,results/training_seed_robustness/model_pair_manifest.json,b1c4ac1db684249d4eccd46691fd1b8ad30c36bb3be56cc19a50a7581c189d5e,8c57a90ecbcc46bce14ffce41566365d871967aa090a0e39f98bbc71a7def024,c0330dc7af509e80d4f257fe7aa452e5633d34eb6e4322a2da35b2a5feebc0ee,9739d68ca44fd76eb997f23f52a13efde666b9120b090861a04fab0f52e64f7f,3fc89a4dbfb84c58770707d0f98be4afb5cb8223f754c3843697919e0f7eddad,results/training_seed_robustness/configs/sensor_seed2028_calibration.json,e19df77cd05faf70ed73b8811d55298239e5c8bcafe5164c5151877abf721e40,results/training_seed_robustness/configs/v3_seed2028_calibration.json,f7e875e89772bde559ca9a7f17d065def1eea478ef82cee9884133090f3a5e74,results/training_seed_robustness/configs/v3_seed2028_config.json,9aa43116030f881158b9d8b1ac4446fdfd7cbeeed4058817d2a8d2cbfaca6302,results/training_seed_robustness/configs/v3_seed2028_config.json,9aa43116030f881158b9d8b1ac4446fdfd7cbeeed4058817d2a8d2cbfaca6302,82253ac4cb2a068fab42fc381015af1ac2bb4919babec36af790c0896ca2469e,310f886193ca6bc1584f7e0985794efc32dd08535b1dfc4e1992a9dc88ba26c2,ffbadd2556bdcea56d9a1b3529109879bd1c2a7614941a516405ad3ce7a6b4bc,C3_arbitration_MPC,sensor_bias_5,49027,49027,True,11.130987953943125,6.248087915108975,2.347964495352877,,False,,0,,1,0,0,,0,False,5.05,0.8402662229617305,1,1,3.0,0.15973377703826955,0.0,0.8402662229617305,0.0,0.15973377703826955,0.0,0.8402662229617305,0.0,1.0,0.0,8161.491992554236,235.9825476584634,0,0,0,0,0,0,0,0,,0,0,0,158.17618264461564,1.0511530120502341,0.024979690185041686,0.01970722892603743,1.0958399311613132,158.2483462810062,21.131913499999882,21.131913499999882,2.1922285526800316,1.4476271488954258,2.088520279613722,1.3542162955918224,2.088520279613722,1.3542162955918224,2.0666751078611396,1.4076136371195478,505
2028,results/training_seed_robustness/model_pair_manifest.json,b1c4ac1db684249d4eccd46691fd1b8ad30c36bb3be56cc19a50a7581c189d5e,8c57a90ecbcc46bce14ffce41566365d871967aa090a0e39f98bbc71a7def024,c0330dc7af509e80d4f257fe7aa452e5633d34eb6e4322a2da35b2a5feebc0ee,9739d68ca44fd76eb997f23f52a13efde666b9120b090861a04fab0f52e64f7f,3fc89a4dbfb84c58770707d0f98be4afb5cb8223f754c3843697919e0f7eddad,results/training_seed_robustness/configs/sensor_seed2028_calibration.json,e19df77cd05faf70ed73b8811d55298239e5c8bcafe5164c5151877abf721e40,results/training_seed_robustness/configs/v3_seed2028_calibration.json,f7e875e89772bde559ca9a7f17d065def1eea478ef82cee9884133090f3a5e74,results/training_seed_robustness/configs/v3_seed2028_config.json,9aa43116030f881158b9d8b1ac4446fdfd7cbeeed4058817d2a8d2cbfaca6302,results/training_seed_robustness/configs/v3_seed2028_config.json,9aa43116030f881158b9d8b1ac4446fdfd7cbeeed4058817d2a8d2cbfaca6302,82253ac4cb2a068fab42fc381015af1ac2bb4919babec36af790c0896ca2469e,310f886193ca6bc1584f7e0985794efc32dd08535b1dfc4e1992a9dc88ba26c2,ffbadd2556bdcea56d9a1b3529109879bd1c2a7614941a516405ad3ce7a6b4bc,B_plain_MPC,sensor_bias_5,49028,49028,True,10.956554032541614,5.512531458162349,2.84379401941829,,False,,0,,0,0,0,,0,,0.0,0.0,0,0,6.0,1.0,0.0,0.0,0.0,1.0,0.0,0.0,0.0,0.0,0.0,6542.906112494112,190.24569949637507,0,0,0,0,0,0,0,0,,0,0,0,212.9938859504161,0.0,0.0,0.0,0.0,213.04361983470886,27.0332798000004,27.0332798000004,,,,,,,,,0
2028,results/training_seed_robustness/model_pair_manifest.json,b1c4ac1db684249d4eccd46691fd1b8ad30c36bb3be56cc19a50a7581c189d5e,8c57a90ecbcc46bce14ffce41566365d871967aa090a0e39f98bbc71a7def024,c0330dc7af509e80d4f257fe7aa452e5633d34eb6e4322a2da35b2a5feebc0ee,9739d68ca44fd76eb997f23f52a13efde666b9120b090861a04fab0f52e64f7f,3fc89a4dbfb84c58770707d0f98be4afb5cb8223f754c3843697919e0f7eddad,results/training_seed_robustness/configs/sensor_seed2028_calibration.json,e19df77cd05faf70ed73b8811d55298239e5c8bcafe5164c5151877abf721e40,results/training_seed_robustness/configs/v3_seed2028_calibration.json,f7e875e89772bde559ca9a7f17d065def1eea478ef82cee9884133090f3a5e74,results/training_seed_robustness/configs/v3_seed2028_config.json,9aa43116030f881158b9d8b1ac4446fdfd7cbeeed4058817d2a8d2cbfaca6302,results/training_seed_robustness/configs/v3_seed2028_config.json,9aa43116030f881158b9d8b1ac4446fdfd7cbeeed4058817d2a8d2cbfaca6302,82253ac4cb2a068fab42fc381015af1ac2bb4919babec36af790c0896ca2469e,310f886193ca6bc1584f7e0985794efc32dd08535b1dfc4e1992a9dc88ba26c2,ffbadd2556bdcea56d9a1b3529109879bd1c2a7614941a516405ad3ce7a6b4bc,C3_arbitration_MPC,sensor_bias_5,49028,49028,True,10.856856002832775,5.188705811392106,0.9063334137074082,0.020000000000000018,True,2.02,1,,1,0,0,,0,False,4.01,0.6672212978369384,1,1,3.0,0.33277870216306155,0.6672212978369384,0.0,0.0,0.33277870216306155,0.6672212978369384,0.0,0.0,0.0,0.0,6464.1343525108,94.2301925662377,0,0,0,0,0,0,0,0,,0,0,0,135.37969421490328,1.0411304647152344,0.022779345961057493,0.017538209985059516,1.0814480206613513,135.44779256197532,18.32319899999993,18.32319899999993,1.1337321712607396,1.0769916900755154,0.4332747620530317,0.36627532864731244,1.1337321712607396,1.0769916900755154,2.3329210599343324,1.7336324932523135,401
2028,results/training_seed_robustness/model_pair_manifest.json,b1c4ac1db684249d4eccd46691fd1b8ad30c36bb3be56cc19a50a7581c189d5e,8c57a90ecbcc46bce14ffce41566365d871967aa090a0e39f98bbc71a7def024,c0330dc7af509e80d4f257fe7aa452e5633d34eb6e4322a2da35b2a5feebc0ee,9739d68ca44fd76eb997f23f52a13efde666b9120b090861a04fab0f52e64f7f,3fc89a4dbfb84c58770707d0f98be4afb5cb8223f754c3843697919e0f7eddad,results/training_seed_robustness/configs/sensor_seed2028_calibration.json,e19df77cd05faf70ed73b8811d55298239e5c8bcafe5164c5151877abf721e40,results/training_seed_robustness/configs/v3_seed2028_calibration.json,f7e875e89772bde559ca9a7f17d065def1eea478ef82cee9884133090f3a5e74,results/training_seed_robustness/configs/v3_seed2028_config.json,9aa43116030f881158b9d8b1ac4446fdfd7cbeeed4058817d2a8d2cbfaca6302,results/training_seed_robustness/configs/v3_seed2028_config.json,9aa43116030f881158b9d8b1ac4446fdfd7cbeeed4058817d2a8d2cbfaca6302,82253ac4cb2a068fab42fc381015af1ac2bb4919babec36af790c0896ca2469e,310f886193ca6bc1584f7e0985794efc32dd08535b1dfc4e1992a9dc88ba26c2,ffbadd2556bdcea56d9a1b3529109879bd1c2a7614941a516405ad3ce7a6b4bc,B_plain_MPC,sensor_bias_5,49029,49029,True,10.944813121921754,5.48702914820905,2.7391403608679736,,False,,0,,0,0,0,,0,,0.0,0.0,0,0,6.0,1.0,0.0,0.0,0.0,1.0,0.0,0.0,0.0,0.0,0.0,6731.438373702939,227.71378688560486,0,0,0,0,0,0,0,0,,0,0,0,223.9233818181486,0.0,0.0,0.0,0.0,223.97855619832745,28.41985889999978,28.41985889999978,,,,,,,,,0
2028,results/training_seed_robustness/model_pair_manifest.json,b1c4ac1db684249d4eccd46691fd1b8ad30c36bb3be56cc19a50a7581c189d5e,8c57a90ecbcc46bce14ffce41566365d871967aa090a0e39f98bbc71a7def024,c0330dc7af509e80d4f257fe7aa452e5633d34eb6e4322a2da35b2a5feebc0ee,9739d68ca44fd76eb997f23f52a13efde666b9120b090861a04fab0f52e64f7f,3fc89a4dbfb84c58770707d0f98be4afb5cb8223f754c3843697919e0f7eddad,results/training_seed_robustness/configs/sensor_seed2028_calibration.json,e19df77cd05faf70ed73b8811d55298239e5c8bcafe5164c5151877abf721e40,results/training_seed_robustness/configs/v3_seed2028_calibration.json,f7e875e89772bde559ca9a7f17d065def1eea478ef82cee9884133090f3a5e74,results/training_seed_robustness/configs/v3_seed2028_config.json,9aa43116030f881158b9d8b1ac4446fdfd7cbeeed4058817d2a8d2cbfaca6302,results/training_seed_robustness/configs/v3_seed2028_config.json,9aa43116030f881158b9d8b1ac4446fdfd7cbeeed4058817d2a8d2cbfaca6302,82253ac4cb2a068fab42fc381015af1ac2bb4919babec36af790c0896ca2469e,310f886193ca6bc1584f7e0985794efc32dd08535b1dfc4e1992a9dc88ba26c2,ffbadd2556bdcea56d9a1b3529109879bd1c2a7614941a516405ad3ce7a6b4bc,C3_arbitration_MPC,sensor_bias_5,49029,49029,True,11.130987954058519,6.248087915119032,2.3479644955120706,,False,,0,,1,0,0,,0,False,5.01,0.8336106489184693,1,1,3.0,0.16638935108153077,0.0,0.8336106489184693,0.0,0.16638935108153077,0.0,0.8336106489184693,0.0,1.0,0.0,8161.4919923330835,235.98254765683947,0,0,0,0,0,0,0,0,,0,0,0,156.11712809917782,1.0515001721170107,0.024335800350828087,0.019191910505375498,1.0950278829732145,156.1917396694065,20.87352550000014,20.87352550000014,2.1008105731093125,1.4009819030039656,1.996599602925809,1.3077953594047944,1.996599602925809,1.3077953594047944,2.0844308676808097,1.4166871625538053,501
2028,results/training_seed_robustness/model_pair_manifest.json,b1c4ac1db684249d4eccd46691fd1b8ad30c36bb3be56cc19a50a7581c189d5e,8c57a90ecbcc46bce14ffce41566365d871967aa090a0e39f98bbc71a7def024,c0330dc7af509e80d4f257fe7aa452e5633d34eb6e4322a2da35b2a5feebc0ee,9739d68ca44fd76eb997f23f52a13efde666b9120b090861a04fab0f52e64f7f,3fc89a4dbfb84c58770707d0f98be4afb5cb8223f754c3843697919e0f7eddad,results/training_seed_robustness/configs/sensor_seed2028_calibration.json,e19df77cd05faf70ed73b8811d55298239e5c8bcafe5164c5151877abf721e40,results/training_seed_robustness/configs/v3_seed2028_calibration.json,f7e875e89772bde559ca9a7f17d065def1eea478ef82cee9884133090f3a5e74,results/training_seed_robustness/configs/v3_seed2028_config.json,9aa43116030f881158b9d8b1ac4446fdfd7cbeeed4058817d2a8d2cbfaca6302,results/training_seed_robustness/configs/v3_seed2028_config.json,9aa43116030f881158b9d8b1ac4446fdfd7cbeeed4058817d2a8d2cbfaca6302,82253ac4cb2a068fab42fc381015af1ac2bb4919babec36af790c0896ca2469e,310f886193ca6bc1584f7e0985794efc32dd08535b1dfc4e1992a9dc88ba26c2,ffbadd2556bdcea56d9a1b3529109879bd1c2a7614941a516405ad3ce7a6b4bc,B_plain_MPC,sensor_bias_5,49030,49030,True,10.953434811548693,5.507518876391955,2.8070836552966325,,False,,0,,0,0,0,,0,,0.0,0.0,0,0,6.0,1.0,0.0,0.0,0.0,1.0,0.0,0.0,0.0,0.0,0.0,6651.470819754079,216.7860685103082,0,0,0,0,0,0,0,0,,0,0,0,213.2987561983348,0.0,0.0,0.0,0.0,213.34915619835488,27.03091409999979,27.03091409999979,,,,,,,,,0
2028,results/training_seed_robustness/model_pair_manifest.json,b1c4ac1db684249d4eccd46691fd1b8ad30c36bb3be56cc19a50a7581c189d5e,8c57a90ecbcc46bce14ffce41566365d871967aa090a0e39f98bbc71a7def024,c0330dc7af509e80d4f257fe7aa452e5633d34eb6e4322a2da35b2a5feebc0ee,9739d68ca44fd76eb997f23f52a13efde666b9120b090861a04fab0f52e64f7f,3fc89a4dbfb84c58770707d0f98be4afb5cb8223f754c3843697919e0f7eddad,results/training_seed_robustness/configs/sensor_seed2028_calibration.json,e19df77cd05faf70ed73b8811d55298239e5c8bcafe5164c5151877abf721e40,results/training_seed_robustness/configs/v3_seed2028_calibration.json,f7e875e89772bde559ca9a7f17d065def1eea478ef82cee9884133090f3a5e74,results/training_seed_robustness/configs/v3_seed2028_config.json,9aa43116030f881158b9d8b1ac4446fdfd7cbeeed4058817d2a8d2cbfaca6302,results/training_seed_robustness/configs/v3_seed2028_config.json,9aa43116030f881158b9d8b1ac4446fdfd7cbeeed4058817d2a8d2cbfaca6302,82253ac4cb2a068fab42fc381015af1ac2bb4919babec36af790c0896ca2469e,310f886193ca6bc1584f7e0985794efc32dd08535b1dfc4e1992a9dc88ba26c2,ffbadd2556bdcea56d9a1b3529109879bd1c2a7614941a516405ad3ce7a6b4bc,C3_arbitration_MPC,sensor_bias_5,49030,49030,True,10.856000728233727,5.173828410255381,0.8803740338739814,0.020000000000000018,True,2.02,1,,1,0,0,,0,False,4.0200000000000005,0.6688851913477537,3,3,1.5,0.33111480865224624,0.6688851913477537,0.0,0.0,0.33111480865224624,0.6688851913477537,0.0,0.0,0.0,0.0,6467.293720437026,96.39161371309869,0,0,0,0,0,0,0,0,,0,0,0,136.80038099170838,1.034983993112121,0.022726161798640152,0.01720223752103369,1.0749123924317947,136.8691148760556,18.50075390000029,18.50075390000029,1.1066327896368178,1.040904043941275,0.4455519219038828,0.37068208869017494,1.1066327896368178,1.040904043941275,2.329421176931127,1.727823633314321,402
2028,results/training_seed_robustness/model_pair_manifest.json,b1c4ac1db684249d4eccd46691fd1b8ad30c36bb3be56cc19a50a7581c189d5e,8c57a90ecbcc46bce14ffce41566365d871967aa090a0e39f98bbc71a7def024,c0330dc7af509e80d4f257fe7aa452e5633d34eb6e4322a2da35b2a5feebc0ee,9739d68ca44fd76eb997f23f52a13efde666b9120b090861a04fab0f52e64f7f,3fc89a4dbfb84c58770707d0f98be4afb5cb8223f754c3843697919e0f7eddad,results/training_seed_robustness/configs/sensor_seed2028_calibration.json,e19df77cd05faf70ed73b8811d55298239e5c8bcafe5164c5151877abf721e40,results/training_seed_robustness/configs/v3_seed2028_calibration.json,f7e875e89772bde559ca9a7f17d065def1eea478ef82cee9884133090f3a5e74,results/training_seed_robustness/configs/v3_seed2028_config.json,9aa43116030f881158b9d8b1ac4446fdfd7cbeeed4058817d2a8d2cbfaca6302,results/training_seed_robustness/configs/v3_seed2028_config.json,9aa43116030f881158b9d8b1ac4446fdfd7cbeeed4058817d2a8d2cbfaca6302,82253ac4cb2a068fab42fc381015af1ac2bb4919babec36af790c0896ca2469e,310f886193ca6bc1584f7e0985794efc32dd08535b1dfc4e1992a9dc88ba26c2,ffbadd2556bdcea56d9a1b3529109879bd1c2a7614941a516405ad3ce7a6b4bc,B_plain_MPC,sensor_dropout,49026,49026,True,20.45921877122532,16.04669498100331,21.053801946088807,,False,,0,,0,0,0,,0,,0.0,0.0,0,0,6.0,1.0,0.0,0.0,0.0,1.0,0.0,0.0,0.0,0.0,0.0,10965.577154918485,159.71522540544478,0,0,0,0,0,0,0,0,,0,0,0,122.21012479337956,0.0,0.0,0.0,0.0,122.26736363636368,16.104832200000146,16.104832200000146,,,,,,,,,0
2028,results/training_seed_robustness/model_pair_manifest.json,b1c4ac1db684249d4eccd46691fd1b8ad30c36bb3be56cc19a50a7581c189d5e,8c57a90ecbcc46bce14ffce41566365d871967aa090a0e39f98bbc71a7def024,c0330dc7af509e80d4f257fe7aa452e5633d34eb6e4322a2da35b2a5feebc0ee,9739d68ca44fd76eb997f23f52a13efde666b9120b090861a04fab0f52e64f7f,3fc89a4dbfb84c58770707d0f98be4afb5cb8223f754c3843697919e0f7eddad,results/training_seed_robustness/configs/sensor_seed2028_calibration.json,e19df77cd05faf70ed73b8811d55298239e5c8bcafe5164c5151877abf721e40,results/training_seed_robustness/configs/v3_seed2028_calibration.json,f7e875e89772bde559ca9a7f17d065def1eea478ef82cee9884133090f3a5e74,results/training_seed_robustness/configs/v3_seed2028_config.json,9aa43116030f881158b9d8b1ac4446fdfd7cbeeed4058817d2a8d2cbfaca6302,results/training_seed_robustness/configs/v3_seed2028_config.json,9aa43116030f881158b9d8b1ac4446fdfd7cbeeed4058817d2a8d2cbfaca6302,82253ac4cb2a068fab42fc381015af1ac2bb4919babec36af790c0896ca2469e,310f886193ca6bc1584f7e0985794efc32dd08535b1dfc4e1992a9dc88ba26c2,ffbadd2556bdcea56d9a1b3529109879bd1c2a7614941a516405ad3ce7a6b4bc,C3_arbitration_MPC,sensor_dropout,49026,49026,True,10.845881592340506,5.108232809790488,0.7978609683737015,0.020000000000000018,True,2.02,1,,1,0,0,,0,False,4.01,0.6672212978369384,1,1,3.0,0.33277870216306155,0.6672212978369384,0.0,0.0,0.33277870216306155,0.6672212978369384,0.0,0.0,0.0,0.0,6395.34270153172,89.65152432255604,0,0,0,0,0,0,0,0,,0,0,0,127.54779669423128,0.9300173838215514,0.02172994837610453,0.016267297756844143,0.9680146299545002,127.61251652894369,17.17874269999993,17.17874269999993,1.0879467705881898,1.0176158128338766,0.4135158273699667,0.35129009358634605,1.0879467705881898,1.0176158128338766,25.23711499541682,17.92548416936535,401
2028,results/training_seed_robustness/model_pair_manifest.json,b1c4ac1db684249d4eccd46691fd1b8ad30c36bb3be56cc19a50a7581c189d5e,8c57a90ecbcc46bce14ffce41566365d871967aa090a0e39f98bbc71a7def024,c0330dc7af509e80d4f257fe7aa452e5633d34eb6e4322a2da35b2a5feebc0ee,9739d68ca44fd76eb997f23f52a13efde666b9120b090861a04fab0f52e64f7f,3fc89a4dbfb84c58770707d0f98be4afb5cb8223f754c3843697919e0f7eddad,results/training_seed_robustness/configs/sensor_seed2028_calibration.json,e19df77cd05faf70ed73b8811d55298239e5c8bcafe5164c5151877abf721e40,results/training_seed_robustness/configs/v3_seed2028_calibration.json,f7e875e89772bde559ca9a7f17d065def1eea478ef82cee9884133090f3a5e74,results/training_seed_robustness/configs/v3_seed2028_config.json,9aa43116030f881158b9d8b1ac4446fdfd7cbeeed4058817d2a8d2cbfaca6302,results/training_seed_robustness/configs/v3_seed2028_config.json,9aa43116030f881158b9d8b1ac4446fdfd7cbeeed4058817d2a8d2cbfaca6302,82253ac4cb2a068fab42fc381015af1ac2bb4919babec36af790c0896ca2469e,310f886193ca6bc1584f7e0985794efc32dd08535b1dfc4e1992a9dc88ba26c2,ffbadd2556bdcea56d9a1b3529109879bd1c2a7614941a516405ad3ce7a6b4bc,B_plain_MPC,sensor_dropout,49027,49027,True,20.171049742649647,15.744883029527406,20.922589228514596,,False,,0,,0,0,0,,0,,0.0,0.0,0,0,6.0,1.0,0.0,0.0,0.0,1.0,0.0,0.0,0.0,0.0,0.0,10829.274814862245,153.95383245091418,0,0,0,0,0,0,0,0,,0,0,0,125.3090776859488,0.0,0.0,0.0,0.0,125.36627933884142,16.567997900000137,16.567997900000137,,,,,,,,,0
2028,results/training_seed_robustness/model_pair_manifest.json,b1c4ac1db684249d4eccd46691fd1b8ad30c36bb3be56cc19a50a7581c189d5e,8c57a90ecbcc46bce14ffce41566365d871967aa090a0e39f98bbc71a7def024,c0330dc7af509e80d4f257fe7aa452e5633d34eb6e4322a2da35b2a5feebc0ee,9739d68ca44fd76eb997f23f52a13efde666b9120b090861a04fab0f52e64f7f,3fc89a4dbfb84c58770707d0f98be4afb5cb8223f754c3843697919e0f7eddad,results/training_seed_robustness/configs/sensor_seed2028_calibration.json,e19df77cd05faf70ed73b8811d55298239e5c8bcafe5164c5151877abf721e40,results/training_seed_robustness/configs/v3_seed2028_calibration.json,f7e875e89772bde559ca9a7f17d065def1eea478ef82cee9884133090f3a5e74,results/training_seed_robustness/configs/v3_seed2028_config.json,9aa43116030f881158b9d8b1ac4446fdfd7cbeeed4058817d2a8d2cbfaca6302,results/training_seed_robustness/configs/v3_seed2028_config.json,9aa43116030f881158b9d8b1ac4446fdfd7cbeeed4058817d2a8d2cbfaca6302,82253ac4cb2a068fab42fc381015af1ac2bb4919babec36af790c0896ca2469e,310f886193ca6bc1584f7e0985794efc32dd08535b1dfc4e1992a9dc88ba26c2,ffbadd2556bdcea56d9a1b3529109879bd1c2a7614941a516405ad3ce7a6b4bc,C3_arbitration_MPC,sensor_dropout,49027,49027,True,11.130987953943125,6.248087915108975,2.347964495352877,,False,,0,,1,0,0,,0,False,5.05,0.8402662229617305,1,1,3.0,0.15973377703826955,0.0,0.8402662229617305,0.0,0.15973377703826955,0.0,0.8402662229617305,0.0,1.0,0.0,8161.491992554236,235.9825476584634,0,0,0,0,0,0,0,0,,0,0,0,156.07271900826387,1.0354318416474866,0.023526161793019935,0.01991962134683343,1.07887762478734,156.14509752064,20.83892109999988,20.83892109999988,2.1922285526800316,1.4476271488954258,2.088520279613722,1.3542162955918224,2.088520279613722,1.3542162955918224,21.963483418645215,13.907164078248785,505
2028,results/training_seed_robustness/model_pair_manifest.json,b1c4ac1db684249d4eccd46691fd1b8ad30c36bb3be56cc19a50a7581c189d5e,8c57a90ecbcc46bce14ffce41566365d871967aa090a0e39f98bbc71a7def024,c0330dc7af509e80d4f257fe7aa452e5633d34eb6e4322a2da35b2a5feebc0ee,9739d68ca44fd76eb997f23f52a13efde666b9120b090861a04fab0f52e64f7f,3fc89a4dbfb84c58770707d0f98be4afb5cb8223f754c3843697919e0f7eddad,results/training_seed_robustness/configs/sensor_seed2028_calibration.json,e19df77cd05faf70ed73b8811d55298239e5c8bcafe5164c5151877abf721e40,results/training_seed_robustness/configs/v3_seed2028_calibration.json,f7e875e89772bde559ca9a7f17d065def1eea478ef82cee9884133090f3a5e74,results/training_seed_robustness/configs/v3_seed2028_config.json,9aa43116030f881158b9d8b1ac4446fdfd7cbeeed4058817d2a8d2cbfaca6302,results/training_seed_robustness/configs/v3_seed2028_config.json,9aa43116030f881158b9d8b1ac4446fdfd7cbeeed4058817d2a8d2cbfaca6302,82253ac4cb2a068fab42fc381015af1ac2bb4919babec36af790c0896ca2469e,310f886193ca6bc1584f7e0985794efc32dd08535b1dfc4e1992a9dc88ba26c2,ffbadd2556bdcea56d9a1b3529109879bd1c2a7614941a516405ad3ce7a6b4bc,B_plain_MPC,sensor_dropout,49028,49028,True,20.56292440830862,16.17112959352881,21.268088832187807,,False,,0,,0,0,0,,0,,0.0,0.0,0,0,6.0,1.0,0.0,0.0,0.0,1.0,0.0,0.0,0.0,0.0,0.0,10959.539408427781,154.83737096893944,0,0,0,0,0,0,0,0,,0,0,0,134.182735537214,0.0,0.0,0.0,0.0,134.2409024793356,17.655131900000015,17.655131900000015,,,,,,,,,0
2028,results/training_seed_robustness/model_pair_manifest.json,b1c4ac1db684249d4eccd46691fd1b8ad30c36bb3be56cc19a50a7581c189d5e,8c57a90ecbcc46bce14ffce41566365d871967aa090a0e39f98bbc71a7def024,c0330dc7af509e80d4f257fe7aa452e5633d34eb6e4322a2da35b2a5feebc0ee,9739d68ca44fd76eb997f23f52a13efde666b9120b090861a04fab0f52e64f7f,3fc89a4dbfb84c58770707d0f98be4afb5cb8223f754c3843697919e0f7eddad,results/training_seed_robustness/configs/sensor_seed2028_calibration.json,e19df77cd05faf70ed73b8811d55298239e5c8bcafe5164c5151877abf721e40,results/training_seed_robustness/configs/v3_seed2028_calibration.json,f7e875e89772bde559ca9a7f17d065def1eea478ef82cee9884133090f3a5e74,results/training_seed_robustness/configs/v3_seed2028_config.json,9aa43116030f881158b9d8b1ac4446fdfd7cbeeed4058817d2a8d2cbfaca6302,results/training_seed_robustness/configs/v3_seed2028_config.json,9aa43116030f881158b9d8b1ac4446fdfd7cbeeed4058817d2a8d2cbfaca6302,82253ac4cb2a068fab42fc381015af1ac2bb4919babec36af790c0896ca2469e,310f886193ca6bc1584f7e0985794efc32dd08535b1dfc4e1992a9dc88ba26c2,ffbadd2556bdcea56d9a1b3529109879bd1c2a7614941a516405ad3ce7a6b4bc,C3_arbitration_MPC,sensor_dropout,49028,49028,True,10.856856002832775,5.188705811392106,0.9063334137074082,0.020000000000000018,True,2.02,1,,1,0,0,,0,False,4.01,0.6672212978369384,1,1,3.0,0.33277870216306155,0.6672212978369384,0.0,0.0,0.33277870216306155,0.6672212978369384,0.0,0.0,0.0,0.0,6464.1343525108,94.2301925662377,0,0,0,0,0,0,0,0,,0,0,0,134.71144132235025,0.9912648881024314,0.020787607572167584,0.016696041307966914,1.028748536982566,134.7771570247926,18.18422150000015,18.18422150000015,1.1337321712607396,1.0769916900755154,0.4332747620530317,0.36627532864731244,1.1337321712607396,1.0769916900755154,25.317285806158637,17.97403846314309,401
2028,results/training_seed_robustness/model_pair_manifest.json,b1c4ac1db684249d4eccd46691fd1b8ad30c36bb3be56cc19a50a7581c189d5e,8c57a90ecbcc46bce14ffce41566365d871967aa090a0e39f98bbc71a7def024,c0330dc7af509e80d4f257fe7aa452e5633d34eb6e4322a2da35b2a5feebc0ee,9739d68ca44fd76eb997f23f52a13efde666b9120b090861a04fab0f52e64f7f,3fc89a4dbfb84c58770707d0f98be4afb5cb8223f754c3843697919e0f7eddad,results/training_seed_robustness/configs/sensor_seed2028_calibration.json,e19df77cd05faf70ed73b8811d55298239e5c8bcafe5164c5151877abf721e40,results/training_seed_robustness/configs/v3_seed2028_calibration.json,f7e875e89772bde559ca9a7f17d065def1eea478ef82cee9884133090f3a5e74,results/training_seed_robustness/configs/v3_seed2028_config.json,9aa43116030f881158b9d8b1ac4446fdfd7cbeeed4058817d2a8d2cbfaca6302,results/training_seed_robustness/configs/v3_seed2028_config.json,9aa43116030f881158b9d8b1ac4446fdfd7cbeeed4058817d2a8d2cbfaca6302,82253ac4cb2a068fab42fc381015af1ac2bb4919babec36af790c0896ca2469e,310f886193ca6bc1584f7e0985794efc32dd08535b1dfc4e1992a9dc88ba26c2,ffbadd2556bdcea56d9a1b3529109879bd1c2a7614941a516405ad3ce7a6b4bc,B_plain_MPC,sensor_dropout,49029,49029,True,20.492770054123497,16.104664735687212,21.117547616106883,,False,,0,,0,0,0,,0,,0.0,0.0,0,0,6.0,1.0,0.0,0.0,0.0,1.0,0.0,0.0,0.0,0.0,0.0,10986.176151106822,153.29428412634772,0,0,0,0,0,0,0,0,,0,0,0,127.6670214876075,0.0,0.0,0.0,0.0,127.71996363638262,16.666685099999995,16.666685099999995,,,,,,,,,0
2028,results/training_seed_robustness/model_pair_manifest.json,b1c4ac1db684249d4eccd46691fd1b8ad30c36bb3be56cc19a50a7581c189d5e,8c57a90ecbcc46bce14ffce41566365d871967aa090a0e39f98bbc71a7def024,c0330dc7af509e80d4f257fe7aa452e5633d34eb6e4322a2da35b2a5feebc0ee,9739d68ca44fd76eb997f23f52a13efde666b9120b090861a04fab0f52e64f7f,3fc89a4dbfb84c58770707d0f98be4afb5cb8223f754c3843697919e0f7eddad,results/training_seed_robustness/configs/sensor_seed2028_calibration.json,e19df77cd05faf70ed73b8811d55298239e5c8bcafe5164c5151877abf721e40,results/training_seed_robustness/configs/v3_seed2028_calibration.json,f7e875e89772bde559ca9a7f17d065def1eea478ef82cee9884133090f3a5e74,results/training_seed_robustness/configs/v3_seed2028_config.json,9aa43116030f881158b9d8b1ac4446fdfd7cbeeed4058817d2a8d2cbfaca6302,results/training_seed_robustness/configs/v3_seed2028_config.json,9aa43116030f881158b9d8b1ac4446fdfd7cbeeed4058817d2a8d2cbfaca6302,82253ac4cb2a068fab42fc381015af1ac2bb4919babec36af790c0896ca2469e,310f886193ca6bc1584f7e0985794efc32dd08535b1dfc4e1992a9dc88ba26c2,ffbadd2556bdcea56d9a1b3529109879bd1c2a7614941a516405ad3ce7a6b4bc,C3_arbitration_MPC,sensor_dropout,49029,49029,True,11.130987954058519,6.248087915119032,2.3479644955120706,,False,,0,,1,0,0,,0,False,5.01,0.8336106489184693,1,1,3.0,0.16638935108153077,0.0,0.8336106489184693,0.0,0.16638935108153077,0.0,0.8336106489184693,0.0,1.0,0.0,8161.4919923330835,235.98254765683947,0,0,0,0,0,0,0,0,,0,0,0,158.36406115701067,1.0208419965640443,0.02290791738556693,0.01891549051932483,1.062665404468936,158.43698925618435,21.091037900000174,21.091037900000174,2.1008105731093125,1.4009819030039656,1.996599602925809,1.3077953594047944,1.996599602925809,1.3077953594047944,22.050870026292333,14.009087499846409,501
2028,results/training_seed_robustness/model_pair_manifest.json,b1c4ac1db684249d4eccd46691fd1b8ad30c36bb3be56cc19a50a7581c189d5e,8c57a90ecbcc46bce14ffce41566365d871967aa090a0e39f98bbc71a7def024,c0330dc7af509e80d4f257fe7aa452e5633d34eb6e4322a2da35b2a5feebc0ee,9739d68ca44fd76eb997f23f52a13efde666b9120b090861a04fab0f52e64f7f,3fc89a4dbfb84c58770707d0f98be4afb5cb8223f754c3843697919e0f7eddad,results/training_seed_robustness/configs/sensor_seed2028_calibration.json,e19df77cd05faf70ed73b8811d55298239e5c8bcafe5164c5151877abf721e40,results/training_seed_robustness/configs/v3_seed2028_calibration.json,f7e875e89772bde559ca9a7f17d065def1eea478ef82cee9884133090f3a5e74,results/training_seed_robustness/configs/v3_seed2028_config.json,9aa43116030f881158b9d8b1ac4446fdfd7cbeeed4058817d2a8d2cbfaca6302,results/training_seed_robustness/configs/v3_seed2028_config.json,9aa43116030f881158b9d8b1ac4446fdfd7cbeeed4058817d2a8d2cbfaca6302,82253ac4cb2a068fab42fc381015af1ac2bb4919babec36af790c0896ca2469e,310f886193ca6bc1584f7e0985794efc32dd08535b1dfc4e1992a9dc88ba26c2,ffbadd2556bdcea56d9a1b3529109879bd1c2a7614941a516405ad3ce7a6b4bc,B_plain_MPC,sensor_dropout,49030,49030,True,20.56868197338127,16.181843526156502,21.28003038373175,,False,,0,,0,0,0,,0,,0.0,0.0,0,0,6.0,1.0,0.0,0.0,0.0,1.0,0.0,0.0,0.0,0.0,0.0,11010.083195839592,153.59548034902778,0,0,0,0,0,0,0,0,,0,0,0,128.40522231407488,0.0,0.0,0.0,0.0,128.46413553717326,16.83364679999977,16.83364679999977,,,,,,,,,0
2028,results/training_seed_robustness/model_pair_manifest.json,b1c4ac1db684249d4eccd46691fd1b8ad30c36bb3be56cc19a50a7581c189d5e,8c57a90ecbcc46bce14ffce41566365d871967aa090a0e39f98bbc71a7def024,c0330dc7af509e80d4f257fe7aa452e5633d34eb6e4322a2da35b2a5feebc0ee,9739d68ca44fd76eb997f23f52a13efde666b9120b090861a04fab0f52e64f7f,3fc89a4dbfb84c58770707d0f98be4afb5cb8223f754c3843697919e0f7eddad,results/training_seed_robustness/configs/sensor_seed2028_calibration.json,e19df77cd05faf70ed73b8811d55298239e5c8bcafe5164c5151877abf721e40,results/training_seed_robustness/configs/v3_seed2028_calibration.json,f7e875e89772bde559ca9a7f17d065def1eea478ef82cee9884133090f3a5e74,results/training_seed_robustness/configs/v3_seed2028_config.json,9aa43116030f881158b9d8b1ac4446fdfd7cbeeed4058817d2a8d2cbfaca6302,results/training_seed_robustness/configs/v3_seed2028_config.json,9aa43116030f881158b9d8b1ac4446fdfd7cbeeed4058817d2a8d2cbfaca6302,82253ac4cb2a068fab42fc381015af1ac2bb4919babec36af790c0896ca2469e,310f886193ca6bc1584f7e0985794efc32dd08535b1dfc4e1992a9dc88ba26c2,ffbadd2556bdcea56d9a1b3529109879bd1c2a7614941a516405ad3ce7a6b4bc,C3_arbitration_MPC,sensor_dropout,49030,49030,True,10.856000728233727,5.173828410255381,0.8803740338739814,0.020000000000000018,True,2.02,1,,1,0,0,,0,False,4.0200000000000005,0.6688851913477537,3,3,1.5,0.33111480865224624,0.6688851913477537,0.0,0.0,0.33111480865224624,0.6688851913477537,0.0,0.0,0.0,0.0,6467.293720437026,96.39161371309869,0,0,0,0,0,0,0,0,,0,0,0,135.51198264465052,1.0147196213342804,0.021982788276544197,0.017600344232808353,1.054302753843633,135.58332314052362,18.286937500000022,18.286937500000022,1.1066327896368178,1.040904043941275,0.4455519219038828,0.37068208869017494,1.1066327896368178,1.040904043941275,25.261020981263176,17.910993970206835,402
