controller,scenario,seed,overall_rmse,overall_mae,fault_window_rmse,recovery_latency_s,reliability_entries,recovery_events,false_recovery_events,sub_duration_s,sub_fraction,switches,avg_episode_duration_s,frac_phys,frac_main,frac_aux,frac_fb,event_frac_aux,event_frac_fb,control_effort_u2,control_variation_du2,voltage_violations,rate_violations,optimizer_failures,main_prediction_failures,aux_prediction_failures,prediction_failure_messages,nonfinite_events,mean_solve_ms,mean_aux_inference_ms,mean_reliability_update_ms,mean_arbitration_ms,mean_extension_ms,mean_control_compute_ms,sim_time_s,main_virtual_rmse,main_virtual_mae,aux_virtual_rmse,aux_virtual_mae,selected_virtual_rmse,selected_virtual_mae,corrupted_rmse,corrupted_mae,sub_samples,baseline_provenance,baseline_matrix_sha256,timing_samples,genuine_sensor_fault_entries,genuine_sensor_fault_entries_permitted,false_sensor_fault_entries,suppressed_entry_count,suppressed_candidate_samples,suppressed_false_entry_count,suppressed_false_entries,genuine_sensor_fault_suppressed,genuine_sensor_fault_entries_suppressed,suppression_episodes,attributor_suppression_episodes,c3_candidate_samples,c3_new_entry_candidate_samples,attribution_switches,mean_attribution_dwell_s,auxiliary_misuse_events,aux_selected_while_witness_unready_samples,aux_witness_ready_fraction,untrusted_aux_fraction,untrusted_aux_candidate_samples,mean_attribution_ms,median_attribution_ms,p95_attribution_ms,p99_attribution_ms,attr_frac_normal,attr_frac_likely_sensor_fault,attr_frac_likely_plant_or_main_mismatch,attr_frac_likely_aux_mismatch,attr_frac_ambiguous,detection_latency_s,detected_event,sensor_fault_detected,run_complete,completed_samples,event_sub_fraction,false_substitution_count,false_substitution_fraction,ekf_substitution_rmse,ekf_substitution_mae,ekf_substitution_bias,corrupted_sensor_substitution_rmse,corrupted_sensor_substitution_mae,corrupted_sensor_substitution_bias,ekf_speed_rmse_all_samples,ekf_speed_mae_all_samples,ekf_speed_bias_all_samples,ekf_speed_rmse_event_window,ekf_speed_mae_event_window,ekf_speed_bias_event_window,parameter_transfer_estimator_speed_rmse,ekf_numerical_failures,ekf_nonfinite_failures,ekf_psd_failures,ekf_symmetry_failures,ekf_finite_sample_rate,ekf_failure_step,ekf_failure_message,ekf_min_cov_eigenvalue,ekf_max_cov_asymmetry,innovation_mean,innovation_mae,nis_mean,nis_p95,mean_main_inference_ms,mean_ekf_update_ms,median_ekf_update_ms,p95_ekf_update_ms,p99_ekf_update_ms,max_ekf_update_ms,total_reliability_observer_overhead_sample_count,mean_total_reliability_observer_overhead_ms,median_total_reliability_observer_overhead_ms,p95_total_reliability_observer_overhead_ms,p99_total_reliability_observer_overhead_ms,max_total_reliability_observer_overhead_ms,slsqp_solve_count,mean_slsqp_solve_ms,median_slsqp_solve_ms,p95_slsqp_solve_ms,p99_slsqp_solve_ms,max_slsqp_solve_ms,observer_parameter_mode
B_plain_MPC,combined_fault_load,19026,11.178312306928186,6.3765330602322265,4.049571421580525,,0,0.0,0.0,0.0,0.0,0.0,6.0,1.0,0.0,0.0,0.0,0.0,0.0,7769.695512428688,164.87367510701986,0,0,0,0,0,,0,91.67023305794716,0.0,0.0,0.0,0.0,91.69118842971727,11.587977600000158,,,,,,,,,0,verified_frozen_c4_development_runs,108f7875ec8af675a4aa2dce5bec833735ff499be6ead588d3accce32efe3a15,,,,,0.0,0.0,0.0,0.0,0.0,0.0,0.0,0.0,,,,,0.0,,,,,,,,,,,,,,,,,,,,,,,,,,,,,,,,,,,,,,,,,,,,,,,,,,,,,,,,,,,,,,,,,,
C1_sensor_MPC,combined_fault_load,19026,13.496742423002699,9.630327020863582,11.42907480628712,,1,0.0,0.0,3.0100000000000002,0.5008319467554077,1.0,3.0,0.49916805324459235,0.5008319467554077,0.0,0.0,0.0,0.0,6130.58705023131,92.42493536442002,0,0,0,0,0,,0,40.834532231449636,0.0,0.0,0.0,0.0,40.85270413210205,5.264954999998736,11.427828883936746,10.419694639022334,,,11.427828883936746,10.419694639022334,3.2718955346066947,3.2623865878173905,301,rerun_v3_simulate_v3_run,,,,,,,,,,,,,,,,,,,,,,,,,,,,,,,,,,,,,,,,,,,,,,,,,,,,,,,,,,,,,,,,,,,,,,,,,,,,,,,,,,,,
C3_arbitration_MPC,combined_fault_load,19026,11.180626239503011,6.233449749467859,4.062306114387456,,1,0.0,0.0,3.0100000000000002,0.5008319467554077,2.0,2.0,0.49916805324459235,0.10149750415973377,0.39933444259567386,0.0,0.7973421926910299,0.0,8524.040779491417,197.02107324126644,0,0,0,0,0,,0,73.76339338851955,0.40152753874700714,0.009350602381119125,0.007128743533208957,0.41800688466133523,73.79096942145412,9.678556400000161,2.2547841349482973,1.8650946494327736,1.6329589047586128,1.4142828550946214,2.1569876064745155,1.7815313853710748,3.271895534606695,3.2623865878173914,301,verified_frozen_c4_development_runs,108f7875ec8af675a4aa2dce5bec833735ff499be6ead588d3accce32efe3a15,,,,,0.0,0.0,0.0,0.0,0.0,0.0,0.0,0.0,,,,,0.0,,,,,,,,,,,,,,0.0,True,True,,,,,,,,,,,,,,,,,,,,,,,,,,,,,,,,,,,,,,,,,,,,,,,,,,
E_EKF_virtual_MPC,combined_fault_load,19026,11.154317983938045,6.315820988052428,3.91523897907659,,1,0.0,,3.0100000000000002,0.5008319467554077,,,,,,,,,7651.091432705421,86.50116613881502,0,0,0,0,0,,0,55.63901983476186,0.2770394146773626,0.010132874462506276,,,55.66349834729152,7.421630000000732,,,,,,,,,301,,,,,,,,,,,,,,,,,,,,,,,,,,,,,,,,,0.0,,True,True,601.0,1.0,0.0,0.0,3.2697869313996972,3.1823054251643494,3.1823054251643494,3.2718955346066947,3.2623865878173905,3.2623865878173905,2.324781371154861,1.727972668716692,1.727972668716692,3.2697869313996972,3.1823054251643494,3.1823054251643494,,0.0,0.0,0.0,0.0,1.0,,,1.6595399844177022e-08,0.0,0.003428866333785073,0.003428866333785073,0.12525581075893114,0.35644731372487604,0.5434931152009905,0.25207537443253303,0.198500001715729,0.5541999998968095,0.8065000001806766,0.9242000014637597,601.0,0.5296911814046857,0.42689999827416614,1.0801999960676767,1.533500002551591,1.7581000029167626,121.0,55.63901983476186,53.73680000047898,100.49090000029537,112.2858000002452,136.39060000059544,fixed_nominal
B_plain_MPC,combined_fault_load,19027,11.270207088041886,6.623374699470113,4.495722635575656,,0,0.0,0.0,0.0,0.0,0.0,6.0,1.0,0.0,0.0,0.0,0.0,0.0,8038.788663267426,177.9291531471439,0,0,0,0,0,,0,84.69515371898298,0.0,0.0,0.0,0.0,84.71607933891143,10.742847800000163,,,,,,,,,0,verified_frozen_c4_development_runs,108f7875ec8af675a4aa2dce5bec833735ff499be6ead588d3accce32efe3a15,,,,,0.0,0.0,0.0,0.0,0.0,0.0,0.0,0.0,,,,,0.0,,,,,,,,,,,,,,,,,,,,,,,,,,,,,,,,,,,,,,,,,,,,,,,,,,,,,,,,,,,,,,,,,,
C1_sensor_MPC,combined_fault_load,19027,13.764350609011478,10.096215216226947,12.03676204997617,,1,0.0,0.0,3.0100000000000002,0.5008319467554077,1.0,3.0,0.49916805324459235,0.5008319467554077,0.0,0.0,0.0,0.0,6137.758346254694,99.978734424614,0,0,0,0,0,,0,41.98618099187964,0.0,0.0,0.0,0.0,42.00356942141493,5.414067800000339,12.03820549690279,11.21409477812314,,,12.03820549690279,11.21409477812314,3.2494341674373737,3.238793520509917,301,rerun_v3_simulate_v3_run,,,,,,,,,,,,,,,,,,,,,,,,,,,,,,,,,,,,,,,,,,,,,,,,,,,,,,,,,,,,,,,,,,,,,,,,,,,,,,,,,,,,
C3_arbitration_MPC,combined_fault_load,19027,11.134495239191281,6.181265473545023,3.7603798306871674,,1,0.0,0.0,3.0100000000000002,0.5008319467554077,2.0,2.0,0.49916805324459235,0.07154742096505824,0.4292845257903494,0.0,0.8571428571428571,0.0,8424.711750510152,215.83475596518159,0,0,0,0,0,,0,75.23193719008448,0.38268795180177656,0.00923820999073283,0.006497418271245839,0.3984235800637552,75.25878595048152,9.824432100000195,2.2311064041232895,1.9083504761777534,1.8265735803479306,1.6263713740446677,2.1264960988993287,1.8167350664887822,3.2494341674373732,3.2387935205099168,301,verified_frozen_c4_development_runs,108f7875ec8af675a4aa2dce5bec833735ff499be6ead588d3accce32efe3a15,,,,,0.0,0.0,0.0,0.0,0.0,0.0,0.0,0.0,,,,,0.0,,,,,,,,,,,,,,0.0,True,True,,,,,,,,,,,,,,,,,,,,,,,,,,,,,,,,,,,,,,,,,,,,,,,,,,
E_EKF_virtual_MPC,combined_fault_load,19027,11.162444078032081,6.404560831544282,3.9223377282194836,,1,0.0,,3.0100000000000002,0.5008319467554077,,,,,,,,,7784.477732725748,102.87437245258664,0,0,0,0,0,,0,55.78034049573365,0.2686161789508627,0.009958175595660602,,,55.80270000003915,7.428020600000309,,,,,,,,,301,,,,,,,,,,,,,,,,,,,,,,,,,,,,,,,,,0.0,,True,True,601.0,1.0,0.0,0.0,3.2697869313988055,3.1823054251634746,3.1823054251634746,3.2494341674373732,3.2387935205099168,3.2387935205099168,2.3247813711542333,1.7279726687163137,1.7279726687163137,3.2697869313988055,3.1823054251634746,3.1823054251634746,,0.0,0.0,0.0,0.0,1.0,,,1.659539984417702e-08,0.0,0.0034288663337843327,0.0034288663337843327,0.12525581075886344,0.35644731372475097,0.5393858864565224,0.24932512489322592,0.19560000146157108,0.5387000019254629,0.6909999974595848,0.8144999992509838,601.0,0.5186291182235587,0.422200006141793,1.0326000046916306,1.314900004217634,1.5930999979900662,121.0,55.78034049573365,53.65359999996144,101.53469999931986,112.43095999961952,120.5082999986189,fixed_nominal
B_plain_MPC,combined_fault_load,19028,11.316040077741404,6.7607148193557185,4.6665063615159355,,0,0.0,0.0,0.0,0.0,0.0,6.0,1.0,0.0,0.0,0.0,0.0,0.0,8163.784111888827,188.74878911518988,0,0,0,0,0,,0,79.85141652877118,0.0,0.0,0.0,0.0,79.87365785111025,10.143509300000005,,,,,,,,,0,verified_frozen_c4_development_runs,108f7875ec8af675a4aa2dce5bec833735ff499be6ead588d3accce32efe3a15,,,,,0.0,0.0,0.0,0.0,0.0,0.0,0.0,0.0,,,,,0.0,,,,,,,,,,,,,,,,,,,,,,,,,,,,,,,,,,,,,,,,,,,,,,,,,,,,,,,,,,,,,,,,,,
C1_sensor_MPC,combined_fault_load,19028,13.698820838603044,10.057228831899055,11.865416859733125,,1,0.0,0.0,3.0100000000000002,0.5008319467554077,1.0,3.0,0.49916805324459235,0.5008319467554077,0.0,0.0,0.0,0.0,6269.520760858184,113.73742185764586,0,0,0,0,0,,0,42.30473223155555,0.0,0.0,0.0,0.0,42.32415785105136,5.469915599998785,11.851793709599384,10.984033127981197,,,11.851793709599384,10.984033127981197,3.2957739410584543,3.285724723773721,301,rerun_v3_simulate_v3_run,,,,,,,,,,,,,,,,,,,,,,,,,,,,,,,,,,,,,,,,,,,,,,,,,,,,,,,,,,,,,,,,,,,,,,,,,,,,,,,,,,,,
C3_arbitration_MPC,combined_fault_load,19028,11.131262344075777,6.22942399314697,3.673491285459348,,1,0.0,0.0,3.0100000000000002,0.5008319467554077,2.0,2.0,0.49916805324459235,0.07154742096505824,0.4292845257903494,0.0,0.8571428571428571,0.0,8511.88192079431,233.79653771291663,0,0,0,0,0,,0,72.50602479343647,0.3848851979134597,0.009439242714691407,0.007098450963434494,0.4014228915915856,72.53250495870651,9.498128499999439,2.1599047586526816,1.8617261272725993,1.779071684652928,1.5592065151796302,2.0550626347777436,1.7678005388703872,3.2957739410584543,3.285724723773721,301,verified_frozen_c4_development_runs,108f7875ec8af675a4aa2dce5bec833735ff499be6ead588d3accce32efe3a15,,,,,0.0,0.0,0.0,0.0,0.0,0.0,0.0,0.0,,,,,0.0,,,,,,,,,,,,,,0.0,True,True,,,,,,,,,,,,,,,,,,,,,,,,,,,,,,,,,,,,,,,,,,,,,,,,,,
E_EKF_virtual_MPC,combined_fault_load,19028,11.173267111896385,6.467224709750942,3.919849330447711,,1,0.0,,3.0100000000000002,0.5008319467554077,,,,,,,,,7887.752336802662,117.43666901027439,0,0,0,0,0,,0,52.065936363617745,0.2577382100050449,0.009236833037669881,,,52.08816859530923,6.932365799999388,,,,,,,,,301,,,,,,,,,,,,,,,,,,,,,,,,,,,,,,,,,0.0,,True,True,601.0,1.0,0.0,0.0,3.269786931400942,3.182305425165577,3.182305425165577,3.295773941058455,3.2857247237737215,3.2857247237737215,2.3247813711557352,1.7279726687172794,1.7279726687172794,3.269786931400942,3.182305425165577,3.182305425165577,,0.0,0.0,0.0,0.0,1.0,,,1.659539984417702e-08,0.0,0.003428866333786215,0.003428866333786215,0.1252558107590248,0.3564473137250848,0.5025531842379122,0.22400449248961135,0.2021000000240747,0.4155000024184119,0.5665999997290783,0.7941000003484078,601.0,0.4820951746989579,0.4455999987840187,0.8261999973910861,1.0332999954698607,1.4205000006768387,121.0,52.065936363617745,57.8949000009743,82.07540000148583,120.45003999955946,163.57300000163377,fixed_nominal
B_plain_MPC,combined_fault_load,19029,11.25626073971987,6.620068536849991,4.374870094773849,,0,0.0,0.0,0.0,0.0,0.0,6.0,1.0,0.0,0.0,0.0,0.0,0.0,8105.080461631741,187.36810349636986,0,0,0,0,0,,0,88.84533553734873,0.0,0.0,0.0,0.0,88.86648595040798,11.251196600000185,,,,,,,,,0,verified_frozen_c4_development_runs,108f7875ec8af675a4aa2dce5bec833735ff499be6ead588d3accce32efe3a15,,,,,0.0,0.0,0.0,0.0,0.0,0.0,0.0,0.0,,,,,0.0,,,,,,,,,,,,,,,,,,,,,,,,,,,,,,,,,,,,,,,,,,,,,,,,,,,,,,,,,,,,,,,,,,
C1_sensor_MPC,combined_fault_load,19029,13.663209468062638,9.983662106367634,11.785584154947221,,1,0.0,0.0,3.0100000000000002,0.5008319467554077,1.0,3.0,0.49916805324459235,0.5008319467554077,0.0,0.0,0.0,0.0,6235.06994098945,106.95588599352422,0,0,0,0,0,,0,39.24169173571936,0.0,0.0,0.0,0.0,39.26125537162245,5.113963200001308,11.792991421738371,10.903385440322497,,,11.792991421738371,10.903385440322497,3.2759657907437845,3.2662698655610485,301,rerun_v3_simulate_v3_run,,,,,,,,,,,,,,,,,,,,,,,,,,,,,,,,,,,,,,,,,,,,,,,,,,,,,,,,,,,,,,,,,,,,,,,,,,,,,,,,,,,,
C3_arbitration_MPC,combined_fault_load,19029,11.141389215095307,6.228297910138132,3.741968951131834,,1,0.0,0.0,3.0100000000000002,0.5008319467554077,2.0,2.0,0.49916805324459235,0.07820299500831947,0.4226289517470882,0.0,0.8438538205980066,0.0,8468.463800333548,219.42008617538048,0,0,0,0,0,,0,73.6923619835489,0.394360413106612,0.009486402823297602,0.006792771134147038,0.4106395870640567,73.71948347104043,9.661417100000108,2.209174710420741,1.900324879620797,1.7698905007244763,1.5719882119902993,2.103038705125002,1.806446066280659,3.275965790743784,3.2662698655610485,301,verified_frozen_c4_development_runs,108f7875ec8af675a4aa2dce5bec833735ff499be6ead588d3accce32efe3a15,,,,,0.0,0.0,0.0,0.0,0.0,0.0,0.0,0.0,,,,,0.0,,,,,,,,,,,,,,0.0,True,True,,,,,,,,,,,,,,,,,,,,,,,,,,,,,,,,,,,,,,,,,,,,,,,,,,
E_EKF_virtual_MPC,combined_fault_load,19029,11.173383132774665,6.445510150103238,3.927828118262216,,1,0.0,,3.0100000000000002,0.5008319467554077,,,,,,,,,7845.015679237022,109.51061621948315,0,0,0,0,0,,0,56.50367685955057,0.2804249570090961,0.009907917381797656,,,56.53023057849837,7.513142700001481,,,,,,,,,301,,,,,,,,,,,,,,,,,,,,,,,,,,,,,,,,,0.0,,True,True,601.0,1.0,0.0,0.0,3.2697869314062706,3.1823054251708056,3.1823054251708056,3.2759657907437845,3.2662698655610485,3.2662698655610485,2.324781371159481,1.7279726687196117,1.7279726687196117,3.2697869314062706,3.1823054251708056,3.1823054251708056,,0.0,0.0,0.0,0.0,1.0,,,1.6595399844177016e-08,0.0,0.0034288663337907863,0.0034288663337907863,0.125255810759429,0.3564473137259125,0.5303075731607821,0.2406702163998625,0.22050000188755803,0.39199999810080044,0.4904000015812926,0.9902999991027173,601.0,0.521341431077249,0.48990000505000353,0.7695999993302394,1.0657000020728447,1.3656000010087155,121.0,56.50367685955057,59.84149999858346,95.78549999787356,117.29883999869341,157.92119999969145,fixed_nominal
B_plain_MPC,combined_fault_load,19030,11.300274701647554,6.711626326509071,4.5986397783052055,,0,0.0,0.0,0.0,0.0,0.0,6.0,1.0,0.0,0.0,0.0,0.0,0.0,8091.978415974243,178.61860623976503,0,0,0,0,0,,0,81.87480247931286,0.0,0.0,0.0,0.0,81.8953330578424,10.384298400000262,,,,,,,,,0,verified_frozen_c4_development_runs,108f7875ec8af675a4aa2dce5bec833735ff499be6ead588d3accce32efe3a15,,,,,0.0,0.0,0.0,0.0,0.0,0.0,0.0,0.0,,,,,0.0,,,,,,,,,,,,,,,,,,,,,,,,,,,,,,,,,,,,,,,,,,,,,,,,,,,,,,,,,,,,,,,,,,
C1_sensor_MPC,combined_fault_load,19030,13.509634137671554,9.757354831921838,11.427746666767119,,1,0.0,0.0,3.0100000000000002,0.5008319467554077,1.0,3.0,0.49916805324459235,0.5008319467554077,0.0,0.0,0.0,0.0,6330.756694455958,117.1272844907491,0,0,0,0,0,,0,42.10574628092774,0.0,0.0,0.0,0.0,42.12182231393786,5.408566599999176,11.410468836431154,10.399269652560342,,,11.410468836431154,10.399269652560342,3.2833790165392673,3.2748887864092935,301,rerun_v3_simulate_v3_run,,,,,,,,,,,,,,,,,,,,,,,,,,,,,,,,,,,,,,,,,,,,,,,,,,,,,,,,,,,,,,,,,,,,,,,,,,,,,,,,,,,,
C3_arbitration_MPC,combined_fault_load,19030,11.193093648846114,6.3625092127551275,4.041506095528794,,1,0.0,0.0,3.0100000000000002,0.5008319467554077,2.0,2.0,0.49916805324459235,0.09816971713810316,0.40266222961730447,0.0,0.8039867109634552,0.0,8808.836009828718,222.79760462481315,0,0,0,0,0,,0,76.83758925611247,0.3881375215438286,0.009097418291723674,0.00661428570116709,0.40384922553671937,76.86509256189701,10.026475199998458,2.183296394205899,1.8178685356561186,1.617526275282042,1.3957853833998202,2.088252726867035,1.7343461674491671,3.2833790165392673,3.2748887864092935,301,verified_frozen_c4_development_runs,108f7875ec8af675a4aa2dce5bec833735ff499be6ead588d3accce32efe3a15,,,,,0.0,0.0,0.0,0.0,0.0,0.0,0.0,0.0,,,,,0.0,,,,,,,,,,,,,,0.0,True,True,,,,,,,,,,,,,,,,,,,,,,,,,,,,,,,,,,,,,,,,,,,,,,,,,,
E_EKF_virtual_MPC,combined_fault_load,19030,11.174205123861963,6.4557397815972575,3.935759718579236,,1,0.0,,3.0100000000000002,0.5008319467554077,,,,,,,,,7848.48316232952,109.06080507239484,0,0,0,0,0,,0,50.21395785108084,0.25252581753053904,0.009016695302073954,,,50.235948760184165,6.689280499998858,,,,,,,,,301,,,,,,,,,,,,,,,,,,,,,,,,,,,,,,,,,0.0,,True,True,601.0,1.0,0.0,0.0,3.2697869313998233,3.1823054251644702,3.1823054251644702,3.2833790165392673,3.274888786409293,3.274888786409293,2.324781371154952,1.727972668716748,1.727972668716748,3.2697869313998233,3.1823054251644702,3.1823054251644702,,0.0,0.0,0.0,0.0,1.0,,,1.6595399844177022e-08,0.0,0.003428866333785167,0.003428866333785167,0.12525581075894054,0.35644731372487826,0.48435989668830853,0.21709267884838052,0.20149999909335747,0.3313999986858107,0.47650000124122016,0.7454999977198895,601.0,0.4699316138829033,0.4422999991220422,0.6599999978789128,0.7904999984020833,1.2024000025121495,121.0,50.21395785108084,54.76950000229408,74.95039999776054,80.91639999984181,81.53310000125202,fixed_nominal
B_plain_MPC,load_disturbance,19026,10.821896466195696,4.814054046789101,0.8617618351924661,,0,0.0,0.0,0.0,0.0,0.0,6.0,1.0,0.0,0.0,0.0,0.0,0.0,8242.512149647346,136.21666792985883,0,0,0,0,0,,0,95.73469586787776,0.0,0.0,0.0,0.0,95.7565115701779,12.084097199998723,,,,,,,,,0,verified_frozen_c4_development_runs,108f7875ec8af675a4aa2dce5bec833735ff499be6ead588d3accce32efe3a15,,0.0,0.0,0.0,0.0,0.0,0.0,0.0,0.0,0.0,0.0,0.0,,,,,0.0,,,,,,,,,,,,,,,,,,,,,,,,,,,,,,,,,,,,,,,,,,,,,,,,,,,,,,,,,,,,,,,,,,
C1_sensor_MPC,load_disturbance,19026,10.821896466195696,4.814054046789101,0.8617618351924661,,0,0.0,0.0,0.0,0.0,0.0,6.0,1.0,0.0,0.0,0.0,0.0,0.0,8242.512149647346,136.21666792985883,0,0,0,0,0,,0,63.12050991736147,0.0,0.0,0.0,0.0,63.13532892580809,8.002470399998856,,,,,,,,,0,rerun_v3_simulate_v3_run,,,,,,,,,,,,,,,,,,,,,,,,,,,,,,,,,,,,,,,,,,,,,,,,,,,,,,,,,,,,,,,,,,,,,,,,,,,,,,,,,,,,
C3_arbitration_MPC,load_disturbance,19026,10.821896466195696,4.814054046789101,0.8617618351924661,,0,0.0,0.0,0.0,0.0,0.0,6.0,1.0,0.0,0.0,0.0,0.0,0.0,8242.512149647346,136.21666792985883,0,0,0,0,0,,0,98.10512727262378,0.42434320136843706,0.009887263330055093,0.006682271914119414,0.44091273661261154,98.12759752065718,12.681843500000468,,,,,,,,,0,verified_frozen_c4_development_runs,108f7875ec8af675a4aa2dce5bec833735ff499be6ead588d3accce32efe3a15,,0.0,0.0,0.0,0.0,0.0,0.0,0.0,0.0,0.0,0.0,0.0,,,,,0.0,,,,,,,,,,,,,,,,,,,,,,,,,,,,,,,,,,,,,,,,,,,,,,,,,,,,,,,,,,,,,,,,,,
E_EKF_virtual_MPC,load_disturbance,19026,10.821896466195696,4.814054046789101,0.8617618351924661,,0,0.0,,0.0,0.0,,,,,,,,,8242.512149647346,136.21666792985883,0,0,0,0,0,,0,94.39671652899426,0.4254309810605762,0.014901893329255607,,,94.43374710739711,12.464595099998405,,,,,,,,,0,,,,,,,,,,,,,,,,,,,,,,,,,,,,,,,,,,,,True,601.0,0.0,0.0,0.0,,,,,,,2.324781371154857,1.7279726687166892,1.7279726687166892,3.269786931399692,3.182305425164343,3.182305425164343,,0.0,0.0,0.0,0.0,1.0,,,1.6595399844177022e-08,0.0,0.0034288663337850626,0.0034288663337850626,0.1252558107589304,0.35644731372487604,0.8231337349370451,0.3755958402481805,0.31630000012228265,0.8205999984056689,1.0264000011375174,1.452900000003865,601.0,0.8012753743920944,0.7285000028787181,1.617399997485336,2.0433999998203944,2.3551000012957957,121.0,94.39671652899426,95.21920000042883,188.935300000594,220.9123599990562,273.56009999857633,fixed_nominal
B_plain_MPC,load_disturbance,19027,10.832891568331272,4.922819896678775,0.9547664184817594,,0,0.0,0.0,0.0,0.0,0.0,6.0,1.0,0.0,0.0,0.0,0.0,0.0,8470.968099520685,156.28109884301384,0,0,0,0,0,,0,91.79508016533256,0.0,0.0,0.0,0.0,91.81656528930907,11.607676499999798,,,,,,,,,0,verified_frozen_c4_development_runs,108f7875ec8af675a4aa2dce5bec833735ff499be6ead588d3accce32efe3a15,,0.0,0.0,0.0,0.0,0.0,0.0,0.0,0.0,0.0,0.0,0.0,,,,,0.0,,,,,,,,,,,,,,,,,,,,,,,,,,,,,,,,,,,,,,,,,,,,,,,,,,,,,,,,,,,,,,,,,,
C1_sensor_MPC,load_disturbance,19027,10.83262460435799,4.919131080167157,0.9486992700295822,,1,1.0,1.0,0.07,0.011647254575707155,4.0,1.2,0.9883527454242929,0.011647254575707155,0.0,0.0,0.0,0.0,8472.430549890241,157.71644996352845,0,0,0,0,0,,0,59.82775371896333,0.0,0.0,0.0,0.0,59.840664462728064,7.5786279999992985,0.24610921529167326,0.24455369746079875,,,0.24610921529167326,0.24455369746079875,0.38277057894771727,0.33029605353927344,7,rerun_v3_simulate_v3_run,,,,,,,,,,,,,,,,,,,,,,,,,,,,,,,,,,,,,,,,,,,,,,,,,,,,,,,,,,,,,,,,,,,,,,,,,,,,,,,,,,,,
C3_arbitration_MPC,load_disturbance,19027,10.83262460435799,4.919131080167157,0.9486992700295822,,1,1.0,1.0,0.07,0.011647254575707155,4.0,1.2,0.9883527454242929,0.011647254575707155,0.0,0.0,0.0,0.0,8472.430549890241,157.71644996352845,0,0,0,0,0,,0,99.29209669423494,0.4091185885558429,0.009773838204521447,0.006237349444712759,0.4251297762050771,99.31419669426624,12.79951500000061,0.24610921529167326,0.24455369746079875,1.1148380579717112,1.088055962077804,0.24610921529167326,0.24455369746079875,0.38277057894771727,0.33029605353927344,7,verified_frozen_c4_development_runs,108f7875ec8af675a4aa2dce5bec833735ff499be6ead588d3accce32efe3a15,,0.0,0.0,1.0,0.0,0.0,0.0,0.0,0.0,0.0,0.0,0.0,,,,,0.0,,,,,,,,,,,,,,,,,,,,,,,,,,,,,,,,,,,,,,,,,,,,,,,,,,,,,,,,,,,,,,,,,,
E_EKF_virtual_MPC,load_disturbance,19027,10.88294400657069,5.13983331723258,1.7555138526579277,,1,0.0,,0.6,0.09983361064891846,,,,,,,,,8519.995788336626,181.73849466929937,0,0,0,0,0,,0,71.33806033058391,0.3612247848662964,0.012728227134120751,,,71.36911157019411,9.510751500001788,,,,,,,,,60,,,,,,,,,,,,,,,,,,,,,,,,,,,,,,,,,,,,True,601.0,0.19933554817275748,60.0,0.09983361064891846,2.7572162321797458,2.754057545345717,2.754057545345717,0.28290914065358835,0.22745447974561978,-0.08382429253361098,2.3247813711542307,1.7279726687163124,1.7279726687163124,3.2697869313988024,3.182305425163471,3.182305425163471,,0.0,0.0,0.0,0.0,1.0,,,1.659539984417702e-08,0.0,0.003428866333784327,0.003428866333784327,0.12525581075886297,0.35644731372475097,0.695916867560788,0.31190166381734363,0.2535999992687721,0.6615999991481658,0.9145000003627501,1.3347000021894928,601.0,0.6734103160174141,0.568599996768171,1.414000002114335,1.9137000017508399,3.882999997586012,121.0,71.33806033058391,70.02490000013495,130.00059999831137,164.55070000229168,301.4846999976726,fixed_nominal
B_plain_MPC,load_disturbance,19028,10.858084169163941,5.079225842549155,1.2249391702106744,,0,0.0,0.0,0.0,0.0,0.0,6.0,1.0,0.0,0.0,0.0,0.0,0.0,8595.054160076312,169.72734809898506,0,0,0,0,0,,0,86.90953223140993,0.0,0.0,0.0,0.0,86.93055041325998,11.01767850000033,,,,,,,,,0,verified_frozen_c4_development_runs,108f7875ec8af675a4aa2dce5bec833735ff499be6ead588d3accce32efe3a15,,0.0,0.0,0.0,0.0,0.0,0.0,0.0,0.0,0.0,0.0,0.0,,,,,0.0,,,,,,,,,,,,,,,,,,,,,,,,,,,,,,,,,,,,,,,,,,,,,,,,,,,,,,,,,,,,,,,,,,
C1_sensor_MPC,load_disturbance,19028,10.858084169163941,5.079225842549155,1.2249391702106744,,0,0.0,0.0,0.0,0.0,0.0,6.0,1.0,0.0,0.0,0.0,0.0,0.0,8595.054160076312,169.72734809898506,0,0,0,0,0,,0,61.64192148745984,0.0,0.0,0.0,0.0,61.65577438027378,7.799692500000674,,,,,,,,,0,rerun_v3_simulate_v3_run,,,,,,,,,,,,,,,,,,,,,,,,,,,,,,,,,,,,,,,,,,,,,,,,,,,,,,,,,,,,,,,,,,,,,,,,,,,,,,,,,,,,
C3_arbitration_MPC,load_disturbance,19028,10.858084169163941,5.079225842549155,1.2249391702106744,,0,0.0,0.0,0.0,0.0,0.0,6.0,1.0,0.0,0.0,0.0,0.0,0.0,8595.054160076312,169.72734809898506,0,0,0,0,0,,0,93.4619049586661,0.41524733211994935,0.009866781377877956,0.006446471605897743,0.4315605851037251,93.48415537193839,12.103781499999968,,,,,,,,,0,verified_frozen_c4_development_runs,108f7875ec8af675a4aa2dce5bec833735ff499be6ead588d3accce32efe3a15,,0.0,0.0,0.0,0.0,0.0,0.0,0.0,0.0,0.0,0.0,0.0,,,,,0.0,,,,,,,,,,,,,,,,,,,,,,,,,,,,,,,,,,,,,,,,,,,,,,,,,,,,,,,,,,,,,,,,,,
E_EKF_virtual_MPC,load_disturbance,19028,10.858084169163941,5.079225842549155,1.2249391702106744,,0,0.0,,0.0,0.0,,,,,,,,,8595.054160076312,169.72734809898506,0,0,0,0,0,,0,49.418629752009025,0.2532564544168232,0.009147676402270528,,,49.44005950423432,6.594452199999068,,,,,,,,,0,,,,,,,,,,,,,,,,,,,,,,,,,,,,,,,,,,,,True,601.0,0.0,0.0,0.0,,,,,,,2.3247813711557295,1.7279726687172754,1.7279726687172754,3.269786931400934,3.1823054251655694,3.1823054251655694,,0.0,0.0,0.0,0.0,1.0,,,1.659539984417702e-08,0.0,0.0034288663337862105,0.0034288663337862105,0.12525581075902442,0.35644731372506344,0.48429294320111116,0.21955723793617954,0.20450000010896474,0.3266000021540094,0.4353000003902707,0.572900000406662,601.0,0.4732291181456528,0.45029999819234945,0.6520000024465844,0.8414999974775128,0.9523999979137443,121.0,49.418629752009025,53.07639999955427,79.40199999939068,97.66525999948497,102.22349999821745,fixed_nominal
B_plain_MPC,load_disturbance,19029,10.842618060648219,4.968145760023338,0.9422199238947252,,0,0.0,0.0,0.0,0.0,0.0,6.0,1.0,0.0,0.0,0.0,0.0,0.0,8498.199784430983,163.46562199302994,0,0,0,0,0,,0,85.70798677683042,0.0,0.0,0.0,0.0,85.7292991734216,10.87464369999907,,,,,,,,,0,verified_frozen_c4_development_runs,108f7875ec8af675a4aa2dce5bec833735ff499be6ead588d3accce32efe3a15,,0.0,0.0,0.0,0.0,0.0,0.0,0.0,0.0,0.0,0.0,0.0,,,,,0.0,,,,,,,,,,,,,,,,,,,,,,,,,,,,,,,,,,,,,,,,,,,,,,,,,,,,,,,,,,,,,,,,,,
C1_sensor_MPC,load_disturbance,19029,11.616785656714507,6.706861328691975,5.966967261275428,,1,0.0,0.0,1.6400000000000001,0.27287853577371046,1.0,3.0,0.7271214642262895,0.27287853577371046,0.0,0.0,0.0,0.0,7327.454618254597,151.5729207290735,0,0,0,0,0,,0,68.25393801644032,0.0,0.0,0.0,0.0,68.2742198348497,8.712961299999733,8.03230606953922,7.180823065440766,,,8.03230606953922,7.180823065440766,0.25563312055614257,0.20274143736365766,164,rerun_v3_simulate_v3_run,,,,,,,,,,,,,,,,,,,,,,,,,,,,,,,,,,,,,,,,,,,,,,,,,,,,,,,,,,,,,,,,,,,,,,,,,,,,,,,,,,,,
C3_arbitration_MPC,load_disturbance,19029,11.030137091146592,5.7259166603969,3.0128504157627836,,1,0.0,0.0,1.6400000000000001,0.27287853577371046,2.0,2.0,0.7271214642262895,0.09317803660565724,0.17970049916805325,0.0,0.3588039867109635,0.0,8421.317534296644,202.60021486793084,0,0,0,0,0,,0,77.30622066105565,0.38067504300609356,0.008762134341016114,0.006385714294775205,0.3958228916418849,77.33008925617078,10.079504799999995,2.495715520733354,2.109200884345575,1.645216170579938,1.4715490629083654,2.3913094496748855,2.0243514302542334,0.2556331205561426,0.20274143736365774,164,verified_frozen_c4_development_runs,108f7875ec8af675a4aa2dce5bec833735ff499be6ead588d3accce32efe3a15,,0.0,0.0,1.0,0.0,0.0,0.0,0.0,0.0,0.0,0.0,0.0,,,,,0.0,,,,,,,,,,,,,,,,,,,,,,,,,,,,,,,,,,,,,,,,,,,,,,,,,,,,,,,,,,,,,,,,,,
E_EKF_virtual_MPC,load_disturbance,19029,11.010985634195663,5.725703684131914,2.8695697922256396,,1,0.0,,1.6400000000000001,0.27287853577371046,,,,,,,,,8349.503048982344,187.11772310385004,0,0,0,0,0,,0,49.9905082641599,0.25588347685234597,0.009048709108573569,,,50.013761157113414,6.666954100001021,,,,,,,,,164,,,,,,,,,,,,,,,,,,,,,,,,,,,,,,,,,,,,True,601.0,0.5448504983388704,164.0,0.27287853577371046,3.201627058932437,3.1782185406308088,3.1782185406308088,0.25563312055614246,0.20274143736365757,0.008967764615986609,2.3247813711594953,1.7279726687196209,1.7279726687196209,3.2697869314062897,3.182305425170824,3.182305425170824,,0.0,0.0,0.0,0.0,1.0,,,1.6595399844177016e-08,0.0,0.003428866333790802,0.003428866333790802,0.12525581075943015,0.3564473137259145,0.4844392426779334,0.22168469224679135,0.2082999999402091,0.3243000028305687,0.46579999980167486,0.6156000017654151,601.0,0.47780049930718116,0.46070000098552555,0.683899997966364,0.8587999946030322,1.0046999996120576,121.0,49.9905082641599,52.32420000174898,85.7547000014165,98.7976000011258,103.62420000092243,fixed_nominal
B_plain_MPC,load_disturbance,19030,10.841650232663916,4.971864888063124,0.9335778767945815,,0,0.0,0.0,0.0,0.0,0.0,6.0,1.0,0.0,0.0,0.0,0.0,0.0,8537.035750900148,163.53842764631838,0,0,0,0,0,,0,87.27143057839092,0.0,0.0,0.0,0.0,87.29144710732801,11.04131419999976,,,,,,,,,0,verified_frozen_c4_development_runs,108f7875ec8af675a4aa2dce5bec833735ff499be6ead588d3accce32efe3a15,,0.0,0.0,0.0,0.0,0.0,0.0,0.0,0.0,0.0,0.0,0.0,,,,,0.0,,,,,,,,,,,,,,,,,,,,,,,,,,,,,,,,,,,,,,,,,,,,,,,,,,,,,,,,,,,,,,,,,,
C1_sensor_MPC,load_disturbance,19030,10.842292963342944,4.979133297006609,0.9483644979634842,,1,1.0,1.0,0.07,0.011647254575707155,4.0,1.2,0.9883527454242929,0.011647254575707155,0.0,0.0,0.0,0.0,8542.252319616104,164.4028352526961,0,0,0,0,0,,0,58.34156115695595,0.0,0.0,0.0,0.0,58.35653553722371,7.41016049999962,0.25744810797804957,0.25421125639605535,,,0.25744810797804957,0.25421125639605535,0.40910825538608175,0.3086931695284158,7,rerun_v3_simulate_v3_run,,,,,,,,,,,,,,,,,,,,,,,,,,,,,,,,,,,,,,,,,,,,,,,,,,,,,,,,,,,,,,,,,,,,,,,,,,,,,,,,,,,,
C3_arbitration_MPC,load_disturbance,19030,10.842292963342944,4.979133297006609,0.9483644979634842,,1,1.0,1.0,0.07,0.011647254575707155,4.0,1.2,0.9883527454242929,0.011647254575707155,0.0,0.0,0.0,0.0,8542.252319616104,164.4028352526961,0,0,0,0,0,,0,84.69417438024443,0.3838740103361275,0.00894629949170426,0.005592771060394104,0.39841308088822586,84.7145371900289,10.977679500001614,0.25744810797804957,0.25421125639605535,0.7381179412684041,0.732870078606861,0.25744810797804957,0.25421125639605535,0.40910825538608175,0.3086931695284158,7,verified_frozen_c4_development_runs,108f7875ec8af675a4aa2dce5bec833735ff499be6ead588d3accce32efe3a15,,0.0,0.0,1.0,0.0,0.0,0.0,0.0,0.0,0.0,0.0,0.0,,,,,0.0,,,,,,,,,,,,,,,,,,,,,,,,,,,,,,,,,,,,,,,,,,,,,,,,,,,,,,,,,,,,,,,,,,
E_EKF_virtual_MPC,load_disturbance,19030,11.100274258369621,6.076123172920978,3.4931550904508395,,1,0.0,,2.18,0.3627287853577371,,,,,,,,,8303.20970348988,187.60530273086502,0,0,0,0,0,,0,59.294711570229,0.2870571428464875,0.010326161722952368,,,59.31902644626146,7.8742687000012666,,,,,,,,,218,,,,,,,,,,,,,,,,,,,,,,,,,,,,,,,,,,,,True,601.0,0.7242524916943521,218.0,0.3627287853577371,3.393465592002317,3.361661900459207,3.361661900459207,0.2254241852170477,0.18325438376080783,0.011339258987993506,2.324781371154949,1.727972668716747,1.727972668716747,3.2697869313998194,3.1823054251644676,3.1823054251644676,,0.0,0.0,0.0,0.0,1.0,,,1.6595399844177022e-08,0.0,0.003428866333785162,0.003428866333785162,0.12525581075894018,0.35644731372487926,0.5437845095015081,0.2574890183954412,0.21669999841833487,0.5175000005692709,0.7575000017823186,1.0371000025770627,601.0,0.544976039950923,0.4684000014094636,1.0187999978370499,1.372299997456139,1.6193999981624074,121.0,59.294711570229,55.81940000047325,117.2270999995817,145.0023199977295,268.81370000046445,fixed_nominal
B_plain_MPC,parameter_variation,19026,10.814439362017449,4.722559764189438,0.6484448071520676,,0,0.0,0.0,0.0,0.0,0.0,6.0,1.0,0.0,0.0,0.0,0.0,0.0,7667.235872846829,118.56244093099144,0,0,0,0,0,,0,96.904819008212,0.0,0.0,0.0,0.0,96.9262049586012,12.230945100000099,,,,,,,,,0,verified_frozen_c4_development_runs,108f7875ec8af675a4aa2dce5bec833735ff499be6ead588d3accce32efe3a15,,0.0,0.0,0.0,0.0,0.0,0.0,0.0,0.0,0.0,0.0,0.0,,,,,0.0,,,,,,,,,,,,,,,,,,,,,,,,,,,,,,,,,,,,,,,,,,,,,,,,,,,,,,,,,,,,,,,,,,
C1_sensor_MPC,parameter_variation,19026,10.814439362017449,4.722559764189438,0.6484448071520676,,0,0.0,0.0,0.0,0.0,0.0,6.0,1.0,0.0,0.0,0.0,0.0,0.0,7667.235872846829,118.56244093099144,0,0,0,0,0,,0,61.51981322320413,0.0,0.0,0.0,0.0,61.53298512393775,7.765184399999271,,,,,,,,,0,rerun_v3_simulate_v3_run,,,,,,,,,,,,,,,,,,,,,,,,,,,,,,,,,,,,,,,,,,,,,,,,,,,,,,,,,,,,,,,,,,,,,,,,,,,,,,,,,,,,
C3_arbitration_MPC,parameter_variation,19026,10.814439362017449,4.722559764189438,0.6484448071520676,,0,0.0,0.0,0.0,0.0,0.0,6.0,1.0,0.0,0.0,0.0,0.0,0.0,7667.235872846829,118.56244093099144,0,0,0,0,0,,0,101.66335289250128,0.44190447501361424,0.010628915743788315,0.0065184165690811155,0.4590518073264837,101.6879181818146,13.146879300000364,,,,,,,,,0,verified_frozen_c4_development_runs,108f7875ec8af675a4aa2dce5bec833735ff499be6ead588d3accce32efe3a15,,0.0,0.0,0.0,0.0,0.0,0.0,0.0,0.0,0.0,0.0,0.0,,,,,0.0,,,,,,,,,,,,,,,,,,,,,,,,,,,,,,,,,,,,,,,,,,,,,,,,,,,,,,,,,,,,,,,,,,
E_EKF_virtual_MPC,parameter_variation,19026,10.814439362017449,4.722559764189438,0.6484448071520676,,0,0.0,,0.0,0.0,,,,,,,,,7667.235872846829,118.56244093099144,0,0,0,0,0,,0,70.60852727269122,0.3085080895826069,0.011001548869294882,,,70.6352652893303,9.304535499999474,,,,,,,,,0,,,,,,,,,,,,,,,,,,,,,,,,,,,,,,,,,,,,True,601.0,0.0,0.0,0.0,,,,,,,8.323167660005133,5.791337880901516,5.791337880901516,11.75671447013366,11.295536297334047,11.295536297334047,11.75671447013366,0.0,0.0,0.0,0.0,1.0,,,1.6595399844177022e-08,0.0,0.00011329105105303568,0.002385309121675731,0.09740918258481922,0.5799192842778154,0.5976545610709562,0.2787677204861467,0.22159999934956431,0.5598000025202055,0.9213000012096018,1.6826999999466352,601.0,0.5876447586567872,0.48550000065006316,1.078199999028584,1.8548000007285737,2.9790999979013577,121.0,70.60852727269122,64.62500000270666,149.9800999990839,229.29467999929318,315.9909999994852,fixed_nominal
B_plain_MPC,parameter_variation,19027,10.821326615157487,4.801901144555548,0.6415223056653312,,0,0.0,0.0,0.0,0.0,0.0,6.0,1.0,0.0,0.0,0.0,0.0,0.0,7847.942507708574,137.2278289801237,0,0,0,0,0,,0,103.396454545422,0.0,0.0,0.0,0.0,103.4190099173339,13.046101500000077,,,,,,,,,0,verified_frozen_c4_development_runs,108f7875ec8af675a4aa2dce5bec833735ff499be6ead588d3accce32efe3a15,,0.0,0.0,0.0,0.0,0.0,0.0,0.0,0.0,0.0,0.0,0.0,,,,,0.0,,,,,,,,,,,,,,,,,,,,,,,,,,,,,,,,,,,,,,,,,,,,,,,,,,,,,,,,,,,,,,,,,,
C1_sensor_MPC,parameter_variation,19027,10.8212640111541,4.800881694655624,0.6394103098980298,,0,0.0,0.0,0.01,0.0016638935108153079,2.0,2.0,0.9983361064891847,0.0016638935108153079,0.0,0.0,0.0,0.0,7848.041974998205,137.531526793678,0,0,0,0,0,,0,64.76767107443635,0.0,0.0,0.0,0.0,64.78306942141695,8.18522170000142,0.27572437639842917,0.27572437639842917,,,0.27572437639842917,0.27572437639842917,0.6866875642852079,0.6866875642852079,1,rerun_v3_simulate_v3_run,,,,,,,,,,,,,,,,,,,,,,,,,,,,,,,,,,,,,,,,,,,,,,,,,,,,,,,,,,,,,,,,,,,,,,,,,,,,,,,,,,,,
C3_arbitration_MPC,parameter_variation,19027,10.82126501520815,4.800898615552593,0.6394442374032359,,0,0.0,0.0,0.01,0.0016638935108153079,2.0,2.0,0.9983361064891847,0.0,0.0,0.0016638935108153079,0.0,0.0033222591362126247,7848.0377237884,137.51916766533097,0,0,0,0,0,,0,101.58451652901284,0.4208275387317592,0.010367469845222238,0.006289673006769571,0.43748468158375103,101.60744462813425,13.091763700000229,0.27572437639842917,0.27572437639842917,10.919665032194239,10.919665032194239,0.24988498072016796,0.24988498072016796,0.6866875642852079,0.6866875642852079,1,verified_frozen_c4_development_runs,108f7875ec8af675a4aa2dce5bec833735ff499be6ead588d3accce32efe3a15,,0.0,0.0,0.0,0.0,0.0,0.0,0.0,0.0,0.0,0.0,0.0,,,,,0.0,,,,,,,,,,,,,,,,,,,,,,,,,,,,,,,,,,,,,,,,,,,,,,,,,,,,,,,,,,,,,,,,,,
E_EKF_virtual_MPC,parameter_variation,19027,10.891306040164359,5.0559191321197945,1.8561729446897262,,1,0.0,,0.6,0.09983361064891846,,,,,,,,,7190.804912100589,154.66515728298418,0,0,0,0,0,,0,69.06536446292216,0.3405419964661498,0.011830120508237653,,,69.09396446307939,9.20591439999771,,,,,,,,,60,,,,,,,,,,,,,,,,,,,,,,,,,,,,,,,,,,,,True,601.0,0.19933554817275748,60.0,0.09983361064891846,11.918378861829572,11.64590668143338,11.64590668143338,0.28290914065358846,0.2274544797456199,-0.08382429253361098,8.080727351747093,5.585320731517051,5.585320731517051,11.414009677374525,10.884186440921757,10.884186440921757,11.414009677374525,0.0,0.0,0.0,0.0,1.0,,,1.659539984417702e-08,0.0,0.000812706326352313,0.0032257278413173277,0.1956378694886308,1.3494208209246619,0.6709172115868588,0.312186356058314,0.2339000020583626,0.6695000010950025,0.9619999982533045,1.1726000011549331,601.0,0.6528322794561827,0.5180999978620093,1.2544999990495853,1.7277999977522995,2.2259999968810007,121.0,69.06536446292216,65.22769999719458,118.93339999733143,201.282219999848,225.76789999948232,fixed_nominal
B_plain_MPC,parameter_variation,19028,10.835528951168332,4.90604346959062,0.7235283131243944,,0,0.0,0.0,0.0,0.0,0.0,6.0,1.0,0.0,0.0,0.0,0.0,0.0,7938.735786142917,154.96923722036868,0,0,0,0,0,,0,98.24782644611618,0.0,0.0,0.0,0.0,98.26938925616861,12.391742600000725,,,,,,,,,0,verified_frozen_c4_development_runs,108f7875ec8af675a4aa2dce5bec833735ff499be6ead588d3accce32efe3a15,,0.0,0.0,0.0,0.0,0.0,0.0,0.0,0.0,0.0,0.0,0.0,,,,,0.0,,,,,,,,,,,,,,,,,,,,,,,,,,,,,,,,,,,,,,,,,,,,,,,,,,,,,,,,,,,,,,,,,,
C1_sensor_MPC,parameter_variation,19028,10.835528951168332,4.90604346959062,0.7235283131243944,,0,0.0,0.0,0.0,0.0,0.0,6.0,1.0,0.0,0.0,0.0,0.0,0.0,7938.735786142917,154.96923722036868,0,0,0,0,0,,0,55.8952487605164,0.0,0.0,0.0,0.0,55.908372727361524,7.080347499999334,,,,,,,,,0,rerun_v3_simulate_v3_run,,,,,,,,,,,,,,,,,,,,,,,,,,,,,,,,,,,,,,,,,,,,,,,,,,,,,,,,,,,,,,,,,,,,,,,,,,,,,,,,,,,,
C3_arbitration_MPC,parameter_variation,19028,10.835528951168332,4.90604346959062,0.7235283131243944,,0,0.0,0.0,0.0,0.0,0.0,6.0,1.0,0.0,0.0,0.0,0.0,0.0,7938.735786142917,154.96923722036868,0,0,0,0,0,,0,98.95247272727507,0.4266084337713423,0.010282099810395856,0.0069309810391188845,0.443821514620857,98.97491818183647,12.787997899999027,,,,,,,,,0,verified_frozen_c4_development_runs,108f7875ec8af675a4aa2dce5bec833735ff499be6ead588d3accce32efe3a15,,0.0,0.0,0.0,0.0,0.0,0.0,0.0,0.0,0.0,0.0,0.0,,,,,0.0,,,,,,,,,,,,,,,,,,,,,,,,,,,,,,,,,,,,,,,,,,,,,,,,,,,,,,,,,,,,,,,,,,
E_EKF_virtual_MPC,parameter_variation,19028,10.835528951168332,4.90604346959062,0.7235283131243944,,0,0.0,,0.0,0.0,,,,,,,,,7938.735786142917,154.96923722036868,0,0,0,0,0,,0,56.23665454559084,0.2704829605133052,0.009252323570215222,,,56.25991157005557,7.477515200000198,,,,,,,,,0,,,,,,,,,,,,,,,,,,,,,,,,,,,,,,,,,,,,True,601.0,0.0,0.0,0.0,,,,,,,8.198942717104872,5.661759552028704,5.661759552028704,11.581115554813392,11.036810132375432,11.036810132375432,11.581115554813392,0.0,0.0,0.0,0.0,1.0,,,1.659539984417702e-08,0.0,0.00020017106109549131,0.0025093390039702818,0.10772176734851607,0.594855564948941,0.5288655765870788,0.24847986684885873,0.19919999976991676,0.5218999976932537,0.6159999975352548,0.9296999996877275,601.0,0.5189061564537263,0.4335000048740767,1.009799998428207,1.2017999979434535,1.7502999980933964,121.0,56.23665454559084,51.5175000000454,105.45120000097086,127.0593800007191,150.09719999943627,fixed_nominal
B_plain_MPC,parameter_variation,19029,10.831946257271778,4.847187509764019,0.6526357854134137,,0,0.0,0.0,0.0,0.0,0.0,6.0,1.0,0.0,0.0,0.0,0.0,0.0,7892.225098820821,145.12607335337424,0,0,0,0,0,,0,98.9606719007843,0.0,0.0,0.0,0.0,98.98295454543639,12.495116900001449,,,,,,,,,0,verified_frozen_c4_development_runs,108f7875ec8af675a4aa2dce5bec833735ff499be6ead588d3accce32efe3a15,,0.0,0.0,0.0,0.0,0.0,0.0,0.0,0.0,0.0,0.0,0.0,,,,,0.0,,,,,,,,,,,,,,,,,,,,,,,,,,,,,,,,,,,,,,,,,,,,,,,,,,,,,,,,,,,,,,,,,,
C1_sensor_MPC,parameter_variation,19029,11.100589972702812,5.837951828871075,3.4914802927334554,,1,0.0,0.0,1.6400000000000001,0.27287853577371046,1.0,3.0,0.7271214642262895,0.27287853577371046,0.0,0.0,0.0,0.0,6929.45472346592,133.9365801326779,0,0,0,0,0,,0,57.22095619833355,0.0,0.0,0.0,0.0,57.23769752076497,7.298607400000037,4.706072559272559,4.307488201031434,,,4.706072559272559,4.307488201031434,0.2556331205561425,0.20274143736365757,164,rerun_v3_simulate_v3_run,,,,,,,,,,,,,,,,,,,,,,,,,,,,,,,,,,,,,,,,,,,,,,,,,,,,,,,,,,,,,,,,,,,,,,,,,,,,,,,,,,,,
C3_arbitration_MPC,parameter_variation,19029,10.984899554700291,5.558446077805951,2.662473331392857,,1,0.0,0.0,1.6400000000000001,0.27287853577371046,1.0,3.0,0.7271214642262895,0.0,0.0,0.27287853577371046,0.0,0.5448504983388704,7142.937612764691,128.63246017446897,0,0,0,0,0,,0,79.81777520668281,0.41444733219914315,0.010115662583658109,0.0071263339138760515,0.4316893286966773,79.84435041312695,10.445325700000467,3.4000430829493897,3.0832648519966677,10.176907965570397,10.137274296476217,3.3838668124855844,3.062629642946101,0.2556331205561426,0.20274143736365763,164,verified_frozen_c4_development_runs,108f7875ec8af675a4aa2dce5bec833735ff499be6ead588d3accce32efe3a15,,0.0,0.0,1.0,0.0,0.0,0.0,0.0,0.0,0.0,0.0,0.0,,,,,0.0,,,,,,,,,,,,,,,,,,,,,,,,,,,,,,,,,,,,,,,,,,,,,,,,,,,,,,,,,,,,,,,,,,
E_EKF_virtual_MPC,parameter_variation,19029,11.42642283164855,6.4081244470017245,5.181325225019159,,1,0.0,,1.6400000000000001,0.27287853577371046,,,,,,,,,7166.166220167618,205.97269379533944,0,0,0,0,0,,0,48.2738495867568,0.26189965572299934,0.008863166885852427,,,48.29538016544447,6.478935399998591,,,,,,,,,164,,,,,,,,,,,,,,,,,,,,,,,,,,,,,,,,,,,,True,601.0,0.5448504983388704,164.0,0.27287853577371046,9.861476050037766,9.241578777791014,9.241578777791014,0.2556331205561425,0.20274143736365763,0.008967764615986652,6.930877245520852,4.691235398107467,4.691235398107467,9.788502054177757,9.09898615727081,9.09898615727081,9.788502054177757,0.0,0.0,0.0,0.0,1.0,,,1.6595399844177016e-08,0.0,0.0005957195482886342,0.005046569996209835,0.4243288185661406,2.4021927223449104,0.4991371772900623,0.2324301165030489,0.19710000196937472,0.5071000014140736,0.6763000019418541,0.8312999998452142,601.0,0.4941825290417226,0.4298000021663029,1.0027999996964354,1.2272999993001577,1.4405999972950667,121.0,48.2738495867568,42.201800002658274,99.25879999718745,118.23624000171549,148.76619999995455,fixed_nominal
B_plain_MPC,parameter_variation,19030,10.832303274125305,4.8675388452832635,0.6834249074520516,,0,0.0,0.0,0.0,0.0,0.0,6.0,1.0,0.0,0.0,0.0,0.0,0.0,7897.956184619641,147.301894780041,0,0,0,0,0,,0,102.78906776860342,0.0,0.0,0.0,0.0,102.81208512400147,12.967883899998924,,,,,,,,,0,verified_frozen_c4_development_runs,108f7875ec8af675a4aa2dce5bec833735ff499be6ead588d3accce32efe3a15,,0.0,0.0,0.0,0.0,0.0,0.0,0.0,0.0,0.0,0.0,0.0,,,,,0.0,,,,,,,,,,,,,,,,,,,,,,,,,,,,,,,,,,,,,,,,,,,,,,,,,,,,,,,,,,,,,,,,,,
C1_sensor_MPC,parameter_variation,19030,10.832537534843429,4.871053851221565,0.6907989470589744,,1,1.0,1.0,0.06,0.009983361064891847,4.0,1.2,0.9900166389351082,0.009983361064891847,0.0,0.0,0.0,0.0,7899.055622402099,146.40440706891434,0,0,0,0,0,,0,67.33135041300436,0.0,0.0,0.0,0.0,67.34678016518279,8.548831600000995,0.222748743077773,0.21948851105896003,,,0.222748743077773,0.21948851105896003,0.44059298699080107,0.3463440126773847,6,rerun_v3_simulate_v3_run,,,,,,,,,,,,,,,,,,,,,,,,,,,,,,,,,,,,,,,,,,,,,,,,,,,,,,,,,,,,,,,,,,,,,,,,,,,,,,,,,,,,
C3_arbitration_MPC,parameter_variation,19030,10.832083365823463,4.8377715358087325,0.6764296526678861,,1,0.0,0.0,2.17,0.3610648918469218,3.0,1.5,0.6389351081530782,0.0,0.0,0.3610648918469218,0.0,0.7209302325581395,8220.129273736533,121.91676083216319,0,0,0,0,0,,0,95.62742066107093,0.41144922548411,0.010237693626700304,0.007190877800525235,0.42887779691133554,95.6538876033854,12.349121299999751,1.2383538618646739,1.0836773848833003,12.458462605385904,12.449128962638035,1.3138253755713256,1.1658547452116055,0.22583757238675314,0.1836303751505383,217,verified_frozen_c4_development_runs,108f7875ec8af675a4aa2dce5bec833735ff499be6ead588d3accce32efe3a15,,0.0,0.0,1.0,0.0,0.0,0.0,0.0,0.0,0.0,0.0,0.0,,,,,0.0,,,,,,,,,,,,,,,,,,,,,,,,,,,,,,,,,,,,,,,,,,,,,,,,,,,,,,,,,,,,,,,,,,
E_EKF_virtual_MPC,parameter_variation,19030,11.743219023162268,7.173404228594332,6.4441870665732095,,1,0.0,,2.18,0.3627287853577371,,,,,,,,,7293.988057940762,222.22921499889907,0,0,0,0,0,,0,51.74737272724343,0.28113924270220664,0.009612564471934596,,,51.77042396715193,6.968720199998643,,,,,,,,,218,,,,,,,,,,,,,,,,,,,,,,,,,,,,,,,,,,,,True,601.0,0.7242524916943521,218.0,0.3627287853577371,9.456704803814228,8.902568061383668,8.902568061383668,0.22542418521704768,0.1832543837608078,0.011339258987993522,6.317126537051077,4.260610536737086,4.260610536737086,8.92075345724539,8.239167081909399,8.239167081909399,8.92075345724539,0.0,0.0,0.0,0.0,1.0,,,1.6595399844177022e-08,0.0,-0.00042769528249895274,0.0059363060111120025,0.4994116023611062,2.4202058444355945,0.5540839931619551,0.2658262895173223,0.20009999934700318,0.5461000000650529,0.7251000024552923,0.915000000532018,601.0,0.546902495787166,0.43200000072829425,1.0425000000395812,1.3654999966092873,1.7230000012204982,121.0,51.74737272724343,46.40530000324361,99.93430000031367,126.52543999865878,135.82730000052834,fixed_nominal
B_plain_MPC,sensor_bias_5,19026,10.95506750098994,5.513860276089946,2.966330688048684,,0,0.0,0.0,0.0,0.0,0.0,6.0,1.0,0.0,0.0,0.0,0.0,0.0,6416.570303024834,215.3852925815756,0,0,0,0,0,,0,58.37989669414151,0.0,0.0,0.0,0.0,58.39430413227302,7.406836399997701,,,,,,,,,0,rerun_v3_simulate_v3_run,,,,,,,,,,,,,,,,,,,,,,,,,,,,,,,,,,,,,,,,,,,,,,,,,,,,,,,,,,,,,,,,,,,,,,,,,,,,,,,,,,,,
C1_sensor_MPC,sensor_bias_5,19026,10.80868796245771,4.616809714640719,0.3444874339422603,,1,0.0,0.0,4.01,0.6672212978369384,1.0,3.0,0.33277870216306155,0.6672212978369384,0.0,0.0,0.0,0.0,6031.733572990833,78.78053255644615,0,0,0,0,0,,0,34.35378842953446,0.0,0.0,0.0,0.0,34.370809090771125,4.468652899999142,0.35600194274747765,0.3510573705935613,,,0.35600194274747765,0.3510573705935613,2.319011356014035,1.7312304459538488,401,rerun_v3_simulate_v3_run,,,,,,,,,,,,,,,,,,,,,,,,,,,,,,,,,,,,,,,,,,,,,,,,,,,,,,,,,,,,,,,,,,,,,,,,,,,,,,,,,,,,
C3_arbitration_MPC,sensor_bias_5,19026,10.80868796245771,4.616809714640719,0.3444874339422603,,1,0.0,0.0,4.01,0.6672212978369384,1.0,3.0,0.33277870216306155,0.6672212978369384,0.0,0.0,0.0,0.0,6031.733572990833,78.78053255644615,0,0,0,0,0,,0,38.82722727278385,0.27816729764766646,0.006668674689687535,0.005186058573561869,0.29002203091091583,38.84890495855645,5.222687400000723,0.35600194274747765,0.3510573705935613,0.24281486273907943,0.18585912975505753,0.35600194274747765,0.3510573705935613,2.319011356014035,1.7312304459538488,401,rerun_v3_simulate_v3_run,,"[{'controller': 'C3_arbitration_MPC', 'scenario': 'sensor_bias_5', 'seed': 19026, 'step': 20, 'time_s': 0.2, 'aux_inference_ms': 0.27409999893279746, 'reliability_update_ms': 0.006599999323952943, 'arbitration_ms': 0.00419999923906289, 'extension_ms': 0.2848999974958133, 'control_compute_ms': 32.697999999072636}, {'controller': 'C3_arbitration_MPC', 'scenario': 'sensor_bias_5', 'seed': 19026, 'step': 21, 'time_s': 0.21, 'aux_inference_ms': 0.23670000155107118, 'reliability_update_ms': 0.006100002792663872, 'arbitration_ms': 0.0030999981390777975, 'extension_ms': 0.24590000248281285, 'control_compute_ms': nan}, {'controller': 'C3_arbitration_MPC', 'scenario': 'sensor_bias_5', 'seed': 19026, 'step': 22, 'time_s': 0.22, 'aux_inference_ms': 0.2807000018947292, 'reliability_update_ms': 0.005900001269765198, 'arbitration_ms': 0.0028999966161791235, 'extension_ms': 0.28949999978067353, 'control_compute_ms': nan}, {'controller': 'C3_arbitration_MPC', 'scenario': 'sensor_bias_5', 'seed': 19026, 'step': 23, 'time_s': 0.23, 'aux_inference_ms': 0.2424000012979377, 'reliability_update_ms': 0.004400000761961564, 'arbitration_ms': 0.0021000014385208488, 'extension_ms': 0.24890000349842012, 'control_compute_ms': nan}, {'controller': 'C3_arbitration_MPC', 'scenario': 'sensor_bias_5', 'seed': 19026, 'step': 24, 'time_s': 0.24, 'aux_inference_ms': 0.378400000045076, 'reliability_update_ms': 0.004800000169780105, 'arbitration_ms': 0.0024000000848900527, 'extension_ms': 0.38560000029974617, 'control_compute_ms': nan}, {'controller': 'C3_arbitration_MPC', 'scenario': 'sensor_bias_5', 'seed': 19026, 'step': 25, 'time_s': 0.25, 'aux_inference_ms': 0.97730000197771, 'reliability_update_ms': 0.017399997886968777, 'arbitration_ms': 0.007499998901039362, 'extension_ms': 1.0021999987657182, 'control_compute_ms': 42.451499997696374}, {'controller': 'C3_arbitration_MPC', 'scenario': 'sensor_bias_5', 'seed': 19026, 'step': 26, 'time_s': 0.26, 'aux_inference_ms': 0.5177000020921696, 'reliability_update_ms': 0.012500000593718141, 'arbitration_ms': 0.006199999916134402, 'extension_ms': 0.5364000026020221, 'control_compute_ms': nan}, {'controller': 'C3_arbitration_MPC', 'scenario': 'sensor_bias_5', 'seed': 19026, 'step': 27, 'time_s': 0.27, 'aux_inference_ms': 0.4664000007323921, 'reliability_update_ms': 0.009999999747378752, 'arbitration_ms': 0.007400001777568832, 'extension_ms': 0.48380000225733966, 'control_compute_ms': nan}, {'controller': 'C3_arbitration_MPC', 'scenario': 'sensor_bias_5', 'seed': 19026, 'step': 28, 'time_s': 0.28, 'aux_inference_ms': 0.4628999995475169, 'reliability_update_ms': 0.009499999578110874, 'arbitration_ms': 0.0026000016077887267, 'extension_ms': 0.4750000007334165, 'control_compute_ms': nan}, {'controller': 'C3_arbitration_MPC', 'scenario': 'sensor_bias_5', 'seed': 19026, 'step': 29, 'time_s': 0.29, 'aux_inference_ms': 0.4612000011547934, 'reliability_update_ms': 0.00960000033956021, 'arbitration_ms': 0.0026999987312592566, 'extension_ms': 0.4735000002256129, 'control_compute_ms': nan}, {'controller': 'C3_arbitration_MPC', 'scenario': 'sensor_bias_5', 'seed': 19026, 'step': 30, 'time_s': 0.3, 'aux_inference_ms': 0.5377000015869271, 'reliability_update_ms': 0.010199997632298619, 'arbitration_ms': 0.0027999994927085936, 'extension_ms': 0.5506999987119343, 'control_compute_ms': 45.25439999997616}, {'controller': 'C3_arbitration_MPC', 'scenario': 'sensor_bias_5', 'seed': 19026, 'step': 31, 'time_s': 0.31, 'aux_inference_ms': 1.0368000002927147, 'reliability_update_ms': 0.011000000085914508, 'arbitration_ms': 0.0031000017770566046, 'extension_ms': 1.0509000021556858, 'control_compute_ms': nan}, {'controller': 'C3_arbitration_MPC', 'scenario': 'sensor_bias_5', 'seed': 19026, 'step': 32, 'time_s': 0.32, 'aux_inference_ms': 0.39620000097784214, 'reliability_update_ms': 0.009800001862458885, 'arbitration_ms': 0.0031999989005271345, 'extension_ms': 0.40920000174082816, 'control_compute_ms': nan}, {'controller': 'C3_arbitration_MPC', 'scenario': 'sensor_bias_5', 'seed': 19026, 'step': 33, 'time_s': 0.33, 'aux_inference_ms': 0.21019999985583127, 'reliability_update_ms': 0.005599998985417187, 'arbitration_ms': 0.0017000020307023078, 'extension_ms': 0.21750000087195076, 'control_compute_ms': nan}, {'controller': 'C3_arbitration_MPC', 'scenario': 'sensor_bias_5', 'seed': 19026, 'step': 34, 'time_s': 0.34, 'aux_inference_ms': 0.20049999875482172, 'reliability_update_ms': 0.005099998816149309, 'arbitration_ms': 0.0016000012692529708, 'extension_ms': 0.207199998840224, 'control_compute_ms': nan}, {'controller': 'C3_arbitration_MPC', 'scenario': 'sensor_bias_5', 'seed': 19026, 'step': 35, 'time_s': 0.35000000000000003, 'aux_inference_ms': 0.23150000197347254, 'reliability_update_ms': 0.006000002031214535, 'arbitration_ms': 0.0016999983927235007, 'extension_ms': 0.23920000239741057, 'control_compute_ms': 17.370100002153777}, {'controller': 'C3_arbitration_MPC', 'scenario': 'sensor_bias_5', 'seed': 19026, 'step': 36, 'time_s': 0.36, 'aux_inference_ms': 0.2694000031624455, 'reliability_update_ms': 0.00670000008540228, 'arbitration_ms': 0.0018999999156221747, 'extension_ms': 0.27800000316346996, 'control_compute_ms': nan}, {'controller': 'C3_arbitration_MPC', 'scenario': 'sensor_bias_5', 'seed': 19026, 'step': 37, 'time_s': 0.37, 'aux_inference_ms': 0.2043999993475154, 'reliability_update_ms': 0.005300000339047983, 'arbitration_ms': 0.0017000020307023078, 'extension_ms': 0.2114000017172657, 'control_compute_ms': nan}, {'controller': 'C3_arbitration_MPC', 'scenario': 'sensor_bias_5', 'seed': 19026, 'step': 38, 'time_s': 0.38, 'aux_inference_ms': 0.1975999985006638, 'reliability_update_ms': 0.004800000169780105, 'arbitration_ms': 0.0017000020307023078, 'extension_ms': 0.2041000007011462, 'control_compute_ms': nan}, {'controller': 'C3_arbitration_MPC', 'scenario': 'sensor_bias_5', 'seed': 19026, 'step': 39, 'time_s': 0.39, 'aux_inference_ms': 0.238199998420896, 'reliability_update_ms': 0.004999998054699972, 'arbitration_ms': 0.0017000020307023078, 'extension_ms': 0.2448999985062983, 'control_compute_ms': nan}, {'controller': 'C3_arbitration_MPC', 'scenario': 'sensor_bias_5', 'seed': 19026, 'step': 40, 'time_s': 0.4, 'aux_inference_ms': 0.20360000053187832, 'reliability_update_ms': 0.005300000339047983, 'arbitration_ms': 0.0018000027921516448, 'extension_ms': 0.21070000366307795, 'control_compute_ms': 17.355500000121538}, {'controller': 'C3_arbitration_MPC', 'scenario': 'sensor_bias_5', 'seed': 19026, 'step': 41, 'time_s': 0.41000000000000003, 'aux_inference_ms': 0.23130000045057386, 'reliability_update_ms': 0.005699999746866524, 'arbitration_ms': 0.0018999999156221747, 'extension_ms': 0.23890000011306256, 'control_compute_ms': nan}, {'controller': 'C3_arbitration_MPC', 'scenario': 'sensor_bias_5', 'seed': 19026, 'step': 42, 'time_s': 0.42, 'aux_inference_ms': 0.2049000031547621, 'reliability_update_ms': 0.005500001861946657, 'arbitration_ms': 0.0016999983927235007, 'extension_ms': 0.21210000340943225, 'control_compute_ms': nan}, {'controller': 'C3_arbitration_MPC', 'scenario': 'sensor_bias_5', 'seed': 19026, 'step': 43, 'time_s': 0.43, 'aux_inference_ms': 0.23860000146669336, 'reliability_update_ms': 0.005500001861946657, 'arbitration_ms': 0.0017999991541728377, 'extension_ms': 0.24590000248281285, 'control_compute_ms': nan}, {'controller': 'C3_arbitration_MPC', 'scenario': 'sensor_bias_5', 'seed': 19026, 'step': 44, 'time_s': 0.44, 'aux_inference_ms': 0.20180000137770548, 'reliability_update_ms': 0.005500001861946657, 'arbitration_ms': 0.0016999983927235007, 'extension_ms': 0.20900000163237564, 'control_compute_ms': nan}, {'controller': 'C3_arbitration_MPC', 'scenario': 'sensor_bias_5', 'seed': 19026, 'step': 45, 'time_s': 0.45, 'aux_inference_ms': 0.19579999934649095, 'reliability_update_ms': 0.005000001692678779, 'arbitration_ms': 0.0016000012692529708, 'extension_ms': 0.2024000023084227, 'control_compute_ms': 17.27739999842015}, {'controller': 'C3_arbitration_MPC', 'scenario': 'sensor_bias_5', 'seed': 19026, 'step': 46, 'time_s': 0.46, 'aux_inference_ms': 0.22760000138077885, 'reliability_update_ms': 0.005699999746866524, 'arbitration_ms': 0.0021000014385208488, 'extension_ms': 0.23540000256616622, 'control_compute_ms': nan}, {'controller': 'C3_arbitration_MPC', 'scenario': 'sensor_bias_5', 'seed': 19026, 'step': 47, 'time_s': 0.47000000000000003, 'aux_inference_ms': 0.23359999977401458, 'reliability_update_ms': 0.005399997462518513, 'arbitration_ms': 0.0017999991541728377, 'extension_ms': 0.24079999639070593, 'control_compute_ms': nan}, {'controller': 'C3_arbitration_MPC', 'scenario': 'sensor_bias_5', 'seed': 19026, 'step': 48, 'time_s': 0.48, 'aux_inference_ms': 0.2026999973168131, 'reliability_update_ms': 0.005300000339047983, 'arbitration_ms': 0.0016999983927235007, 'extension_ms': 0.20969999604858458, 'control_compute_ms': nan}, {'controller': 'C3_arbitration_MPC', 'scenario': 'sensor_bias_5', 'seed': 19026, 'step': 49, 'time_s': 0.49, 'aux_inference_ms': 0.20710000171675347, 'reliability_update_ms': 0.005099998816149309, 'arbitration_ms': 0.0016000012692529708, 'extension_ms': 0.21380000180215575, 'control_compute_ms': nan}, {'controller': 'C3_arbitration_MPC', 'scenario': 'sensor_bias_5', 'seed': 19026, 'step': 50, 'time_s': 0.5, 'aux_inference_ms': 0.23249999867402948, 'reliability_update_ms': 0.005200003215577453, 'arbitration_ms': 0.0017999991541728377, 'extension_ms': 0.23950000104377978, 'control_compute_ms': 17.151900003227638}, {'controller': 'C3_arbitration_MPC', 'scenario': 'sensor_bias_5', 'seed': 19026, 'step': 51, 'time_s': 0.51, 'aux_inference_ms': 0.2466000005370006, 'reliability_update_ms': 0.005699999746866524, 'arbitration_ms': 0.0018999999156221747, 'extension_ms': 0.2542000001994893, 'control_compute_ms': nan}, {'controller': 'C3_arbitration_MPC', 'scenario': 'sensor_bias_5', 'seed': 19026, 'step': 52, 'time_s': 0.52, 'aux_inference_ms': 0.20510000103968196, 'reliability_update_ms': 0.005099998816149309, 'arbitration_ms': 0.0018000027921516448, 'extension_ms': 0.2120000026479829, 'control_compute_ms': nan}, {'controller': 'C3_arbitration_MPC', 'scenario': 'sensor_bias_5', 'seed': 19026, 'step': 53, 'time_s': 0.53, 'aux_inference_ms': 0.20900000163237564, 'reliability_update_ms': 0.005099998816149309, 'arbitration_ms': 0.0017000020307023078, 'extension_ms': 0.21580000247922726, 'control_compute_ms': nan}, {'controller': 'C3_arbitration_MPC', 'scenario': 'sensor_bias_5', 'seed': 19026, 'step': 54, 'time_s': 0.54, 'aux_inference_ms': 0.22189999799593352, 'reliability_update_ms': 0.005200003215577453, 'arbitration_ms': 0.0016999983927235007, 'extension_ms': 0.22879999960423447, 'control_compute_ms': nan}, {'controller': 'C3_arbitration_MPC', 'scenario': 'sensor_bias_5', 'seed': 19026, 'step': 55, 'time_s': 0.55, 'aux_inference_ms': 0.1975999985006638, 'reliability_update_ms': 0.004899997293250635, 'arbitration_ms': 0.0013999997463542968, 'extension_ms': 0.20389999554026872, 'control_compute_ms': 17.23130000027595}, {'controller': 'C3_arbitration_MPC', 'scenario': 'sensor_bias_5', 'seed': 19026, 'step': 56, 'time_s': 0.56, 'aux_inference_ms': 0.22589999935007654, 'reliability_update_ms': 0.005800000508315861, 'arbitration_ms': 0.0017999991541728377, 'extension_ms': 0.23349999901256524, 'control_compute_ms': nan}, {'controller': 'C3_arbitration_MPC', 'scenario': 'sensor_bias_5', 'seed': 19026, 'step': 57, 'time_s': 0.5700000000000001, 'aux_inference_ms': 0.2043999993475154, 'reliability_update_ms': 0.005099998816149309, 'arbitration_ms': 0.0017000020307023078, 'extension_ms': 0.21120000019436702, 'control_compute_ms': nan}, {'controller': 'C3_arbitration_MPC', 'scenario': 'sensor_bias_5', 'seed': 19026, 'step': 58, 'time_s': 0.58, 'aux_inference_ms': 0.1976000021386426, 'reliability_update_ms': 0.005000001692678779, 'arbitration_ms': 0.0014999968698248267, 'extension_ms': 0.2041000007011462, 'control_compute_ms': nan}, {'controller': 'C3_arbitration_MPC', 'scenario': 'sensor_bias_5', 'seed': 19026, 'step': 59, 'time_s': 0.59, 'aux_inference_ms': 0.21099999867146835, 'reliability_update_ms': 0.005300000339047983, 'arbitration_ms': 0.0016000012692529708, 'extension_ms': 0.2179000002797693, 'control_compute_ms': nan}, {'controller': 'C3_arbitration_MPC', 'scenario': 'sensor_bias_5', 'seed': 19026, 'step': 60, 'time_s': 0.6, 'aux_inference_ms': 0.19600000086938962, 'reliability_update_ms': 0.005199999577598646, 'arbitration_ms': 0.0016000012692529708, 'extension_ms': 0.20280000171624124, 'control_compute_ms': 21.846999999979744}, {'controller': 'C3_arbitration_MPC', 'scenario': 'sensor_bias_5', 'seed': 19026, 'step': 61, 'time_s': 0.61, 'aux_inference_ms': 0.5507000023499131, 'reliability_update_ms': 0.012099997547920793, 'arbitration_ms': 0.0036999990697950125, 'extension_ms': 0.5664999989676289, 'control_compute_ms': nan}, {'controller': 'C3_arbitration_MPC', 'scenario': 'sensor_bias_5', 'seed': 19026, 'step': 62, 'time_s': 0.62, 'aux_inference_ms': 0.6271000020205975, 'reliability_update_ms': 0.013299999409355223, 'arbitration_ms': 0.0035000011848751456, 'extension_ms': 0.6439000026148278, 'control_compute_ms': nan}, {'controller': 'C3_arbitration_MPC', 'scenario': 'sensor_bias_5', 'seed': 19026, 'step': 63, 'time_s': 0.63, 'aux_inference_ms': 0.46519999887095764, 'reliability_update_ms': 0.009499999578110874, 'arbitration_ms': 0.0025999979698099196, 'extension_ms': 0.47729999641887844, 'control_compute_ms': nan}, {'controller': 'C3_arbitration_MPC', 'scenario': 'sensor_bias_5', 'seed': 19026, 'step': 64, 'time_s': 0.64, 'aux_inference_ms': 0.4729000029328745, 'reliability_update_ms': 0.009800001862458885, 'arbitration_ms': 0.0026000016077887267, 'extension_ms': 0.4853000064031221, 'control_compute_ms': nan}, {'controller': 'C3_arbitration_MPC', 'scenario': 'sensor_bias_5', 'seed': 19026, 'step': 65, 'time_s': 0.65, 'aux_inference_ms': 0.4519000030995812, 'reliability_update_ms': 0.00960000033956021, 'arbitration_ms': 0.0025000008463393897, 'extension_ms': 0.4640000042854808, 'control_compute_ms': 45.03549999935785}, {'controller': 'C3_arbitration_MPC', 'scenario': 'sensor_bias_5', 'seed': 19026, 'step': 66, 'time_s': 0.66, 'aux_inference_ms': 0.49840000065159984, 'reliability_update_ms': 0.010300002031726763, 'arbitration_ms': 0.0027999994927085936, 'extension_ms': 0.5115000021760352, 'control_compute_ms': nan}, {'controller': 'C3_arbitration_MPC', 'scenario': 'sensor_bias_5', 'seed': 19026, 'step': 67, 'time_s': 0.67, 'aux_inference_ms': 0.46160000056261197, 'reliability_update_ms': 0.009899998985929415, 'arbitration_ms': 0.0026000016077887267, 'extension_ms': 0.4741000011563301, 'control_compute_ms': nan}, {'controller': 'C3_arbitration_MPC', 'scenario': 'sensor_bias_5', 'seed': 19026, 'step': 68, 'time_s': 0.68, 'aux_inference_ms': 0.4580000022542663, 'reliability_update_ms': 0.00960000033956021, 'arbitration_ms': 0.0024999972083605826, 'extension_ms': 0.4700999998021871, 'control_compute_ms': nan}, {'controller': 'C3_arbitration_MPC', 'scenario': 'sensor_bias_5', 'seed': 19026, 'step': 69, 'time_s': 0.6900000000000001, 'aux_inference_ms': 0.45529999988502823, 'reliability_update_ms': 0.009399998816661537, 'arbitration_ms': 0.0026000016077887267, 'extension_ms': 0.4673000003094785, 'control_compute_ms': nan}, {'controller': 'C3_arbitration_MPC', 'scenario': 'sensor_bias_5', 'seed': 19026, 'step': 70, 'time_s': 0.7000000000000001, 'aux_inference_ms': 0.3947000004700385, 'reliability_update_ms': 0.007300001016119495, 'arbitration_ms': 0.0018999999156221747, 'extension_ms': 0.4039000014017802, 'control_compute_ms': 40.76809999969555}, {'controller': 'C3_arbitration_MPC', 'scenario': 'sensor_bias_5', 'seed': 19026, 'step': 71, 'time_s': 0.71, 'aux_inference_ms': 0.4374999989522621, 'reliability_update_ms': 0.010399999155197293, 'arbitration_ms': 0.0032000025385059416, 'extension_ms': 0.45110000064596534, 'control_compute_ms': nan}, {'controller': 'C3_arbitration_MPC', 'scenario': 'sensor_bias_5', 'seed': 19026, 'step': 72, 'time_s': 0.72, 'aux_inference_ms': 0.38919999860809185, 'reliability_update_ms': 0.010100000508828089, 'arbitration_ms': 0.0030000010156072676, 'extension_ms': 0.4023000001325272, 'control_compute_ms': nan}, {'controller': 'C3_arbitration_MPC', 'scenario': 'sensor_bias_5', 'seed': 19026, 'step': 73, 'time_s': 0.73, 'aux_inference_ms': 0.3854000024148263, 'reliability_update_ms': 0.009300001693191007, 'arbitration_ms': 0.0029000002541579306, 'extension_ms': 0.39760000436217524, 'control_compute_ms': nan}, {'controller': 'C3_arbitration_MPC', 'scenario': 'sensor_bias_5', 'seed': 19026, 'step': 74, 'time_s': 0.74, 'aux_inference_ms': 0.3178000006300863, 'reliability_update_ms': 0.00799999907030724, 'arbitration_ms': 0.0024000000848900527, 'extension_ms': 0.3281999997852836, 'control_compute_ms': nan}, {'controller': 'C3_arbitration_MPC', 'scenario': 'sensor_bias_5', 'seed': 19026, 'step': 75, 'time_s': 0.75, 'aux_inference_ms': 0.4977999997208826, 'reliability_update_ms': 0.013299999409355223, 'arbitration_ms': 0.0035999983083456755, 'extension_ms': 0.5146999974385835, 'control_compute_ms': 46.414399999775924}, {'controller': 'C3_arbitration_MPC', 'scenario': 'sensor_bias_5', 'seed': 19026, 'step': 76, 'time_s': 0.76, 'aux_inference_ms': 0.5294000002322719, 'reliability_update_ms': 0.01089999932446517, 'arbitration_ms': 0.0027000023692380637, 'extension_ms': 0.5430000019259751, 'control_compute_ms': nan}, {'controller': 'C3_arbitration_MPC', 'scenario': 'sensor_bias_5', 'seed': 19026, 'step': 77, 'time_s': 0.77, 'aux_inference_ms': 0.48439999955007806, 'reliability_update_ms': 0.010100000508828089, 'arbitration_ms': 0.0026999987312592566, 'extension_ms': 0.4971999987901654, 'control_compute_ms': nan}, {'controller': 'C3_arbitration_MPC', 'scenario': 'sensor_bias_5', 'seed': 19026, 'step': 78, 'time_s': 0.78, 'aux_inference_ms': 0.45559999853139743, 'reliability_update_ms': 0.009800001862458885, 'arbitration_ms': 0.0026000016077887267, 'extension_ms': 0.46800000200164504, 'control_compute_ms': nan}, {'controller': 'C3_arbitration_MPC', 'scenario': 'sensor_bias_5', 'seed': 19026, 'step': 79, 'time_s': 0.79, 'aux_inference_ms': 0.45479999971576035, 'reliability_update_ms': 0.009499999578110874, 'arbitration_ms': 0.0025000008463393897, 'extension_ms': 0.4668000001402106, 'control_compute_ms': nan}, {'controller': 'C3_arbitration_MPC', 'scenario': 'sensor_bias_5', 'seed': 19026, 'step': 80, 'time_s': 0.8, 'aux_inference_ms': 0.4537999993772246, 'reliability_update_ms': 0.009499999578110874, 'arbitration_ms': 0.0026000016077887267, 'extension_ms': 0.4659000005631242, 'control_compute_ms': 23.999900000490015}, {'controller': 'C3_arbitration_MPC', 'scenario': 'sensor_bias_5', 'seed': 19026, 'step': 81, 'time_s': 0.81, 'aux_inference_ms': 0.33489999987068586, 'reliability_update_ms': 0.005599998985417187, 'arbitration_ms': 0.0016000012692529708, 'extension_ms': 0.342100000125356, 'control_compute_ms': nan}, {'controller': 'C3_arbitration_MPC', 'scenario': 'sensor_bias_5', 'seed': 19026, 'step': 82, 'time_s': 0.8200000000000001, 'aux_inference_ms': 0.1768000001902692, 'reliability_update_ms': 0.004400000761961564, 'arbitration_ms': 0.001400003384333104, 'extension_ms': 0.18260000433656387, 'control_compute_ms': nan}, {'controller': 'C3_arbitration_MPC', 'scenario': 'sensor_bias_5', 'seed': 19026, 'step': 83, 'time_s': 0.8300000000000001, 'aux_inference_ms': 0.1674999984970782, 'reliability_update_ms': 0.004499997885432094, 'arbitration_ms': 0.0012999989849049598, 'extension_ms': 0.17329999536741525, 'control_compute_ms': nan}, {'controller': 'C3_arbitration_MPC', 'scenario': 'sensor_bias_5', 'seed': 19026, 'step': 84, 'time_s': 0.84, 'aux_inference_ms': 0.17149999985122122, 'reliability_update_ms': 0.00540000110049732, 'arbitration_ms': 0.0017000020307023078, 'extension_ms': 0.17860000298242085, 'control_compute_ms': nan}, {'controller': 'C3_arbitration_MPC', 'scenario': 'sensor_bias_5', 'seed': 19026, 'step': 85, 'time_s': 0.85, 'aux_inference_ms': 0.2263000023958739, 'reliability_update_ms': 0.005800000508315861, 'arbitration_ms': 0.0017000020307023078, 'extension_ms': 0.23380000493489206, 'control_compute_ms': 17.9747000001953}, {'controller': 'C3_arbitration_MPC', 'scenario': 'sensor_bias_5', 'seed': 19026, 'step': 86, 'time_s': 0.86, 'aux_inference_ms': 0.2657000004546717, 'reliability_update_ms': 0.007200000254670158, 'arbitration_ms': 0.0025000008463393897, 'extension_ms': 0.27540000155568123, 'control_compute_ms': nan}, {'controller': 'C3_arbitration_MPC', 'scenario': 'sensor_bias_5', 'seed': 19026, 'step': 87, 'time_s': 0.87, 'aux_inference_ms': 0.21610000112559646, 'reliability_update_ms': 0.005399997462518513, 'arbitration_ms': 0.0022999993234407157, 'extension_ms': 0.2237999979115557, 'control_compute_ms': nan}, {'controller': 'C3_arbitration_MPC', 'scenario': 'sensor_bias_5', 'seed': 19026, 'step': 88, 'time_s': 0.88, 'aux_inference_ms': 0.21209999977145344, 'reliability_update_ms': 0.005699999746866524, 'arbitration_ms': 0.0018000027921516448, 'extension_ms': 0.2196000023104716, 'control_compute_ms': nan}, {'controller': 'C3_arbitration_MPC', 'scenario': 'sensor_bias_5', 'seed': 19026, 'step': 89, 'time_s': 0.89, 'aux_inference_ms': 0.24529999791411683, 'reliability_update_ms': 0.005099998816149309, 'arbitration_ms': 0.0015999976312741637, 'extension_ms': 0.2519999943615403, 'control_compute_ms': nan}, {'controller': 'C3_arbitration_MPC', 'scenario': 'sensor_bias_5', 'seed': 19026, 'step': 90, 'time_s': 0.9, 'aux_inference_ms': 0.21700000070268288, 'reliability_update_ms': 0.005099998816149309, 'arbitration_ms': 0.0015000005078036338, 'extension_ms': 0.22360000002663583, 'control_compute_ms': 17.56820000082371}, {'controller': 'C3_arbitration_MPC', 'scenario': 'sensor_bias_5', 'seed': 19026, 'step': 91, 'time_s': 0.91, 'aux_inference_ms': 0.2635000018926803, 'reliability_update_ms': 0.005900001269765198, 'arbitration_ms': 0.0016999983927235007, 'extension_ms': 0.271100001555169, 'control_compute_ms': nan}, {'controller': 'C3_arbitration_MPC', 'scenario': 'sensor_bias_5', 'seed': 19026, 'step': 92, 'time_s': 0.92, 'aux_inference_ms': 0.20620000213966705, 'reliability_update_ms': 0.005299996701069176, 'arbitration_ms': 0.0015999976312741637, 'extension_ms': 0.2130999964720104, 'control_compute_ms': nan}, {'controller': 'C3_arbitration_MPC', 'scenario': 'sensor_bias_5', 'seed': 19026, 'step': 93, 'time_s': 0.93, 'aux_inference_ms': 0.2002000001084525, 'reliability_update_ms': 0.005300000339047983, 'arbitration_ms': 0.0016000012692529708, 'extension_ms': 0.20710000171675347, 'control_compute_ms': nan}, {'controller': 'C3_arbitration_MPC', 'scenario': 'sensor_bias_5', 'seed': 19026, 'step': 94, 'time_s': 0.9400000000000001, 'aux_inference_ms': 0.21609999748761766, 'reliability_update_ms': 0.005500001861946657, 'arbitration_ms': 0.0017999991541728377, 'extension_ms': 0.22339999850373715, 'control_compute_ms': nan}, {'controller': 'C3_arbitration_MPC', 'scenario': 'sensor_bias_5', 'seed': 19026, 'step': 95, 'time_s': 0.9500000000000001, 'aux_inference_ms': 0.20189999850117601, 'reliability_update_ms': 0.00540000110049732, 'arbitration_ms': 0.0016000012692529708, 'extension_ms': 0.2089000008709263, 'control_compute_ms': 32.60509999745409}, {'controller': 'C3_arbitration_MPC', 'scenario': 'sensor_bias_5', 'seed': 19026, 'step': 96, 'time_s': 0.96, 'aux_inference_ms': 0.3135999977530446, 'reliability_update_ms': 0.007200000254670158, 'arbitration_ms': 0.0026000016077887267, 'extension_ms': 0.3233999996155035, 'control_compute_ms': nan}, {'controller': 'C3_arbitration_MPC', 'scenario': 'sensor_bias_5', 'seed': 19026, 'step': 97, 'time_s': 0.97, 'aux_inference_ms': 0.1787999972293619, 'reliability_update_ms': 0.005199999577598646, 'arbitration_ms': 0.0018999999156221747, 'extension_ms': 0.18589999672258273, 'control_compute_ms': nan}, {'controller': 'C3_arbitration_MPC', 'scenario': 'sensor_bias_5', 'seed': 19026, 'step': 98, 'time_s': 0.98, 'aux_inference_ms': 0.15980000171111897, 'reliability_update_ms': 0.004300000000512227, 'arbitration_ms': 0.0011999982234556228, 'extension_ms': 0.16529999993508682, 'control_compute_ms': nan}, {'controller': 'C3_arbitration_MPC', 'scenario': 'sensor_bias_5', 'seed': 19026, 'step': 99, 'time_s': 0.99, 'aux_inference_ms': 0.23520000104326755, 'reliability_update_ms': 0.004999998054699972, 'arbitration_ms': 0.0015000005078036338, 'extension_ms': 0.24169999960577115, 'control_compute_ms': nan}, {'controller': 'C3_arbitration_MPC', 'scenario': 'sensor_bias_5', 'seed': 19026, 'step': 100, 'time_s': 1.0, 'aux_inference_ms': 0.20670000230893493, 'reliability_update_ms': 0.00540000110049732, 'arbitration_ms': 0.005099998816149309, 'extension_ms': 0.21720000222558156, 'control_compute_ms': 18.998999999894295}, {'controller': 'C3_arbitration_MPC', 'scenario': 'sensor_bias_5', 'seed': 19026, 'step': 101, 'time_s': 1.01, 'aux_inference_ms': 0.27739999859477393, 'reliability_update_ms': 0.007300001016119495, 'arbitration_ms': 0.005799996870337054, 'extension_ms': 0.2904999964812305, 'control_compute_ms': nan}, {'controller': 'C3_arbitration_MPC', 'scenario': 'sensor_bias_5', 'seed': 19026, 'step': 102, 'time_s': 1.02, 'aux_inference_ms': 0.27209999825572595, 'reliability_update_ms': 0.006800000846851617, 'arbitration_ms': 0.004400000761961564, 'extension_ms': 0.28329999986453913, 'control_compute_ms': nan}, {'controller': 'C3_arbitration_MPC', 'scenario': 'sensor_bias_5', 'seed': 19026, 'step': 103, 'time_s': 1.03, 'aux_inference_ms': 0.18419999832985923, 'reliability_update_ms': 0.005099998816149309, 'arbitration_ms': 0.0032000025385059416, 'extension_ms': 0.19249999968451448, 'control_compute_ms': nan}, {'controller': 'C3_arbitration_MPC', 'scenario': 'sensor_bias_5', 'seed': 19026, 'step': 104, 'time_s': 1.04, 'aux_inference_ms': 0.17469999875174835, 'reliability_update_ms': 0.004500001523410901, 'arbitration_ms': 0.0034999975468963385, 'extension_ms': 0.1826999978220556, 'control_compute_ms': nan}, {'controller': 'C3_arbitration_MPC', 'scenario': 'sensor_bias_5', 'seed': 19026, 'step': 105, 'time_s': 1.05, 'aux_inference_ms': 0.2870999996957835, 'reliability_update_ms': 0.008300001354655251, 'arbitration_ms': 0.0037999998312443495, 'extension_ms': 0.2992000008816831, 'control_compute_ms': 83.68829999744776}, {'controller': 'C3_arbitration_MPC', 'scenario': 'sensor_bias_5', 'seed': 19026, 'step': 106, 'time_s': 1.06, 'aux_inference_ms': 0.2916000012191944, 'reliability_update_ms': 0.007899998308857903, 'arbitration_ms': 0.004699999408330768, 'extension_ms': 0.30419999893638305, 'control_compute_ms': nan}, {'controller': 'C3_arbitration_MPC', 'scenario': 'sensor_bias_5', 'seed': 19026, 'step': 107, 'time_s': 1.07, 'aux_inference_ms': 0.21299999934853986, 'reliability_update_ms': 0.005699999746866524, 'arbitration_ms': 0.004400000761961564, 'extension_ms': 0.22309999985736795, 'control_compute_ms': nan}, {'controller': 'C3_arbitration_MPC', 'scenario': 'sensor_bias_5', 'seed': 19026, 'step': 108, 'time_s': 1.08, 'aux_inference_ms': 0.20189999850117601, 'reliability_update_ms': 0.005099998816149309, 'arbitration_ms': 0.0035000011848751456, 'extension_ms': 0.21049999850220047, 'control_compute_ms': nan}, {'controller': 'C3_arbitration_MPC', 'scenario': 'sensor_bias_5', 'seed': 19026, 'step': 109, 'time_s': 1.09, 'aux_inference_ms': 0.21550000019487925, 'reliability_update_ms': 0.005300000339047983, 'arbitration_ms': 0.0034000004234258085, 'extension_ms': 0.22420000095735304, 'control_compute_ms': nan}, {'controller': 'C3_arbitration_MPC', 'scenario': 'sensor_bias_5', 'seed': 19026, 'step': 110, 'time_s': 1.1, 'aux_inference_ms': 0.19950000205426477, 'reliability_update_ms': 0.005300000339047983, 'arbitration_ms': 0.0032999996619764715, 'extension_ms': 0.20810000205528922, 'control_compute_ms': 55.474600001616636}, {'controller': 'C3_arbitration_MPC', 'scenario': 'sensor_bias_5', 'seed': 19026, 'step': 111, 'time_s': 1.11, 'aux_inference_ms': 0.3090999998676125, 'reliability_update_ms': 0.008099999831756577, 'arbitration_ms': 0.006300000677583739, 'extension_ms': 0.3235000003769528, 'control_compute_ms': nan}, {'controller': 'C3_arbitration_MPC', 'scenario': 'sensor_bias_5', 'seed': 19026, 'step': 112, 'time_s': 1.12, 'aux_inference_ms': 0.2978999982587993, 'reliability_update_ms': 0.00660000296193175, 'arbitration_ms': 0.004300000000512227, 'extension_ms': 0.3088000012212433, 'control_compute_ms': nan}, {'controller': 'C3_arbitration_MPC', 'scenario': 'sensor_bias_5', 'seed': 19026, 'step': 113, 'time_s': 1.1300000000000001, 'aux_inference_ms': 0.22589999935007654, 'reliability_update_ms': 0.005800000508315861, 'arbitration_ms': 0.0039000005926936865, 'extension_ms': 0.2356000004510861, 'control_compute_ms': nan}, {'controller': 'C3_arbitration_MPC', 'scenario': 'sensor_bias_5', 'seed': 19026, 'step': 114, 'time_s': 1.1400000000000001, 'aux_inference_ms': 0.2162000018870458, 'reliability_update_ms': 0.005599998985417187, 'arbitration_ms': 0.0036999990697950125, 'extension_ms': 0.225499999942258, 'control_compute_ms': nan}, {'controller': 'C3_arbitration_MPC', 'scenario': 'sensor_bias_5', 'seed': 19026, 'step': 115, 'time_s': 1.1500000000000001, 'aux_inference_ms': 0.22529999841935933, 'reliability_update_ms': 0.005300000339047983, 'arbitration_ms': 0.0036000019463244826, 'extension_ms': 0.2342000007047318, 'control_compute_ms': 43.33039999983157}, {'controller': 'C3_arbitration_MPC', 'scenario': 'sensor_bias_5', 'seed': 19026, 'step': 116, 'time_s': 1.16, 'aux_inference_ms': 0.33709999843267724, 'reliability_update_ms': 0.008999999408842996, 'arbitration_ms': 0.006300000677583739, 'extension_ms': 0.352399998519104, 'control_compute_ms': nan}, {'controller': 'C3_arbitration_MPC', 'scenario': 'sensor_bias_5', 'seed': 19026, 'step': 117, 'time_s': 1.17, 'aux_inference_ms': 0.2688999993551988, 'reliability_update_ms': 0.007000002369750291, 'arbitration_ms': 0.005000001692678779, 'extension_ms': 0.2809000034176279, 'control_compute_ms': nan}, {'controller': 'C3_arbitration_MPC', 'scenario': 'sensor_bias_5', 'seed': 19026, 'step': 118, 'time_s': 1.18, 'aux_inference_ms': 0.27069999850937165, 'reliability_update_ms': 0.007099999493220821, 'arbitration_ms': 0.004400000761961564, 'extension_ms': 0.28219999876455404, 'control_compute_ms': nan}, {'controller': 'C3_arbitration_MPC', 'scenario': 'sensor_bias_5', 'seed': 19026, 'step': 119, 'time_s': 1.19, 'aux_inference_ms': 0.26280000020051375, 'reliability_update_ms': 0.006599999323952943, 'arbitration_ms': 0.004400000761961564, 'extension_ms': 0.27380000028642826, 'control_compute_ms': nan}, {'controller': 'C3_arbitration_MPC', 'scenario': 'sensor_bias_5', 'seed': 19026, 'step': 120, 'time_s': 1.2, 'aux_inference_ms': 0.25010000172187574, 'reliability_update_ms': 0.006400001439033076, 'arbitration_ms': 0.004300000000512227, 'extension_ms': 0.26080000316142105, 'control_compute_ms': 52.131399999780115}, {'controller': 'C3_arbitration_MPC', 'scenario': 'sensor_bias_5', 'seed': 19026, 'step': 121, 'time_s': 1.21, 'aux_inference_ms': 0.28529999690363184, 'reliability_update_ms': 0.006999998731771484, 'arbitration_ms': 0.004800000169780105, 'extension_ms': 0.2970999958051834, 'control_compute_ms': nan}, {'controller': 'C3_arbitration_MPC', 'scenario': 'sensor_bias_5', 'seed': 19026, 'step': 122, 'time_s': 1.22, 'aux_inference_ms': 0.27150000096298754, 'reliability_update_ms': 0.006599999323952943, 'arbitration_ms': 0.0040000013541430235, 'extension_ms': 0.2821000016410835, 'control_compute_ms': nan}, {'controller': 'C3_arbitration_MPC', 'scenario': 'sensor_bias_5', 'seed': 19026, 'step': 123, 'time_s': 1.23, 'aux_inference_ms': 0.22489999901154079, 'reliability_update_ms': 0.005800000508315861, 'arbitration_ms': 0.0036999990697950125, 'extension_ms': 0.23439999858965166, 'control_compute_ms': nan}, {'controller': 'C3_arbitration_MPC', 'scenario': 'sensor_bias_5', 'seed': 19026, 'step': 124, 'time_s': 1.24, 'aux_inference_ms': 0.20959999892511405, 'reliability_update_ms': 0.005599998985417187, 'arbitration_ms': 0.0037999998312443495, 'extension_ms': 0.2189999977417756, 'control_compute_ms': nan}, {'controller': 'C3_arbitration_MPC', 'scenario': 'sensor_bias_5', 'seed': 19026, 'step': 125, 'time_s': 1.25, 'aux_inference_ms': 0.21360000027925707, 'reliability_update_ms': 0.00540000110049732, 'arbitration_ms': 0.0034000004234258085, 'extension_ms': 0.2224000018031802, 'control_compute_ms': 41.130399997200584}, {'controller': 'C3_arbitration_MPC', 'scenario': 'sensor_bias_5', 'seed': 19026, 'step': 126, 'time_s': 1.26, 'aux_inference_ms': 0.2682999984244816, 'reliability_update_ms': 0.007700000423938036, 'arbitration_ms': 0.005800000508315861, 'extension_ms': 0.2817999993567355, 'control_compute_ms': nan}, {'controller': 'C3_arbitration_MPC', 'scenario': 'sensor_bias_5', 'seed': 19026, 'step': 127, 'time_s': 1.27, 'aux_inference_ms': 0.21919999926467426, 'reliability_update_ms': 0.005800000508315861, 'arbitration_ms': 0.0039000005926936865, 'extension_ms': 0.2289000003656838, 'control_compute_ms': nan}, {'controller': 'C3_arbitration_MPC', 'scenario': 'sensor_bias_5', 'seed': 19026, 'step': 128, 'time_s': 1.28, 'aux_inference_ms': 0.1905999997688923, 'reliability_update_ms': 0.004400000761961564, 'arbitration_ms': 0.0027999994927085936, 'extension_ms': 0.19780000002356246, 'control_compute_ms': nan}, {'controller': 'C3_arbitration_MPC', 'scenario': 'sensor_bias_5', 'seed': 19026, 'step': 129, 'time_s': 1.29, 'aux_inference_ms': 0.20280000171624124, 'reliability_update_ms': 0.005000001692678779, 'arbitration_ms': 0.0033999967854470015, 'extension_ms': 0.21120000019436702, 'control_compute_ms': nan}, {'controller': 'C3_arbitration_MPC', 'scenario': 'sensor_bias_5', 'seed': 19026, 'step': 130, 'time_s': 1.3, 'aux_inference_ms': 0.1883000004454516, 'reliability_update_ms': 0.005199999577598646, 'arbitration_ms': 0.0035999983083456755, 'extension_ms': 0.1970999983313959, 'control_compute_ms': 34.473600000637816}, {'controller': 'C3_arbitration_MPC', 'scenario': 'sensor_bias_5', 'seed': 19026, 'step': 131, 'time_s': 1.31, 'aux_inference_ms': 0.2716999988479074, 'reliability_update_ms': 0.007200000254670158, 'arbitration_ms': 0.004699999408330768, 'extension_ms': 0.28359999851090834, 'control_compute_ms': nan}, {'controller': 'C3_arbitration_MPC', 'scenario': 'sensor_bias_5', 'seed': 19026, 'step': 132, 'time_s': 1.32, 'aux_inference_ms': 0.216500000533415, 'reliability_update_ms': 0.005900001269765198, 'arbitration_ms': 0.0040000013541430235, 'extension_ms': 0.22640000315732323, 'control_compute_ms': nan}, {'controller': 'C3_arbitration_MPC', 'scenario': 'sensor_bias_5', 'seed': 19026, 'step': 133, 'time_s': 1.33, 'aux_inference_ms': 0.21070000002509914, 'reliability_update_ms': 0.005600002623395994, 'arbitration_ms': 0.0034999975468963385, 'extension_ms': 0.21980000019539148, 'control_compute_ms': nan}, {'controller': 'C3_arbitration_MPC', 'scenario': 'sensor_bias_5', 'seed': 19026, 'step': 134, 'time_s': 1.34, 'aux_inference_ms': 0.20399999993969686, 'reliability_update_ms': 0.005199999577598646, 'arbitration_ms': 0.0034000004234258085, 'extension_ms': 0.21259999994072132, 'control_compute_ms': nan}, {'controller': 'C3_arbitration_MPC', 'scenario': 'sensor_bias_5', 'seed': 19026, 'step': 135, 'time_s': 1.35, 'aux_inference_ms': 0.20819999917875975, 'reliability_update_ms': 0.005000001692678779, 'arbitration_ms': 0.0032999996619764715, 'extension_ms': 0.216500000533415, 'control_compute_ms': 17.50230000106967}, {'controller': 'C3_arbitration_MPC', 'scenario': 'sensor_bias_5', 'seed': 19026, 'step': 136, 'time_s': 1.36, 'aux_inference_ms': 0.22170000011101365, 'reliability_update_ms': 0.006999998731771484, 'arbitration_ms': 0.0036999990697950125, 'extension_ms': 0.23239999791258015, 'control_compute_ms': nan}, {'controller': 'C3_arbitration_MPC', 'scenario': 'sensor_bias_5', 'seed': 19026, 'step': 137, 'time_s': 1.37, 'aux_inference_ms': 0.22119999994174577, 'reliability_update_ms': 0.02049999966402538, 'arbitration_ms': 0.0041000021155923605, 'extension_ms': 0.24580000172136351, 'control_compute_ms': nan}, {'controller': 'C3_arbitration_MPC', 'scenario': 'sensor_bias_5', 'seed': 19026, 'step': 138, 'time_s': 1.3800000000000001, 'aux_inference_ms': 0.20900000163237564, 'reliability_update_ms': 0.004500001523410901, 'arbitration_ms': 0.0029000002541579306, 'extension_ms': 0.21640000340994447, 'control_compute_ms': nan}, {'controller': 'C3_arbitration_MPC', 'scenario': 'sensor_bias_5', 'seed': 19026, 'step': 139, 'time_s': 1.3900000000000001, 'aux_inference_ms': 0.2055000004475005, 'reliability_update_ms': 0.005099998816149309, 'arbitration_ms': 0.0035000011848751456, 'extension_ms': 0.21410000044852495, 'control_compute_ms': nan}, {'controller': 'C3_arbitration_MPC', 'scenario': 'sensor_bias_5', 'seed': 19026, 'step': 140, 'time_s': 1.4000000000000001, 'aux_inference_ms': 0.17899999875226058, 'reliability_update_ms': 0.005099998816149309, 'arbitration_ms': 0.0032999996619764715, 'extension_ms': 0.18739999723038636, 'control_compute_ms': 17.348900000797585}, {'controller': 'C3_arbitration_MPC', 'scenario': 'sensor_bias_5', 'seed': 19026, 'step': 141, 'time_s': 1.41, 'aux_inference_ms': 0.23909999799798243, 'reliability_update_ms': 0.00679999720887281, 'arbitration_ms': 0.004499997885432094, 'extension_ms': 0.25039999309228733, 'control_compute_ms': nan}, {'controller': 'C3_arbitration_MPC', 'scenario': 'sensor_bias_5', 'seed': 19026, 'step': 142, 'time_s': 1.42, 'aux_inference_ms': 0.20260000019334257, 'reliability_update_ms': 0.004699999408330768, 'arbitration_ms': 0.0030999981390777975, 'extension_ms': 0.21039999774075113, 'control_compute_ms': nan}, {'controller': 'C3_arbitration_MPC', 'scenario': 'sensor_bias_5', 'seed': 19026, 'step': 143, 'time_s': 1.43, 'aux_inference_ms': 0.21529999867198057, 'reliability_update_ms': 0.005399997462518513, 'arbitration_ms': 0.0035999983083456755, 'extension_ms': 0.22429999444284476, 'control_compute_ms': nan}, {'controller': 'C3_arbitration_MPC', 'scenario': 'sensor_bias_5', 'seed': 19026, 'step': 144, 'time_s': 1.44, 'aux_inference_ms': 0.1951000012923032, 'reliability_update_ms': 0.005300000339047983, 'arbitration_ms': 0.0034000004234258085, 'extension_ms': 0.203800002054777, 'control_compute_ms': nan}, {'controller': 'C3_arbitration_MPC', 'scenario': 'sensor_bias_5', 'seed': 19026, 'step': 145, 'time_s': 1.45, 'aux_inference_ms': 0.2043999993475154, 'reliability_update_ms': 0.005199999577598646, 'arbitration_ms': 0.0031999989005271345, 'extension_ms': 0.21279999782564119, 'control_compute_ms': 17.433299999538576}, {'controller': 'C3_arbitration_MPC', 'scenario': 'sensor_bias_5', 'seed': 19026, 'step': 146, 'time_s': 1.46, 'aux_inference_ms': 0.25649999952293, 'reliability_update_ms': 0.007300001016119495, 'arbitration_ms': 0.0042000028770416975, 'extension_ms': 0.2680000034160912, 'control_compute_ms': nan}, {'controller': 'C3_arbitration_MPC', 'scenario': 'sensor_bias_5', 'seed': 19026, 'step': 147, 'time_s': 1.47, 'aux_inference_ms': 0.22319999698083848, 'reliability_update_ms': 0.005300000339047983, 'arbitration_ms': 0.0032999996619764715, 'extension_ms': 0.23179999698186293, 'control_compute_ms': nan}, {'controller': 'C3_arbitration_MPC', 'scenario': 'sensor_bias_5', 'seed': 19026, 'step': 148, 'time_s': 1.48, 'aux_inference_ms': 0.18519999866839498, 'reliability_update_ms': 0.004400000761961564, 'arbitration_ms': 0.0029999973776284605, 'extension_ms': 0.192599996807985, 'control_compute_ms': nan}, {'controller': 'C3_arbitration_MPC', 'scenario': 'sensor_bias_5', 'seed': 19026, 'step': 149, 'time_s': 1.49, 'aux_inference_ms': 0.17529999968246557, 'reliability_update_ms': 0.004499997885432094, 'arbitration_ms': 0.0029000002541579306, 'extension_ms': 0.1826999978220556, 'control_compute_ms': nan}, {'controller': 'C3_arbitration_MPC', 'scenario': 'sensor_bias_5', 'seed': 19026, 'step': 150, 'time_s': 1.5, 'aux_inference_ms': 0.20420000146259554, 'reliability_update_ms': 0.004999998054699972, 'arbitration_ms': 0.0032999996619764715, 'extension_ms': 0.21249999917927198, 'control_compute_ms': 52.472799998213304}, {'controller': 'C3_arbitration_MPC', 'scenario': 'sensor_bias_5', 'seed': 19026, 'step': 151, 'time_s': 1.51, 'aux_inference_ms': 0.27430000045569614, 'reliability_update_ms': 0.007700000423938036, 'arbitration_ms': 0.004800000169780105, 'extension_ms': 0.2868000010494143, 'control_compute_ms': nan}, {'controller': 'C3_arbitration_MPC', 'scenario': 'sensor_bias_5', 'seed': 19026, 'step': 152, 'time_s': 1.52, 'aux_inference_ms': 0.2882000007957686, 'reliability_update_ms': 0.005800000508315861, 'arbitration_ms': 0.004300000000512227, 'extension_ms': 0.29830000130459666, 'control_compute_ms': nan}, {'controller': 'C3_arbitration_MPC', 'scenario': 'sensor_bias_5', 'seed': 19026, 'step': 153, 'time_s': 1.53, 'aux_inference_ms': 0.2507999997760635, 'reliability_update_ms': 0.00540000110049732, 'arbitration_ms': 0.004300000000512227, 'extension_ms': 0.26050000087707303, 'control_compute_ms': nan}, {'controller': 'C3_arbitration_MPC', 'scenario': 'sensor_bias_5', 'seed': 19026, 'step': 154, 'time_s': 1.54, 'aux_inference_ms': 0.23330000112764537, 'reliability_update_ms': 0.006400001439033076, 'arbitration_ms': 0.004099998477613553, 'extension_ms': 0.243800001044292, 'control_compute_ms': nan}, {'controller': 'C3_arbitration_MPC', 'scenario': 'sensor_bias_5', 'seed': 19026, 'step': 155, 'time_s': 1.55, 'aux_inference_ms': 0.21049999850220047, 'reliability_update_ms': 0.005300000339047983, 'arbitration_ms': 0.0035999983083456755, 'extension_ms': 0.21939999714959413, 'control_compute_ms': 71.96399999884306}, {'controller': 'C3_arbitration_MPC', 'scenario': 'sensor_bias_5', 'seed': 19026, 'step': 156, 'time_s': 1.56, 'aux_inference_ms': 0.23350000265054405, 'reliability_update_ms': 0.006099999154685065, 'arbitration_ms': 0.0037999998312443495, 'extension_ms': 0.24340000163647346, 'control_compute_ms': nan}, {'controller': 'C3_arbitration_MPC', 'scenario': 'sensor_bias_5', 'seed': 19026, 'step': 157, 'time_s': 1.57, 'aux_inference_ms': 0.18139999883715063, 'reliability_update_ms': 0.004699999408330768, 'arbitration_ms': 0.0038999969547148794, 'extension_ms': 0.18999999520019628, 'control_compute_ms': nan}, {'controller': 'C3_arbitration_MPC', 'scenario': 'sensor_bias_5', 'seed': 19026, 'step': 158, 'time_s': 1.58, 'aux_inference_ms': 0.27549999867915176, 'reliability_update_ms': 0.007099999493220821, 'arbitration_ms': 0.004699999408330768, 'extension_ms': 0.28729999758070335, 'control_compute_ms': nan}, {'controller': 'C3_arbitration_MPC', 'scenario': 'sensor_bias_5', 'seed': 19026, 'step': 159, 'time_s': 1.59, 'aux_inference_ms': 0.2649000016390346, 'reliability_update_ms': 0.006499998562503606, 'arbitration_ms': 0.0041000021155923605, 'extension_ms': 0.27550000231713057, 'control_compute_ms': nan}, {'controller': 'C3_arbitration_MPC', 'scenario': 'sensor_bias_5', 'seed': 19026, 'step': 160, 'time_s': 1.6, 'aux_inference_ms': 0.22929999977350235, 'reliability_update_ms': 0.005599998985417187, 'arbitration_ms': 0.0037999998312443495, 'extension_ms': 0.2386999985901639, 'control_compute_ms': 73.88220000211732}, {'controller': 'C3_arbitration_MPC', 'scenario': 'sensor_bias_5', 'seed': 19026, 'step': 161, 'time_s': 1.61, 'aux_inference_ms': 0.25430000096093863, 'reliability_update_ms': 0.006300000677583739, 'arbitration_ms': 0.004500001523410901, 'extension_ms': 0.2651000031619333, 'control_compute_ms': nan}, {'controller': 'C3_arbitration_MPC', 'scenario': 'sensor_bias_5', 'seed': 19026, 'step': 162, 'time_s': 1.62, 'aux_inference_ms': 0.2085999985865783, 'reliability_update_ms': 0.005299996701069176, 'arbitration_ms': 0.0035000011848751456, 'extension_ms': 0.21739999647252262, 'control_compute_ms': nan}, {'controller': 'C3_arbitration_MPC', 'scenario': 'sensor_bias_5', 'seed': 19026, 'step': 163, 'time_s': 1.6300000000000001, 'aux_inference_ms': 0.2015999998548068, 'reliability_update_ms': 0.005000001692678779, 'arbitration_ms': 0.0031999989005271345, 'extension_ms': 0.20980000044801272, 'control_compute_ms': nan}, {'controller': 'C3_arbitration_MPC', 'scenario': 'sensor_bias_5', 'seed': 19026, 'step': 164, 'time_s': 1.6400000000000001, 'aux_inference_ms': 0.17439999646740034, 'reliability_update_ms': 0.00549999822396785, 'arbitration_ms': 0.0032999996619764715, 'extension_ms': 0.18319999435334466, 'control_compute_ms': nan}, {'controller': 'C3_arbitration_MPC', 'scenario': 'sensor_bias_5', 'seed': 19026, 'step': 165, 'time_s': 1.6500000000000001, 'aux_inference_ms': 0.2043999993475154, 'reliability_update_ms': 0.005199999577598646, 'arbitration_ms': 0.0032999996619764715, 'extension_ms': 0.21289999858709052, 'control_compute_ms': 90.1878000004217}, {'controller': 'C3_arbitration_MPC', 'scenario': 'sensor_bias_5', 'seed': 19026, 'step': 166, 'time_s': 1.6600000000000001, 'aux_inference_ms': 0.5964000010862947, 'reliability_update_ms': 0.012799999240087345, 'arbitration_ms': 0.00960000033956021, 'extension_ms': 0.6188000006659422, 'control_compute_ms': nan}, {'controller': 'C3_arbitration_MPC', 'scenario': 'sensor_bias_5', 'seed': 19026, 'step': 167, 'time_s': 1.67, 'aux_inference_ms': 0.46490000022458844, 'reliability_update_ms': 0.009799998224480078, 'arbitration_ms': 0.007099999493220821, 'extension_ms': 0.48179999794228934, 'control_compute_ms': nan}, {'controller': 'C3_arbitration_MPC', 'scenario': 'sensor_bias_5', 'seed': 19026, 'step': 168, 'time_s': 1.68, 'aux_inference_ms': 0.4841999980271794, 'reliability_update_ms': 0.009900002623908222, 'arbitration_ms': 0.007200000254670158, 'extension_ms': 0.5013000009057578, 'control_compute_ms': nan}, {'controller': 'C3_arbitration_MPC', 'scenario': 'sensor_bias_5', 'seed': 19026, 'step': 169, 'time_s': 1.69, 'aux_inference_ms': 0.45400000090012327, 'reliability_update_ms': 0.00960000033956021, 'arbitration_ms': 0.02470000254106708, 'extension_ms': 0.48830000378075056, 'control_compute_ms': nan}, {'controller': 'C3_arbitration_MPC', 'scenario': 'sensor_bias_5', 'seed': 19026, 'step': 170, 'time_s': 1.7, 'aux_inference_ms': 0.45259999751579016, 'reliability_update_ms': 0.00920000093174167, 'arbitration_ms': 0.00679999720887281, 'extension_ms': 0.46859999565640464, 'control_compute_ms': 108.83509999985108}, {'controller': 'C3_arbitration_MPC', 'scenario': 'sensor_bias_5', 'seed': 19026, 'step': 171, 'time_s': 1.71, 'aux_inference_ms': 0.5125999996380415, 'reliability_update_ms': 0.01179999890155159, 'arbitration_ms': 0.009100000170292333, 'extension_ms': 0.5334999987098854, 'control_compute_ms': nan}, {'controller': 'C3_arbitration_MPC', 'scenario': 'sensor_bias_5', 'seed': 19026, 'step': 172, 'time_s': 1.72, 'aux_inference_ms': 0.4848000025958754, 'reliability_update_ms': 0.009799998224480078, 'arbitration_ms': 0.007300001016119495, 'extension_ms': 0.501900001836475, 'control_compute_ms': nan}, {'controller': 'C3_arbitration_MPC', 'scenario': 'sensor_bias_5', 'seed': 19026, 'step': 173, 'time_s': 1.73, 'aux_inference_ms': 0.48579999929643236, 'reliability_update_ms': 0.00960000033956021, 'arbitration_ms': 0.006999998731771484, 'extension_ms': 0.5023999983677641, 'control_compute_ms': nan}, {'controller': 'C3_arbitration_MPC', 'scenario': 'sensor_bias_5', 'seed': 19026, 'step': 174, 'time_s': 1.74, 'aux_inference_ms': 0.4580000022542663, 'reliability_update_ms': 0.009300001693191007, 'arbitration_ms': 0.006999998731771484, 'extension_ms': 0.4743000026792288, 'control_compute_ms': nan}, {'controller': 'C3_arbitration_MPC', 'scenario': 'sensor_bias_5', 'seed': 19026, 'step': 175, 'time_s': 1.75, 'aux_inference_ms': 0.4548999968392309, 'reliability_update_ms': 0.009399998816661537, 'arbitration_ms': 0.007200000254670158, 'extension_ms': 0.4714999959105626, 'control_compute_ms': 109.86889999912819}, {'controller': 'C3_arbitration_MPC', 'scenario': 'sensor_bias_5', 'seed': 19026, 'step': 176, 'time_s': 1.76, 'aux_inference_ms': 0.29459999859682284, 'reliability_update_ms': 0.006800000846851617, 'arbitration_ms': 0.004599998646881431, 'extension_ms': 0.3059999980905559, 'control_compute_ms': nan}, {'controller': 'C3_arbitration_MPC', 'scenario': 'sensor_bias_5', 'seed': 19026, 'step': 177, 'time_s': 1.77, 'aux_inference_ms': 0.20959999892511405, 'reliability_update_ms': 0.005300000339047983, 'arbitration_ms': 0.0034999975468963385, 'extension_ms': 0.21839999681105837, 'control_compute_ms': nan}, {'controller': 'C3_arbitration_MPC', 'scenario': 'sensor_bias_5', 'seed': 19026, 'step': 178, 'time_s': 1.78, 'aux_inference_ms': 0.17349999689031392, 'reliability_update_ms': 0.00549999822396785, 'arbitration_ms': 0.0035999983083456755, 'extension_ms': 0.18259999342262745, 'control_compute_ms': nan}, {'controller': 'C3_arbitration_MPC', 'scenario': 'sensor_bias_5', 'seed': 19026, 'step': 179, 'time_s': 1.79, 'aux_inference_ms': 0.2548000011302065, 'reliability_update_ms': 0.005300000339047983, 'arbitration_ms': 0.0034999975468963385, 'extension_ms': 0.26359999901615083, 'control_compute_ms': nan}, {'controller': 'C3_arbitration_MPC', 'scenario': 'sensor_bias_5', 'seed': 19026, 'step': 180, 'time_s': 1.8, 'aux_inference_ms': 0.1574000016262289, 'reliability_update_ms': 0.0038999969547148794, 'arbitration_ms': 0.0024999972083605826, 'extension_ms': 0.16379999578930438, 'control_compute_ms': 34.2023999983212}, {'controller': 'C3_arbitration_MPC', 'scenario': 'sensor_bias_5', 'seed': 19026, 'step': 181, 'time_s': 1.81, 'aux_inference_ms': 0.2365000000281725, 'reliability_update_ms': 0.006500002200482413, 'arbitration_ms': 0.0036000019463244826, 'extension_ms': 0.2466000041749794, 'control_compute_ms': nan}, {'controller': 'C3_arbitration_MPC', 'scenario': 'sensor_bias_5', 'seed': 19026, 'step': 182, 'time_s': 1.82, 'aux_inference_ms': 0.21430000197142363, 'reliability_update_ms': 0.00540000110049732, 'arbitration_ms': 0.0035000011848751456, 'extension_ms': 0.2232000042567961, 'control_compute_ms': nan}, {'controller': 'C3_arbitration_MPC', 'scenario': 'sensor_bias_5', 'seed': 19026, 'step': 183, 'time_s': 1.83, 'aux_inference_ms': 0.20030000086990185, 'reliability_update_ms': 0.005199999577598646, 'arbitration_ms': 0.0034000004234258085, 'extension_ms': 0.2089000008709263, 'control_compute_ms': nan}, {'controller': 'C3_arbitration_MPC', 'scenario': 'sensor_bias_5', 'seed': 19026, 'step': 184, 'time_s': 1.84, 'aux_inference_ms': 0.16510000205016695, 'reliability_update_ms': 0.004300000000512227, 'arbitration_ms': 0.0027999994927085936, 'extension_ms': 0.17220000154338777, 'control_compute_ms': nan}, {'controller': 'C3_arbitration_MPC', 'scenario': 'sensor_bias_5', 'seed': 19026, 'step': 185, 'time_s': 1.85, 'aux_inference_ms': 0.22300000273389742, 'reliability_update_ms': 0.005000001692678779, 'arbitration_ms': 0.0031999989005271345, 'extension_ms': 0.23120000332710333, 'control_compute_ms': 76.5436999972735}, {'controller': 'C3_arbitration_MPC', 'scenario': 'sensor_bias_5', 'seed': 19026, 'step': 186, 'time_s': 1.86, 'aux_inference_ms': 0.23349999901256524, 'reliability_update_ms': 0.006800000846851617, 'arbitration_ms': 0.004699999408330768, 'extension_ms': 0.24499999926774763, 'control_compute_ms': nan}, {'controller': 'C3_arbitration_MPC', 'scenario': 'sensor_bias_5', 'seed': 19026, 'step': 187, 'time_s': 1.87, 'aux_inference_ms': 0.2023999986704439, 'reliability_update_ms': 0.0041000021155923605, 'arbitration_ms': 0.0029000002541579306, 'extension_ms': 0.20940000104019418, 'control_compute_ms': nan}, {'controller': 'C3_arbitration_MPC', 'scenario': 'sensor_bias_5', 'seed': 19026, 'step': 188, 'time_s': 1.8800000000000001, 'aux_inference_ms': 0.26480000087758526, 'reliability_update_ms': 0.00540000110049732, 'arbitration_ms': 0.0034999975468963385, 'extension_ms': 0.2736999995249789, 'control_compute_ms': nan}, {'controller': 'C3_arbitration_MPC', 'scenario': 'sensor_bias_5', 'seed': 19026, 'step': 189, 'time_s': 1.8900000000000001, 'aux_inference_ms': 0.27940000290982425, 'reliability_update_ms': 0.005699999746866524, 'arbitration_ms': 0.0036999990697950125, 'extension_ms': 0.2888000017264858, 'control_compute_ms': nan}, {'controller': 'C3_arbitration_MPC', 'scenario': 'sensor_bias_5', 'seed': 19026, 'step': 190, 'time_s': 1.9000000000000001, 'aux_inference_ms': 0.42889999895123765, 'reliability_update_ms': 0.005900001269765198, 'arbitration_ms': 0.0035999983083456755, 'extension_ms': 0.4383999985293485, 'control_compute_ms': 53.06149999887566}, {'controller': 'C3_arbitration_MPC', 'scenario': 'sensor_bias_5', 'seed': 19026, 'step': 191, 'time_s': 1.9100000000000001, 'aux_inference_ms': 0.2555999999458436, 'reliability_update_ms': 0.006100002792663872, 'arbitration_ms': 0.004399997123982757, 'extension_ms': 0.2660999998624902, 'control_compute_ms': nan}, {'controller': 'C3_arbitration_MPC', 'scenario': 'sensor_bias_5', 'seed': 19026, 'step': 192, 'time_s': 1.92, 'aux_inference_ms': 0.25999999706982635, 'reliability_update_ms': 0.005799996870337054, 'arbitration_ms': 0.0035999983083456755, 'extension_ms': 0.2693999922485091, 'control_compute_ms': nan}, {'controller': 'C3_arbitration_MPC', 'scenario': 'sensor_bias_5', 'seed': 19026, 'step': 193, 'time_s': 1.93, 'aux_inference_ms': 0.2224000018031802, 'reliability_update_ms': 0.00540000110049732, 'arbitration_ms': 0.0034000004234258085, 'extension_ms': 0.23120000332710333, 'control_compute_ms': nan}, {'controller': 'C3_arbitration_MPC', 'scenario': 'sensor_bias_5', 'seed': 19026, 'step': 194, 'time_s': 1.94, 'aux_inference_ms': 0.24989999656099826, 'reliability_update_ms': 0.005100002454128116, 'arbitration_ms': 0.0033999967854470015, 'extension_ms': 0.2583999958005734, 'control_compute_ms': nan}, {'controller': 'C3_arbitration_MPC', 'scenario': 'sensor_bias_5', 'seed': 19026, 'step': 195, 'time_s': 1.95, 'aux_inference_ms': 0.21149999884073623, 'reliability_update_ms': 0.005199999577598646, 'arbitration_ms': 0.0032999996619764715, 'extension_ms': 0.21999999808031134, 'control_compute_ms': 87.89759999854141}, {'controller': 'C3_arbitration_MPC', 'scenario': 'sensor_bias_5', 'seed': 19026, 'step': 196, 'time_s': 1.96, 'aux_inference_ms': 0.2597999991849065, 'reliability_update_ms': 0.007300001016119495, 'arbitration_ms': 0.004800000169780105, 'extension_ms': 0.2719000003708061, 'control_compute_ms': nan}, {'controller': 'C3_arbitration_MPC', 'scenario': 'sensor_bias_5', 'seed': 19026, 'step': 197, 'time_s': 1.97, 'aux_inference_ms': 0.2162000018870458, 'reliability_update_ms': 0.005999998393235728, 'arbitration_ms': 0.0042000028770416975, 'extension_ms': 0.22640000315732323, 'control_compute_ms': nan}, {'controller': 'C3_arbitration_MPC', 'scenario': 'sensor_bias_5', 'seed': 19026, 'step': 198, 'time_s': 1.98, 'aux_inference_ms': 0.2010000025620684, 'reliability_update_ms': 0.00540000110049732, 'arbitration_ms': 0.0035999983083456755, 'extension_ms': 0.2100000019709114, 'control_compute_ms': nan}, {'controller': 'C3_arbitration_MPC', 'scenario': 'sensor_bias_5', 'seed': 19026, 'step': 199, 'time_s': 1.99, 'aux_inference_ms': 0.22289999833446927, 'reliability_update_ms': 0.005699999746866524, 'arbitration_ms': 0.0036999990697950125, 'extension_ms': 0.2322999971511308, 'control_compute_ms': nan}, {'controller': 'C3_arbitration_MPC', 'scenario': 'sensor_bias_5', 'seed': 19026, 'step': 200, 'time_s': 2.0, 'aux_inference_ms': 0.20260000019334257, 'reliability_update_ms': 0.00540000110049732, 'arbitration_ms': 0.007800001185387373, 'extension_ms': 0.21580000247922726, 'control_compute_ms': 68.6647999973502}, {'controller': 'C3_arbitration_MPC', 'scenario': 'sensor_bias_5', 'seed': 19026, 'step': 201, 'time_s': 2.0100000000000002, 'aux_inference_ms': 0.3255000010540243, 'reliability_update_ms': 0.007099999493220821, 'arbitration_ms': 0.006899997970322147, 'extension_ms': 0.3394999985175673, 'control_compute_ms': nan}, {'controller': 'C3_arbitration_MPC', 'scenario': 'sensor_bias_5', 'seed': 19026, 'step': 202, 'time_s': 2.02, 'aux_inference_ms': 0.17909999951370992, 'reliability_update_ms': 0.004900000931229442, 'arbitration_ms': 0.004800000169780105, 'extension_ms': 0.18880000061471947, 'control_compute_ms': nan}, {'controller': 'C3_arbitration_MPC', 'scenario': 'sensor_bias_5', 'seed': 19026, 'step': 203, 'time_s': 2.0300000000000002, 'aux_inference_ms': 0.15929999790387228, 'reliability_update_ms': 0.004400000761961564, 'arbitration_ms': 0.0037999998312443495, 'extension_ms': 0.1674999984970782, 'control_compute_ms': nan}, {'controller': 'C3_arbitration_MPC', 'scenario': 'sensor_bias_5', 'seed': 19026, 'step': 204, 'time_s': 2.04, 'aux_inference_ms': 0.21980000019539148, 'reliability_update_ms': 0.005599998985417187, 'arbitration_ms': 0.005300000339047983, 'extension_ms': 0.23069999951985665, 'control_compute_ms': nan}, {'controller': 'C3_arbitration_MPC', 'scenario': 'sensor_bias_5', 'seed': 19026, 'step': 205, 'time_s': 2.05, 'aux_inference_ms': 0.1993000005313661, 'reliability_update_ms': 0.005200003215577453, 'arbitration_ms': 0.004499997885432094, 'extension_ms': 0.20900000163237564, 'control_compute_ms': 76.85949999722652}, {'controller': 'C3_arbitration_MPC', 'scenario': 'sensor_bias_5', 'seed': 19026, 'step': 206, 'time_s': 2.06, 'aux_inference_ms': 0.2767000005405862, 'reliability_update_ms': 0.008000002708286047, 'arbitration_ms': 0.006800000846851617, 'extension_ms': 0.29150000409572385, 'control_compute_ms': nan}, {'controller': 'C3_arbitration_MPC', 'scenario': 'sensor_bias_5', 'seed': 19026, 'step': 207, 'time_s': 2.07, 'aux_inference_ms': 0.22639999951934442, 'reliability_update_ms': 0.006899997970322147, 'arbitration_ms': 0.006099999154685065, 'extension_ms': 0.23939999664435163, 'control_compute_ms': nan}, {'controller': 'C3_arbitration_MPC', 'scenario': 'sensor_bias_5', 'seed': 19026, 'step': 208, 'time_s': 2.08, 'aux_inference_ms': 0.2027000009547919, 'reliability_update_ms': 0.005599998985417187, 'arbitration_ms': 0.004800000169780105, 'extension_ms': 0.2131000001099892, 'control_compute_ms': nan}, {'controller': 'C3_arbitration_MPC', 'scenario': 'sensor_bias_5', 'seed': 19026, 'step': 209, 'time_s': 2.09, 'aux_inference_ms': 0.216199998249067, 'reliability_update_ms': 0.006199999916134402, 'arbitration_ms': 0.004999998054699972, 'extension_ms': 0.22739999621990137, 'control_compute_ms': nan}, {'controller': 'C3_arbitration_MPC', 'scenario': 'sensor_bias_5', 'seed': 19026, 'step': 210, 'time_s': 2.1, 'aux_inference_ms': 0.20369999765534885, 'reliability_update_ms': 0.00540000110049732, 'arbitration_ms': 0.005000001692678779, 'extension_ms': 0.21410000044852495, 'control_compute_ms': 43.73459999987972}, {'controller': 'C3_arbitration_MPC', 'scenario': 'sensor_bias_5', 'seed': 19026, 'step': 211, 'time_s': 2.11, 'aux_inference_ms': 0.2587000017229002, 'reliability_update_ms': 0.008600000001024455, 'arbitration_ms': 0.007200000254670158, 'extension_ms': 0.2745000019785948, 'control_compute_ms': nan}, {'controller': 'C3_arbitration_MPC', 'scenario': 'sensor_bias_5', 'seed': 19026, 'step': 212, 'time_s': 2.12, 'aux_inference_ms': 0.22530000205733813, 'reliability_update_ms': 0.009499999578110874, 'arbitration_ms': 0.005699999746866524, 'extension_ms': 0.24050000138231553, 'control_compute_ms': nan}, {'controller': 'C3_arbitration_MPC', 'scenario': 'sensor_bias_5', 'seed': 19026, 'step': 213, 'time_s': 2.13, 'aux_inference_ms': 0.278499999694759, 'reliability_update_ms': 0.006199999916134402, 'arbitration_ms': 0.005199999577598646, 'extension_ms': 0.2898999991884921, 'control_compute_ms': nan}, {'controller': 'C3_arbitration_MPC', 'scenario': 'sensor_bias_5', 'seed': 19026, 'step': 214, 'time_s': 2.14, 'aux_inference_ms': 0.21459999697981402, 'reliability_update_ms': 0.005899997631786391, 'arbitration_ms': 0.004800000169780105, 'extension_ms': 0.22529999478138052, 'control_compute_ms': nan}, {'controller': 'C3_arbitration_MPC', 'scenario': 'sensor_bias_5', 'seed': 19026, 'step': 215, 'time_s': 2.15, 'aux_inference_ms': 0.20399999993969686, 'reliability_update_ms': 0.005799996870337054, 'arbitration_ms': 0.004800000169780105, 'extension_ms': 0.21459999697981402, 'control_compute_ms': 75.24340000236407}, {'controller': 'C3_arbitration_MPC', 'scenario': 'sensor_bias_5', 'seed': 19026, 'step': 216, 'time_s': 2.16, 'aux_inference_ms': 0.2939000005426351, 'reliability_update_ms': 0.007200000254670158, 'arbitration_ms': 0.006599999323952943, 'extension_ms': 0.3077000001212582, 'control_compute_ms': nan}, {'controller': 'C3_arbitration_MPC', 'scenario': 'sensor_bias_5', 'seed': 19026, 'step': 217, 'time_s': 2.17, 'aux_inference_ms': 0.2196000023104716, 'reliability_update_ms': 0.005800000508315861, 'arbitration_ms': 0.004999998054699972, 'extension_ms': 0.23040000087348744, 'control_compute_ms': nan}, {'controller': 'C3_arbitration_MPC', 'scenario': 'sensor_bias_5', 'seed': 19026, 'step': 218, 'time_s': 2.18, 'aux_inference_ms': 0.16870000035851263, 'reliability_update_ms': 0.004600002284860238, 'arbitration_ms': 0.0039000005926936865, 'extension_ms': 0.17720000323606655, 'control_compute_ms': nan}, {'controller': 'C3_arbitration_MPC', 'scenario': 'sensor_bias_5', 'seed': 19026, 'step': 219, 'time_s': 2.19, 'aux_inference_ms': 0.21320000087143853, 'reliability_update_ms': 0.005199999577598646, 'arbitration_ms': 0.004400000761961564, 'extension_ms': 0.22280000121099874, 'control_compute_ms': nan}, {'controller': 'C3_arbitration_MPC', 'scenario': 'sensor_bias_5', 'seed': 19026, 'step': 220, 'time_s': 2.2, 'aux_inference_ms': 0.19669999892357737, 'reliability_update_ms': 0.005299996701069176, 'arbitration_ms': 0.004499997885432094, 'extension_ms': 0.20649999351007864, 'control_compute_ms': 58.591000000888016}, {'controller': 'C3_arbitration_MPC', 'scenario': 'sensor_bias_5', 'seed': 19026, 'step': 221, 'time_s': 2.21, 'aux_inference_ms': 0.5197999998927116, 'reliability_update_ms': 0.012699998478638008, 'arbitration_ms': 0.011000000085914508, 'extension_ms': 0.5434999984572642, 'control_compute_ms': nan}, {'controller': 'C3_arbitration_MPC', 'scenario': 'sensor_bias_5', 'seed': 19026, 'step': 222, 'time_s': 2.22, 'aux_inference_ms': 0.4533000028459355, 'reliability_update_ms': 0.009399998816661537, 'arbitration_ms': 0.00969999746303074, 'extension_ms': 0.4723999991256278, 'control_compute_ms': nan}, {'controller': 'C3_arbitration_MPC', 'scenario': 'sensor_bias_5', 'seed': 19026, 'step': 223, 'time_s': 2.23, 'aux_inference_ms': 0.4523999996308703, 'reliability_update_ms': 0.009100000170292333, 'arbitration_ms': 0.00960000033956021, 'extension_ms': 0.47110000014072284, 'control_compute_ms': nan}, {'controller': 'C3_arbitration_MPC', 'scenario': 'sensor_bias_5', 'seed': 19026, 'step': 224, 'time_s': 2.24, 'aux_inference_ms': 0.44639999759965576, 'reliability_update_ms': 0.009399998816661537, 'arbitration_ms': 0.009899998985929415, 'extension_ms': 0.4656999954022467, 'control_compute_ms': nan}, {'controller': 'C3_arbitration_MPC', 'scenario': 'sensor_bias_5', 'seed': 19026, 'step': 225, 'time_s': 2.25, 'aux_inference_ms': 0.4437000025063753, 'reliability_update_ms': 0.025299999833805487, 'arbitration_ms': 0.009899998985929415, 'extension_ms': 0.4789000013261102, 'control_compute_ms': 56.66439999913564}, {'controller': 'C3_arbitration_MPC', 'scenario': 'sensor_bias_5', 'seed': 19026, 'step': 226, 'time_s': 2.2600000000000002, 'aux_inference_ms': 0.24190000112866983, 'reliability_update_ms': 0.006800000846851617, 'arbitration_ms': 0.006100002792663872, 'extension_ms': 0.2548000047681853, 'control_compute_ms': nan}, {'controller': 'C3_arbitration_MPC', 'scenario': 'sensor_bias_5', 'seed': 19026, 'step': 227, 'time_s': 2.27, 'aux_inference_ms': 0.21220000053290278, 'reliability_update_ms': 0.005399997462518513, 'arbitration_ms': 0.004600002284860238, 'extension_ms': 0.22220000028028153, 'control_compute_ms': nan}, {'controller': 'C3_arbitration_MPC', 'scenario': 'sensor_bias_5', 'seed': 19026, 'step': 228, 'time_s': 2.2800000000000002, 'aux_inference_ms': 0.19809999866993167, 'reliability_update_ms': 0.004999998054699972, 'arbitration_ms': 0.004699999408330768, 'extension_ms': 0.2077999961329624, 'control_compute_ms': nan}, {'controller': 'C3_arbitration_MPC', 'scenario': 'sensor_bias_5', 'seed': 19026, 'step': 229, 'time_s': 2.29, 'aux_inference_ms': 0.1961999987543095, 'reliability_update_ms': 0.005000001692678779, 'arbitration_ms': 0.004499997885432094, 'extension_ms': 0.20569999833242036, 'control_compute_ms': nan}, {'controller': 'C3_arbitration_MPC', 'scenario': 'sensor_bias_5', 'seed': 19026, 'step': 230, 'time_s': 2.3000000000000003, 'aux_inference_ms': 0.21099999867146835, 'reliability_update_ms': 0.005599998985417187, 'arbitration_ms': 0.0047000030463095754, 'extension_ms': 0.2213000007031951, 'control_compute_ms': 68.24539999797707}, {'controller': 'C3_arbitration_MPC', 'scenario': 'sensor_bias_5', 'seed': 19026, 'step': 231, 'time_s': 2.31, 'aux_inference_ms': 0.2077999997709412, 'reliability_update_ms': 0.005900001269765198, 'arbitration_ms': 0.005099998816149309, 'extension_ms': 0.21879999985685572, 'control_compute_ms': nan}, {'controller': 'C3_arbitration_MPC', 'scenario': 'sensor_bias_5', 'seed': 19026, 'step': 232, 'time_s': 2.32, 'aux_inference_ms': 0.23860000146669336, 'reliability_update_ms': 0.006400001439033076, 'arbitration_ms': 0.005399997462518513, 'extension_ms': 0.25040000036824495, 'control_compute_ms': nan}, {'controller': 'C3_arbitration_MPC', 'scenario': 'sensor_bias_5', 'seed': 19026, 'step': 233, 'time_s': 2.33, 'aux_inference_ms': 0.19750000137719326, 'reliability_update_ms': 0.005099998816149309, 'arbitration_ms': 0.004500001523410901, 'extension_ms': 0.20710000171675347, 'control_compute_ms': nan}, {'controller': 'C3_arbitration_MPC', 'scenario': 'sensor_bias_5', 'seed': 19026, 'step': 234, 'time_s': 2.34, 'aux_inference_ms': 0.1554000009491574, 'reliability_update_ms': 0.004099998477613553, 'arbitration_ms': 0.0035000011848751456, 'extension_ms': 0.1630000006116461, 'control_compute_ms': nan}, {'controller': 'C3_arbitration_MPC', 'scenario': 'sensor_bias_5', 'seed': 19026, 'step': 235, 'time_s': 2.35, 'aux_inference_ms': 0.20220000078552403, 'reliability_update_ms': 0.004800000169780105, 'arbitration_ms': 0.004400000761961564, 'extension_ms': 0.2114000017172657, 'control_compute_ms': 55.6838999982574}, {'controller': 'C3_arbitration_MPC', 'scenario': 'sensor_bias_5', 'seed': 19026, 'step': 236, 'time_s': 2.36, 'aux_inference_ms': 0.2359000027354341, 'reliability_update_ms': 0.006499998562503606, 'arbitration_ms': 0.005000001692678779, 'extension_ms': 0.24740000299061649, 'control_compute_ms': nan}, {'controller': 'C3_arbitration_MPC', 'scenario': 'sensor_bias_5', 'seed': 19026, 'step': 237, 'time_s': 2.37, 'aux_inference_ms': 0.20759999824804254, 'reliability_update_ms': 0.005900001269765198, 'arbitration_ms': 0.004900000931229442, 'extension_ms': 0.21840000044903718, 'control_compute_ms': nan}, {'controller': 'C3_arbitration_MPC', 'scenario': 'sensor_bias_5', 'seed': 19026, 'step': 238, 'time_s': 2.38, 'aux_inference_ms': 0.1953999999386724, 'reliability_update_ms': 0.005000001692678779, 'arbitration_ms': 0.004599998646881431, 'extension_ms': 0.20500000027823262, 'control_compute_ms': nan}, {'controller': 'C3_arbitration_MPC', 'scenario': 'sensor_bias_5', 'seed': 19026, 'step': 239, 'time_s': 2.39, 'aux_inference_ms': 0.21270000070217066, 'reliability_update_ms': 0.005599998985417187, 'arbitration_ms': 0.004699999408330768, 'extension_ms': 0.2229999990959186, 'control_compute_ms': nan}, {'controller': 'C3_arbitration_MPC', 'scenario': 'sensor_bias_5', 'seed': 19026, 'step': 240, 'time_s': 2.4, 'aux_inference_ms': 0.19009999959962443, 'reliability_update_ms': 0.004099998477613553, 'arbitration_ms': 0.0037000027077738196, 'extension_ms': 0.1979000007850118, 'control_compute_ms': 18.93949999794131}, {'controller': 'C3_arbitration_MPC', 'scenario': 'sensor_bias_5', 'seed': 19026, 'step': 241, 'time_s': 2.41, 'aux_inference_ms': 0.23179999698186293, 'reliability_update_ms': 0.005699999746866524, 'arbitration_ms': 0.004800000169780105, 'extension_ms': 0.24229999689850956, 'control_compute_ms': nan}, {'controller': 'C3_arbitration_MPC', 'scenario': 'sensor_bias_5', 'seed': 19026, 'step': 242, 'time_s': 2.42, 'aux_inference_ms': 0.20869999934802763, 'reliability_update_ms': 0.00540000110049732, 'arbitration_ms': 0.004800000169780105, 'extension_ms': 0.21890000061830506, 'control_compute_ms': nan}, {'controller': 'C3_arbitration_MPC', 'scenario': 'sensor_bias_5', 'seed': 19026, 'step': 243, 'time_s': 2.43, 'aux_inference_ms': 0.20220000078552403, 'reliability_update_ms': 0.005599998985417187, 'arbitration_ms': 0.004999998054699972, 'extension_ms': 0.21279999782564119, 'control_compute_ms': nan}, {'controller': 'C3_arbitration_MPC', 'scenario': 'sensor_bias_5', 'seed': 19026, 'step': 244, 'time_s': 2.44, 'aux_inference_ms': 0.18679999993764795, 'reliability_update_ms': 0.005399997462518513, 'arbitration_ms': 0.004699999408330768, 'extension_ms': 0.19689999680849724, 'control_compute_ms': nan}, {'controller': 'C3_arbitration_MPC', 'scenario': 'sensor_bias_5', 'seed': 19026, 'step': 245, 'time_s': 2.45, 'aux_inference_ms': 0.19579999934649095, 'reliability_update_ms': 0.005300000339047983, 'arbitration_ms': 0.004499997885432094, 'extension_ms': 0.20559999757097103, 'control_compute_ms': 68.16999999864493}, {'controller': 'C3_arbitration_MPC', 'scenario': 'sensor_bias_5', 'seed': 19026, 'step': 246, 'time_s': 2.46, 'aux_inference_ms': 0.24420000045211054, 'reliability_update_ms': 0.006300000677583739, 'arbitration_ms': 0.005199999577598646, 'extension_ms': 0.25570000070729293, 'control_compute_ms': nan}, {'controller': 'C3_arbitration_MPC', 'scenario': 'sensor_bias_5', 'seed': 19026, 'step': 247, 'time_s': 2.47, 'aux_inference_ms': 0.20620000213966705, 'reliability_update_ms': 0.00540000110049732, 'arbitration_ms': 0.004699999408330768, 'extension_ms': 0.21630000264849514, 'control_compute_ms': nan}, {'controller': 'C3_arbitration_MPC', 'scenario': 'sensor_bias_5', 'seed': 19026, 'step': 248, 'time_s': 2.48, 'aux_inference_ms': 0.20399999993969686, 'reliability_update_ms': 0.005199999577598646, 'arbitration_ms': 0.0047000030463095754, 'extension_ms': 0.21390000256360509, 'control_compute_ms': nan}, {'controller': 'C3_arbitration_MPC', 'scenario': 'sensor_bias_5', 'seed': 19026, 'step': 249, 'time_s': 2.49, 'aux_inference_ms': 0.20929999664076604, 'reliability_update_ms': 0.006099999154685065, 'arbitration_ms': 0.00540000110049732, 'extension_ms': 0.22079999689594842, 'control_compute_ms': nan}, {'controller': 'C3_arbitration_MPC', 'scenario': 'sensor_bias_5', 'seed': 19026, 'step': 250, 'time_s': 2.5, 'aux_inference_ms': 0.1947999990079552, 'reliability_update_ms': 0.005199999577598646, 'arbitration_ms': 0.004500001523410901, 'extension_ms': 0.20450000010896474, 'control_compute_ms': 50.737900000967784}, {'controller': 'C3_arbitration_MPC', 'scenario': 'sensor_bias_5', 'seed': 19026, 'step': 251, 'time_s': 2.5100000000000002, 'aux_inference_ms': 0.42159999793511815, 'reliability_update_ms': 0.010100000508828089, 'arbitration_ms': 0.008800001523923129, 'extension_ms': 0.44049999996786937, 'control_compute_ms': nan}, {'controller': 'C3_arbitration_MPC', 'scenario': 'sensor_bias_5', 'seed': 19026, 'step': 252, 'time_s': 2.52, 'aux_inference_ms': 0.6491000021924265, 'reliability_update_ms': 0.01309999788645655, 'arbitration_ms': 0.01340000017080456, 'extension_ms': 0.6756000002496876, 'control_compute_ms': nan}, {'controller': 'C3_arbitration_MPC', 'scenario': 'sensor_bias_5', 'seed': 19026, 'step': 253, 'time_s': 2.5300000000000002, 'aux_inference_ms': 0.6122000013419893, 'reliability_update_ms': 0.01219999830937013, 'arbitration_ms': 0.012600001355167478, 'extension_ms': 0.6370000010065269, 'control_compute_ms': nan}, {'controller': 'C3_arbitration_MPC', 'scenario': 'sensor_bias_5', 'seed': 19026, 'step': 254, 'time_s': 2.54, 'aux_inference_ms': 0.4702000005636364, 'reliability_update_ms': 0.009499999578110874, 'arbitration_ms': 0.00960000033956021, 'extension_ms': 0.4893000004813075, 'control_compute_ms': nan}, {'controller': 'C3_arbitration_MPC', 'scenario': 'sensor_bias_5', 'seed': 19026, 'step': 255, 'time_s': 2.5500000000000003, 'aux_inference_ms': 0.4461999997147359, 'reliability_update_ms': 0.009399998816661537, 'arbitration_ms': 0.00950000321608968, 'extension_ms': 0.4651000017474871, 'control_compute_ms': 49.179599998751655}, {'controller': 'C3_arbitration_MPC', 'scenario': 'sensor_bias_5', 'seed': 19026, 'step': 256, 'time_s': 2.56, 'aux_inference_ms': 0.2390000008745119, 'reliability_update_ms': 0.005999998393235728, 'arbitration_ms': 0.005000001692678779, 'extension_ms': 0.2500000009604264, 'control_compute_ms': nan}, {'controller': 'C3_arbitration_MPC', 'scenario': 'sensor_bias_5', 'seed': 19026, 'step': 257, 'time_s': 2.57, 'aux_inference_ms': 0.207199998840224, 'reliability_update_ms': 0.00540000110049732, 'arbitration_ms': 0.005199999577598646, 'extension_ms': 0.21779999951831996, 'control_compute_ms': nan}, {'controller': 'C3_arbitration_MPC', 'scenario': 'sensor_bias_5', 'seed': 19026, 'step': 258, 'time_s': 2.58, 'aux_inference_ms': 0.1773999974830076, 'reliability_update_ms': 0.005300000339047983, 'arbitration_ms': 0.004699999408330768, 'extension_ms': 0.18739999723038636, 'control_compute_ms': nan}, {'controller': 'C3_arbitration_MPC', 'scenario': 'sensor_bias_5', 'seed': 19026, 'step': 259, 'time_s': 2.59, 'aux_inference_ms': 0.20349999977042899, 'reliability_update_ms': 0.005199999577598646, 'arbitration_ms': 0.004599998646881431, 'extension_ms': 0.21329999799490906, 'control_compute_ms': nan}, {'controller': 'C3_arbitration_MPC', 'scenario': 'sensor_bias_5', 'seed': 19026, 'step': 260, 'time_s': 2.6, 'aux_inference_ms': 0.19579999934649095, 'reliability_update_ms': 0.005100002454128116, 'arbitration_ms': 0.004499997885432094, 'extension_ms': 0.20539999968605116, 'control_compute_ms': 52.87239999961457}, {'controller': 'C3_arbitration_MPC', 'scenario': 'sensor_bias_5', 'seed': 19026, 'step': 261, 'time_s': 2.61, 'aux_inference_ms': 0.2625999986776151, 'reliability_update_ms': 0.006800000846851617, 'arbitration_ms': 0.006199999916134402, 'extension_ms': 0.2755999994406011, 'control_compute_ms': nan}, {'controller': 'C3_arbitration_MPC', 'scenario': 'sensor_bias_5', 'seed': 19026, 'step': 262, 'time_s': 2.62, 'aux_inference_ms': 0.17350000052829273, 'reliability_update_ms': 0.004300000000512227, 'arbitration_ms': 0.0037999998312443495, 'extension_ms': 0.1816000003600493, 'control_compute_ms': nan}, {'controller': 'C3_arbitration_MPC', 'scenario': 'sensor_bias_5', 'seed': 19026, 'step': 263, 'time_s': 2.63, 'aux_inference_ms': 0.16449999748147093, 'reliability_update_ms': 0.004699999408330768, 'arbitration_ms': 0.0039000005926936865, 'extension_ms': 0.17309999748249538, 'control_compute_ms': nan}, {'controller': 'C3_arbitration_MPC', 'scenario': 'sensor_bias_5', 'seed': 19026, 'step': 264, 'time_s': 2.64, 'aux_inference_ms': 0.24839999969117343, 'reliability_update_ms': 0.005600002623395994, 'arbitration_ms': 0.004699999408330768, 'extension_ms': 0.2587000017229002, 'control_compute_ms': nan}, {'controller': 'C3_arbitration_MPC', 'scenario': 'sensor_bias_5', 'seed': 19026, 'step': 265, 'time_s': 2.65, 'aux_inference_ms': 0.19640000027720816, 'reliability_update_ms': 0.005199999577598646, 'arbitration_ms': 0.004499997885432094, 'extension_ms': 0.2060999977402389, 'control_compute_ms': 40.660400001797825}, {'controller': 'C3_arbitration_MPC', 'scenario': 'sensor_bias_5', 'seed': 19026, 'step': 266, 'time_s': 2.66, 'aux_inference_ms': 0.4889999981969595, 'reliability_update_ms': 0.011199997970834374, 'arbitration_ms': 0.009300001693191007, 'extension_ms': 0.5094999978609849, 'control_compute_ms': nan}, {'controller': 'C3_arbitration_MPC', 'scenario': 'sensor_bias_5', 'seed': 19026, 'step': 267, 'time_s': 2.67, 'aux_inference_ms': 0.35180000122636557, 'reliability_update_ms': 0.007499998901039362, 'arbitration_ms': 0.00670000008540228, 'extension_ms': 0.3660000002128072, 'control_compute_ms': nan}, {'controller': 'C3_arbitration_MPC', 'scenario': 'sensor_bias_5', 'seed': 19026, 'step': 268, 'time_s': 2.68, 'aux_inference_ms': 0.3219999998691492, 'reliability_update_ms': 0.006399997801054269, 'arbitration_ms': 0.006000002031214535, 'extension_ms': 0.334399999701418, 'control_compute_ms': nan}, {'controller': 'C3_arbitration_MPC', 'scenario': 'sensor_bias_5', 'seed': 19026, 'step': 269, 'time_s': 2.69, 'aux_inference_ms': 0.30020000122021884, 'reliability_update_ms': 0.006800000846851617, 'arbitration_ms': 0.005599998985417187, 'extension_ms': 0.31260000105248764, 'control_compute_ms': nan}, {'controller': 'C3_arbitration_MPC', 'scenario': 'sensor_bias_5', 'seed': 19026, 'step': 270, 'time_s': 2.7, 'aux_inference_ms': 0.2319999985047616, 'reliability_update_ms': 0.005600002623395994, 'arbitration_ms': 0.005199999577598646, 'extension_ms': 0.24280000070575625, 'control_compute_ms': 19.204500000341795}, {'controller': 'C3_arbitration_MPC', 'scenario': 'sensor_bias_5', 'seed': 19026, 'step': 271, 'time_s': 2.71, 'aux_inference_ms': 0.287499999103602, 'reliability_update_ms': 0.007599999662488699, 'arbitration_ms': 0.006300000677583739, 'extension_ms': 0.30139999944367446, 'control_compute_ms': nan}, {'controller': 'C3_arbitration_MPC', 'scenario': 'sensor_bias_5', 'seed': 19026, 'step': 272, 'time_s': 2.72, 'aux_inference_ms': 0.23710000095888972, 'reliability_update_ms': 0.007700000423938036, 'arbitration_ms': 0.005800000508315861, 'extension_ms': 0.2506000018911436, 'control_compute_ms': nan}, {'controller': 'C3_arbitration_MPC', 'scenario': 'sensor_bias_5', 'seed': 19026, 'step': 273, 'time_s': 2.73, 'aux_inference_ms': 0.2958999975817278, 'reliability_update_ms': 0.005500001861946657, 'arbitration_ms': 0.004599998646881431, 'extension_ms': 0.3059999980905559, 'control_compute_ms': nan}, {'controller': 'C3_arbitration_MPC', 'scenario': 'sensor_bias_5', 'seed': 19026, 'step': 274, 'time_s': 2.74, 'aux_inference_ms': 0.170899998920504, 'reliability_update_ms': 0.004699999408330768, 'arbitration_ms': 0.0037999998312443495, 'extension_ms': 0.17939999816007912, 'control_compute_ms': nan}, {'controller': 'C3_arbitration_MPC', 'scenario': 'sensor_bias_5', 'seed': 19026, 'step': 275, 'time_s': 2.75, 'aux_inference_ms': 0.20109999968553893, 'reliability_update_ms': 0.005300000339047983, 'arbitration_ms': 0.004599998646881431, 'extension_ms': 0.21099999867146835, 'control_compute_ms': 17.296099998930003}, {'controller': 'C3_arbitration_MPC', 'scenario': 'sensor_bias_5', 'seed': 19026, 'step': 276, 'time_s': 2.7600000000000002, 'aux_inference_ms': 0.19329999850015156, 'reliability_update_ms': 0.0047000030463095754, 'arbitration_ms': 0.004099998477613553, 'extension_ms': 0.2021000000240747, 'control_compute_ms': nan}, {'controller': 'C3_arbitration_MPC', 'scenario': 'sensor_bias_5', 'seed': 19026, 'step': 277, 'time_s': 2.77, 'aux_inference_ms': 0.17460000162827782, 'reliability_update_ms': 0.005500001861946657, 'arbitration_ms': 0.004699999408330768, 'extension_ms': 0.18480000289855525, 'control_compute_ms': nan}, {'controller': 'C3_arbitration_MPC', 'scenario': 'sensor_bias_5', 'seed': 19026, 'step': 278, 'time_s': 2.7800000000000002, 'aux_inference_ms': 0.20139999833190814, 'reliability_update_ms': 0.005300000339047983, 'arbitration_ms': 0.0047000030463095754, 'extension_ms': 0.2114000017172657, 'control_compute_ms': nan}, {'controller': 'C3_arbitration_MPC', 'scenario': 'sensor_bias_5', 'seed': 19026, 'step': 279, 'time_s': 2.79, 'aux_inference_ms': 0.20740000036312267, 'reliability_update_ms': 0.005699999746866524, 'arbitration_ms': 0.005199999577598646, 'extension_ms': 0.21829999968758784, 'control_compute_ms': nan}, {'controller': 'C3_arbitration_MPC', 'scenario': 'sensor_bias_5', 'seed': 19026, 'step': 280, 'time_s': 2.8000000000000003, 'aux_inference_ms': 0.1965000010386575, 'reliability_update_ms': 0.005099998816149309, 'arbitration_ms': 0.004500001523410901, 'extension_ms': 0.2061000013782177, 'control_compute_ms': 83.76979999957257}, {'controller': 'C3_arbitration_MPC', 'scenario': 'sensor_bias_5', 'seed': 19026, 'step': 281, 'time_s': 2.81, 'aux_inference_ms': 0.2575999969849363, 'reliability_update_ms': 0.007099999493220821, 'arbitration_ms': 0.006800000846851617, 'extension_ms': 0.27149999732500874, 'control_compute_ms': nan}, {'controller': 'C3_arbitration_MPC', 'scenario': 'sensor_bias_5', 'seed': 19026, 'step': 282, 'time_s': 2.82, 'aux_inference_ms': 0.20869999934802763, 'reliability_update_ms': 0.005500001861946657, 'arbitration_ms': 0.004699999408330768, 'extension_ms': 0.21890000061830506, 'control_compute_ms': nan}, {'controller': 'C3_arbitration_MPC', 'scenario': 'sensor_bias_5', 'seed': 19026, 'step': 283, 'time_s': 2.83, 'aux_inference_ms': 0.19690000044647604, 'reliability_update_ms': 0.005099998816149309, 'arbitration_ms': 0.004600002284860238, 'extension_ms': 0.2066000015474856, 'control_compute_ms': nan}, {'controller': 'C3_arbitration_MPC', 'scenario': 'sensor_bias_5', 'seed': 19026, 'step': 284, 'time_s': 2.84, 'aux_inference_ms': 0.20759999824804254, 'reliability_update_ms': 0.00540000110049732, 'arbitration_ms': 0.004600002284860238, 'extension_ms': 0.2176000016334001, 'control_compute_ms': nan}, {'controller': 'C3_arbitration_MPC', 'scenario': 'sensor_bias_5', 'seed': 19026, 'step': 285, 'time_s': 2.85, 'aux_inference_ms': 0.20480000239331275, 'reliability_update_ms': 0.005099998816149309, 'arbitration_ms': 0.004500001523410901, 'extension_ms': 0.21440000273287296, 'control_compute_ms': 35.589799997978844}, {'controller': 'C3_arbitration_MPC', 'scenario': 'sensor_bias_5', 'seed': 19026, 'step': 286, 'time_s': 2.86, 'aux_inference_ms': 0.7584999984828755, 'reliability_update_ms': 0.016199999663513154, 'arbitration_ms': 0.013500000932253897, 'extension_ms': 0.7881999990786426, 'control_compute_ms': nan}, {'controller': 'C3_arbitration_MPC', 'scenario': 'sensor_bias_5', 'seed': 19026, 'step': 287, 'time_s': 2.87, 'aux_inference_ms': 0.3236999982618727, 'reliability_update_ms': 0.007800001185387373, 'arbitration_ms': 0.00670000008540228, 'extension_ms': 0.33819999953266233, 'control_compute_ms': nan}, {'controller': 'C3_arbitration_MPC', 'scenario': 'sensor_bias_5', 'seed': 19026, 'step': 288, 'time_s': 2.88, 'aux_inference_ms': 0.33229999826289713, 'reliability_update_ms': 0.007599999662488699, 'arbitration_ms': 0.006800000846851617, 'extension_ms': 0.34669999877223745, 'control_compute_ms': nan}, {'controller': 'C3_arbitration_MPC', 'scenario': 'sensor_bias_5', 'seed': 19026, 'step': 289, 'time_s': 2.89, 'aux_inference_ms': 0.356399999873247, 'reliability_update_ms': 0.00799999907030724, 'arbitration_ms': 0.007299997378140688, 'extension_ms': 0.3716999963216949, 'control_compute_ms': nan}, {'controller': 'C3_arbitration_MPC', 'scenario': 'sensor_bias_5', 'seed': 19026, 'step': 290, 'time_s': 2.9, 'aux_inference_ms': 0.3103000017290469, 'reliability_update_ms': 0.007299997378140688, 'arbitration_ms': 0.006900001608300954, 'extension_ms': 0.32450000071548857, 'control_compute_ms': 45.67659999884199}, {'controller': 'C3_arbitration_MPC', 'scenario': 'sensor_bias_5', 'seed': 19026, 'step': 291, 'time_s': 2.91, 'aux_inference_ms': 0.21159999960218556, 'reliability_update_ms': 0.005500001861946657, 'arbitration_ms': 0.004400000761961564, 'extension_ms': 0.22150000222609378, 'control_compute_ms': nan}, {'controller': 'C3_arbitration_MPC', 'scenario': 'sensor_bias_5', 'seed': 19026, 'step': 292, 'time_s': 2.92, 'aux_inference_ms': 0.19719999909284525, 'reliability_update_ms': 0.004699999408330768, 'arbitration_ms': 0.0040000013541430235, 'extension_ms': 0.20589999985531904, 'control_compute_ms': nan}, {'controller': 'C3_arbitration_MPC', 'scenario': 'sensor_bias_5', 'seed': 19026, 'step': 293, 'time_s': 2.93, 'aux_inference_ms': 0.21460000061779283, 'reliability_update_ms': 0.005599998985417187, 'arbitration_ms': 0.004600002284860238, 'extension_ms': 0.22480000188807026, 'control_compute_ms': nan}, {'controller': 'C3_arbitration_MPC', 'scenario': 'sensor_bias_5', 'seed': 19026, 'step': 294, 'time_s': 2.94, 'aux_inference_ms': 0.1846999984991271, 'reliability_update_ms': 0.004400000761961564, 'arbitration_ms': 0.004099998477613553, 'extension_ms': 0.19319999773870222, 'control_compute_ms': nan}, {'controller': 'C3_arbitration_MPC', 'scenario': 'sensor_bias_5', 'seed': 19026, 'step': 295, 'time_s': 2.95, 'aux_inference_ms': 0.20120000044698827, 'reliability_update_ms': 0.005300000339047983, 'arbitration_ms': 0.004600002284860238, 'extension_ms': 0.2111000030708965, 'control_compute_ms': 62.813100001221756}, {'controller': 'C3_arbitration_MPC', 'scenario': 'sensor_bias_5', 'seed': 19026, 'step': 296, 'time_s': 2.96, 'aux_inference_ms': 0.40209999860962853, 'reliability_update_ms': 0.009199997293762863, 'arbitration_ms': 0.007499998901039362, 'extension_ms': 0.41879999480443075, 'control_compute_ms': nan}, {'controller': 'C3_arbitration_MPC', 'scenario': 'sensor_bias_5', 'seed': 19026, 'step': 297, 'time_s': 2.97, 'aux_inference_ms': 0.31040000249049626, 'reliability_update_ms': 0.007400001777568832, 'arbitration_ms': 0.006399997801054269, 'extension_ms': 0.32420000206911936, 'control_compute_ms': nan}, {'controller': 'C3_arbitration_MPC', 'scenario': 'sensor_bias_5', 'seed': 19026, 'step': 298, 'time_s': 2.98, 'aux_inference_ms': 0.2694999966479372, 'reliability_update_ms': 0.006800000846851617, 'arbitration_ms': 0.005699999746866524, 'extension_ms': 0.28199999724165536, 'control_compute_ms': nan}, {'controller': 'C3_arbitration_MPC', 'scenario': 'sensor_bias_5', 'seed': 19026, 'step': 299, 'time_s': 2.99, 'aux_inference_ms': 0.2613000033306889, 'reliability_update_ms': 0.006400001439033076, 'arbitration_ms': 0.00549999822396785, 'extension_ms': 0.27320000299368985, 'control_compute_ms': nan}, {'controller': 'C3_arbitration_MPC', 'scenario': 'sensor_bias_5', 'seed': 19026, 'step': 300, 'time_s': 3.0, 'aux_inference_ms': 0.21560000095632859, 'reliability_update_ms': 0.005300000339047983, 'arbitration_ms': 0.004400000761961564, 'extension_ms': 0.22530000205733813, 'control_compute_ms': 30.655300000944408}, {'controller': 'C3_arbitration_MPC', 'scenario': 'sensor_bias_5', 'seed': 19026, 'step': 301, 'time_s': 3.0100000000000002, 'aux_inference_ms': 0.22650000028079376, 'reliability_update_ms': 0.005800000508315861, 'arbitration_ms': 0.004999998054699972, 'extension_ms': 0.2372999988438096, 'control_compute_ms': nan}, {'controller': 'C3_arbitration_MPC', 'scenario': 'sensor_bias_5', 'seed': 19026, 'step': 302, 'time_s': 3.02, 'aux_inference_ms': 0.20500000027823262, 'reliability_update_ms': 0.005300000339047983, 'arbitration_ms': 0.004699999408330768, 'extension_ms': 0.21500000002561137, 'control_compute_ms': nan}, {'controller': 'C3_arbitration_MPC', 'scenario': 'sensor_bias_5', 'seed': 19026, 'step': 303, 'time_s': 3.0300000000000002, 'aux_inference_ms': 0.49729999955161475, 'reliability_update_ms': 0.01059999704011716, 'arbitration_ms': 0.010200001270277426, 'extension_ms': 0.5180999978620093, 'control_compute_ms': nan}, {'controller': 'C3_arbitration_MPC', 'scenario': 'sensor_bias_5', 'seed': 19026, 'step': 304, 'time_s': 3.04, 'aux_inference_ms': 0.45929999760119244, 'reliability_update_ms': 0.009599996701581404, 'arbitration_ms': 0.00969999746303074, 'extension_ms': 0.4785999917658046, 'control_compute_ms': nan}, {'controller': 'C3_arbitration_MPC', 'scenario': 'sensor_bias_5', 'seed': 19026, 'step': 305, 'time_s': 3.0500000000000003, 'aux_inference_ms': 0.4531999984465074, 'reliability_update_ms': 0.00960000033956021, 'arbitration_ms': 0.00960000033956021, 'extension_ms': 0.4723999991256278, 'control_compute_ms': 37.06300000339979}, {'controller': 'C3_arbitration_MPC', 'scenario': 'sensor_bias_5', 'seed': 19026, 'step': 306, 'time_s': 3.06, 'aux_inference_ms': 0.22519999765791, 'reliability_update_ms': 0.005199999577598646, 'arbitration_ms': 0.004500001523410901, 'extension_ms': 0.23489999875891954, 'control_compute_ms': nan}, {'controller': 'C3_arbitration_MPC', 'scenario': 'sensor_bias_5', 'seed': 19026, 'step': 307, 'time_s': 3.0700000000000003, 'aux_inference_ms': 0.22530000205733813, 'reliability_update_ms': 0.005199999577598646, 'arbitration_ms': 0.004800000169780105, 'extension_ms': 0.23530000180471689, 'control_compute_ms': nan}, {'controller': 'C3_arbitration_MPC', 'scenario': 'sensor_bias_5', 'seed': 19026, 'step': 308, 'time_s': 3.08, 'aux_inference_ms': 0.2061000013782177, 'reliability_update_ms': 0.00540000110049732, 'arbitration_ms': 0.004599998646881431, 'extension_ms': 0.21610000112559646, 'control_compute_ms': nan}, {'controller': 'C3_arbitration_MPC', 'scenario': 'sensor_bias_5', 'seed': 19026, 'step': 309, 'time_s': 3.09, 'aux_inference_ms': 0.1807000007829629, 'reliability_update_ms': 0.00419999923906289, 'arbitration_ms': 0.0035999983083456755, 'extension_ms': 0.18849999833037145, 'control_compute_ms': nan}, {'controller': 'C3_arbitration_MPC', 'scenario': 'sensor_bias_5', 'seed': 19026, 'step': 310, 'time_s': 3.1, 'aux_inference_ms': 0.24760000087553635, 'reliability_update_ms': 0.00540000110049732, 'arbitration_ms': 0.004599998646881431, 'extension_ms': 0.2576000006229151, 'control_compute_ms': 16.980699998384807}, {'controller': 'C3_arbitration_MPC', 'scenario': 'sensor_bias_5', 'seed': 19026, 'step': 311, 'time_s': 3.11, 'aux_inference_ms': 0.2176000016334001, 'reliability_update_ms': 0.005900001269765198, 'arbitration_ms': 0.004800000169780105, 'extension_ms': 0.2283000030729454, 'control_compute_ms': nan}, {'controller': 'C3_arbitration_MPC', 'scenario': 'sensor_bias_5', 'seed': 19026, 'step': 312, 'time_s': 3.12, 'aux_inference_ms': 0.2131000001099892, 'reliability_update_ms': 0.00540000110049732, 'arbitration_ms': 0.004599998646881431, 'extension_ms': 0.22309999985736795, 'control_compute_ms': nan}, {'controller': 'C3_arbitration_MPC', 'scenario': 'sensor_bias_5', 'seed': 19026, 'step': 313, 'time_s': 3.13, 'aux_inference_ms': 0.4135999988648109, 'reliability_update_ms': 0.005900001269765198, 'arbitration_ms': 0.00419999923906289, 'extension_ms': 0.423699999373639, 'control_compute_ms': nan}, {'controller': 'C3_arbitration_MPC', 'scenario': 'sensor_bias_5', 'seed': 19026, 'step': 314, 'time_s': 3.14, 'aux_inference_ms': 0.19329999850015156, 'reliability_update_ms': 0.004800000169780105, 'arbitration_ms': 0.0040000013541430235, 'extension_ms': 0.2021000000240747, 'control_compute_ms': nan}, {'controller': 'C3_arbitration_MPC', 'scenario': 'sensor_bias_5', 'seed': 19026, 'step': 315, 'time_s': 3.15, 'aux_inference_ms': 0.1706000002741348, 'reliability_update_ms': 0.004599998646881431, 'arbitration_ms': 0.0040000013541430235, 'extension_ms': 0.17920000027515925, 'control_compute_ms': 119.90900000091642}, {'controller': 'C3_arbitration_MPC', 'scenario': 'sensor_bias_5', 'seed': 19026, 'step': 316, 'time_s': 3.16, 'aux_inference_ms': 0.2533000006224029, 'reliability_update_ms': 0.007400001777568832, 'arbitration_ms': 0.006000002031214535, 'extension_ms': 0.26670000443118624, 'control_compute_ms': nan}, {'controller': 'C3_arbitration_MPC', 'scenario': 'sensor_bias_5', 'seed': 19026, 'step': 317, 'time_s': 3.17, 'aux_inference_ms': 0.4532999992079567, 'reliability_update_ms': 0.012500000593718141, 'arbitration_ms': 0.010200001270277426, 'extension_ms': 0.4760000010719523, 'control_compute_ms': nan}, {'controller': 'C3_arbitration_MPC', 'scenario': 'sensor_bias_5', 'seed': 19026, 'step': 318, 'time_s': 3.18, 'aux_inference_ms': 0.24300000222865492, 'reliability_update_ms': 0.011600001016631722, 'arbitration_ms': 0.012000000424450263, 'extension_ms': 0.2666000036697369, 'control_compute_ms': nan}, {'controller': 'C3_arbitration_MPC', 'scenario': 'sensor_bias_5', 'seed': 19026, 'step': 319, 'time_s': 3.19, 'aux_inference_ms': 0.17529999968246557, 'reliability_update_ms': 0.004699999408330768, 'arbitration_ms': 0.00419999923906289, 'extension_ms': 0.18419999832985923, 'control_compute_ms': nan}, {'controller': 'C3_arbitration_MPC', 'scenario': 'sensor_bias_5', 'seed': 19026, 'step': 320, 'time_s': 3.2, 'aux_inference_ms': 0.3036999987671152, 'reliability_update_ms': 0.006199999916134402, 'arbitration_ms': 0.006400001439033076, 'extension_ms': 0.31630000012228265, 'control_compute_ms': 89.75289999943925}, {'controller': 'C3_arbitration_MPC', 'scenario': 'sensor_bias_5', 'seed': 19026, 'step': 321, 'time_s': 3.21, 'aux_inference_ms': 0.260199998592725, 'reliability_update_ms': 0.006199999916134402, 'arbitration_ms': 0.005600002623395994, 'extension_ms': 0.2720000011322554, 'control_compute_ms': nan}, {'controller': 'C3_arbitration_MPC', 'scenario': 'sensor_bias_5', 'seed': 19026, 'step': 322, 'time_s': 3.22, 'aux_inference_ms': 0.216500000533415, 'reliability_update_ms': 0.005599998985417187, 'arbitration_ms': 0.004599998646881431, 'extension_ms': 0.22669999816571362, 'control_compute_ms': nan}, {'controller': 'C3_arbitration_MPC', 'scenario': 'sensor_bias_5', 'seed': 19026, 'step': 323, 'time_s': 3.23, 'aux_inference_ms': 0.2027000009547919, 'reliability_update_ms': 0.005199999577598646, 'arbitration_ms': 0.004599998646881431, 'extension_ms': 0.21249999917927198, 'control_compute_ms': nan}, {'controller': 'C3_arbitration_MPC', 'scenario': 'sensor_bias_5', 'seed': 19026, 'step': 324, 'time_s': 3.24, 'aux_inference_ms': 0.19860000247717835, 'reliability_update_ms': 0.004999998054699972, 'arbitration_ms': 0.004500001523410901, 'extension_ms': 0.20810000205528922, 'control_compute_ms': nan}, {'controller': 'C3_arbitration_MPC', 'scenario': 'sensor_bias_5', 'seed': 19026, 'step': 325, 'time_s': 3.25, 'aux_inference_ms': 0.20450000010896474, 'reliability_update_ms': 0.005399997462518513, 'arbitration_ms': 0.004499997885432094, 'extension_ms': 0.21439999545691535, 'control_compute_ms': 34.08139999737614}, {'controller': 'C3_arbitration_MPC', 'scenario': 'sensor_bias_5', 'seed': 19026, 'step': 326, 'time_s': 3.2600000000000002, 'aux_inference_ms': 0.2296999991813209, 'reliability_update_ms': 0.005800000508315861, 'arbitration_ms': 0.004800000169780105, 'extension_ms': 0.24029999985941686, 'control_compute_ms': nan}, {'controller': 'C3_arbitration_MPC', 'scenario': 'sensor_bias_5', 'seed': 19026, 'step': 327, 'time_s': 3.27, 'aux_inference_ms': 0.20509999740170315, 'reliability_update_ms': 0.00540000110049732, 'arbitration_ms': 0.004699999408330768, 'extension_ms': 0.21519999791053124, 'control_compute_ms': nan}, {'controller': 'C3_arbitration_MPC', 'scenario': 'sensor_bias_5', 'seed': 19026, 'step': 328, 'time_s': 3.2800000000000002, 'aux_inference_ms': 0.19869999960064888, 'reliability_update_ms': 0.005000001692678779, 'arbitration_ms': 0.004599998646881431, 'extension_ms': 0.2082999999402091, 'control_compute_ms': nan}, {'controller': 'C3_arbitration_MPC', 'scenario': 'sensor_bias_5', 'seed': 19026, 'step': 329, 'time_s': 3.29, 'aux_inference_ms': 0.2305999987584073, 'reliability_update_ms': 0.005500001861946657, 'arbitration_ms': 0.004800000169780105, 'extension_ms': 0.24090000079013407, 'control_compute_ms': nan}, {'controller': 'C3_arbitration_MPC', 'scenario': 'sensor_bias_5', 'seed': 19026, 'step': 330, 'time_s': 3.3000000000000003, 'aux_inference_ms': 0.2041000007011462, 'reliability_update_ms': 0.005099998816149309, 'arbitration_ms': 0.0047000030463095754, 'extension_ms': 0.21390000256360509, 'control_compute_ms': 17.36940000046161}, {'controller': 'C3_arbitration_MPC', 'scenario': 'sensor_bias_5', 'seed': 19026, 'step': 331, 'time_s': 3.31, 'aux_inference_ms': 0.24029999985941686, 'reliability_update_ms': 0.006199999916134402, 'arbitration_ms': 0.004899997293250635, 'extension_ms': 0.2513999970688019, 'control_compute_ms': nan}, {'controller': 'C3_arbitration_MPC', 'scenario': 'sensor_bias_5', 'seed': 19026, 'step': 332, 'time_s': 3.3200000000000003, 'aux_inference_ms': 0.5855000017618295, 'reliability_update_ms': 0.013699998817173764, 'arbitration_ms': 0.013299999409355223, 'extension_ms': 0.6124999999883585, 'control_compute_ms': nan}, {'controller': 'C3_arbitration_MPC', 'scenario': 'sensor_bias_5', 'seed': 19026, 'step': 333, 'time_s': 3.33, 'aux_inference_ms': 0.6097000004956499, 'reliability_update_ms': 0.01300000076298602, 'arbitration_ms': 0.012900000001536682, 'extension_ms': 0.6356000012601726, 'control_compute_ms': nan}, {'controller': 'C3_arbitration_MPC', 'scenario': 'sensor_bias_5', 'seed': 19026, 'step': 334, 'time_s': 3.34, 'aux_inference_ms': 0.6033000026945956, 'reliability_update_ms': 0.0121000011858996, 'arbitration_ms': 0.03680000008898787, 'extension_ms': 0.6522000039694831, 'control_compute_ms': nan}, {'controller': 'C3_arbitration_MPC', 'scenario': 'sensor_bias_5', 'seed': 19026, 'step': 335, 'time_s': 3.35, 'aux_inference_ms': 0.5678999987139832, 'reliability_update_ms': 0.012000000424450263, 'arbitration_ms': 0.012599997717188671, 'extension_ms': 0.5924999968556222, 'control_compute_ms': 35.74859999935143}, {'controller': 'C3_arbitration_MPC', 'scenario': 'sensor_bias_5', 'seed': 19026, 'step': 336, 'time_s': 3.36, 'aux_inference_ms': 0.23080000028130598, 'reliability_update_ms': 0.005900001269765198, 'arbitration_ms': 0.004999998054699972, 'extension_ms': 0.24169999960577115, 'control_compute_ms': nan}, {'controller': 'C3_arbitration_MPC', 'scenario': 'sensor_bias_5', 'seed': 19026, 'step': 337, 'time_s': 3.37, 'aux_inference_ms': 0.20680000307038426, 'reliability_update_ms': 0.00540000110049732, 'arbitration_ms': 0.004799996531801298, 'extension_ms': 0.21700000070268288, 'control_compute_ms': nan}, {'controller': 'C3_arbitration_MPC', 'scenario': 'sensor_bias_5', 'seed': 19026, 'step': 338, 'time_s': 3.38, 'aux_inference_ms': 0.19809999866993167, 'reliability_update_ms': 0.005099998816149309, 'arbitration_ms': 0.004599998646881431, 'extension_ms': 0.2077999961329624, 'control_compute_ms': nan}, {'controller': 'C3_arbitration_MPC', 'scenario': 'sensor_bias_5', 'seed': 19026, 'step': 339, 'time_s': 3.39, 'aux_inference_ms': 0.20650000078603625, 'reliability_update_ms': 0.005099998816149309, 'arbitration_ms': 0.004600002284860238, 'extension_ms': 0.2162000018870458, 'control_compute_ms': nan}, {'controller': 'C3_arbitration_MPC', 'scenario': 'sensor_bias_5', 'seed': 19026, 'step': 340, 'time_s': 3.4, 'aux_inference_ms': 0.19700000120792538, 'reliability_update_ms': 0.005000001692678779, 'arbitration_ms': 0.004300000000512227, 'extension_ms': 0.20630000290111639, 'control_compute_ms': 19.77919999990263}, {'controller': 'C3_arbitration_MPC', 'scenario': 'sensor_bias_5', 'seed': 19026, 'step': 341, 'time_s': 3.41, 'aux_inference_ms': 0.24619999749120325, 'reliability_update_ms': 0.006199999916134402, 'arbitration_ms': 0.005199999577598646, 'extension_ms': 0.2575999969849363, 'control_compute_ms': nan}, {'controller': 'C3_arbitration_MPC', 'scenario': 'sensor_bias_5', 'seed': 19026, 'step': 342, 'time_s': 3.42, 'aux_inference_ms': 0.2193000000261236, 'reliability_update_ms': 0.006099999154685065, 'arbitration_ms': 0.004900000931229442, 'extension_ms': 0.2303000001120381, 'control_compute_ms': nan}, {'controller': 'C3_arbitration_MPC', 'scenario': 'sensor_bias_5', 'seed': 19026, 'step': 343, 'time_s': 3.43, 'aux_inference_ms': 0.2054999968095217, 'reliability_update_ms': 0.005699999746866524, 'arbitration_ms': 0.004699999408330768, 'extension_ms': 0.21589999596471898, 'control_compute_ms': nan}, {'controller': 'C3_arbitration_MPC', 'scenario': 'sensor_bias_5', 'seed': 19026, 'step': 344, 'time_s': 3.44, 'aux_inference_ms': 0.2131000001099892, 'reliability_update_ms': 0.005799996870337054, 'arbitration_ms': 0.005100002454128116, 'extension_ms': 0.22399999943445437, 'control_compute_ms': nan}, {'controller': 'C3_arbitration_MPC', 'scenario': 'sensor_bias_5', 'seed': 19026, 'step': 345, 'time_s': 3.45, 'aux_inference_ms': 0.1967999996850267, 'reliability_update_ms': 0.005300000339047983, 'arbitration_ms': 0.004300000000512227, 'extension_ms': 0.20640000002458692, 'control_compute_ms': 17.583099997864338}, {'controller': 'C3_arbitration_MPC', 'scenario': 'sensor_bias_5', 'seed': 19026, 'step': 346, 'time_s': 3.46, 'aux_inference_ms': 0.2305999987584073, 'reliability_update_ms': 0.005500001861946657, 'arbitration_ms': 0.004899997293250635, 'extension_ms': 0.2409999979136046, 'control_compute_ms': nan}, {'controller': 'C3_arbitration_MPC', 'scenario': 'sensor_bias_5', 'seed': 19026, 'step': 347, 'time_s': 3.47, 'aux_inference_ms': 0.23629999850527383, 'reliability_update_ms': 0.005599998985417187, 'arbitration_ms': 0.0047000030463095754, 'extension_ms': 0.2466000005370006, 'control_compute_ms': nan}, {'controller': 'C3_arbitration_MPC', 'scenario': 'sensor_bias_5', 'seed': 19026, 'step': 348, 'time_s': 3.48, 'aux_inference_ms': 0.19769999926211312, 'reliability_update_ms': 0.004999998054699972, 'arbitration_ms': 0.004500001523410901, 'extension_ms': 0.207199998840224, 'control_compute_ms': nan}, {'controller': 'C3_arbitration_MPC', 'scenario': 'sensor_bias_5', 'seed': 19026, 'step': 349, 'time_s': 3.49, 'aux_inference_ms': 0.1951000012923032, 'reliability_update_ms': 0.004900000931229442, 'arbitration_ms': 0.004599998646881431, 'extension_ms': 0.20460000087041408, 'control_compute_ms': nan}, {'controller': 'C3_arbitration_MPC', 'scenario': 'sensor_bias_5', 'seed': 19026, 'step': 350, 'time_s': 3.5, 'aux_inference_ms': 0.2013000012084376, 'reliability_update_ms': 0.004900000931229442, 'arbitration_ms': 0.004500001523410901, 'extension_ms': 0.21070000366307795, 'control_compute_ms': 17.314600001554936}, {'controller': 'C3_arbitration_MPC', 'scenario': 'sensor_bias_5', 'seed': 19026, 'step': 351, 'time_s': 3.5100000000000002, 'aux_inference_ms': 0.25040000036824495, 'reliability_update_ms': 0.006000002031214535, 'arbitration_ms': 0.004799996531801298, 'extension_ms': 0.2611999989312608, 'control_compute_ms': nan}, {'controller': 'C3_arbitration_MPC', 'scenario': 'sensor_bias_5', 'seed': 19026, 'step': 352, 'time_s': 3.52, 'aux_inference_ms': 0.20630000290111639, 'reliability_update_ms': 0.005399997462518513, 'arbitration_ms': 0.004699999408330768, 'extension_ms': 0.21639999977196567, 'control_compute_ms': nan}, {'controller': 'C3_arbitration_MPC', 'scenario': 'sensor_bias_5', 'seed': 19026, 'step': 353, 'time_s': 3.5300000000000002, 'aux_inference_ms': 0.20709999807877466, 'reliability_update_ms': 0.005699999746866524, 'arbitration_ms': 0.004800000169780105, 'extension_ms': 0.2175999979954213, 'control_compute_ms': nan}, {'controller': 'C3_arbitration_MPC', 'scenario': 'sensor_bias_5', 'seed': 19026, 'step': 354, 'time_s': 3.54, 'aux_inference_ms': 0.2007000002777204, 'reliability_update_ms': 0.005099998816149309, 'arbitration_ms': 0.004500001523410901, 'extension_ms': 0.2103000006172806, 'control_compute_ms': nan}, {'controller': 'C3_arbitration_MPC', 'scenario': 'sensor_bias_5', 'seed': 19026, 'step': 355, 'time_s': 3.5500000000000003, 'aux_inference_ms': 0.2007000002777204, 'reliability_update_ms': 0.004999998054699972, 'arbitration_ms': 0.004400000761961564, 'extension_ms': 0.21009999909438193, 'control_compute_ms': 34.23340000153985}, {'controller': 'C3_arbitration_MPC', 'scenario': 'sensor_bias_5', 'seed': 19026, 'step': 356, 'time_s': 3.56, 'aux_inference_ms': 0.22620000163442455, 'reliability_update_ms': 0.006099999154685065, 'arbitration_ms': 0.004900000931229442, 'extension_ms': 0.23720000172033906, 'control_compute_ms': nan}, {'controller': 'C3_arbitration_MPC', 'scenario': 'sensor_bias_5', 'seed': 19026, 'step': 357, 'time_s': 3.5700000000000003, 'aux_inference_ms': 0.24219999977503903, 'reliability_update_ms': 0.006199999916134402, 'arbitration_ms': 0.004699999408330768, 'extension_ms': 0.2530999990995042, 'control_compute_ms': nan}, {'controller': 'C3_arbitration_MPC', 'scenario': 'sensor_bias_5', 'seed': 19026, 'step': 358, 'time_s': 3.58, 'aux_inference_ms': 0.21149999884073623, 'reliability_update_ms': 0.00549999822396785, 'arbitration_ms': 0.004600002284860238, 'extension_ms': 0.22159999934956431, 'control_compute_ms': nan}, {'controller': 'C3_arbitration_MPC', 'scenario': 'sensor_bias_5', 'seed': 19026, 'step': 359, 'time_s': 3.59, 'aux_inference_ms': 0.2027000009547919, 'reliability_update_ms': 0.005099998816149309, 'arbitration_ms': 0.004500001523410901, 'extension_ms': 0.21230000129435211, 'control_compute_ms': nan}, {'controller': 'C3_arbitration_MPC', 'scenario': 'sensor_bias_5', 'seed': 19026, 'step': 360, 'time_s': 3.6, 'aux_inference_ms': 0.22449999960372224, 'reliability_update_ms': 0.005199999577598646, 'arbitration_ms': 0.004400000761961564, 'extension_ms': 0.23409999994328246, 'control_compute_ms': 36.419300002307864}, {'controller': 'C3_arbitration_MPC', 'scenario': 'sensor_bias_5', 'seed': 19026, 'step': 361, 'time_s': 3.61, 'aux_inference_ms': 0.2404000006208662, 'reliability_update_ms': 0.00670000008540228, 'arbitration_ms': 0.005100002454128116, 'extension_ms': 0.2522000031603966, 'control_compute_ms': nan}, {'controller': 'C3_arbitration_MPC', 'scenario': 'sensor_bias_5', 'seed': 19026, 'step': 362, 'time_s': 3.62, 'aux_inference_ms': 0.21009999909438193, 'reliability_update_ms': 0.005599998985417187, 'arbitration_ms': 0.004699999408330768, 'extension_ms': 0.22039999748812988, 'control_compute_ms': nan}, {'controller': 'C3_arbitration_MPC', 'scenario': 'sensor_bias_5', 'seed': 19026, 'step': 363, 'time_s': 3.63, 'aux_inference_ms': 0.21969999943394214, 'reliability_update_ms': 0.00549999822396785, 'arbitration_ms': 0.004599998646881431, 'extension_ms': 0.22979999630479142, 'control_compute_ms': nan}, {'controller': 'C3_arbitration_MPC', 'scenario': 'sensor_bias_5', 'seed': 19026, 'step': 364, 'time_s': 3.64, 'aux_inference_ms': 0.20220000078552403, 'reliability_update_ms': 0.005699999746866524, 'arbitration_ms': 0.004600002284860238, 'extension_ms': 0.2125000028172508, 'control_compute_ms': nan}, {'controller': 'C3_arbitration_MPC', 'scenario': 'sensor_bias_5', 'seed': 19026, 'step': 365, 'time_s': 3.65, 'aux_inference_ms': 0.1962000023922883, 'reliability_update_ms': 0.005099998816149309, 'arbitration_ms': 0.004600002284860238, 'extension_ms': 0.20590000349329785, 'control_compute_ms': 70.09100000141189}, {'controller': 'C3_arbitration_MPC', 'scenario': 'sensor_bias_5', 'seed': 19026, 'step': 366, 'time_s': 3.66, 'aux_inference_ms': 0.2499999973224476, 'reliability_update_ms': 0.006599999323952943, 'arbitration_ms': 0.00540000110049732, 'extension_ms': 0.26199999774689786, 'control_compute_ms': nan}, {'controller': 'C3_arbitration_MPC', 'scenario': 'sensor_bias_5', 'seed': 19026, 'step': 367, 'time_s': 3.67, 'aux_inference_ms': 0.21249999917927198, 'reliability_update_ms': 0.005300000339047983, 'arbitration_ms': 0.004599998646881431, 'extension_ms': 0.2223999981652014, 'control_compute_ms': nan}, {'controller': 'C3_arbitration_MPC', 'scenario': 'sensor_bias_5', 'seed': 19026, 'step': 368, 'time_s': 3.68, 'aux_inference_ms': 0.19740000061574392, 'reliability_update_ms': 0.005199999577598646, 'arbitration_ms': 0.004600002284860238, 'extension_ms': 0.2072000024782028, 'control_compute_ms': nan}, {'controller': 'C3_arbitration_MPC', 'scenario': 'sensor_bias_5', 'seed': 19026, 'step': 369, 'time_s': 3.69, 'aux_inference_ms': 0.20600000061676838, 'reliability_update_ms': 0.005300000339047983, 'arbitration_ms': 0.004699999408330768, 'extension_ms': 0.21600000036414713, 'control_compute_ms': nan}, {'controller': 'C3_arbitration_MPC', 'scenario': 'sensor_bias_5', 'seed': 19026, 'step': 370, 'time_s': 3.7, 'aux_inference_ms': 0.20809999841731042, 'reliability_update_ms': 0.005300000339047983, 'arbitration_ms': 0.004699999408330768, 'extension_ms': 0.21809999816468917, 'control_compute_ms': 19.910799997887807}, {'controller': 'C3_arbitration_MPC', 'scenario': 'sensor_bias_5', 'seed': 19026, 'step': 371, 'time_s': 3.71, 'aux_inference_ms': 0.2657999975781422, 'reliability_update_ms': 0.006299997039604932, 'arbitration_ms': 0.005100002454128116, 'extension_ms': 0.27719999707187526, 'control_compute_ms': nan}, {'controller': 'C3_arbitration_MPC', 'scenario': 'sensor_bias_5', 'seed': 19026, 'step': 372, 'time_s': 3.72, 'aux_inference_ms': 0.2091999995172955, 'reliability_update_ms': 0.005200003215577453, 'arbitration_ms': 0.004599998646881431, 'extension_ms': 0.2190000013797544, 'control_compute_ms': nan}, {'controller': 'C3_arbitration_MPC', 'scenario': 'sensor_bias_5', 'seed': 19026, 'step': 373, 'time_s': 3.73, 'aux_inference_ms': 0.21240000205580145, 'reliability_update_ms': 0.005500001861946657, 'arbitration_ms': 0.004699999408330768, 'extension_ms': 0.22260000332607888, 'control_compute_ms': nan}, {'controller': 'C3_arbitration_MPC', 'scenario': 'sensor_bias_5', 'seed': 19026, 'step': 374, 'time_s': 3.74, 'aux_inference_ms': 0.2310999989276752, 'reliability_update_ms': 0.005099998816149309, 'arbitration_ms': 0.004500001523410901, 'extension_ms': 0.2406999992672354, 'control_compute_ms': nan}, {'controller': 'C3_arbitration_MPC', 'scenario': 'sensor_bias_5', 'seed': 19026, 'step': 375, 'time_s': 3.75, 'aux_inference_ms': 0.429300001997035, 'reliability_update_ms': 0.009899998985929415, 'arbitration_ms': 0.007099999493220821, 'extension_ms': 0.44630000047618523, 'control_compute_ms': 19.717200000741286}, {'controller': 'C3_arbitration_MPC', 'scenario': 'sensor_bias_5', 'seed': 19026, 'step': 376, 'time_s': 3.7600000000000002, 'aux_inference_ms': 0.2810000005410984, 'reliability_update_ms': 0.006899997970322147, 'arbitration_ms': 0.006000002031214535, 'extension_ms': 0.2939000005426351, 'control_compute_ms': nan}, {'controller': 'C3_arbitration_MPC', 'scenario': 'sensor_bias_5', 'seed': 19026, 'step': 377, 'time_s': 3.77, 'aux_inference_ms': 0.2082999999402091, 'reliability_update_ms': 0.00540000110049732, 'arbitration_ms': 0.004599998646881431, 'extension_ms': 0.21829999968758784, 'control_compute_ms': nan}, {'controller': 'C3_arbitration_MPC', 'scenario': 'sensor_bias_5', 'seed': 19026, 'step': 378, 'time_s': 3.7800000000000002, 'aux_inference_ms': 0.20189999850117601, 'reliability_update_ms': 0.00549999822396785, 'arbitration_ms': 0.005199999577598646, 'extension_ms': 0.2125999963027425, 'control_compute_ms': nan}, {'controller': 'C3_arbitration_MPC', 'scenario': 'sensor_bias_5', 'seed': 19026, 'step': 379, 'time_s': 3.79, 'aux_inference_ms': 0.22320000061881728, 'reliability_update_ms': 0.005099998816149309, 'arbitration_ms': 0.004500001523410901, 'extension_ms': 0.2328000009583775, 'control_compute_ms': nan}, {'controller': 'C3_arbitration_MPC', 'scenario': 'sensor_bias_5', 'seed': 19026, 'step': 380, 'time_s': 3.8000000000000003, 'aux_inference_ms': 0.2010000025620684, 'reliability_update_ms': 0.004900000931229442, 'arbitration_ms': 0.004400000761961564, 'extension_ms': 0.2103000042552594, 'control_compute_ms': 17.6114999994752}, {'controller': 'C3_arbitration_MPC', 'scenario': 'sensor_bias_5', 'seed': 19026, 'step': 381, 'time_s': 3.81, 'aux_inference_ms': 0.2507999997760635, 'reliability_update_ms': 0.00660000296193175, 'arbitration_ms': 0.005500001861946657, 'extension_ms': 0.2629000045999419, 'control_compute_ms': nan}, {'controller': 'C3_arbitration_MPC', 'scenario': 'sensor_bias_5', 'seed': 19026, 'step': 382, 'time_s': 3.8200000000000003, 'aux_inference_ms': 0.20260000019334257, 'reliability_update_ms': 0.005199999577598646, 'arbitration_ms': 0.004599998646881431, 'extension_ms': 0.21239999841782264, 'control_compute_ms': nan}, {'controller': 'C3_arbitration_MPC', 'scenario': 'sensor_bias_5', 'seed': 19026, 'step': 383, 'time_s': 3.83, 'aux_inference_ms': 0.21050000214017928, 'reliability_update_ms': 0.00540000110049732, 'arbitration_ms': 0.004699999408330768, 'extension_ms': 0.22060000264900737, 'control_compute_ms': nan}, {'controller': 'C3_arbitration_MPC', 'scenario': 'sensor_bias_5', 'seed': 19026, 'step': 384, 'time_s': 3.84, 'aux_inference_ms': 0.1975999985006638, 'reliability_update_ms': 0.005199999577598646, 'arbitration_ms': 0.004500001523410901, 'extension_ms': 0.20729999960167333, 'control_compute_ms': nan}, {'controller': 'C3_arbitration_MPC', 'scenario': 'sensor_bias_5', 'seed': 19026, 'step': 385, 'time_s': 3.85, 'aux_inference_ms': 0.1937000015459489, 'reliability_update_ms': 0.004999998054699972, 'arbitration_ms': 0.004500001523410901, 'extension_ms': 0.20320000112405978, 'control_compute_ms': 17.46909999928903}, {'controller': 'C3_arbitration_MPC', 'scenario': 'sensor_bias_5', 'seed': 19026, 'step': 386, 'time_s': 3.86, 'aux_inference_ms': 0.22560000070370734, 'reliability_update_ms': 0.005800000508315861, 'arbitration_ms': 0.016099998902063817, 'extension_ms': 0.24750000011408702, 'control_compute_ms': nan}, {'controller': 'C3_arbitration_MPC', 'scenario': 'sensor_bias_5', 'seed': 19026, 'step': 387, 'time_s': 3.87, 'aux_inference_ms': 0.20769999900949188, 'reliability_update_ms': 0.005599998985417187, 'arbitration_ms': 0.004699999408330768, 'extension_ms': 0.21799999740323983, 'control_compute_ms': nan}, {'controller': 'C3_arbitration_MPC', 'scenario': 'sensor_bias_5', 'seed': 19026, 'step': 388, 'time_s': 3.88, 'aux_inference_ms': 0.7682000032218639, 'reliability_update_ms': 0.013199998647905886, 'arbitration_ms': 0.012600001355167478, 'extension_ms': 0.7940000032249372, 'control_compute_ms': nan}, {'controller': 'C3_arbitration_MPC', 'scenario': 'sensor_bias_5', 'seed': 19026, 'step': 389, 'time_s': 3.89, 'aux_inference_ms': 0.4716000003099907, 'reliability_update_ms': 0.005500001861946657, 'arbitration_ms': 0.004099998477613553, 'extension_ms': 0.48120000064955093, 'control_compute_ms': nan}, {'controller': 'C3_arbitration_MPC', 'scenario': 'sensor_bias_5', 'seed': 19026, 'step': 390, 'time_s': 3.9, 'aux_inference_ms': 0.18829999680747278, 'reliability_update_ms': 0.005100002454128116, 'arbitration_ms': 0.004800000169780105, 'extension_ms': 0.198199999431381, 'control_compute_ms': 47.512100001767976}, {'controller': 'C3_arbitration_MPC', 'scenario': 'sensor_bias_5', 'seed': 19026, 'step': 391, 'time_s': 3.91, 'aux_inference_ms': 0.2549999990151264, 'reliability_update_ms': 0.007099999493220821, 'arbitration_ms': 0.005999998393235728, 'extension_ms': 0.2680999969015829, 'control_compute_ms': nan}, {'controller': 'C3_arbitration_MPC', 'scenario': 'sensor_bias_5', 'seed': 19026, 'step': 392, 'time_s': 3.92, 'aux_inference_ms': 0.21219999689492397, 'reliability_update_ms': 0.005399997462518513, 'arbitration_ms': 0.0047000030463095754, 'extension_ms': 0.22229999740375206, 'control_compute_ms': nan}, {'controller': 'C3_arbitration_MPC', 'scenario': 'sensor_bias_5', 'seed': 19026, 'step': 393, 'time_s': 3.93, 'aux_inference_ms': 0.2763999982562382, 'reliability_update_ms': 0.005699999746866524, 'arbitration_ms': 0.004800000169780105, 'extension_ms': 0.2868999981728848, 'control_compute_ms': nan}, {'controller': 'C3_arbitration_MPC', 'scenario': 'sensor_bias_5', 'seed': 19026, 'step': 394, 'time_s': 3.94, 'aux_inference_ms': 0.20289999883971177, 'reliability_update_ms': 0.005300000339047983, 'arbitration_ms': 0.004600002284860238, 'extension_ms': 0.21280000146362, 'control_compute_ms': nan}, {'controller': 'C3_arbitration_MPC', 'scenario': 'sensor_bias_5', 'seed': 19026, 'step': 395, 'time_s': 3.95, 'aux_inference_ms': 0.2043999993475154, 'reliability_update_ms': 0.005300000339047983, 'arbitration_ms': 0.004600002284860238, 'extension_ms': 0.21430000197142363, 'control_compute_ms': 59.873500002140645}, {'controller': 'C3_arbitration_MPC', 'scenario': 'sensor_bias_5', 'seed': 19026, 'step': 396, 'time_s': 3.96, 'aux_inference_ms': 0.49619999845162965, 'reliability_update_ms': 0.01089999932446517, 'arbitration_ms': 0.011000000085914508, 'extension_ms': 0.5180999978620093, 'control_compute_ms': nan}, {'controller': 'C3_arbitration_MPC', 'scenario': 'sensor_bias_5', 'seed': 19026, 'step': 397, 'time_s': 3.97, 'aux_inference_ms': 0.46300000030896626, 'reliability_update_ms': 0.009700001101009548, 'arbitration_ms': 0.010100000508828089, 'extension_ms': 0.4828000019188039, 'control_compute_ms': nan}, {'controller': 'C3_arbitration_MPC', 'scenario': 'sensor_bias_5', 'seed': 19026, 'step': 398, 'time_s': 3.98, 'aux_inference_ms': 0.47930000073392875, 'reliability_update_ms': 0.009799998224480078, 'arbitration_ms': 0.009499999578110874, 'extension_ms': 0.4985999985365197, 'control_compute_ms': nan}, {'controller': 'C3_arbitration_MPC', 'scenario': 'sensor_bias_5', 'seed': 19026, 'step': 399, 'time_s': 3.99, 'aux_inference_ms': 0.4808000012417324, 'reliability_update_ms': 0.00960000033956021, 'arbitration_ms': 0.009700001101009548, 'extension_ms': 0.5001000026823021, 'control_compute_ms': nan}, {'controller': 'C3_arbitration_MPC', 'scenario': 'sensor_bias_5', 'seed': 19026, 'step': 400, 'time_s': 4.0, 'aux_inference_ms': 0.45250000039231963, 'reliability_update_ms': 0.009799998224480078, 'arbitration_ms': 0.009700001101009548, 'extension_ms': 0.47199999971780926, 'control_compute_ms': 29.07760000016424}, {'controller': 'C3_arbitration_MPC', 'scenario': 'sensor_bias_5', 'seed': 19026, 'step': 401, 'time_s': 4.01, 'aux_inference_ms': 0.21410000044852495, 'reliability_update_ms': 0.005699999746866524, 'arbitration_ms': 0.004099998477613553, 'extension_ms': 0.22389999867300503, 'control_compute_ms': nan}, {'controller': 'C3_arbitration_MPC', 'scenario': 'sensor_bias_5', 'seed': 19026, 'step': 402, 'time_s': 4.0200000000000005, 'aux_inference_ms': 0.1793000010366086, 'reliability_update_ms': 0.005199999577598646, 'arbitration_ms': 0.00419999923906289, 'extension_ms': 0.18869999985327013, 'control_compute_ms': nan}, {'controller': 'C3_arbitration_MPC', 'scenario': 'sensor_bias_5', 'seed': 19026, 'step': 403, 'time_s': 4.03, 'aux_inference_ms': 0.16210000103455968, 'reliability_update_ms': 0.004400000761961564, 'arbitration_ms': 0.0036999990697950125, 'extension_ms': 0.17020000086631626, 'control_compute_ms': nan}, {'controller': 'C3_arbitration_MPC', 'scenario': 'sensor_bias_5', 'seed': 19026, 'step': 404, 'time_s': 4.04, 'aux_inference_ms': 0.19560000146157108, 'reliability_update_ms': 0.005099998816149309, 'arbitration_ms': 0.004600002284860238, 'extension_ms': 0.20530000256258063, 'control_compute_ms': nan}, {'controller': 'C3_arbitration_MPC', 'scenario': 'sensor_bias_5', 'seed': 19026, 'step': 405, 'time_s': 4.05, 'aux_inference_ms': 0.2119999990100041, 'reliability_update_ms': 0.005199999577598646, 'arbitration_ms': 0.004400000761961564, 'extension_ms': 0.22159999934956431, 'control_compute_ms': 17.283799999859184}, {'controller': 'C3_arbitration_MPC', 'scenario': 'sensor_bias_5', 'seed': 19026, 'step': 406, 'time_s': 4.0600000000000005, 'aux_inference_ms': 0.24020000273594633, 'reliability_update_ms': 0.006599999323952943, 'arbitration_ms': 0.00549999822396785, 'extension_ms': 0.2523000002838671, 'control_compute_ms': nan}, {'controller': 'C3_arbitration_MPC', 'scenario': 'sensor_bias_5', 'seed': 19026, 'step': 407, 'time_s': 4.07, 'aux_inference_ms': 0.20170000061625615, 'reliability_update_ms': 0.005300000339047983, 'arbitration_ms': 0.004699999408330768, 'extension_ms': 0.2117000003636349, 'control_compute_ms': nan}, {'controller': 'C3_arbitration_MPC', 'scenario': 'sensor_bias_5', 'seed': 19026, 'step': 408, 'time_s': 4.08, 'aux_inference_ms': 0.19359999714652076, 'reliability_update_ms': 0.005099998816149309, 'arbitration_ms': 0.004500001523410901, 'extension_ms': 0.20319999748608097, 'control_compute_ms': nan}, {'controller': 'C3_arbitration_MPC', 'scenario': 'sensor_bias_5', 'seed': 19026, 'step': 409, 'time_s': 4.09, 'aux_inference_ms': 0.21639999977196567, 'reliability_update_ms': 0.005300000339047983, 'arbitration_ms': 0.004500001523410901, 'extension_ms': 0.22620000163442455, 'control_compute_ms': nan}, {'controller': 'C3_arbitration_MPC', 'scenario': 'sensor_bias_5', 'seed': 19026, 'step': 410, 'time_s': 4.1, 'aux_inference_ms': 0.19300000349176116, 'reliability_update_ms': 0.005000001692678779, 'arbitration_ms': 0.004400000761961564, 'extension_ms': 0.2024000059464015, 'control_compute_ms': 16.911200000322424}, {'controller': 'C3_arbitration_MPC', 'scenario': 'sensor_bias_5', 'seed': 19026, 'step': 411, 'time_s': 4.11, 'aux_inference_ms': 0.22079999689594842, 'reliability_update_ms': 0.005999998393235728, 'arbitration_ms': 0.004900000931229442, 'extension_ms': 0.2316999962204136, 'control_compute_ms': nan}, {'controller': 'C3_arbitration_MPC', 'scenario': 'sensor_bias_5', 'seed': 19026, 'step': 412, 'time_s': 4.12, 'aux_inference_ms': 0.20809999841731042, 'reliability_update_ms': 0.005300000339047983, 'arbitration_ms': 0.004800000169780105, 'extension_ms': 0.2181999989261385, 'control_compute_ms': nan}, {'controller': 'C3_arbitration_MPC', 'scenario': 'sensor_bias_5', 'seed': 19026, 'step': 413, 'time_s': 4.13, 'aux_inference_ms': 0.1961999987543095, 'reliability_update_ms': 0.005100002454128116, 'arbitration_ms': 0.004499997885432094, 'extension_ms': 0.2057999990938697, 'control_compute_ms': nan}, {'controller': 'C3_arbitration_MPC', 'scenario': 'sensor_bias_5', 'seed': 19026, 'step': 414, 'time_s': 4.14, 'aux_inference_ms': 0.19449999672360718, 'reliability_update_ms': 0.004900000931229442, 'arbitration_ms': 0.004500001523410901, 'extension_ms': 0.20389999917824753, 'control_compute_ms': nan}, {'controller': 'C3_arbitration_MPC', 'scenario': 'sensor_bias_5', 'seed': 19026, 'step': 415, 'time_s': 4.15, 'aux_inference_ms': 0.21770000239484943, 'reliability_update_ms': 0.004899997293250635, 'arbitration_ms': 0.004500001523410901, 'extension_ms': 0.22710000121151097, 'control_compute_ms': 17.38100000147824}, {'controller': 'C3_arbitration_MPC', 'scenario': 'sensor_bias_5', 'seed': 19026, 'step': 416, 'time_s': 4.16, 'aux_inference_ms': 0.2330999996047467, 'reliability_update_ms': 0.005800000508315861, 'arbitration_ms': 0.004900000931229442, 'extension_ms': 0.243800001044292, 'control_compute_ms': nan}, {'controller': 'C3_arbitration_MPC', 'scenario': 'sensor_bias_5', 'seed': 19026, 'step': 417, 'time_s': 4.17, 'aux_inference_ms': 0.20230000154697336, 'reliability_update_ms': 0.00540000110049732, 'arbitration_ms': 0.004599998646881431, 'extension_ms': 0.21230000129435211, 'control_compute_ms': nan}, {'controller': 'C3_arbitration_MPC', 'scenario': 'sensor_bias_5', 'seed': 19026, 'step': 418, 'time_s': 4.18, 'aux_inference_ms': 0.1984999980777502, 'reliability_update_ms': 0.005100002454128116, 'arbitration_ms': 0.004499997885432094, 'extension_ms': 0.20809999841731042, 'control_compute_ms': nan}, {'controller': 'C3_arbitration_MPC', 'scenario': 'sensor_bias_5', 'seed': 19026, 'step': 419, 'time_s': 4.19, 'aux_inference_ms': 0.2189999977417756, 'reliability_update_ms': 0.00549999822396785, 'arbitration_ms': 0.004699999408330768, 'extension_ms': 0.2291999953740742, 'control_compute_ms': nan}, {'controller': 'C3_arbitration_MPC', 'scenario': 'sensor_bias_5', 'seed': 19026, 'step': 420, 'time_s': 4.2, 'aux_inference_ms': 0.19289999909233302, 'reliability_update_ms': 0.005199999577598646, 'arbitration_ms': 0.004500001523410901, 'extension_ms': 0.20260000019334257, 'control_compute_ms': 16.908600002352614}, {'controller': 'C3_arbitration_MPC', 'scenario': 'sensor_bias_5', 'seed': 19026, 'step': 421, 'time_s': 4.21, 'aux_inference_ms': 0.22470000112662092, 'reliability_update_ms': 0.005900001269765198, 'arbitration_ms': 0.004899997293250635, 'extension_ms': 0.23549999968963675, 'control_compute_ms': nan}, {'controller': 'C3_arbitration_MPC', 'scenario': 'sensor_bias_5', 'seed': 19026, 'step': 422, 'time_s': 4.22, 'aux_inference_ms': 0.20560000120894983, 'reliability_update_ms': 0.005599998985417187, 'arbitration_ms': 0.004800000169780105, 'extension_ms': 0.21600000036414713, 'control_compute_ms': nan}, {'controller': 'C3_arbitration_MPC', 'scenario': 'sensor_bias_5', 'seed': 19026, 'step': 423, 'time_s': 4.23, 'aux_inference_ms': 0.2043999993475154, 'reliability_update_ms': 0.005300000339047983, 'arbitration_ms': 0.004500001523410901, 'extension_ms': 0.2142000012099743, 'control_compute_ms': nan}, {'controller': 'C3_arbitration_MPC', 'scenario': 'sensor_bias_5', 'seed': 19026, 'step': 424, 'time_s': 4.24, 'aux_inference_ms': 0.20899999799439684, 'reliability_update_ms': 0.005800000508315861, 'arbitration_ms': 0.004899997293250635, 'extension_ms': 0.21969999579596333, 'control_compute_ms': nan}, {'controller': 'C3_arbitration_MPC', 'scenario': 'sensor_bias_5', 'seed': 19026, 'step': 425, 'time_s': 4.25, 'aux_inference_ms': 0.1951000012923032, 'reliability_update_ms': 0.005099998816149309, 'arbitration_ms': 0.004500001523410901, 'extension_ms': 0.20470000163186342, 'control_compute_ms': 19.985799997812137}, {'controller': 'C3_arbitration_MPC', 'scenario': 'sensor_bias_5', 'seed': 19026, 'step': 426, 'time_s': 4.26, 'aux_inference_ms': 0.23190000138129108, 'reliability_update_ms': 0.006000002031214535, 'arbitration_ms': 0.005100002454128116, 'extension_ms': 0.24300000586663373, 'control_compute_ms': nan}, {'controller': 'C3_arbitration_MPC', 'scenario': 'sensor_bias_5', 'seed': 19026, 'step': 427, 'time_s': 4.2700000000000005, 'aux_inference_ms': 0.20840000070165843, 'reliability_update_ms': 0.00540000110049732, 'arbitration_ms': 0.004900000931229442, 'extension_ms': 0.2187000027333852, 'control_compute_ms': nan}, {'controller': 'C3_arbitration_MPC', 'scenario': 'sensor_bias_5', 'seed': 19026, 'step': 428, 'time_s': 4.28, 'aux_inference_ms': 0.22489999901154079, 'reliability_update_ms': 0.005699999746866524, 'arbitration_ms': 0.004800000169780105, 'extension_ms': 0.23539999892818742, 'control_compute_ms': nan}, {'controller': 'C3_arbitration_MPC', 'scenario': 'sensor_bias_5', 'seed': 19026, 'step': 429, 'time_s': 4.29, 'aux_inference_ms': 0.19999999858555384, 'reliability_update_ms': 0.005199999577598646, 'arbitration_ms': 0.004699999408330768, 'extension_ms': 0.20989999757148325, 'control_compute_ms': nan}, {'controller': 'C3_arbitration_MPC', 'scenario': 'sensor_bias_5', 'seed': 19026, 'step': 430, 'time_s': 4.3, 'aux_inference_ms': 0.19360000078449957, 'reliability_update_ms': 0.005100002454128116, 'arbitration_ms': 0.004599998646881431, 'extension_ms': 0.20330000188550912, 'control_compute_ms': 42.01019999891287}, {'controller': 'C3_arbitration_MPC', 'scenario': 'sensor_bias_5', 'seed': 19026, 'step': 431, 'time_s': 4.3100000000000005, 'aux_inference_ms': 0.4703999984485563, 'reliability_update_ms': 0.01049999991664663, 'arbitration_ms': 0.010200001270277426, 'extension_ms': 0.49109999963548034, 'control_compute_ms': nan}, {'controller': 'C3_arbitration_MPC', 'scenario': 'sensor_bias_5', 'seed': 19026, 'step': 432, 'time_s': 4.32, 'aux_inference_ms': 0.44970000089961104, 'reliability_update_ms': 0.009499999578110874, 'arbitration_ms': 0.009700001101009548, 'extension_ms': 0.46890000157873146, 'control_compute_ms': nan}, {'controller': 'C3_arbitration_MPC', 'scenario': 'sensor_bias_5', 'seed': 19026, 'step': 433, 'time_s': 4.33, 'aux_inference_ms': 0.4444999976840336, 'reliability_update_ms': 0.009499999578110874, 'arbitration_ms': 0.009700001101009548, 'extension_ms': 0.463699998363154, 'control_compute_ms': nan}, {'controller': 'C3_arbitration_MPC', 'scenario': 'sensor_bias_5', 'seed': 19026, 'step': 434, 'time_s': 4.34, 'aux_inference_ms': 0.4613999990397133, 'reliability_update_ms': 0.0092999980552122, 'arbitration_ms': 0.00960000033956021, 'extension_ms': 0.4802999974344857, 'control_compute_ms': nan}, {'controller': 'C3_arbitration_MPC', 'scenario': 'sensor_bias_5', 'seed': 19026, 'step': 435, 'time_s': 4.3500000000000005, 'aux_inference_ms': 0.4454000008990988, 'reliability_update_ms': 0.009499999578110874, 'arbitration_ms': 0.00960000033956021, 'extension_ms': 0.4645000008167699, 'control_compute_ms': 44.763600002625026}, {'controller': 'C3_arbitration_MPC', 'scenario': 'sensor_bias_5', 'seed': 19026, 'step': 436, 'time_s': 4.36, 'aux_inference_ms': 0.49389999912818894, 'reliability_update_ms': 0.01049999991664663, 'arbitration_ms': 0.009899998985929415, 'extension_ms': 0.514299998030765, 'control_compute_ms': nan}, {'controller': 'C3_arbitration_MPC', 'scenario': 'sensor_bias_5', 'seed': 19026, 'step': 437, 'time_s': 4.37, 'aux_inference_ms': 0.5960999988019466, 'reliability_update_ms': 0.00790000194683671, 'arbitration_ms': 0.005800000508315861, 'extension_ms': 0.6098000012570992, 'control_compute_ms': nan}, {'controller': 'C3_arbitration_MPC', 'scenario': 'sensor_bias_5', 'seed': 19026, 'step': 438, 'time_s': 4.38, 'aux_inference_ms': 0.18599999748403206, 'reliability_update_ms': 0.004800000169780105, 'arbitration_ms': 0.0039000005926936865, 'extension_ms': 0.19469999824650586, 'control_compute_ms': nan}, {'controller': 'C3_arbitration_MPC', 'scenario': 'sensor_bias_5', 'seed': 19026, 'step': 439, 'time_s': 4.39, 'aux_inference_ms': 0.16980000145849772, 'reliability_update_ms': 0.004499997885432094, 'arbitration_ms': 0.0037000027077738196, 'extension_ms': 0.17800000205170363, 'control_compute_ms': nan}, {'controller': 'C3_arbitration_MPC', 'scenario': 'sensor_bias_5', 'seed': 19026, 'step': 440, 'time_s': 4.4, 'aux_inference_ms': 0.20669999867095612, 'reliability_update_ms': 0.005300000339047983, 'arbitration_ms': 0.004699999408330768, 'extension_ms': 0.21669999841833487, 'control_compute_ms': 58.27389999831212}, {'controller': 'C3_arbitration_MPC', 'scenario': 'sensor_bias_5', 'seed': 19026, 'step': 441, 'time_s': 4.41, 'aux_inference_ms': 0.23429999782820232, 'reliability_update_ms': 0.006099999154685065, 'arbitration_ms': 0.005699999746866524, 'extension_ms': 0.2460999967297539, 'control_compute_ms': nan}, {'controller': 'C3_arbitration_MPC', 'scenario': 'sensor_bias_5', 'seed': 19026, 'step': 442, 'time_s': 4.42, 'aux_inference_ms': 0.2043999993475154, 'reliability_update_ms': 0.005399997462518513, 'arbitration_ms': 0.004699999408330768, 'extension_ms': 0.21449999621836469, 'control_compute_ms': nan}, {'controller': 'C3_arbitration_MPC', 'scenario': 'sensor_bias_5', 'seed': 19026, 'step': 443, 'time_s': 4.43, 'aux_inference_ms': 0.2213000007031951, 'reliability_update_ms': 0.005800000508315861, 'arbitration_ms': 0.004599998646881431, 'extension_ms': 0.2316999998583924, 'control_compute_ms': nan}, {'controller': 'C3_arbitration_MPC', 'scenario': 'sensor_bias_5', 'seed': 19026, 'step': 444, 'time_s': 4.44, 'aux_inference_ms': 0.20010000298498198, 'reliability_update_ms': 0.00540000110049732, 'arbitration_ms': 0.004599998646881431, 'extension_ms': 0.21010000273236074, 'control_compute_ms': nan}, {'controller': 'C3_arbitration_MPC', 'scenario': 'sensor_bias_5', 'seed': 19026, 'step': 445, 'time_s': 4.45, 'aux_inference_ms': 0.2046999979938846, 'reliability_update_ms': 0.005399997462518513, 'arbitration_ms': 0.004699999408330768, 'extension_ms': 0.2147999948647339, 'control_compute_ms': 24.917500002629822}, {'controller': 'C3_arbitration_MPC', 'scenario': 'sensor_bias_5', 'seed': 19026, 'step': 446, 'time_s': 4.46, 'aux_inference_ms': 0.6219999995664693, 'reliability_update_ms': 0.014000001101521775, 'arbitration_ms': 0.012699998478638008, 'extension_ms': 0.6486999991466291, 'control_compute_ms': nan}, {'controller': 'C3_arbitration_MPC', 'scenario': 'sensor_bias_5', 'seed': 19026, 'step': 447, 'time_s': 4.47, 'aux_inference_ms': 0.5897000010008924, 'reliability_update_ms': 0.012299999070819467, 'arbitration_ms': 0.013700002455152571, 'extension_ms': 0.6157000025268644, 'control_compute_ms': nan}, {'controller': 'C3_arbitration_MPC', 'scenario': 'sensor_bias_5', 'seed': 19026, 'step': 448, 'time_s': 4.48, 'aux_inference_ms': 0.3844999991997611, 'reliability_update_ms': 0.00799999907030724, 'arbitration_ms': 0.007800001185387373, 'extension_ms': 0.4002999994554557, 'control_compute_ms': nan}, {'controller': 'C3_arbitration_MPC', 'scenario': 'sensor_bias_5', 'seed': 19026, 'step': 449, 'time_s': 4.49, 'aux_inference_ms': 0.5243999985395931, 'reliability_update_ms': 0.01080000220099464, 'arbitration_ms': 0.011000000085914508, 'extension_ms': 0.5462000008265022, 'control_compute_ms': nan}, {'controller': 'C3_arbitration_MPC', 'scenario': 'sensor_bias_5', 'seed': 19026, 'step': 450, 'time_s': 4.5, 'aux_inference_ms': 0.6047999995644204, 'reliability_update_ms': 0.012399999832268804, 'arbitration_ms': 0.012699998478638008, 'extension_ms': 0.6298999978753272, 'control_compute_ms': 31.038299999636365}, {'controller': 'C3_arbitration_MPC', 'scenario': 'sensor_bias_5', 'seed': 19026, 'step': 451, 'time_s': 4.51, 'aux_inference_ms': 0.3936000030080322, 'reliability_update_ms': 0.005000001692678779, 'arbitration_ms': 0.003999997716164216, 'extension_ms': 0.4026000024168752, 'control_compute_ms': nan}, {'controller': 'C3_arbitration_MPC', 'scenario': 'sensor_bias_5', 'seed': 19026, 'step': 452, 'time_s': 4.5200000000000005, 'aux_inference_ms': 0.37059999885968864, 'reliability_update_ms': 0.010200001270277426, 'arbitration_ms': 0.008499999239575118, 'extension_ms': 0.3892999993695412, 'control_compute_ms': nan}, {'controller': 'C3_arbitration_MPC', 'scenario': 'sensor_bias_5', 'seed': 19026, 'step': 453, 'time_s': 4.53, 'aux_inference_ms': 0.37769999835290946, 'reliability_update_ms': 0.009899998985929415, 'arbitration_ms': 0.008600000001024455, 'extension_ms': 0.39619999733986333, 'control_compute_ms': nan}, {'controller': 'C3_arbitration_MPC', 'scenario': 'sensor_bias_5', 'seed': 19026, 'step': 454, 'time_s': 4.54, 'aux_inference_ms': 0.1956999985850416, 'reliability_update_ms': 0.0041000021155923605, 'arbitration_ms': 0.0036999990697950125, 'extension_ms': 0.20349999977042899, 'control_compute_ms': nan}, {'controller': 'C3_arbitration_MPC', 'scenario': 'sensor_bias_5', 'seed': 19026, 'step': 455, 'time_s': 4.55, 'aux_inference_ms': 0.1993000005313661, 'reliability_update_ms': 0.005199999577598646, 'arbitration_ms': 0.004500001523410901, 'extension_ms': 0.20900000163237564, 'control_compute_ms': 16.511099998751888}, {'controller': 'C3_arbitration_MPC', 'scenario': 'sensor_bias_5', 'seed': 19026, 'step': 456, 'time_s': 4.5600000000000005, 'aux_inference_ms': 0.19529999917722307, 'reliability_update_ms': 0.004800000169780105, 'arbitration_ms': 0.0039000005926936865, 'extension_ms': 0.20399999993969686, 'control_compute_ms': nan}, {'controller': 'C3_arbitration_MPC', 'scenario': 'sensor_bias_5', 'seed': 19026, 'step': 457, 'time_s': 4.57, 'aux_inference_ms': 0.21410000044852495, 'reliability_update_ms': 0.004300000000512227, 'arbitration_ms': 0.0037000027077738196, 'extension_ms': 0.222100003156811, 'control_compute_ms': nan}, {'controller': 'C3_arbitration_MPC', 'scenario': 'sensor_bias_5', 'seed': 19026, 'step': 458, 'time_s': 4.58, 'aux_inference_ms': 0.20399999993969686, 'reliability_update_ms': 0.005300000339047983, 'arbitration_ms': 0.004600002284860238, 'extension_ms': 0.21390000256360509, 'control_compute_ms': nan}, {'controller': 'C3_arbitration_MPC', 'scenario': 'sensor_bias_5', 'seed': 19026, 'step': 459, 'time_s': 4.59, 'aux_inference_ms': 0.1627000019652769, 'reliability_update_ms': 0.005199999577598646, 'arbitration_ms': 0.004400000761961564, 'extension_ms': 0.1723000023048371, 'control_compute_ms': nan}, {'controller': 'C3_arbitration_MPC', 'scenario': 'sensor_bias_5', 'seed': 19026, 'step': 460, 'time_s': 4.6000000000000005, 'aux_inference_ms': 0.20089999816264026, 'reliability_update_ms': 0.00540000110049732, 'arbitration_ms': 0.004500001523410901, 'extension_ms': 0.21080000078654848, 'control_compute_ms': 26.18879999863566}, {'controller': 'C3_arbitration_MPC', 'scenario': 'sensor_bias_5', 'seed': 19026, 'step': 461, 'time_s': 4.61, 'aux_inference_ms': 0.5161000008229166, 'reliability_update_ms': 0.011000000085914508, 'arbitration_ms': 0.010600000678095967, 'extension_ms': 0.5377000015869271, 'control_compute_ms': nan}, {'controller': 'C3_arbitration_MPC', 'scenario': 'sensor_bias_5', 'seed': 19026, 'step': 462, 'time_s': 4.62, 'aux_inference_ms': 0.46359999760170467, 'reliability_update_ms': 0.009999999747378752, 'arbitration_ms': 0.010100000508828089, 'extension_ms': 0.4836999978579115, 'control_compute_ms': nan}, {'controller': 'C3_arbitration_MPC', 'scenario': 'sensor_bias_5', 'seed': 19026, 'step': 463, 'time_s': 4.63, 'aux_inference_ms': 0.4593999983626418, 'reliability_update_ms': 0.009700001101009548, 'arbitration_ms': 0.00969999746303074, 'extension_ms': 0.47879999692668207, 'control_compute_ms': nan}, {'controller': 'C3_arbitration_MPC', 'scenario': 'sensor_bias_5', 'seed': 19026, 'step': 464, 'time_s': 4.64, 'aux_inference_ms': 0.4578000007313676, 'reliability_update_ms': 0.009899998985929415, 'arbitration_ms': 0.009800001862458885, 'extension_ms': 0.4775000015797559, 'control_compute_ms': nan}, {'controller': 'C3_arbitration_MPC', 'scenario': 'sensor_bias_5', 'seed': 19026, 'step': 465, 'time_s': 4.65, 'aux_inference_ms': 0.45650000174646266, 'reliability_update_ms': 0.009999999747378752, 'arbitration_ms': 0.009599996701581404, 'extension_ms': 0.4760999981954228, 'control_compute_ms': 30.59159999975236}, {'controller': 'C3_arbitration_MPC', 'scenario': 'sensor_bias_5', 'seed': 19026, 'step': 466, 'time_s': 4.66, 'aux_inference_ms': 0.2604000001156237, 'reliability_update_ms': 0.006599999323952943, 'arbitration_ms': 0.005600002623395994, 'extension_ms': 0.27260000206297264, 'control_compute_ms': nan}, {'controller': 'C3_arbitration_MPC', 'scenario': 'sensor_bias_5', 'seed': 19026, 'step': 467, 'time_s': 4.67, 'aux_inference_ms': 0.20759999824804254, 'reliability_update_ms': 0.005599998985417187, 'arbitration_ms': 0.004699999408330768, 'extension_ms': 0.2178999966417905, 'control_compute_ms': nan}, {'controller': 'C3_arbitration_MPC', 'scenario': 'sensor_bias_5', 'seed': 19026, 'step': 468, 'time_s': 4.68, 'aux_inference_ms': 0.1999000014620833, 'reliability_update_ms': 0.005199999577598646, 'arbitration_ms': 0.004600002284860238, 'extension_ms': 0.2097000033245422, 'control_compute_ms': nan}, {'controller': 'C3_arbitration_MPC', 'scenario': 'sensor_bias_5', 'seed': 19026, 'step': 469, 'time_s': 4.69, 'aux_inference_ms': 0.3572000023268629, 'reliability_update_ms': 0.006099999154685065, 'arbitration_ms': 0.004800000169780105, 'extension_ms': 0.36810000165132806, 'control_compute_ms': nan}, {'controller': 'C3_arbitration_MPC', 'scenario': 'sensor_bias_5', 'seed': 19026, 'step': 470, 'time_s': 4.7, 'aux_inference_ms': 0.5646000026899856, 'reliability_update_ms': 0.011899999663000926, 'arbitration_ms': 0.00960000033956021, 'extension_ms': 0.5861000026925467, 'control_compute_ms': 19.042099997022888}, {'controller': 'C3_arbitration_MPC', 'scenario': 'sensor_bias_5', 'seed': 19026, 'step': 471, 'time_s': 4.71, 'aux_inference_ms': 0.2659999991010409, 'reliability_update_ms': 0.00540000110049732, 'arbitration_ms': 0.0041000021155923605, 'extension_ms': 0.27550000231713057, 'control_compute_ms': nan}, {'controller': 'C3_arbitration_MPC', 'scenario': 'sensor_bias_5', 'seed': 19026, 'step': 472, 'time_s': 4.72, 'aux_inference_ms': 0.16399999731220305, 'reliability_update_ms': 0.004400000761961564, 'arbitration_ms': 0.0037999998312443495, 'extension_ms': 0.17219999790540896, 'control_compute_ms': nan}, {'controller': 'C3_arbitration_MPC', 'scenario': 'sensor_bias_5', 'seed': 19026, 'step': 473, 'time_s': 4.73, 'aux_inference_ms': 0.20879999647149816, 'reliability_update_ms': 0.00549999822396785, 'arbitration_ms': 0.004800000169780105, 'extension_ms': 0.21909999486524612, 'control_compute_ms': nan}, {'controller': 'C3_arbitration_MPC', 'scenario': 'sensor_bias_5', 'seed': 19026, 'step': 474, 'time_s': 4.74, 'aux_inference_ms': 0.17490000027464703, 'reliability_update_ms': 0.004400000761961564, 'arbitration_ms': 0.0036999990697950125, 'extension_ms': 0.1830000001064036, 'control_compute_ms': nan}, {'controller': 'C3_arbitration_MPC', 'scenario': 'sensor_bias_5', 'seed': 19026, 'step': 475, 'time_s': 4.75, 'aux_inference_ms': 0.21470000137924217, 'reliability_update_ms': 0.005699999746866524, 'arbitration_ms': 0.004900000931229442, 'extension_ms': 0.22530000205733813, 'control_compute_ms': 16.590999999607448}, {'controller': 'C3_arbitration_MPC', 'scenario': 'sensor_bias_5', 'seed': 19026, 'step': 476, 'time_s': 4.76, 'aux_inference_ms': 0.22700000045006163, 'reliability_update_ms': 0.005300000339047983, 'arbitration_ms': 0.004099998477613553, 'extension_ms': 0.23639999926672317, 'control_compute_ms': nan}, {'controller': 'C3_arbitration_MPC', 'scenario': 'sensor_bias_5', 'seed': 19026, 'step': 477, 'time_s': 4.7700000000000005, 'aux_inference_ms': 0.16680000044289045, 'reliability_update_ms': 0.004300000000512227, 'arbitration_ms': 0.0039000005926936865, 'extension_ms': 0.17500000103609636, 'control_compute_ms': nan}, {'controller': 'C3_arbitration_MPC', 'scenario': 'sensor_bias_5', 'seed': 19026, 'step': 478, 'time_s': 4.78, 'aux_inference_ms': 0.19740000061574392, 'reliability_update_ms': 0.005399997462518513, 'arbitration_ms': 0.004699999408330768, 'extension_ms': 0.2074999974865932, 'control_compute_ms': nan}, {'controller': 'C3_arbitration_MPC', 'scenario': 'sensor_bias_5', 'seed': 19026, 'step': 479, 'time_s': 4.79, 'aux_inference_ms': 0.20340000264695846, 'reliability_update_ms': 0.005700003384845331, 'arbitration_ms': 0.004599998646881431, 'extension_ms': 0.21370000467868522, 'control_compute_ms': nan}, {'controller': 'C3_arbitration_MPC', 'scenario': 'sensor_bias_5', 'seed': 19026, 'step': 480, 'time_s': 4.8, 'aux_inference_ms': 0.16600000162725337, 'reliability_update_ms': 0.004300000000512227, 'arbitration_ms': 0.0036999990697950125, 'extension_ms': 0.1740000006975606, 'control_compute_ms': 17.167300000437535}, {'controller': 'C3_arbitration_MPC', 'scenario': 'sensor_bias_5', 'seed': 19026, 'step': 481, 'time_s': 4.8100000000000005, 'aux_inference_ms': 0.26219999926979654, 'reliability_update_ms': 0.006299997039604932, 'arbitration_ms': 0.004900000931229442, 'extension_ms': 0.2733999972406309, 'control_compute_ms': nan}, {'controller': 'C3_arbitration_MPC', 'scenario': 'sensor_bias_5', 'seed': 19026, 'step': 482, 'time_s': 4.82, 'aux_inference_ms': 0.1846999984991271, 'reliability_update_ms': 0.004400000761961564, 'arbitration_ms': 0.0036999990697950125, 'extension_ms': 0.19279999833088368, 'control_compute_ms': nan}, {'controller': 'C3_arbitration_MPC', 'scenario': 'sensor_bias_5', 'seed': 19026, 'step': 483, 'time_s': 4.83, 'aux_inference_ms': 0.20059999951627105, 'reliability_update_ms': 0.005299996701069176, 'arbitration_ms': 0.004600002284860238, 'extension_ms': 0.21049999850220047, 'control_compute_ms': nan}, {'controller': 'C3_arbitration_MPC', 'scenario': 'sensor_bias_5', 'seed': 19026, 'step': 484, 'time_s': 4.84, 'aux_inference_ms': 0.21489999926416203, 'reliability_update_ms': 0.005199999577598646, 'arbitration_ms': 0.004599998646881431, 'extension_ms': 0.2246999974886421, 'control_compute_ms': nan}, {'controller': 'C3_arbitration_MPC', 'scenario': 'sensor_bias_5', 'seed': 19026, 'step': 485, 'time_s': 4.8500000000000005, 'aux_inference_ms': 0.2046999979938846, 'reliability_update_ms': 0.005300000339047983, 'arbitration_ms': 0.004499997885432094, 'extension_ms': 0.21449999621836469, 'control_compute_ms': 33.15669999938109}, {'controller': 'C3_arbitration_MPC', 'scenario': 'sensor_bias_5', 'seed': 19026, 'step': 486, 'time_s': 4.86, 'aux_inference_ms': 0.2277000021422282, 'reliability_update_ms': 0.006199999916134402, 'arbitration_ms': 0.004999998054699972, 'extension_ms': 0.23890000011306256, 'control_compute_ms': nan}, {'controller': 'C3_arbitration_MPC', 'scenario': 'sensor_bias_5', 'seed': 19026, 'step': 487, 'time_s': 4.87, 'aux_inference_ms': 0.21470000137924217, 'reliability_update_ms': 0.005800000508315861, 'arbitration_ms': 0.005099998816149309, 'extension_ms': 0.22560000070370734, 'control_compute_ms': nan}, {'controller': 'C3_arbitration_MPC', 'scenario': 'sensor_bias_5', 'seed': 19026, 'step': 488, 'time_s': 4.88, 'aux_inference_ms': 0.24589999884483404, 'reliability_update_ms': 0.006100002792663872, 'arbitration_ms': 0.005500001861946657, 'extension_ms': 0.2575000034994446, 'control_compute_ms': nan}, {'controller': 'C3_arbitration_MPC', 'scenario': 'sensor_bias_5', 'seed': 19026, 'step': 489, 'time_s': 4.89, 'aux_inference_ms': 0.2392999995208811, 'reliability_update_ms': 0.006400001439033076, 'arbitration_ms': 0.005599998985417187, 'extension_ms': 0.25129999994533136, 'control_compute_ms': nan}, {'controller': 'C3_arbitration_MPC', 'scenario': 'sensor_bias_5', 'seed': 19026, 'step': 490, 'time_s': 4.9, 'aux_inference_ms': 0.2615999983390793, 'reliability_update_ms': 0.006900001608300954, 'arbitration_ms': 0.006199999916134402, 'extension_ms': 0.2746999998635147, 'control_compute_ms': 22.531999999046093}, {'controller': 'C3_arbitration_MPC', 'scenario': 'sensor_bias_5', 'seed': 19026, 'step': 491, 'time_s': 4.91, 'aux_inference_ms': 0.3302999975858256, 'reliability_update_ms': 0.007800001185387373, 'arbitration_ms': 0.006300000677583739, 'extension_ms': 0.34439999944879673, 'control_compute_ms': nan}, {'controller': 'C3_arbitration_MPC', 'scenario': 'sensor_bias_5', 'seed': 19026, 'step': 492, 'time_s': 4.92, 'aux_inference_ms': 0.24850000045262277, 'reliability_update_ms': 0.006300000677583739, 'arbitration_ms': 0.00549999822396785, 'extension_ms': 0.26029999935417436, 'control_compute_ms': nan}, {'controller': 'C3_arbitration_MPC', 'scenario': 'sensor_bias_5', 'seed': 19026, 'step': 493, 'time_s': 4.93, 'aux_inference_ms': 0.2201000024797395, 'reliability_update_ms': 0.005899997631786391, 'arbitration_ms': 0.005200003215577453, 'extension_ms': 0.23120000332710333, 'control_compute_ms': nan}, {'controller': 'C3_arbitration_MPC', 'scenario': 'sensor_bias_5', 'seed': 19026, 'step': 494, 'time_s': 4.94, 'aux_inference_ms': 0.22569999782717787, 'reliability_update_ms': 0.005599998985417187, 'arbitration_ms': 0.004400000761961564, 'extension_ms': 0.23569999757455662, 'control_compute_ms': nan}, {'controller': 'C3_arbitration_MPC', 'scenario': 'sensor_bias_5', 'seed': 19026, 'step': 495, 'time_s': 4.95, 'aux_inference_ms': 0.4293999991205055, 'reliability_update_ms': 0.007200000254670158, 'arbitration_ms': 0.004300000000512227, 'extension_ms': 0.4408999993756879, 'control_compute_ms': 18.002500000875443}, {'controller': 'C3_arbitration_MPC', 'scenario': 'sensor_bias_5', 'seed': 19026, 'step': 496, 'time_s': 4.96, 'aux_inference_ms': 0.22960000205785036, 'reliability_update_ms': 0.006000002031214535, 'arbitration_ms': 0.005200003215577453, 'extension_ms': 0.24080000730464235, 'control_compute_ms': nan}, {'controller': 'C3_arbitration_MPC', 'scenario': 'sensor_bias_5', 'seed': 19026, 'step': 497, 'time_s': 4.97, 'aux_inference_ms': 0.2213000007031951, 'reliability_update_ms': 0.005300000339047983, 'arbitration_ms': 0.004800000169780105, 'extension_ms': 0.2314000012120232, 'control_compute_ms': nan}, {'controller': 'C3_arbitration_MPC', 'scenario': 'sensor_bias_5', 'seed': 19026, 'step': 498, 'time_s': 4.98, 'aux_inference_ms': 0.20799999765586108, 'reliability_update_ms': 0.005300000339047983, 'arbitration_ms': 0.004600002284860238, 'extension_ms': 0.2179000002797693, 'control_compute_ms': nan}, {'controller': 'C3_arbitration_MPC', 'scenario': 'sensor_bias_5', 'seed': 19026, 'step': 499, 'time_s': 4.99, 'aux_inference_ms': 0.19690000044647604, 'reliability_update_ms': 0.004999998054699972, 'arbitration_ms': 0.004500001523410901, 'extension_ms': 0.20640000002458692, 'control_compute_ms': nan}, {'controller': 'C3_arbitration_MPC', 'scenario': 'sensor_bias_5', 'seed': 19026, 'step': 500, 'time_s': 5.0, 'aux_inference_ms': 0.23890000011306256, 'reliability_update_ms': 0.005699999746866524, 'arbitration_ms': 0.004699999408330768, 'extension_ms': 0.24929999926825985, 'control_compute_ms': 27.48980000251322}, {'controller': 'C3_arbitration_MPC', 'scenario': 'sensor_bias_5', 'seed': 19026, 'step': 501, 'time_s': 5.01, 'aux_inference_ms': 0.28870000096503645, 'reliability_update_ms': 0.006300000677583739, 'arbitration_ms': 0.004800000169780105, 'extension_ms': 0.2998000018124003, 'control_compute_ms': nan}, {'controller': 'C3_arbitration_MPC', 'scenario': 'sensor_bias_5', 'seed': 19026, 'step': 502, 'time_s': 5.0200000000000005, 'aux_inference_ms': 0.2257999985886272, 'reliability_update_ms': 0.006199999916134402, 'arbitration_ms': 0.005100002454128116, 'extension_ms': 0.23710000095888972, 'control_compute_ms': nan}, {'controller': 'C3_arbitration_MPC', 'scenario': 'sensor_bias_5', 'seed': 19026, 'step': 503, 'time_s': 5.03, 'aux_inference_ms': 0.22529999841935933, 'reliability_update_ms': 0.006599999323952943, 'arbitration_ms': 0.005599998985417187, 'extension_ms': 0.23749999672872946, 'control_compute_ms': nan}, {'controller': 'C3_arbitration_MPC', 'scenario': 'sensor_bias_5', 'seed': 19026, 'step': 504, 'time_s': 5.04, 'aux_inference_ms': 0.25889999960782006, 'reliability_update_ms': 0.006599999323952943, 'arbitration_ms': 0.005599998985417187, 'extension_ms': 0.2710999979171902, 'control_compute_ms': nan}, {'controller': 'C3_arbitration_MPC', 'scenario': 'sensor_bias_5', 'seed': 19026, 'step': 505, 'time_s': 5.05, 'aux_inference_ms': 0.23879999935161322, 'reliability_update_ms': 0.006400001439033076, 'arbitration_ms': 0.00549999822396785, 'extension_ms': 0.25069999901461415, 'control_compute_ms': 17.230900000868132}, {'controller': 'C3_arbitration_MPC', 'scenario': 'sensor_bias_5', 'seed': 19026, 'step': 506, 'time_s': 5.0600000000000005, 'aux_inference_ms': 0.28020000172546133, 'reliability_update_ms': 0.006100002792663872, 'arbitration_ms': 0.004900000931229442, 'extension_ms': 0.29120000544935465, 'control_compute_ms': nan}, {'controller': 'C3_arbitration_MPC', 'scenario': 'sensor_bias_5', 'seed': 19026, 'step': 507, 'time_s': 5.07, 'aux_inference_ms': 0.21279999782564119, 'reliability_update_ms': 0.005500001861946657, 'arbitration_ms': 0.004500001523410901, 'extension_ms': 0.22280000121099874, 'control_compute_ms': nan}, {'controller': 'C3_arbitration_MPC', 'scenario': 'sensor_bias_5', 'seed': 19026, 'step': 508, 'time_s': 5.08, 'aux_inference_ms': 0.20349999977042899, 'reliability_update_ms': 0.005300000339047983, 'arbitration_ms': 0.004599998646881431, 'extension_ms': 0.2133999987563584, 'control_compute_ms': nan}, {'controller': 'C3_arbitration_MPC', 'scenario': 'sensor_bias_5', 'seed': 19026, 'step': 509, 'time_s': 5.09, 'aux_inference_ms': 0.2544999988458585, 'reliability_update_ms': 0.00540000110049732, 'arbitration_ms': 0.0047000030463095754, 'extension_ms': 0.2646000029926654, 'control_compute_ms': nan}, {'controller': 'C3_arbitration_MPC', 'scenario': 'sensor_bias_5', 'seed': 19026, 'step': 510, 'time_s': 5.1000000000000005, 'aux_inference_ms': 0.19949999841628596, 'reliability_update_ms': 0.005100002454128116, 'arbitration_ms': 0.004800000169780105, 'extension_ms': 0.20940000104019418, 'control_compute_ms': 16.75230000182637}, {'controller': 'C3_arbitration_MPC', 'scenario': 'sensor_bias_5', 'seed': 19026, 'step': 511, 'time_s': 5.11, 'aux_inference_ms': 0.23159999909694307, 'reliability_update_ms': 0.006000002031214535, 'arbitration_ms': 0.004899997293250635, 'extension_ms': 0.24249999842140824, 'control_compute_ms': nan}, {'controller': 'C3_arbitration_MPC', 'scenario': 'sensor_bias_5', 'seed': 19026, 'step': 512, 'time_s': 5.12, 'aux_inference_ms': 0.19249999968451448, 'reliability_update_ms': 0.005800000508315861, 'arbitration_ms': 0.004699999408330768, 'extension_ms': 0.2029999996011611, 'control_compute_ms': nan}, {'controller': 'C3_arbitration_MPC', 'scenario': 'sensor_bias_5', 'seed': 19026, 'step': 513, 'time_s': 5.13, 'aux_inference_ms': 0.21009999909438193, 'reliability_update_ms': 0.005699999746866524, 'arbitration_ms': 0.004800000169780105, 'extension_ms': 0.22059999901102856, 'control_compute_ms': nan}, {'controller': 'C3_arbitration_MPC', 'scenario': 'sensor_bias_5', 'seed': 19026, 'step': 514, 'time_s': 5.14, 'aux_inference_ms': 0.16429999959655106, 'reliability_update_ms': 0.00419999923906289, 'arbitration_ms': 0.0036999990697950125, 'extension_ms': 0.17219999790540896, 'control_compute_ms': nan}, {'controller': 'C3_arbitration_MPC', 'scenario': 'sensor_bias_5', 'seed': 19026, 'step': 515, 'time_s': 5.15, 'aux_inference_ms': 0.1961999987543095, 'reliability_update_ms': 0.005200003215577453, 'arbitration_ms': 0.004499997885432094, 'extension_ms': 0.20589999985531904, 'control_compute_ms': 28.502099998149788}, {'controller': 'C3_arbitration_MPC', 'scenario': 'sensor_bias_5', 'seed': 19026, 'step': 516, 'time_s': 5.16, 'aux_inference_ms': 0.2542000001994893, 'reliability_update_ms': 0.006099999154685065, 'arbitration_ms': 0.004800000169780105, 'extension_ms': 0.26509999952395447, 'control_compute_ms': nan}, {'controller': 'C3_arbitration_MPC', 'scenario': 'sensor_bias_5', 'seed': 19026, 'step': 517, 'time_s': 5.17, 'aux_inference_ms': 0.20570000197039917, 'reliability_update_ms': 0.00549999822396785, 'arbitration_ms': 0.004599998646881431, 'extension_ms': 0.21579999884124845, 'control_compute_ms': nan}, {'controller': 'C3_arbitration_MPC', 'scenario': 'sensor_bias_5', 'seed': 19026, 'step': 518, 'time_s': 5.18, 'aux_inference_ms': 0.2072000024782028, 'reliability_update_ms': 0.005699999746866524, 'arbitration_ms': 0.004699999408330768, 'extension_ms': 0.2176000016334001, 'control_compute_ms': nan}, {'controller': 'C3_arbitration_MPC', 'scenario': 'sensor_bias_5', 'seed': 19026, 'step': 519, 'time_s': 5.19, 'aux_inference_ms': 0.2224000018031802, 'reliability_update_ms': 0.00540000110049732, 'arbitration_ms': 0.004599998646881431, 'extension_ms': 0.23240000155055895, 'control_compute_ms': nan}, {'controller': 'C3_arbitration_MPC', 'scenario': 'sensor_bias_5', 'seed': 19026, 'step': 520, 'time_s': 5.2, 'aux_inference_ms': 0.1940000001923181, 'reliability_update_ms': 0.005099998816149309, 'arbitration_ms': 0.004499997885432094, 'extension_ms': 0.20359999689389952, 'control_compute_ms': 20.00210000187508}, {'controller': 'C3_arbitration_MPC', 'scenario': 'sensor_bias_5', 'seed': 19026, 'step': 521, 'time_s': 5.21, 'aux_inference_ms': 0.6471999986388255, 'reliability_update_ms': 0.01469999915570952, 'arbitration_ms': 0.014000001101521775, 'extension_ms': 0.6758999988960568, 'control_compute_ms': nan}, {'controller': 'C3_arbitration_MPC', 'scenario': 'sensor_bias_5', 'seed': 19026, 'step': 522, 'time_s': 5.22, 'aux_inference_ms': 0.5935999979556073, 'reliability_update_ms': 0.01300000076298602, 'arbitration_ms': 0.012700002116616815, 'extension_ms': 0.6193000008352101, 'control_compute_ms': nan}, {'controller': 'C3_arbitration_MPC', 'scenario': 'sensor_bias_5', 'seed': 19026, 'step': 523, 'time_s': 5.23, 'aux_inference_ms': 0.45650000174646266, 'reliability_update_ms': 0.009999999747378752, 'arbitration_ms': 0.009700001101009548, 'extension_ms': 0.47620000259485096, 'control_compute_ms': nan}, {'controller': 'C3_arbitration_MPC', 'scenario': 'sensor_bias_5', 'seed': 19026, 'step': 524, 'time_s': 5.24, 'aux_inference_ms': 0.4536000014923047, 'reliability_update_ms': 0.00960000033956021, 'arbitration_ms': 0.009800001862458885, 'extension_ms': 0.4730000036943238, 'control_compute_ms': nan}, {'controller': 'C3_arbitration_MPC', 'scenario': 'sensor_bias_5', 'seed': 19026, 'step': 525, 'time_s': 5.25, 'aux_inference_ms': 0.4549000004772097, 'reliability_update_ms': 0.00960000033956021, 'arbitration_ms': 0.009800001862458885, 'extension_ms': 0.4743000026792288, 'control_compute_ms': 37.06590000001597}, {'controller': 'C3_arbitration_MPC', 'scenario': 'sensor_bias_5', 'seed': 19026, 'step': 526, 'time_s': 5.26, 'aux_inference_ms': 0.6436000003304798, 'reliability_update_ms': 0.013199998647905886, 'arbitration_ms': 0.012900000001536682, 'extension_ms': 0.6696999989799224, 'control_compute_ms': nan}, {'controller': 'C3_arbitration_MPC', 'scenario': 'sensor_bias_5', 'seed': 19026, 'step': 527, 'time_s': 5.2700000000000005, 'aux_inference_ms': 0.6184000012581237, 'reliability_update_ms': 0.012900000001536682, 'arbitration_ms': 0.012600001355167478, 'extension_ms': 0.6439000026148278, 'control_compute_ms': nan}, {'controller': 'C3_arbitration_MPC', 'scenario': 'sensor_bias_5', 'seed': 19026, 'step': 528, 'time_s': 5.28, 'aux_inference_ms': 0.6161999990581535, 'reliability_update_ms': 0.012600001355167478, 'arbitration_ms': 0.012399999832268804, 'extension_ms': 0.6412000002455898, 'control_compute_ms': nan}, {'controller': 'C3_arbitration_MPC', 'scenario': 'sensor_bias_5', 'seed': 19026, 'step': 529, 'time_s': 5.29, 'aux_inference_ms': 0.5049999999755528, 'reliability_update_ms': 0.010100000508828089, 'arbitration_ms': 0.01049999991664663, 'extension_ms': 0.5256000004010275, 'control_compute_ms': nan}, {'controller': 'C3_arbitration_MPC', 'scenario': 'sensor_bias_5', 'seed': 19026, 'step': 530, 'time_s': 5.3, 'aux_inference_ms': 0.45119999776943587, 'reliability_update_ms': 0.009800001862458885, 'arbitration_ms': 0.009999999747378752, 'extension_ms': 0.4709999993792735, 'control_compute_ms': 20.592700002453057}, {'controller': 'C3_arbitration_MPC', 'scenario': 'sensor_bias_5', 'seed': 19026, 'step': 531, 'time_s': 5.3100000000000005, 'aux_inference_ms': 0.23209999926621094, 'reliability_update_ms': 0.006599999323952943, 'arbitration_ms': 0.005099998816149309, 'extension_ms': 0.2437999974063132, 'control_compute_ms': nan}, {'controller': 'C3_arbitration_MPC', 'scenario': 'sensor_bias_5', 'seed': 19026, 'step': 532, 'time_s': 5.32, 'aux_inference_ms': 0.25069999901461415, 'reliability_update_ms': 0.005800000508315861, 'arbitration_ms': 0.004800000169780105, 'extension_ms': 0.2612999996927101, 'control_compute_ms': nan}, {'controller': 'C3_arbitration_MPC', 'scenario': 'sensor_bias_5', 'seed': 19026, 'step': 533, 'time_s': 5.33, 'aux_inference_ms': 0.1995999991777353, 'reliability_update_ms': 0.005300000339047983, 'arbitration_ms': 0.0047000030463095754, 'extension_ms': 0.20960000256309286, 'control_compute_ms': nan}, {'controller': 'C3_arbitration_MPC', 'scenario': 'sensor_bias_5', 'seed': 19026, 'step': 534, 'time_s': 5.34, 'aux_inference_ms': 0.20170000061625615, 'reliability_update_ms': 0.00549999822396785, 'arbitration_ms': 0.004800000169780105, 'extension_ms': 0.2119999990100041, 'control_compute_ms': nan}, {'controller': 'C3_arbitration_MPC', 'scenario': 'sensor_bias_5', 'seed': 19026, 'step': 535, 'time_s': 5.3500000000000005, 'aux_inference_ms': 0.225499999942258, 'reliability_update_ms': 0.005300000339047983, 'arbitration_ms': 0.004499997885432094, 'extension_ms': 0.23529999816673808, 'control_compute_ms': 28.827599999203812}, {'controller': 'C3_arbitration_MPC', 'scenario': 'sensor_bias_5', 'seed': 19026, 'step': 536, 'time_s': 5.36, 'aux_inference_ms': 0.5285000006551854, 'reliability_update_ms': 0.012599997717188671, 'arbitration_ms': 0.011499996617203578, 'extension_ms': 0.5525999949895777, 'control_compute_ms': nan}, {'controller': 'C3_arbitration_MPC', 'scenario': 'sensor_bias_5', 'seed': 19026, 'step': 537, 'time_s': 5.37, 'aux_inference_ms': 0.47059999997145496, 'reliability_update_ms': 0.010200001270277426, 'arbitration_ms': 0.010100000508828089, 'extension_ms': 0.4909000017505605, 'control_compute_ms': nan}, {'controller': 'C3_arbitration_MPC', 'scenario': 'sensor_bias_5', 'seed': 19026, 'step': 538, 'time_s': 5.38, 'aux_inference_ms': 0.48600000081933104, 'reliability_update_ms': 0.010100000508828089, 'arbitration_ms': 0.009700001101009548, 'extension_ms': 0.5058000024291687, 'control_compute_ms': nan}, {'controller': 'C3_arbitration_MPC', 'scenario': 'sensor_bias_5', 'seed': 19026, 'step': 539, 'time_s': 5.39, 'aux_inference_ms': 0.455999997939216, 'reliability_update_ms': 0.009700001101009548, 'arbitration_ms': 0.00960000033956021, 'extension_ms': 0.47529999937978573, 'control_compute_ms': nan}, {'controller': 'C3_arbitration_MPC', 'scenario': 'sensor_bias_5', 'seed': 19026, 'step': 540, 'time_s': 5.4, 'aux_inference_ms': 0.4565999988699332, 'reliability_update_ms': 0.009800001862458885, 'arbitration_ms': 0.009899998985929415, 'extension_ms': 0.4762999997183215, 'control_compute_ms': 33.46690000034869}, {'controller': 'C3_arbitration_MPC', 'scenario': 'sensor_bias_5', 'seed': 19026, 'step': 541, 'time_s': 5.41, 'aux_inference_ms': 0.24330000087502412, 'reliability_update_ms': 0.00670000008540228, 'arbitration_ms': 0.006000002031214535, 'extension_ms': 0.25600000299164094, 'control_compute_ms': nan}, {'controller': 'C3_arbitration_MPC', 'scenario': 'sensor_bias_5', 'seed': 19026, 'step': 542, 'time_s': 5.42, 'aux_inference_ms': 0.23080000028130598, 'reliability_update_ms': 0.005699999746866524, 'arbitration_ms': 0.004800000169780105, 'extension_ms': 0.2413000001979526, 'control_compute_ms': nan}, {'controller': 'C3_arbitration_MPC', 'scenario': 'sensor_bias_5', 'seed': 19026, 'step': 543, 'time_s': 5.43, 'aux_inference_ms': 0.20429999858606607, 'reliability_update_ms': 0.005300000339047983, 'arbitration_ms': 0.004599998646881431, 'extension_ms': 0.21419999757199548, 'control_compute_ms': nan}, {'controller': 'C3_arbitration_MPC', 'scenario': 'sensor_bias_5', 'seed': 19026, 'step': 544, 'time_s': 5.44, 'aux_inference_ms': 0.1995999991777353, 'reliability_update_ms': 0.004999998054699972, 'arbitration_ms': 0.004699999408330768, 'extension_ms': 0.20929999664076604, 'control_compute_ms': nan}, {'controller': 'C3_arbitration_MPC', 'scenario': 'sensor_bias_5', 'seed': 19026, 'step': 545, 'time_s': 5.45, 'aux_inference_ms': 0.15469999925699085, 'reliability_update_ms': 0.0037999998312443495, 'arbitration_ms': 0.0035999983083456755, 'extension_ms': 0.16209999739658087, 'control_compute_ms': 17.4302000013995}, {'controller': 'C3_arbitration_MPC', 'scenario': 'sensor_bias_5', 'seed': 19026, 'step': 546, 'time_s': 5.46, 'aux_inference_ms': 0.25240000104531646, 'reliability_update_ms': 0.006000002031214535, 'arbitration_ms': 0.004699999408330768, 'extension_ms': 0.26310000248486176, 'control_compute_ms': nan}, {'controller': 'C3_arbitration_MPC', 'scenario': 'sensor_bias_5', 'seed': 19026, 'step': 547, 'time_s': 5.47, 'aux_inference_ms': 0.21159999960218556, 'reliability_update_ms': 0.0047000030463095754, 'arbitration_ms': 0.006899997970322147, 'extension_ms': 0.22320000061881728, 'control_compute_ms': nan}, {'controller': 'C3_arbitration_MPC', 'scenario': 'sensor_bias_5', 'seed': 19026, 'step': 548, 'time_s': 5.48, 'aux_inference_ms': 0.31370000215247273, 'reliability_update_ms': 0.005199999577598646, 'arbitration_ms': 0.0040000013541430235, 'extension_ms': 0.3229000030842144, 'control_compute_ms': nan}, {'controller': 'C3_arbitration_MPC', 'scenario': 'sensor_bias_5', 'seed': 19026, 'step': 549, 'time_s': 5.49, 'aux_inference_ms': 0.19389999943086877, 'reliability_update_ms': 0.004699999408330768, 'arbitration_ms': 0.0037999998312443495, 'extension_ms': 0.2023999986704439, 'control_compute_ms': nan}, {'controller': 'C3_arbitration_MPC', 'scenario': 'sensor_bias_5', 'seed': 19026, 'step': 550, 'time_s': 5.5, 'aux_inference_ms': 0.18529999942984432, 'reliability_update_ms': 0.004800000169780105, 'arbitration_ms': 0.0039000005926936865, 'extension_ms': 0.1940000001923181, 'control_compute_ms': 24.65429999938351}, {'controller': 'C3_arbitration_MPC', 'scenario': 'sensor_bias_5', 'seed': 19026, 'step': 551, 'time_s': 5.51, 'aux_inference_ms': 0.26109999816981144, 'reliability_update_ms': 0.00670000008540228, 'arbitration_ms': 0.005999998393235728, 'extension_ms': 0.27379999664844945, 'control_compute_ms': nan}, {'controller': 'C3_arbitration_MPC', 'scenario': 'sensor_bias_5', 'seed': 19026, 'step': 552, 'time_s': 5.5200000000000005, 'aux_inference_ms': 0.22990000070421956, 'reliability_update_ms': 0.006099999154685065, 'arbitration_ms': 0.004800000169780105, 'extension_ms': 0.24080000002868474, 'control_compute_ms': nan}, {'controller': 'C3_arbitration_MPC', 'scenario': 'sensor_bias_5', 'seed': 19026, 'step': 553, 'time_s': 5.53, 'aux_inference_ms': 0.2195999986724928, 'reliability_update_ms': 0.00670000008540228, 'arbitration_ms': 0.005300000339047983, 'extension_ms': 0.23159999909694307, 'control_compute_ms': nan}, {'controller': 'C3_arbitration_MPC', 'scenario': 'sensor_bias_5', 'seed': 19026, 'step': 554, 'time_s': 5.54, 'aux_inference_ms': 0.21120000019436702, 'reliability_update_ms': 0.005699999746866524, 'arbitration_ms': 0.004800000169780105, 'extension_ms': 0.22170000011101365, 'control_compute_ms': nan}, {'controller': 'C3_arbitration_MPC', 'scenario': 'sensor_bias_5', 'seed': 19026, 'step': 555, 'time_s': 5.55, 'aux_inference_ms': 0.2175999979954213, 'reliability_update_ms': 0.005199999577598646, 'arbitration_ms': 0.004500001523410901, 'extension_ms': 0.22729999909643084, 'control_compute_ms': 48.93910000100732}, {'controller': 'C3_arbitration_MPC', 'scenario': 'sensor_bias_5', 'seed': 19026, 'step': 556, 'time_s': 5.5600000000000005, 'aux_inference_ms': 0.8054000027186703, 'reliability_update_ms': 0.005500001861946657, 'arbitration_ms': 0.004300000000512227, 'extension_ms': 0.8152000045811292, 'control_compute_ms': nan}, {'controller': 'C3_arbitration_MPC', 'scenario': 'sensor_bias_5', 'seed': 19026, 'step': 557, 'time_s': 5.57, 'aux_inference_ms': 0.1788000008673407, 'reliability_update_ms': 0.004400000761961564, 'arbitration_ms': 0.0040000013541430235, 'extension_ms': 0.1872000029834453, 'control_compute_ms': nan}, {'controller': 'C3_arbitration_MPC', 'scenario': 'sensor_bias_5', 'seed': 19026, 'step': 558, 'time_s': 5.58, 'aux_inference_ms': 0.39169999945443124, 'reliability_update_ms': 0.009700001101009548, 'arbitration_ms': 0.00799999907030724, 'extension_ms': 0.409399999625748, 'control_compute_ms': nan}, {'controller': 'C3_arbitration_MPC', 'scenario': 'sensor_bias_5', 'seed': 19026, 'step': 559, 'time_s': 5.59, 'aux_inference_ms': 0.4216999986965675, 'reliability_update_ms': 0.010799998563015833, 'arbitration_ms': 0.008899998647393659, 'extension_ms': 0.441399995906977, 'control_compute_ms': nan}, {'controller': 'C3_arbitration_MPC', 'scenario': 'sensor_bias_5', 'seed': 19026, 'step': 560, 'time_s': 5.6000000000000005, 'aux_inference_ms': 0.21799999740323983, 'reliability_update_ms': 0.012299999070819467, 'arbitration_ms': 0.008899998647393659, 'extension_ms': 0.23919999512145296, 'control_compute_ms': 20.304900001065107}, {'controller': 'C3_arbitration_MPC', 'scenario': 'sensor_bias_5', 'seed': 19026, 'step': 561, 'time_s': 5.61, 'aux_inference_ms': 0.23689999943599105, 'reliability_update_ms': 0.006300000677583739, 'arbitration_ms': 0.00540000110049732, 'extension_ms': 0.2486000012140721, 'control_compute_ms': nan}, {'controller': 'C3_arbitration_MPC', 'scenario': 'sensor_bias_5', 'seed': 19026, 'step': 562, 'time_s': 5.62, 'aux_inference_ms': 0.23439999858965166, 'reliability_update_ms': 0.005599998985417187, 'arbitration_ms': 0.004699999408330768, 'extension_ms': 0.24469999698339961, 'control_compute_ms': nan}, {'controller': 'C3_arbitration_MPC', 'scenario': 'sensor_bias_5', 'seed': 19026, 'step': 563, 'time_s': 5.63, 'aux_inference_ms': 0.207199998840224, 'reliability_update_ms': 0.005599998985417187, 'arbitration_ms': 0.004800000169780105, 'extension_ms': 0.2175999979954213, 'control_compute_ms': nan}, {'controller': 'C3_arbitration_MPC', 'scenario': 'sensor_bias_5', 'seed': 19026, 'step': 564, 'time_s': 5.64, 'aux_inference_ms': 0.1959000001079403, 'reliability_update_ms': 0.005099998816149309, 'arbitration_ms': 0.004600002284860238, 'extension_ms': 0.20560000120894983, 'control_compute_ms': nan}, {'controller': 'C3_arbitration_MPC', 'scenario': 'sensor_bias_5', 'seed': 19026, 'step': 565, 'time_s': 5.65, 'aux_inference_ms': 0.2643999978317879, 'reliability_update_ms': 0.005600002623395994, 'arbitration_ms': 0.004699999408330768, 'extension_ms': 0.2746999998635147, 'control_compute_ms': 17.88719999967725}, {'controller': 'C3_arbitration_MPC', 'scenario': 'sensor_bias_5', 'seed': 19026, 'step': 566, 'time_s': 5.66, 'aux_inference_ms': 0.23979999969014898, 'reliability_update_ms': 0.006299997039604932, 'arbitration_ms': 0.005099998816149309, 'extension_ms': 0.2511999955459032, 'control_compute_ms': nan}, {'controller': 'C3_arbitration_MPC', 'scenario': 'sensor_bias_5', 'seed': 19026, 'step': 567, 'time_s': 5.67, 'aux_inference_ms': 0.1685999995970633, 'reliability_update_ms': 0.004300000000512227, 'arbitration_ms': 0.0036999990697950125, 'extension_ms': 0.17659999866737053, 'control_compute_ms': nan}, {'controller': 'C3_arbitration_MPC', 'scenario': 'sensor_bias_5', 'seed': 19026, 'step': 568, 'time_s': 5.68, 'aux_inference_ms': 0.5197999998927116, 'reliability_update_ms': 0.012299999070819467, 'arbitration_ms': 0.00960000033956021, 'extension_ms': 0.5416999993030913, 'control_compute_ms': nan}, {'controller': 'C3_arbitration_MPC', 'scenario': 'sensor_bias_5', 'seed': 19026, 'step': 569, 'time_s': 5.69, 'aux_inference_ms': 0.18009999985224567, 'reliability_update_ms': 0.004699999408330768, 'arbitration_ms': 0.0037999998312443495, 'extension_ms': 0.1885999990918208, 'control_compute_ms': nan}, {'controller': 'C3_arbitration_MPC', 'scenario': 'sensor_bias_5', 'seed': 19026, 'step': 570, 'time_s': 5.7, 'aux_inference_ms': 0.37739999970654026, 'reliability_update_ms': 0.0104000027931761, 'arbitration_ms': 0.008700000762473792, 'extension_ms': 0.39650000326219015, 'control_compute_ms': 37.26180000012391}, {'controller': 'C3_arbitration_MPC', 'scenario': 'sensor_bias_5', 'seed': 19026, 'step': 571, 'time_s': 5.71, 'aux_inference_ms': 0.2649000016390346, 'reliability_update_ms': 0.006499998562503606, 'arbitration_ms': 0.005000001692678779, 'extension_ms': 0.276400001894217, 'control_compute_ms': nan}, {'controller': 'C3_arbitration_MPC', 'scenario': 'sensor_bias_5', 'seed': 19026, 'step': 572, 'time_s': 5.72, 'aux_inference_ms': 0.20450000010896474, 'reliability_update_ms': 0.005399997462518513, 'arbitration_ms': 0.004800000169780105, 'extension_ms': 0.21469999774126336, 'control_compute_ms': nan}, {'controller': 'C3_arbitration_MPC', 'scenario': 'sensor_bias_5', 'seed': 19026, 'step': 573, 'time_s': 5.73, 'aux_inference_ms': 0.19809999866993167, 'reliability_update_ms': 0.005199999577598646, 'arbitration_ms': 0.004599998646881431, 'extension_ms': 0.20789999689441174, 'control_compute_ms': nan}, {'controller': 'C3_arbitration_MPC', 'scenario': 'sensor_bias_5', 'seed': 19026, 'step': 574, 'time_s': 5.74, 'aux_inference_ms': 0.21600000036414713, 'reliability_update_ms': 0.005699999746866524, 'arbitration_ms': 0.004599998646881431, 'extension_ms': 0.22629999875789508, 'control_compute_ms': nan}, {'controller': 'C3_arbitration_MPC', 'scenario': 'sensor_bias_5', 'seed': 19026, 'step': 575, 'time_s': 5.75, 'aux_inference_ms': 0.197899997147033, 'reliability_update_ms': 0.005300000339047983, 'arbitration_ms': 0.004400000761961564, 'extension_ms': 0.20759999824804254, 'control_compute_ms': 17.414699999790173}, {'controller': 'C3_arbitration_MPC', 'scenario': 'sensor_bias_5', 'seed': 19026, 'step': 576, 'time_s': 5.76, 'aux_inference_ms': 0.22619999799644575, 'reliability_update_ms': 0.005900001269765198, 'arbitration_ms': 0.004900000931229442, 'extension_ms': 0.23700000019744039, 'control_compute_ms': nan}, {'controller': 'C3_arbitration_MPC', 'scenario': 'sensor_bias_5', 'seed': 19026, 'step': 577, 'time_s': 5.7700000000000005, 'aux_inference_ms': 0.20120000044698827, 'reliability_update_ms': 0.00540000110049732, 'arbitration_ms': 0.004800000169780105, 'extension_ms': 0.2114000017172657, 'control_compute_ms': nan}, {'controller': 'C3_arbitration_MPC', 'scenario': 'sensor_bias_5', 'seed': 19026, 'step': 578, 'time_s': 5.78, 'aux_inference_ms': 0.22249999892665073, 'reliability_update_ms': 0.005399997462518513, 'arbitration_ms': 0.004600002284860238, 'extension_ms': 0.23249999867402948, 'control_compute_ms': nan}, {'controller': 'C3_arbitration_MPC', 'scenario': 'sensor_bias_5', 'seed': 19026, 'step': 579, 'time_s': 5.79, 'aux_inference_ms': 0.20699999731732532, 'reliability_update_ms': 0.009499999578110874, 'arbitration_ms': 0.004800000169780105, 'extension_ms': 0.2212999970652163, 'control_compute_ms': nan}, {'controller': 'C3_arbitration_MPC', 'scenario': 'sensor_bias_5', 'seed': 19026, 'step': 580, 'time_s': 5.8, 'aux_inference_ms': 0.1950999976543244, 'reliability_update_ms': 0.005199999577598646, 'arbitration_ms': 0.004599998646881431, 'extension_ms': 0.20489999587880448, 'control_compute_ms': 17.543000001751352}, {'controller': 'C3_arbitration_MPC', 'scenario': 'sensor_bias_5', 'seed': 19026, 'step': 581, 'time_s': 5.8100000000000005, 'aux_inference_ms': 0.2351000002818182, 'reliability_update_ms': 0.005900001269765198, 'arbitration_ms': 0.004900000931229442, 'extension_ms': 0.24590000248281285, 'control_compute_ms': nan}, {'controller': 'C3_arbitration_MPC', 'scenario': 'sensor_bias_5', 'seed': 19026, 'step': 582, 'time_s': 5.82, 'aux_inference_ms': 0.2277000021422282, 'reliability_update_ms': 0.005800000508315861, 'arbitration_ms': 0.004800000169780105, 'extension_ms': 0.23830000282032415, 'control_compute_ms': nan}, {'controller': 'C3_arbitration_MPC', 'scenario': 'sensor_bias_5', 'seed': 19026, 'step': 583, 'time_s': 5.83, 'aux_inference_ms': 0.20349999977042899, 'reliability_update_ms': 0.005199999577598646, 'arbitration_ms': 0.004300000000512227, 'extension_ms': 0.21299999934853986, 'control_compute_ms': nan}, {'controller': 'C3_arbitration_MPC', 'scenario': 'sensor_bias_5', 'seed': 19026, 'step': 584, 'time_s': 5.84, 'aux_inference_ms': 0.20640000002458692, 'reliability_update_ms': 0.005500001861946657, 'arbitration_ms': 0.004599998646881431, 'extension_ms': 0.216500000533415, 'control_compute_ms': nan}, {'controller': 'C3_arbitration_MPC', 'scenario': 'sensor_bias_5', 'seed': 19026, 'step': 585, 'time_s': 5.8500000000000005, 'aux_inference_ms': 0.2206999997724779, 'reliability_update_ms': 0.005300000339047983, 'arbitration_ms': 0.004400000761961564, 'extension_ms': 0.23040000087348744, 'control_compute_ms': 20.005999998829793}, {'controller': 'C3_arbitration_MPC', 'scenario': 'sensor_bias_5', 'seed': 19026, 'step': 586, 'time_s': 5.86, 'aux_inference_ms': 0.2443999983370304, 'reliability_update_ms': 0.005999998393235728, 'arbitration_ms': 0.004999998054699972, 'extension_ms': 0.2553999947849661, 'control_compute_ms': nan}, {'controller': 'C3_arbitration_MPC', 'scenario': 'sensor_bias_5', 'seed': 19026, 'step': 587, 'time_s': 5.87, 'aux_inference_ms': 0.22729999909643084, 'reliability_update_ms': 0.005699999746866524, 'arbitration_ms': 0.004599998646881431, 'extension_ms': 0.2375999974901788, 'control_compute_ms': nan}, {'controller': 'C3_arbitration_MPC', 'scenario': 'sensor_bias_5', 'seed': 19026, 'step': 588, 'time_s': 5.88, 'aux_inference_ms': 0.19939999765483662, 'reliability_update_ms': 0.005199999577598646, 'arbitration_ms': 0.004699999408330768, 'extension_ms': 0.20929999664076604, 'control_compute_ms': nan}, {'controller': 'C3_arbitration_MPC', 'scenario': 'sensor_bias_5', 'seed': 19026, 'step': 589, 'time_s': 5.89, 'aux_inference_ms': 0.19979999706265517, 'reliability_update_ms': 0.005300000339047983, 'arbitration_ms': 0.004600002284860238, 'extension_ms': 0.2096999996865634, 'control_compute_ms': nan}, {'controller': 'C3_arbitration_MPC', 'scenario': 'sensor_bias_5', 'seed': 19026, 'step': 590, 'time_s': 5.9, 'aux_inference_ms': 0.1965000010386575, 'reliability_update_ms': 0.005099998816149309, 'arbitration_ms': 0.004500001523410901, 'extension_ms': 0.2061000013782177, 'control_compute_ms': 17.326799999864306}, {'controller': 'C3_arbitration_MPC', 'scenario': 'sensor_bias_5', 'seed': 19026, 'step': 591, 'time_s': 5.91, 'aux_inference_ms': 0.22869999884278513, 'reliability_update_ms': 0.005900001269765198, 'arbitration_ms': 0.005099998816149309, 'extension_ms': 0.23969999892869964, 'control_compute_ms': nan}, {'controller': 'C3_arbitration_MPC', 'scenario': 'sensor_bias_5', 'seed': 19026, 'step': 592, 'time_s': 5.92, 'aux_inference_ms': 0.20429999858606607, 'reliability_update_ms': 0.005599998985417187, 'arbitration_ms': 0.004300000000512227, 'extension_ms': 0.21419999757199548, 'control_compute_ms': nan}, {'controller': 'C3_arbitration_MPC', 'scenario': 'sensor_bias_5', 'seed': 19026, 'step': 593, 'time_s': 5.93, 'aux_inference_ms': 0.6017999985488132, 'reliability_update_ms': 0.012700002116616815, 'arbitration_ms': 0.011000000085914508, 'extension_ms': 0.6255000007513445, 'control_compute_ms': nan}, {'controller': 'C3_arbitration_MPC', 'scenario': 'sensor_bias_5', 'seed': 19026, 'step': 594, 'time_s': 5.94, 'aux_inference_ms': 0.4718999989563599, 'reliability_update_ms': 0.009899998985929415, 'arbitration_ms': 0.010200001270277426, 'extension_ms': 0.49199999921256676, 'control_compute_ms': nan}, {'controller': 'C3_arbitration_MPC', 'scenario': 'sensor_bias_5', 'seed': 19026, 'step': 595, 'time_s': 5.95, 'aux_inference_ms': 0.45090000276104547, 'reliability_update_ms': 0.00960000033956021, 'arbitration_ms': 0.00960000033956021, 'extension_ms': 0.4701000034401659, 'control_compute_ms': 44.83959999924991}, {'controller': 'C3_arbitration_MPC', 'scenario': 'sensor_bias_5', 'seed': 19026, 'step': 596, 'time_s': 5.96, 'aux_inference_ms': 0.4746999984490685, 'reliability_update_ms': 0.010600000678095967, 'arbitration_ms': 0.009999999747378752, 'extension_ms': 0.49529999887454323, 'control_compute_ms': nan}, {'controller': 'C3_arbitration_MPC', 'scenario': 'sensor_bias_5', 'seed': 19026, 'step': 597, 'time_s': 5.97, 'aux_inference_ms': 0.4622999986167997, 'reliability_update_ms': 0.009899998985929415, 'arbitration_ms': 0.009999999747378752, 'extension_ms': 0.4821999973501079, 'control_compute_ms': nan}, {'controller': 'C3_arbitration_MPC', 'scenario': 'sensor_bias_5', 'seed': 19026, 'step': 598, 'time_s': 5.98, 'aux_inference_ms': 0.46099999963189475, 'reliability_update_ms': 0.009800001862458885, 'arbitration_ms': 0.009999999747378752, 'extension_ms': 0.4808000012417324, 'control_compute_ms': nan}, {'controller': 'C3_arbitration_MPC', 'scenario': 'sensor_bias_5', 'seed': 19026, 'step': 599, 'time_s': 5.99, 'aux_inference_ms': 0.4732000015792437, 'reliability_update_ms': 0.009799998224480078, 'arbitration_ms': 0.00969999746303074, 'extension_ms': 0.4926999972667545, 'control_compute_ms': nan}, {'controller': 'C3_arbitration_MPC', 'scenario': 'sensor_bias_5', 'seed': 19026, 'step': 600, 'time_s': 6.0, 'aux_inference_ms': 0.4512000014074147, 'reliability_update_ms': 0.009399998816661537, 'arbitration_ms': 0.009900002623908222, 'extension_ms': 0.47050000284798443, 'control_compute_ms': 33.15170000132639}]",,,,,,,,,,,,,,,,,,,,,,,,,,,,,,,,,,,,,,,,,,,,,,,,,,,,,,,,,,,,,,,,,,,,,,,,,,,,,,,,,,
E_EKF_virtual_MPC,sensor_bias_5,19026,10.804996937082182,4.442691543951444,0.16666861800573285,,1,0.0,,4.01,0.6672212978369384,,,,,,,,,6079.930091219507,78.8835755723389,0,0,0,0,0,,0,46.968657851172516,0.3644612735583569,0.01342134248931562,,,47.00308595047393,6.56999949999954,,,,,,,,,401,,,,,,,,,,,,,,,,,,,,,,,,,,,,,,,,,0.0,,True,True,601.0,1.0,201.0,0.33444259567387685,0.08016885798225637,0.07275488649735277,0.07275488649735277,2.319011356014035,1.7312304459538488,1.6277637972776144,0.22733781289797234,0.16230521276784912,0.16230521276784912,0.10340402555138264,0.09968468790122173,0.09968468790122173,,0.0,0.0,0.0,0.0,1.0,,,1.6595399844177022e-08,0.0,0.00032345477336429137,0.00032345477336429137,0.0011989176351482789,0.007170971607775166,0.706415146262625,0.3083379367206532,0.270799999270821,0.580299998546252,1.0270000020682346,1.178899998194538,601.0,0.6736454241144929,0.607299996772781,1.250500001333421,1.976499999727821,2.4192000018956605,121.0,46.968657851172516,29.89510000043083,111.93789999742876,132.56989999863433,147.64939999804483,fixed_nominal
B_plain_MPC,sensor_bias_5,19027,10.953186829053024,5.521248768747711,2.876339662682623,,0,0.0,0.0,0.0,0.0,0.0,6.0,1.0,0.0,0.0,0.0,0.0,0.0,6634.474427865997,224.9574223486785,0,0,0,0,0,,0,54.486752892767406,0.0,0.0,0.0,0.0,54.500883471150736,6.928406499999255,,,,,,,,,0,rerun_v3_simulate_v3_run,,,,,,,,,,,,,,,,,,,,,,,,,,,,,,,,,,,,,,,,,,,,,,,,,,,,,,,,,,,,,,,,,,,,,,,,,,,,,,,,,,,,
C1_sensor_MPC,sensor_bias_5,19027,10.813087227345779,4.589410417314628,0.3134092727772753,,1,0.0,0.0,4.01,0.6672212978369384,1.0,3.0,0.33277870216306155,0.6672212978369384,0.0,0.0,0.0,0.0,6146.606517859631,84.16046094040146,0,0,0,0,0,,0,37.0726247933178,0.0,0.0,0.0,0.0,37.093287603417316,4.830568599998514,0.2626660256544832,0.2392307741019733,,,0.2626660256544832,0.2392307741019733,2.3179571866147883,1.7339999613085322,401,rerun_v3_simulate_v3_run,,,,,,,,,,,,,,,,,,,,,,,,,,,,,,,,,,,,,,,,,,,,,,,,,,,,,,,,,,,,,,,,,,,,,,,,,,,,,,,,,,,,
C3_arbitration_MPC,sensor_bias_5,19027,10.813087227345779,4.589410417314628,0.3134092727772753,,1,0.0,0.0,4.01,0.6672212978369384,1.0,3.0,0.33277870216306155,0.6672212978369384,0.0,0.0,0.0,0.0,6146.606517859631,84.16046094040146,0,0,0,0,0,,0,64.39933223150885,0.4523419966172225,0.011379690204663668,0.008386402800304513,0.4721080896221907,64.42993719006643,8.642572100001416,0.2626660256544832,0.2392307741019733,0.33563167883687456,0.23840558035618153,0.2626660256544832,0.2392307741019733,2.3179571866147883,1.7339999613085322,401,rerun_v3_simulate_v3_run,,"[{'controller': 'C3_arbitration_MPC', 'scenario': 'sensor_bias_5', 'seed': 19027, 'step': 20, 'time_s': 0.2, 'aux_inference_ms': 0.34389999927952886, 'reliability_update_ms': 0.008900002285372466, 'arbitration_ms': 0.0030000010156072676, 'extension_ms': 0.3558000025805086, 'control_compute_ms': 101.398099999642}, {'controller': 'C3_arbitration_MPC', 'scenario': 'sensor_bias_5', 'seed': 19027, 'step': 21, 'time_s': 0.21, 'aux_inference_ms': 0.3335999972478021, 'reliability_update_ms': 0.008999999408842996, 'arbitration_ms': 0.0032000025385059416, 'extension_ms': 0.34579999919515103, 'control_compute_ms': nan}, {'controller': 'C3_arbitration_MPC', 'scenario': 'sensor_bias_5', 'seed': 19027, 'step': 22, 'time_s': 0.22, 'aux_inference_ms': 0.3829000015684869, 'reliability_update_ms': 0.02550000135670416, 'arbitration_ms': 0.008500002877553925, 'extension_ms': 0.416900005802745, 'control_compute_ms': nan}, {'controller': 'C3_arbitration_MPC', 'scenario': 'sensor_bias_5', 'seed': 19027, 'step': 23, 'time_s': 0.23, 'aux_inference_ms': 0.9681000010459684, 'reliability_update_ms': 0.025699999241624027, 'arbitration_ms': 0.008200000593205914, 'extension_ms': 1.0020000008807983, 'control_compute_ms': nan}, {'controller': 'C3_arbitration_MPC', 'scenario': 'sensor_bias_5', 'seed': 19027, 'step': 24, 'time_s': 0.24, 'aux_inference_ms': 1.014100002066698, 'reliability_update_ms': 0.022999996872385964, 'arbitration_ms': 0.007099999493220821, 'extension_ms': 1.0441999984323047, 'control_compute_ms': nan}, {'controller': 'C3_arbitration_MPC', 'scenario': 'sensor_bias_5', 'seed': 19027, 'step': 25, 'time_s': 0.25, 'aux_inference_ms': 1.048300000547897, 'reliability_update_ms': 0.0242000023717992, 'arbitration_ms': 0.007599999662488699, 'extension_ms': 1.080100002582185, 'control_compute_ms': 48.11639999752515}, {'controller': 'C3_arbitration_MPC', 'scenario': 'sensor_bias_5', 'seed': 19027, 'step': 26, 'time_s': 0.26, 'aux_inference_ms': 0.5023000012442935, 'reliability_update_ms': 0.02059999678749591, 'arbitration_ms': 0.006000002031214535, 'extension_ms': 0.528900000063004, 'control_compute_ms': nan}, {'controller': 'C3_arbitration_MPC', 'scenario': 'sensor_bias_5', 'seed': 19027, 'step': 27, 'time_s': 0.27, 'aux_inference_ms': 0.3820000019914005, 'reliability_update_ms': 0.00960000033956021, 'arbitration_ms': 0.0026999987312592566, 'extension_ms': 0.39430000106221996, 'control_compute_ms': nan}, {'controller': 'C3_arbitration_MPC', 'scenario': 'sensor_bias_5', 'seed': 19027, 'step': 28, 'time_s': 0.28, 'aux_inference_ms': 0.3509999987727497, 'reliability_update_ms': 0.008300001354655251, 'arbitration_ms': 0.0027999994927085936, 'extension_ms': 0.3620999996201135, 'control_compute_ms': nan}, {'controller': 'C3_arbitration_MPC', 'scenario': 'sensor_bias_5', 'seed': 19027, 'step': 29, 'time_s': 0.29, 'aux_inference_ms': 0.343700001394609, 'reliability_update_ms': 0.00839999847812578, 'arbitration_ms': 0.0025999979698099196, 'extension_ms': 0.3546999978425447, 'control_compute_ms': nan}, {'controller': 'C3_arbitration_MPC', 'scenario': 'sensor_bias_5', 'seed': 19027, 'step': 30, 'time_s': 0.3, 'aux_inference_ms': 0.7574999981443398, 'reliability_update_ms': 0.01639999754843302, 'arbitration_ms': 0.0037999998312443495, 'extension_ms': 0.7776999955240171, 'control_compute_ms': 54.18169999757083}, {'controller': 'C3_arbitration_MPC', 'scenario': 'sensor_bias_5', 'seed': 19027, 'step': 31, 'time_s': 0.31, 'aux_inference_ms': 0.8123000006889924, 'reliability_update_ms': 0.01849999898695387, 'arbitration_ms': 0.005099998816149309, 'extension_ms': 0.8358999984920956, 'control_compute_ms': nan}, {'controller': 'C3_arbitration_MPC', 'scenario': 'sensor_bias_5', 'seed': 19027, 'step': 32, 'time_s': 0.32, 'aux_inference_ms': 0.7406000004266389, 'reliability_update_ms': 0.014599998394260183, 'arbitration_ms': 0.0039000005926936865, 'extension_ms': 0.7590999994135927, 'control_compute_ms': nan}, {'controller': 'C3_arbitration_MPC', 'scenario': 'sensor_bias_5', 'seed': 19027, 'step': 33, 'time_s': 0.33, 'aux_inference_ms': 0.6897999992361292, 'reliability_update_ms': 0.014199998986441642, 'arbitration_ms': 0.0034999975468963385, 'extension_ms': 0.7074999957694672, 'control_compute_ms': nan}, {'controller': 'C3_arbitration_MPC', 'scenario': 'sensor_bias_5', 'seed': 19027, 'step': 34, 'time_s': 0.34, 'aux_inference_ms': 0.6791999985580333, 'reliability_update_ms': 0.013799999578623101, 'arbitration_ms': 0.0035000011848751456, 'extension_ms': 0.6964999993215315, 'control_compute_ms': nan}, {'controller': 'C3_arbitration_MPC', 'scenario': 'sensor_bias_5', 'seed': 19027, 'step': 35, 'time_s': 0.35000000000000003, 'aux_inference_ms': 0.7708999983151443, 'reliability_update_ms': 0.0351999988197349, 'arbitration_ms': 0.004400000761961564, 'extension_ms': 0.8104999978968408, 'control_compute_ms': 57.896700000128476}, {'controller': 'C3_arbitration_MPC', 'scenario': 'sensor_bias_5', 'seed': 19027, 'step': 36, 'time_s': 0.36, 'aux_inference_ms': 0.8220999989134725, 'reliability_update_ms': 0.018999999156221747, 'arbitration_ms': 0.005900001269765198, 'extension_ms': 0.8469999993394595, 'control_compute_ms': nan}, {'controller': 'C3_arbitration_MPC', 'scenario': 'sensor_bias_5', 'seed': 19027, 'step': 37, 'time_s': 0.37, 'aux_inference_ms': 0.7640000003448222, 'reliability_update_ms': 0.01049999991664663, 'arbitration_ms': 0.0028000031306874007, 'extension_ms': 0.7773000033921562, 'control_compute_ms': nan}, {'controller': 'C3_arbitration_MPC', 'scenario': 'sensor_bias_5', 'seed': 19027, 'step': 38, 'time_s': 0.38, 'aux_inference_ms': 0.6791999985580333, 'reliability_update_ms': 0.014799999917158857, 'arbitration_ms': 0.0036000019463244826, 'extension_ms': 0.6976000004215166, 'control_compute_ms': nan}, {'controller': 'C3_arbitration_MPC', 'scenario': 'sensor_bias_5', 'seed': 19027, 'step': 39, 'time_s': 0.39, 'aux_inference_ms': 0.7134000006772112, 'reliability_update_ms': 0.015699999494245276, 'arbitration_ms': 0.00419999923906289, 'extension_ms': 0.7332999994105194, 'control_compute_ms': nan}, {'controller': 'C3_arbitration_MPC', 'scenario': 'sensor_bias_5', 'seed': 19027, 'step': 40, 'time_s': 0.4, 'aux_inference_ms': 0.6720000019413419, 'reliability_update_ms': 0.012600001355167478, 'arbitration_ms': 0.0036000019463244826, 'extension_ms': 0.6882000052428339, 'control_compute_ms': 68.72659999862663}, {'controller': 'C3_arbitration_MPC', 'scenario': 'sensor_bias_5', 'seed': 19027, 'step': 41, 'time_s': 0.41000000000000003, 'aux_inference_ms': 0.420300002588192, 'reliability_update_ms': 0.01049999991664663, 'arbitration_ms': 0.0035000011848751456, 'extension_ms': 0.4343000036897138, 'control_compute_ms': nan}, {'controller': 'C3_arbitration_MPC', 'scenario': 'sensor_bias_5', 'seed': 19027, 'step': 42, 'time_s': 0.42, 'aux_inference_ms': 0.7473000005120412, 'reliability_update_ms': 0.016199999663513154, 'arbitration_ms': 0.004699999408330768, 'extension_ms': 0.7681999995838851, 'control_compute_ms': nan}, {'controller': 'C3_arbitration_MPC', 'scenario': 'sensor_bias_5', 'seed': 19027, 'step': 43, 'time_s': 0.43, 'aux_inference_ms': 0.6685999978799373, 'reliability_update_ms': 0.014500001270789653, 'arbitration_ms': 0.00419999923906289, 'extension_ms': 0.6872999983897898, 'control_compute_ms': nan}, {'controller': 'C3_arbitration_MPC', 'scenario': 'sensor_bias_5', 'seed': 19027, 'step': 44, 'time_s': 0.44, 'aux_inference_ms': 0.8443000006082002, 'reliability_update_ms': 0.016199999663513154, 'arbitration_ms': 0.004099998477613553, 'extension_ms': 0.8645999987493269, 'control_compute_ms': nan}, {'controller': 'C3_arbitration_MPC', 'scenario': 'sensor_bias_5', 'seed': 19027, 'step': 45, 'time_s': 0.45, 'aux_inference_ms': 0.7831999973859638, 'reliability_update_ms': 0.015500001609325409, 'arbitration_ms': 0.0038999969547148794, 'extension_ms': 0.8025999959500041, 'control_compute_ms': 71.48529999903985}, {'controller': 'C3_arbitration_MPC', 'scenario': 'sensor_bias_5', 'seed': 19027, 'step': 46, 'time_s': 0.46, 'aux_inference_ms': 0.8584000024711713, 'reliability_update_ms': 0.01759999940986745, 'arbitration_ms': 0.005099998816149309, 'extension_ms': 0.8811000006971881, 'control_compute_ms': nan}, {'controller': 'C3_arbitration_MPC', 'scenario': 'sensor_bias_5', 'seed': 19027, 'step': 47, 'time_s': 0.47000000000000003, 'aux_inference_ms': 0.802400001703063, 'reliability_update_ms': 0.014199998986441642, 'arbitration_ms': 0.0036000019463244826, 'extension_ms': 0.8202000026358292, 'control_compute_ms': nan}, {'controller': 'C3_arbitration_MPC', 'scenario': 'sensor_bias_5', 'seed': 19027, 'step': 48, 'time_s': 0.48, 'aux_inference_ms': 0.8330000018759165, 'reliability_update_ms': 0.019099999917671084, 'arbitration_ms': 0.003999997716164216, 'extension_ms': 0.8560999995097518, 'control_compute_ms': nan}, {'controller': 'C3_arbitration_MPC', 'scenario': 'sensor_bias_5', 'seed': 19027, 'step': 49, 'time_s': 0.49, 'aux_inference_ms': 0.7537000019510742, 'reliability_update_ms': 0.014000001101521775, 'arbitration_ms': 0.0037999998312443495, 'extension_ms': 0.7715000028838404, 'control_compute_ms': nan}, {'controller': 'C3_arbitration_MPC', 'scenario': 'sensor_bias_5', 'seed': 19027, 'step': 50, 'time_s': 0.5, 'aux_inference_ms': 0.7206999980553519, 'reliability_update_ms': 0.014199998986441642, 'arbitration_ms': 0.0036999990697950125, 'extension_ms': 0.7385999961115886, 'control_compute_ms': 63.26710000212188}, {'controller': 'C3_arbitration_MPC', 'scenario': 'sensor_bias_5', 'seed': 19027, 'step': 51, 'time_s': 0.51, 'aux_inference_ms': 0.6080999992263969, 'reliability_update_ms': 0.011100000847363845, 'arbitration_ms': 0.0035000011848751456, 'extension_ms': 0.6227000012586359, 'control_compute_ms': nan}, {'controller': 'C3_arbitration_MPC', 'scenario': 'sensor_bias_5', 'seed': 19027, 'step': 52, 'time_s': 0.52, 'aux_inference_ms': 0.3423999987717252, 'reliability_update_ms': 0.03020000076503493, 'arbitration_ms': 0.0038999969547148794, 'extension_ms': 0.37649999649147503, 'control_compute_ms': nan}, {'controller': 'C3_arbitration_MPC', 'scenario': 'sensor_bias_5', 'seed': 19027, 'step': 53, 'time_s': 0.53, 'aux_inference_ms': 0.7461000022885855, 'reliability_update_ms': 0.015300000086426735, 'arbitration_ms': 0.0037000027077738196, 'extension_ms': 0.7651000050827861, 'control_compute_ms': nan}, {'controller': 'C3_arbitration_MPC', 'scenario': 'sensor_bias_5', 'seed': 19027, 'step': 54, 'time_s': 0.54, 'aux_inference_ms': 0.34980000054929405, 'reliability_update_ms': 0.008999999408842996, 'arbitration_ms': 0.0026999987312592566, 'extension_ms': 0.3614999986893963, 'control_compute_ms': nan}, {'controller': 'C3_arbitration_MPC', 'scenario': 'sensor_bias_5', 'seed': 19027, 'step': 55, 'time_s': 0.55, 'aux_inference_ms': 0.3434999998717103, 'reliability_update_ms': 0.008099999831756577, 'arbitration_ms': 0.0026000016077887267, 'extension_ms': 0.3542000013112556, 'control_compute_ms': 51.22999999730382}, {'controller': 'C3_arbitration_MPC', 'scenario': 'sensor_bias_5', 'seed': 19027, 'step': 56, 'time_s': 0.56, 'aux_inference_ms': 0.39509999987785704, 'reliability_update_ms': 0.010300002031726763, 'arbitration_ms': 0.0032999996619764715, 'extension_ms': 0.4087000015715603, 'control_compute_ms': nan}, {'controller': 'C3_arbitration_MPC', 'scenario': 'sensor_bias_5', 'seed': 19027, 'step': 57, 'time_s': 0.5700000000000001, 'aux_inference_ms': 0.6433000016841106, 'reliability_update_ms': 0.013900000340072438, 'arbitration_ms': 0.0037999998312443495, 'extension_ms': 0.6610000018554274, 'control_compute_ms': nan}, {'controller': 'C3_arbitration_MPC', 'scenario': 'sensor_bias_5', 'seed': 19027, 'step': 58, 'time_s': 0.58, 'aux_inference_ms': 0.3274000009696465, 'reliability_update_ms': 0.008099999831756577, 'arbitration_ms': 0.0024000000848900527, 'extension_ms': 0.33790000088629313, 'control_compute_ms': nan}, {'controller': 'C3_arbitration_MPC', 'scenario': 'sensor_bias_5', 'seed': 19027, 'step': 59, 'time_s': 0.59, 'aux_inference_ms': 0.32360000113840215, 'reliability_update_ms': 0.007799997547408566, 'arbitration_ms': 0.0022000021999701858, 'extension_ms': 0.3336000008857809, 'control_compute_ms': nan}, {'controller': 'C3_arbitration_MPC', 'scenario': 'sensor_bias_5', 'seed': 19027, 'step': 60, 'time_s': 0.6, 'aux_inference_ms': 0.6081999999878462, 'reliability_update_ms': 0.022399999579647556, 'arbitration_ms': 0.007700000423938036, 'extension_ms': 0.6382999999914318, 'control_compute_ms': 39.82679999899119}, {'controller': 'C3_arbitration_MPC', 'scenario': 'sensor_bias_5', 'seed': 19027, 'step': 61, 'time_s': 0.61, 'aux_inference_ms': 1.2652999976126011, 'reliability_update_ms': 0.02970000059576705, 'arbitration_ms': 0.0092999980552122, 'extension_ms': 1.3042999962635804, 'control_compute_ms': nan}, {'controller': 'C3_arbitration_MPC', 'scenario': 'sensor_bias_5', 'seed': 19027, 'step': 62, 'time_s': 0.62, 'aux_inference_ms': 0.3183999979228247, 'reliability_update_ms': 0.008200000593205914, 'arbitration_ms': 0.0035999983083456755, 'extension_ms': 0.3301999968243763, 'control_compute_ms': nan}, {'controller': 'C3_arbitration_MPC', 'scenario': 'sensor_bias_5', 'seed': 19027, 'step': 63, 'time_s': 0.63, 'aux_inference_ms': 0.29940000240458176, 'reliability_update_ms': 0.00790000194683671, 'arbitration_ms': 0.0024000000848900527, 'extension_ms': 0.3097000044363085, 'control_compute_ms': nan}, {'controller': 'C3_arbitration_MPC', 'scenario': 'sensor_bias_5', 'seed': 19027, 'step': 64, 'time_s': 0.64, 'aux_inference_ms': 0.31400000079884194, 'reliability_update_ms': 0.007200000254670158, 'arbitration_ms': 0.0022999993234407157, 'extension_ms': 0.3235000003769528, 'control_compute_ms': nan}, {'controller': 'C3_arbitration_MPC', 'scenario': 'sensor_bias_5', 'seed': 19027, 'step': 65, 'time_s': 0.65, 'aux_inference_ms': 0.26590000197757035, 'reliability_update_ms': 0.00670000008540228, 'arbitration_ms': 0.0018999999156221747, 'extension_ms': 0.2745000019785948, 'control_compute_ms': 38.23689999990165}, {'controller': 'C3_arbitration_MPC', 'scenario': 'sensor_bias_5', 'seed': 19027, 'step': 66, 'time_s': 0.66, 'aux_inference_ms': 0.6986000007600524, 'reliability_update_ms': 0.015099998563528061, 'arbitration_ms': 0.004999998054699972, 'extension_ms': 0.7186999973782804, 'control_compute_ms': nan}, {'controller': 'C3_arbitration_MPC', 'scenario': 'sensor_bias_5', 'seed': 19027, 'step': 67, 'time_s': 0.67, 'aux_inference_ms': 0.632499999483116, 'reliability_update_ms': 0.012700002116616815, 'arbitration_ms': 0.0034000004234258085, 'extension_ms': 0.6486000020231586, 'control_compute_ms': nan}, {'controller': 'C3_arbitration_MPC', 'scenario': 'sensor_bias_5', 'seed': 19027, 'step': 68, 'time_s': 0.68, 'aux_inference_ms': 0.5887000006623566, 'reliability_update_ms': 0.012299999070819467, 'arbitration_ms': 0.0030999981390777975, 'extension_ms': 0.6040999978722539, 'control_compute_ms': nan}, {'controller': 'C3_arbitration_MPC', 'scenario': 'sensor_bias_5', 'seed': 19027, 'step': 69, 'time_s': 0.6900000000000001, 'aux_inference_ms': 0.3615000023273751, 'reliability_update_ms': 0.008899998647393659, 'arbitration_ms': 0.0026999987312592566, 'extension_ms': 0.37309999970602803, 'control_compute_ms': nan}, {'controller': 'C3_arbitration_MPC', 'scenario': 'sensor_bias_5', 'seed': 19027, 'step': 70, 'time_s': 0.7000000000000001, 'aux_inference_ms': 0.5147999982000329, 'reliability_update_ms': 0.013199998647905886, 'arbitration_ms': 0.0035000011848751456, 'extension_ms': 0.5314999980328139, 'control_compute_ms': 52.57020000135526}, {'controller': 'C3_arbitration_MPC', 'scenario': 'sensor_bias_5', 'seed': 19027, 'step': 71, 'time_s': 0.71, 'aux_inference_ms': 0.4045000023324974, 'reliability_update_ms': 0.0104000027931761, 'arbitration_ms': 0.00419999923906289, 'extension_ms': 0.4191000043647364, 'control_compute_ms': nan}, {'controller': 'C3_arbitration_MPC', 'scenario': 'sensor_bias_5', 'seed': 19027, 'step': 72, 'time_s': 0.72, 'aux_inference_ms': 1.0136999990209006, 'reliability_update_ms': 0.02600000152597204, 'arbitration_ms': 0.008999999408842996, 'extension_ms': 1.0486999999557156, 'control_compute_ms': nan}, {'controller': 'C3_arbitration_MPC', 'scenario': 'sensor_bias_5', 'seed': 19027, 'step': 73, 'time_s': 0.73, 'aux_inference_ms': 0.8847999997669831, 'reliability_update_ms': 0.017899998056236655, 'arbitration_ms': 0.005000001692678779, 'extension_ms': 0.9076999995158985, 'control_compute_ms': nan}, {'controller': 'C3_arbitration_MPC', 'scenario': 'sensor_bias_5', 'seed': 19027, 'step': 74, 'time_s': 0.74, 'aux_inference_ms': 0.3709999982675072, 'reliability_update_ms': 0.009899998985929415, 'arbitration_ms': 0.0029000002541579306, 'extension_ms': 0.3837999975075945, 'control_compute_ms': nan}, {'controller': 'C3_arbitration_MPC', 'scenario': 'sensor_bias_5', 'seed': 19027, 'step': 75, 'time_s': 0.75, 'aux_inference_ms': 0.34950000190292485, 'reliability_update_ms': 0.008499999239575118, 'arbitration_ms': 0.0027999994927085936, 'extension_ms': 0.36080000063520856, 'control_compute_ms': 57.51740000050631}, {'controller': 'C3_arbitration_MPC', 'scenario': 'sensor_bias_5', 'seed': 19027, 'step': 76, 'time_s': 0.76, 'aux_inference_ms': 0.7409999998344574, 'reliability_update_ms': 0.017400001524947584, 'arbitration_ms': 0.0794000006862916, 'extension_ms': 0.8378000020456966, 'control_compute_ms': nan}, {'controller': 'C3_arbitration_MPC', 'scenario': 'sensor_bias_5', 'seed': 19027, 'step': 77, 'time_s': 0.77, 'aux_inference_ms': 0.3440999971644487, 'reliability_update_ms': 0.00790000194683671, 'arbitration_ms': 0.0027999994927085936, 'extension_ms': 0.354799998603994, 'control_compute_ms': nan}, {'controller': 'C3_arbitration_MPC', 'scenario': 'sensor_bias_5', 'seed': 19027, 'step': 78, 'time_s': 0.78, 'aux_inference_ms': 1.1062000012316275, 'reliability_update_ms': 0.02429999949526973, 'arbitration_ms': 0.007499998901039362, 'extension_ms': 1.1379999996279366, 'control_compute_ms': nan}, {'controller': 'C3_arbitration_MPC', 'scenario': 'sensor_bias_5', 'seed': 19027, 'step': 79, 'time_s': 0.79, 'aux_inference_ms': 0.9179999979096465, 'reliability_update_ms': 0.007599999662488699, 'arbitration_ms': 0.0022999993234407157, 'extension_ms': 0.9278999968955759, 'control_compute_ms': nan}, {'controller': 'C3_arbitration_MPC', 'scenario': 'sensor_bias_5', 'seed': 19027, 'step': 80, 'time_s': 0.8, 'aux_inference_ms': 0.3359000002092216, 'reliability_update_ms': 0.00839999847812578, 'arbitration_ms': 0.0024999972083605826, 'extension_ms': 0.346799995895708, 'control_compute_ms': 53.8144000020111}, {'controller': 'C3_arbitration_MPC', 'scenario': 'sensor_bias_5', 'seed': 19027, 'step': 81, 'time_s': 0.81, 'aux_inference_ms': 0.9266999986721203, 'reliability_update_ms': 0.0180000024556648, 'arbitration_ms': 0.004500001523410901, 'extension_ms': 0.949200002651196, 'control_compute_ms': nan}, {'controller': 'C3_arbitration_MPC', 'scenario': 'sensor_bias_5', 'seed': 19027, 'step': 82, 'time_s': 0.8200000000000001, 'aux_inference_ms': 0.7191000004240777, 'reliability_update_ms': 0.014700002793688327, 'arbitration_ms': 0.0037999998312443495, 'extension_ms': 0.7376000030490104, 'control_compute_ms': nan}, {'controller': 'C3_arbitration_MPC', 'scenario': 'sensor_bias_5', 'seed': 19027, 'step': 83, 'time_s': 0.8300000000000001, 'aux_inference_ms': 0.7050000021990854, 'reliability_update_ms': 0.014700002793688327, 'arbitration_ms': 0.0035000011848751456, 'extension_ms': 0.7232000061776489, 'control_compute_ms': nan}, {'controller': 'C3_arbitration_MPC', 'scenario': 'sensor_bias_5', 'seed': 19027, 'step': 84, 'time_s': 0.84, 'aux_inference_ms': 0.8502999990014359, 'reliability_update_ms': 0.014900000678608194, 'arbitration_ms': 0.0037000027077738196, 'extension_ms': 0.868900002387818, 'control_compute_ms': nan}, {'controller': 'C3_arbitration_MPC', 'scenario': 'sensor_bias_5', 'seed': 19027, 'step': 85, 'time_s': 0.85, 'aux_inference_ms': 0.7728000018687453, 'reliability_update_ms': 0.015599998732795939, 'arbitration_ms': 0.004099998477613553, 'extension_ms': 0.7924999990791548, 'control_compute_ms': 51.56619999979739}, {'controller': 'C3_arbitration_MPC', 'scenario': 'sensor_bias_5', 'seed': 19027, 'step': 86, 'time_s': 0.86, 'aux_inference_ms': 1.1682000003929716, 'reliability_update_ms': 0.027099998987978324, 'arbitration_ms': 0.008700000762473792, 'extension_ms': 1.2040000001434237, 'control_compute_ms': nan}, {'controller': 'C3_arbitration_MPC', 'scenario': 'sensor_bias_5', 'seed': 19027, 'step': 87, 'time_s': 0.87, 'aux_inference_ms': 0.7958999995025806, 'reliability_update_ms': 0.015599998732795939, 'arbitration_ms': 0.0038999969547148794, 'extension_ms': 0.8153999951900914, 'control_compute_ms': nan}, {'controller': 'C3_arbitration_MPC', 'scenario': 'sensor_bias_5', 'seed': 19027, 'step': 88, 'time_s': 0.88, 'aux_inference_ms': 0.2590000003692694, 'reliability_update_ms': 0.006400001439033076, 'arbitration_ms': 0.0020000006770715117, 'extension_ms': 0.267400002485374, 'control_compute_ms': nan}, {'controller': 'C3_arbitration_MPC', 'scenario': 'sensor_bias_5', 'seed': 19027, 'step': 89, 'time_s': 0.89, 'aux_inference_ms': 0.23430000146618113, 'reliability_update_ms': 0.005900001269765198, 'arbitration_ms': 0.0018999999156221747, 'extension_ms': 0.2421000026515685, 'control_compute_ms': nan}, {'controller': 'C3_arbitration_MPC', 'scenario': 'sensor_bias_5', 'seed': 19027, 'step': 90, 'time_s': 0.9, 'aux_inference_ms': 0.24919999850681052, 'reliability_update_ms': 0.006599999323952943, 'arbitration_ms': 0.0021000014385208488, 'extension_ms': 0.2578999992692843, 'control_compute_ms': 34.18079999755719}, {'controller': 'C3_arbitration_MPC', 'scenario': 'sensor_bias_5', 'seed': 19027, 'step': 91, 'time_s': 0.91, 'aux_inference_ms': 0.34469999809516594, 'reliability_update_ms': 0.00839999847812578, 'arbitration_ms': 0.0029000002541579306, 'extension_ms': 0.35599999682744965, 'control_compute_ms': nan}, {'controller': 'C3_arbitration_MPC', 'scenario': 'sensor_bias_5', 'seed': 19027, 'step': 92, 'time_s': 0.92, 'aux_inference_ms': 0.815100000181701, 'reliability_update_ms': 0.024400000256719068, 'arbitration_ms': 0.00790000194683671, 'extension_ms': 0.8474000023852568, 'control_compute_ms': nan}, {'controller': 'C3_arbitration_MPC', 'scenario': 'sensor_bias_5', 'seed': 19027, 'step': 93, 'time_s': 0.93, 'aux_inference_ms': 0.7329000000027008, 'reliability_update_ms': 0.008300001354655251, 'arbitration_ms': 0.0024000000848900527, 'extension_ms': 0.7436000014422461, 'control_compute_ms': nan}, {'controller': 'C3_arbitration_MPC', 'scenario': 'sensor_bias_5', 'seed': 19027, 'step': 94, 'time_s': 0.9400000000000001, 'aux_inference_ms': 0.2722999997786246, 'reliability_update_ms': 0.006599999323952943, 'arbitration_ms': 0.0025000008463393897, 'extension_ms': 0.28139999994891696, 'control_compute_ms': nan}, {'controller': 'C3_arbitration_MPC', 'scenario': 'sensor_bias_5', 'seed': 19027, 'step': 95, 'time_s': 0.9500000000000001, 'aux_inference_ms': 0.270499996986473, 'reliability_update_ms': 0.00679999720887281, 'arbitration_ms': 0.0021000014385208488, 'extension_ms': 0.27939999563386664, 'control_compute_ms': 50.65849999664351}, {'controller': 'C3_arbitration_MPC', 'scenario': 'sensor_bias_5', 'seed': 19027, 'step': 96, 'time_s': 0.96, 'aux_inference_ms': 0.2885999965656083, 'reliability_update_ms': 0.007200000254670158, 'arbitration_ms': 0.0024000000848900527, 'extension_ms': 0.2981999969051685, 'control_compute_ms': nan}, {'controller': 'C3_arbitration_MPC', 'scenario': 'sensor_bias_5', 'seed': 19027, 'step': 97, 'time_s': 0.97, 'aux_inference_ms': 0.5739000007451978, 'reliability_update_ms': 0.024900000425986946, 'arbitration_ms': 0.008299997716676444, 'extension_ms': 0.6070999988878611, 'control_compute_ms': nan}, {'controller': 'C3_arbitration_MPC', 'scenario': 'sensor_bias_5', 'seed': 19027, 'step': 98, 'time_s': 0.98, 'aux_inference_ms': 1.1019000012311153, 'reliability_update_ms': 0.02519999907235615, 'arbitration_ms': 0.007599999662488699, 'extension_ms': 1.1346999999659602, 'control_compute_ms': nan}, {'controller': 'C3_arbitration_MPC', 'scenario': 'sensor_bias_5', 'seed': 19027, 'step': 99, 'time_s': 0.99, 'aux_inference_ms': 0.9934000008797739, 'reliability_update_ms': 0.025700002879602835, 'arbitration_ms': 0.00790000194683671, 'extension_ms': 1.0270000057062134, 'control_compute_ms': nan}, {'controller': 'C3_arbitration_MPC', 'scenario': 'sensor_bias_5', 'seed': 19027, 'step': 100, 'time_s': 1.0, 'aux_inference_ms': 0.6873000020277686, 'reliability_update_ms': 0.007800001185387373, 'arbitration_ms': 0.0047000030463095754, 'extension_ms': 0.6998000062594656, 'control_compute_ms': 36.04099999938626}, {'controller': 'C3_arbitration_MPC', 'scenario': 'sensor_bias_5', 'seed': 19027, 'step': 101, 'time_s': 1.01, 'aux_inference_ms': 0.32780000037746504, 'reliability_update_ms': 0.009100000170292333, 'arbitration_ms': 0.005199999577598646, 'extension_ms': 0.342100000125356, 'control_compute_ms': nan}, {'controller': 'C3_arbitration_MPC', 'scenario': 'sensor_bias_5', 'seed': 19027, 'step': 102, 'time_s': 1.02, 'aux_inference_ms': 0.2717000024858862, 'reliability_update_ms': 0.006800000846851617, 'arbitration_ms': 0.004499997885432094, 'extension_ms': 0.2830000012181699, 'control_compute_ms': nan}, {'controller': 'C3_arbitration_MPC', 'scenario': 'sensor_bias_5', 'seed': 19027, 'step': 103, 'time_s': 1.03, 'aux_inference_ms': 0.46939999811002053, 'reliability_update_ms': 0.02380000296398066, 'arbitration_ms': 0.015800000255694613, 'extension_ms': 0.5090000013296958, 'control_compute_ms': nan}, {'controller': 'C3_arbitration_MPC', 'scenario': 'sensor_bias_5', 'seed': 19027, 'step': 104, 'time_s': 1.04, 'aux_inference_ms': 1.1647999999695458, 'reliability_update_ms': 0.015699999494245276, 'arbitration_ms': 0.010799998563015833, 'extension_ms': 1.1912999980268069, 'control_compute_ms': nan}, {'controller': 'C3_arbitration_MPC', 'scenario': 'sensor_bias_5', 'seed': 19027, 'step': 105, 'time_s': 1.05, 'aux_inference_ms': 0.3096000000368804, 'reliability_update_ms': 0.007500002539018169, 'arbitration_ms': 0.004699999408330768, 'extension_ms': 0.3218000019842293, 'control_compute_ms': 207.78989999962505}, {'controller': 'C3_arbitration_MPC', 'scenario': 'sensor_bias_5', 'seed': 19027, 'step': 106, 'time_s': 1.06, 'aux_inference_ms': 0.42640000174287707, 'reliability_update_ms': 0.0092999980552122, 'arbitration_ms': 0.005800000508315861, 'extension_ms': 0.4415000003064051, 'control_compute_ms': nan}, {'controller': 'C3_arbitration_MPC', 'scenario': 'sensor_bias_5', 'seed': 19027, 'step': 107, 'time_s': 1.07, 'aux_inference_ms': 0.9933000001183245, 'reliability_update_ms': 0.02469999890308827, 'arbitration_ms': 0.01669999983278103, 'extension_ms': 1.0346999988541938, 'control_compute_ms': nan}, {'controller': 'C3_arbitration_MPC', 'scenario': 'sensor_bias_5', 'seed': 19027, 'step': 108, 'time_s': 1.08, 'aux_inference_ms': 0.270799999270821, 'reliability_update_ms': 0.006499998562503606, 'arbitration_ms': 0.00419999923906289, 'extension_ms': 0.2814999970723875, 'control_compute_ms': nan}, {'controller': 'C3_arbitration_MPC', 'scenario': 'sensor_bias_5', 'seed': 19027, 'step': 109, 'time_s': 1.09, 'aux_inference_ms': 0.9270999980799388, 'reliability_update_ms': 0.02359999780310318, 'arbitration_ms': 0.015300000086426735, 'extension_ms': 0.9659999959694687, 'control_compute_ms': nan}, {'controller': 'C3_arbitration_MPC', 'scenario': 'sensor_bias_5', 'seed': 19027, 'step': 110, 'time_s': 1.1, 'aux_inference_ms': 0.24420000045211054, 'reliability_update_ms': 0.006099999154685065, 'arbitration_ms': 0.0040000013541430235, 'extension_ms': 0.25430000096093863, 'control_compute_ms': 164.52399999980116}, {'controller': 'C3_arbitration_MPC', 'scenario': 'sensor_bias_5', 'seed': 19027, 'step': 111, 'time_s': 1.11, 'aux_inference_ms': 0.685800001519965, 'reliability_update_ms': 0.015400000847876072, 'arbitration_ms': 0.011199997970834374, 'extension_ms': 0.7124000003386755, 'control_compute_ms': nan}, {'controller': 'C3_arbitration_MPC', 'scenario': 'sensor_bias_5', 'seed': 19027, 'step': 112, 'time_s': 1.12, 'aux_inference_ms': 0.647900000330992, 'reliability_update_ms': 0.007899998308857903, 'arbitration_ms': 0.004900000931229442, 'extension_ms': 0.6606999995710794, 'control_compute_ms': nan}, {'controller': 'C3_arbitration_MPC', 'scenario': 'sensor_bias_5', 'seed': 19027, 'step': 113, 'time_s': 1.1300000000000001, 'aux_inference_ms': 0.9031999979924876, 'reliability_update_ms': 0.016400001186411828, 'arbitration_ms': 0.011100000847363845, 'extension_ms': 0.9307000000262633, 'control_compute_ms': nan}, {'controller': 'C3_arbitration_MPC', 'scenario': 'sensor_bias_5', 'seed': 19027, 'step': 114, 'time_s': 1.1400000000000001, 'aux_inference_ms': 0.3152999997837469, 'reliability_update_ms': 0.007599999662488699, 'arbitration_ms': 0.004499997885432094, 'extension_ms': 0.3273999973316677, 'control_compute_ms': nan}, {'controller': 'C3_arbitration_MPC', 'scenario': 'sensor_bias_5', 'seed': 19027, 'step': 115, 'time_s': 1.1500000000000001, 'aux_inference_ms': 0.33970000004046597, 'reliability_update_ms': 0.007700000423938036, 'arbitration_ms': 0.005300000339047983, 'extension_ms': 0.352700000803452, 'control_compute_ms': 98.44679999878281}, {'controller': 'C3_arbitration_MPC', 'scenario': 'sensor_bias_5', 'seed': 19027, 'step': 116, 'time_s': 1.16, 'aux_inference_ms': 0.3409000019019004, 'reliability_update_ms': 0.007700000423938036, 'arbitration_ms': 0.004800000169780105, 'extension_ms': 0.35340000249561854, 'control_compute_ms': nan}, {'controller': 'C3_arbitration_MPC', 'scenario': 'sensor_bias_5', 'seed': 19027, 'step': 117, 'time_s': 1.17, 'aux_inference_ms': 1.0242999996989965, 'reliability_update_ms': 0.025499997718725353, 'arbitration_ms': 0.01669999983278103, 'extension_ms': 1.066499997250503, 'control_compute_ms': nan}, {'controller': 'C3_arbitration_MPC', 'scenario': 'sensor_bias_5', 'seed': 19027, 'step': 118, 'time_s': 1.18, 'aux_inference_ms': 0.24359999952139333, 'reliability_update_ms': 0.006099999154685065, 'arbitration_ms': 0.0040000013541430235, 'extension_ms': 0.2537000000302214, 'control_compute_ms': nan}, {'controller': 'C3_arbitration_MPC', 'scenario': 'sensor_bias_5', 'seed': 19027, 'step': 119, 'time_s': 1.19, 'aux_inference_ms': 0.9567999986757059, 'reliability_update_ms': 0.006499998562503606, 'arbitration_ms': 0.00419999923906289, 'extension_ms': 0.9674999964772724, 'control_compute_ms': nan}, {'controller': 'C3_arbitration_MPC', 'scenario': 'sensor_bias_5', 'seed': 19027, 'step': 120, 'time_s': 1.2, 'aux_inference_ms': 0.23780000265105627, 'reliability_update_ms': 0.006399997801054269, 'arbitration_ms': 0.005000001692678779, 'extension_ms': 0.24920000214478932, 'control_compute_ms': 90.79790000032517}, {'controller': 'C3_arbitration_MPC', 'scenario': 'sensor_bias_5', 'seed': 19027, 'step': 121, 'time_s': 1.21, 'aux_inference_ms': 0.46329999895533547, 'reliability_update_ms': 0.011500000255182385, 'arbitration_ms': 0.007499998901039362, 'extension_ms': 0.4822999981115572, 'control_compute_ms': nan}, {'controller': 'C3_arbitration_MPC', 'scenario': 'sensor_bias_5', 'seed': 19027, 'step': 122, 'time_s': 1.22, 'aux_inference_ms': 0.46930000098655, 'reliability_update_ms': 0.01089999932446517, 'arbitration_ms': 0.007300001016119495, 'extension_ms': 0.48750000132713467, 'control_compute_ms': nan}, {'controller': 'C3_arbitration_MPC', 'scenario': 'sensor_bias_5', 'seed': 19027, 'step': 123, 'time_s': 1.23, 'aux_inference_ms': 0.3895999980159104, 'reliability_update_ms': 0.010200001270277426, 'arbitration_ms': 0.006699996447423473, 'extension_ms': 0.4064999957336113, 'control_compute_ms': nan}, {'controller': 'C3_arbitration_MPC', 'scenario': 'sensor_bias_5', 'seed': 19027, 'step': 124, 'time_s': 1.24, 'aux_inference_ms': 0.41430000055697747, 'reliability_update_ms': 0.01049999991664663, 'arbitration_ms': 0.007200000254670158, 'extension_ms': 0.43200000072829425, 'control_compute_ms': nan}, {'controller': 'C3_arbitration_MPC', 'scenario': 'sensor_bias_5', 'seed': 19027, 'step': 125, 'time_s': 1.25, 'aux_inference_ms': 0.4490999999688938, 'reliability_update_ms': 0.010300002031726763, 'arbitration_ms': 0.00670000008540228, 'extension_ms': 0.46610000208602287, 'control_compute_ms': 61.22809999942547}, {'controller': 'C3_arbitration_MPC', 'scenario': 'sensor_bias_5', 'seed': 19027, 'step': 126, 'time_s': 1.26, 'aux_inference_ms': 0.5837999997311272, 'reliability_update_ms': 0.014799999917158857, 'arbitration_ms': 0.009899998985929415, 'extension_ms': 0.6084999986342154, 'control_compute_ms': nan}, {'controller': 'C3_arbitration_MPC', 'scenario': 'sensor_bias_5', 'seed': 19027, 'step': 127, 'time_s': 1.27, 'aux_inference_ms': 0.49309999667457305, 'reliability_update_ms': 0.013500000932253897, 'arbitration_ms': 0.00839999847812578, 'extension_ms': 0.5149999960849527, 'control_compute_ms': nan}, {'controller': 'C3_arbitration_MPC', 'scenario': 'sensor_bias_5', 'seed': 19027, 'step': 128, 'time_s': 1.28, 'aux_inference_ms': 0.48519999836571515, 'reliability_update_ms': 0.012200001947348937, 'arbitration_ms': 0.007899998308857903, 'extension_ms': 0.505299998621922, 'control_compute_ms': nan}, {'controller': 'C3_arbitration_MPC', 'scenario': 'sensor_bias_5', 'seed': 19027, 'step': 129, 'time_s': 1.29, 'aux_inference_ms': 0.5056999980297405, 'reliability_update_ms': 0.01179999890155159, 'arbitration_ms': 0.007700000423938036, 'extension_ms': 0.5251999973552302, 'control_compute_ms': nan}, {'controller': 'C3_arbitration_MPC', 'scenario': 'sensor_bias_5', 'seed': 19027, 'step': 130, 'time_s': 1.3, 'aux_inference_ms': 0.5034999994677491, 'reliability_update_ms': 0.011200001608813182, 'arbitration_ms': 0.007399998139590025, 'extension_ms': 0.5220999992161524, 'control_compute_ms': 63.32230000043637}, {'controller': 'C3_arbitration_MPC', 'scenario': 'sensor_bias_5', 'seed': 19027, 'step': 131, 'time_s': 1.31, 'aux_inference_ms': 0.2559000022301916, 'reliability_update_ms': 0.007299997378140688, 'arbitration_ms': 0.004600002284860238, 'extension_ms': 0.26780000189319253, 'control_compute_ms': nan}, {'controller': 'C3_arbitration_MPC', 'scenario': 'sensor_bias_5', 'seed': 19027, 'step': 132, 'time_s': 1.32, 'aux_inference_ms': 0.21780000315629877, 'reliability_update_ms': 0.005800000508315861, 'arbitration_ms': 0.003999997716164216, 'extension_ms': 0.22760000138077885, 'control_compute_ms': nan}, {'controller': 'C3_arbitration_MPC', 'scenario': 'sensor_bias_5', 'seed': 19027, 'step': 133, 'time_s': 1.33, 'aux_inference_ms': 0.24530000155209564, 'reliability_update_ms': 0.00540000110049732, 'arbitration_ms': 0.0034000004234258085, 'extension_ms': 0.25410000307601877, 'control_compute_ms': nan}, {'controller': 'C3_arbitration_MPC', 'scenario': 'sensor_bias_5', 'seed': 19027, 'step': 134, 'time_s': 1.34, 'aux_inference_ms': 0.20519999816315249, 'reliability_update_ms': 0.00540000110049732, 'arbitration_ms': 0.0034000004234258085, 'extension_ms': 0.21399999968707561, 'control_compute_ms': nan}, {'controller': 'C3_arbitration_MPC', 'scenario': 'sensor_bias_5', 'seed': 19027, 'step': 135, 'time_s': 1.35, 'aux_inference_ms': 0.203800002054777, 'reliability_update_ms': 0.004899997293250635, 'arbitration_ms': 0.0033000032999552786, 'extension_ms': 0.2120000026479829, 'control_compute_ms': 26.544799999101087}, {'controller': 'C3_arbitration_MPC', 'scenario': 'sensor_bias_5', 'seed': 19027, 'step': 136, 'time_s': 1.36, 'aux_inference_ms': 0.6993999995756894, 'reliability_update_ms': 0.010700001439545304, 'arbitration_ms': 0.006000002031214535, 'extension_ms': 0.7161000030464493, 'control_compute_ms': nan}, {'controller': 'C3_arbitration_MPC', 'scenario': 'sensor_bias_5', 'seed': 19027, 'step': 137, 'time_s': 1.37, 'aux_inference_ms': 0.25740000273799524, 'reliability_update_ms': 0.006599999323952943, 'arbitration_ms': 0.006899997970322147, 'extension_ms': 0.2709000000322703, 'control_compute_ms': nan}, {'controller': 'C3_arbitration_MPC', 'scenario': 'sensor_bias_5', 'seed': 19027, 'step': 138, 'time_s': 1.3800000000000001, 'aux_inference_ms': 0.2922000021499116, 'reliability_update_ms': 0.01349999729427509, 'arbitration_ms': 0.008999999408842996, 'extension_ms': 0.3146999988530297, 'control_compute_ms': nan}, {'controller': 'C3_arbitration_MPC', 'scenario': 'sensor_bias_5', 'seed': 19027, 'step': 139, 'time_s': 1.3900000000000001, 'aux_inference_ms': 0.6226000004971866, 'reliability_update_ms': 0.014000001101521775, 'arbitration_ms': 0.009499999578110874, 'extension_ms': 0.6461000011768192, 'control_compute_ms': nan}, {'controller': 'C3_arbitration_MPC', 'scenario': 'sensor_bias_5', 'seed': 19027, 'step': 140, 'time_s': 1.4000000000000001, 'aux_inference_ms': 0.5397999993874691, 'reliability_update_ms': 0.013900000340072438, 'arbitration_ms': 0.05569999848376028, 'extension_ms': 0.6093999982113019, 'control_compute_ms': 39.64100000303006}, {'controller': 'C3_arbitration_MPC', 'scenario': 'sensor_bias_5', 'seed': 19027, 'step': 141, 'time_s': 1.41, 'aux_inference_ms': 0.6828999976278283, 'reliability_update_ms': 0.01630000042496249, 'arbitration_ms': 0.01049999991664663, 'extension_ms': 0.7096999979694374, 'control_compute_ms': nan}, {'controller': 'C3_arbitration_MPC', 'scenario': 'sensor_bias_5', 'seed': 19027, 'step': 142, 'time_s': 1.42, 'aux_inference_ms': 0.5932000021857675, 'reliability_update_ms': 0.008999999408842996, 'arbitration_ms': 0.005300000339047983, 'extension_ms': 0.6075000019336585, 'control_compute_ms': nan}, {'controller': 'C3_arbitration_MPC', 'scenario': 'sensor_bias_5', 'seed': 19027, 'step': 143, 'time_s': 1.43, 'aux_inference_ms': 0.2454999994370155, 'reliability_update_ms': 0.005899997631786391, 'arbitration_ms': 0.0036000019463244826, 'extension_ms': 0.2549999990151264, 'control_compute_ms': nan}, {'controller': 'C3_arbitration_MPC', 'scenario': 'sensor_bias_5', 'seed': 19027, 'step': 144, 'time_s': 1.44, 'aux_inference_ms': 0.2480000002833549, 'reliability_update_ms': 0.005799996870337054, 'arbitration_ms': 0.0036000019463244826, 'extension_ms': 0.25739999910001643, 'control_compute_ms': nan}, {'controller': 'C3_arbitration_MPC', 'scenario': 'sensor_bias_5', 'seed': 19027, 'step': 145, 'time_s': 1.45, 'aux_inference_ms': 0.49650000073597766, 'reliability_update_ms': 0.012200001947348937, 'arbitration_ms': 0.008500002877553925, 'extension_ms': 0.5172000055608805, 'control_compute_ms': 46.27930000060587}, {'controller': 'C3_arbitration_MPC', 'scenario': 'sensor_bias_5', 'seed': 19027, 'step': 146, 'time_s': 1.46, 'aux_inference_ms': 1.972300000488758, 'reliability_update_ms': 0.03849999848171137, 'arbitration_ms': 0.024000000848900527, 'extension_ms': 2.03479999981937, 'control_compute_ms': nan}, {'controller': 'C3_arbitration_MPC', 'scenario': 'sensor_bias_5', 'seed': 19027, 'step': 147, 'time_s': 1.47, 'aux_inference_ms': 1.0567000026640017, 'reliability_update_ms': 0.007500002539018169, 'arbitration_ms': 0.004500001523410901, 'extension_ms': 1.0687000067264307, 'control_compute_ms': nan}, {'controller': 'C3_arbitration_MPC', 'scenario': 'sensor_bias_5', 'seed': 19027, 'step': 148, 'time_s': 1.48, 'aux_inference_ms': 0.4679000012401957, 'reliability_update_ms': 0.008700000762473792, 'arbitration_ms': 0.005700003384845331, 'extension_ms': 0.48230000538751483, 'control_compute_ms': nan}, {'controller': 'C3_arbitration_MPC', 'scenario': 'sensor_bias_5', 'seed': 19027, 'step': 149, 'time_s': 1.49, 'aux_inference_ms': 1.1505000002216548, 'reliability_update_ms': 0.006800000846851617, 'arbitration_ms': 0.004099998477613553, 'extension_ms': 1.16139999954612, 'control_compute_ms': nan}, {'controller': 'C3_arbitration_MPC', 'scenario': 'sensor_bias_5', 'seed': 19027, 'step': 150, 'time_s': 1.5, 'aux_inference_ms': 0.555899998289533, 'reliability_update_ms': 0.023200002033263445, 'arbitration_ms': 0.01590000101714395, 'extension_ms': 0.5950000013399404, 'control_compute_ms': 43.05209999802173}, {'controller': 'C3_arbitration_MPC', 'scenario': 'sensor_bias_5', 'seed': 19027, 'step': 151, 'time_s': 1.51, 'aux_inference_ms': 0.29690000155824237, 'reliability_update_ms': 0.009499999578110874, 'arbitration_ms': 0.005300000339047983, 'extension_ms': 0.3117000014754012, 'control_compute_ms': nan}, {'controller': 'C3_arbitration_MPC', 'scenario': 'sensor_bias_5', 'seed': 19027, 'step': 152, 'time_s': 1.52, 'aux_inference_ms': 0.2660999998624902, 'reliability_update_ms': 0.006599999323952943, 'arbitration_ms': 0.004599998646881431, 'extension_ms': 0.2772999978333246, 'control_compute_ms': nan}, {'controller': 'C3_arbitration_MPC', 'scenario': 'sensor_bias_5', 'seed': 19027, 'step': 153, 'time_s': 1.53, 'aux_inference_ms': 0.22589999935007654, 'reliability_update_ms': 0.005600002623395994, 'arbitration_ms': 0.00419999923906289, 'extension_ms': 0.23570000121253543, 'control_compute_ms': nan}, {'controller': 'C3_arbitration_MPC', 'scenario': 'sensor_bias_5', 'seed': 19027, 'step': 154, 'time_s': 1.54, 'aux_inference_ms': 0.8723000028112438, 'reliability_update_ms': 0.02049999966402538, 'arbitration_ms': 0.013100001524435356, 'extension_ms': 0.9059000039997045, 'control_compute_ms': nan}, {'controller': 'C3_arbitration_MPC', 'scenario': 'sensor_bias_5', 'seed': 19027, 'step': 155, 'time_s': 1.55, 'aux_inference_ms': 0.7622000011906493, 'reliability_update_ms': 0.019000002794200554, 'arbitration_ms': 0.012500000593718141, 'extension_ms': 0.793700004578568, 'control_compute_ms': 208.1118999994942}, {'controller': 'C3_arbitration_MPC', 'scenario': 'sensor_bias_5', 'seed': 19027, 'step': 156, 'time_s': 1.56, 'aux_inference_ms': 0.8727999993425328, 'reliability_update_ms': 0.01920000067912042, 'arbitration_ms': 0.012900000001536682, 'extension_ms': 0.9049000000231899, 'control_compute_ms': nan}, {'controller': 'C3_arbitration_MPC', 'scenario': 'sensor_bias_5', 'seed': 19027, 'step': 157, 'time_s': 1.57, 'aux_inference_ms': 0.7705999996687751, 'reliability_update_ms': 0.015800000255694613, 'arbitration_ms': 0.010700001439545304, 'extension_ms': 0.797100001364015, 'control_compute_ms': nan}, {'controller': 'C3_arbitration_MPC', 'scenario': 'sensor_bias_5', 'seed': 19027, 'step': 158, 'time_s': 1.58, 'aux_inference_ms': 0.7929000021249522, 'reliability_update_ms': 0.015599998732795939, 'arbitration_ms': 0.011500000255182385, 'extension_ms': 0.8200000011129305, 'control_compute_ms': nan}, {'controller': 'C3_arbitration_MPC', 'scenario': 'sensor_bias_5', 'seed': 19027, 'step': 159, 'time_s': 1.59, 'aux_inference_ms': 0.7073999986459967, 'reliability_update_ms': 0.014400000509340316, 'arbitration_ms': 0.010399999155197293, 'extension_ms': 0.7321999983105343, 'control_compute_ms': nan}, {'controller': 'C3_arbitration_MPC', 'scenario': 'sensor_bias_5', 'seed': 19027, 'step': 160, 'time_s': 1.6, 'aux_inference_ms': 0.7253000003402121, 'reliability_update_ms': 0.013900000340072438, 'arbitration_ms': 0.009999999747378752, 'extension_ms': 0.7492000004276633, 'control_compute_ms': 127.75429999965127}, {'controller': 'C3_arbitration_MPC', 'scenario': 'sensor_bias_5', 'seed': 19027, 'step': 161, 'time_s': 1.61, 'aux_inference_ms': 0.6282000031205826, 'reliability_update_ms': 0.016099998902063817, 'arbitration_ms': 0.010600000678095967, 'extension_ms': 0.6549000027007423, 'control_compute_ms': nan}, {'controller': 'C3_arbitration_MPC', 'scenario': 'sensor_bias_5', 'seed': 19027, 'step': 162, 'time_s': 1.62, 'aux_inference_ms': 0.3802999999606982, 'reliability_update_ms': 0.008200000593205914, 'arbitration_ms': 0.004999998054699972, 'extension_ms': 0.3934999986086041, 'control_compute_ms': nan}, {'controller': 'C3_arbitration_MPC', 'scenario': 'sensor_bias_5', 'seed': 19027, 'step': 163, 'time_s': 1.6300000000000001, 'aux_inference_ms': 0.2778000016405713, 'reliability_update_ms': 0.007200000254670158, 'arbitration_ms': 0.004400000761961564, 'extension_ms': 0.289400002657203, 'control_compute_ms': nan}, {'controller': 'C3_arbitration_MPC', 'scenario': 'sensor_bias_5', 'seed': 19027, 'step': 164, 'time_s': 1.6400000000000001, 'aux_inference_ms': 0.2795000000332948, 'reliability_update_ms': 0.007400001777568832, 'arbitration_ms': 0.004600002284860238, 'extension_ms': 0.29150000409572385, 'control_compute_ms': nan}, {'controller': 'C3_arbitration_MPC', 'scenario': 'sensor_bias_5', 'seed': 19027, 'step': 165, 'time_s': 1.6500000000000001, 'aux_inference_ms': 1.1912999980268069, 'reliability_update_ms': 0.14679999731015414, 'arbitration_ms': 0.017399997886968777, 'extension_ms': 1.3554999932239298, 'control_compute_ms': 109.33890000160318}, {'controller': 'C3_arbitration_MPC', 'scenario': 'sensor_bias_5', 'seed': 19027, 'step': 166, 'time_s': 1.6600000000000001, 'aux_inference_ms': 1.343200001429068, 'reliability_update_ms': 0.03269999797339551, 'arbitration_ms': 0.021200001356191933, 'extension_ms': 1.3971000007586554, 'control_compute_ms': nan}, {'controller': 'C3_arbitration_MPC', 'scenario': 'sensor_bias_5', 'seed': 19027, 'step': 167, 'time_s': 1.67, 'aux_inference_ms': 1.044799999363022, 'reliability_update_ms': 0.025299999833805487, 'arbitration_ms': 0.017000002117129043, 'extension_ms': 1.0871000013139565, 'control_compute_ms': nan}, {'controller': 'C3_arbitration_MPC', 'scenario': 'sensor_bias_5', 'seed': 19027, 'step': 168, 'time_s': 1.68, 'aux_inference_ms': 1.1626000014075544, 'reliability_update_ms': 0.025899997126543894, 'arbitration_ms': 0.01759999940986745, 'extension_ms': 1.2060999979439657, 'control_compute_ms': nan}, {'controller': 'C3_arbitration_MPC', 'scenario': 'sensor_bias_5', 'seed': 19027, 'step': 169, 'time_s': 1.69, 'aux_inference_ms': 0.7063000011839904, 'reliability_update_ms': 0.008999999408842996, 'arbitration_ms': 0.005099998816149309, 'extension_ms': 0.7203999994089827, 'control_compute_ms': nan}, {'controller': 'C3_arbitration_MPC', 'scenario': 'sensor_bias_5', 'seed': 19027, 'step': 170, 'time_s': 1.7, 'aux_inference_ms': 0.2553000012994744, 'reliability_update_ms': 0.006599999323952943, 'arbitration_ms': 0.003999997716164216, 'extension_ms': 0.26589999833959155, 'control_compute_ms': 102.24659999948926}, {'controller': 'C3_arbitration_MPC', 'scenario': 'sensor_bias_5', 'seed': 19027, 'step': 171, 'time_s': 1.71, 'aux_inference_ms': 0.8348000010300893, 'reliability_update_ms': 0.0180000024556648, 'arbitration_ms': 0.012399999832268804, 'extension_ms': 0.8652000033180229, 'control_compute_ms': nan}, {'controller': 'C3_arbitration_MPC', 'scenario': 'sensor_bias_5', 'seed': 19027, 'step': 172, 'time_s': 1.72, 'aux_inference_ms': 0.7519999999203719, 'reliability_update_ms': 0.015499997971346602, 'arbitration_ms': 0.01080000220099464, 'extension_ms': 0.7783000000927132, 'control_compute_ms': nan}, {'controller': 'C3_arbitration_MPC', 'scenario': 'sensor_bias_5', 'seed': 19027, 'step': 173, 'time_s': 1.73, 'aux_inference_ms': 0.5581999976129737, 'reliability_update_ms': 0.010300002031726763, 'arbitration_ms': 0.006399997801054269, 'extension_ms': 0.5748999974457547, 'control_compute_ms': nan}, {'controller': 'C3_arbitration_MPC', 'scenario': 'sensor_bias_5', 'seed': 19027, 'step': 174, 'time_s': 1.74, 'aux_inference_ms': 0.5627000027743634, 'reliability_update_ms': 0.010200001270277426, 'arbitration_ms': 0.006500002200482413, 'extension_ms': 0.5794000062451232, 'control_compute_ms': nan}, {'controller': 'C3_arbitration_MPC', 'scenario': 'sensor_bias_5', 'seed': 19027, 'step': 175, 'time_s': 1.75, 'aux_inference_ms': 1.6552999986743089, 'reliability_update_ms': 0.035099998058285564, 'arbitration_ms': 0.02260000110254623, 'extension_ms': 1.7129999978351407, 'control_compute_ms': 122.3643000012089}, {'controller': 'C3_arbitration_MPC', 'scenario': 'sensor_bias_5', 'seed': 19027, 'step': 176, 'time_s': 1.76, 'aux_inference_ms': 0.33460000122431666, 'reliability_update_ms': 0.00839999847812578, 'arbitration_ms': 0.005199999577598646, 'extension_ms': 0.3481999992800411, 'control_compute_ms': nan}, {'controller': 'C3_arbitration_MPC', 'scenario': 'sensor_bias_5', 'seed': 19027, 'step': 177, 'time_s': 1.77, 'aux_inference_ms': 0.7722999980614986, 'reliability_update_ms': 0.025400000595254824, 'arbitration_ms': 0.01679999695625156, 'extension_ms': 0.814499995613005, 'control_compute_ms': nan}, {'controller': 'C3_arbitration_MPC', 'scenario': 'sensor_bias_5', 'seed': 19027, 'step': 178, 'time_s': 1.78, 'aux_inference_ms': 0.2978999982587993, 'reliability_update_ms': 0.006499998562503606, 'arbitration_ms': 0.004400000761961564, 'extension_ms': 0.3087999975832645, 'control_compute_ms': nan}, {'controller': 'C3_arbitration_MPC', 'scenario': 'sensor_bias_5', 'seed': 19027, 'step': 179, 'time_s': 1.79, 'aux_inference_ms': 0.26590000197757035, 'reliability_update_ms': 0.00679999720887281, 'arbitration_ms': 0.00419999923906289, 'extension_ms': 0.27689999842550606, 'control_compute_ms': nan}, {'controller': 'C3_arbitration_MPC', 'scenario': 'sensor_bias_5', 'seed': 19027, 'step': 180, 'time_s': 1.8, 'aux_inference_ms': 0.2585000002000015, 'reliability_update_ms': 0.006400001439033076, 'arbitration_ms': 0.0040000013541430235, 'extension_ms': 0.2689000029931776, 'control_compute_ms': 173.63299999851733}, {'controller': 'C3_arbitration_MPC', 'scenario': 'sensor_bias_5', 'seed': 19027, 'step': 181, 'time_s': 1.81, 'aux_inference_ms': 0.5526000022655353, 'reliability_update_ms': 0.012600001355167478, 'arbitration_ms': 0.008600000001024455, 'extension_ms': 0.5738000036217272, 'control_compute_ms': nan}, {'controller': 'C3_arbitration_MPC', 'scenario': 'sensor_bias_5', 'seed': 19027, 'step': 182, 'time_s': 1.82, 'aux_inference_ms': 0.4769000006490387, 'reliability_update_ms': 0.009899998985929415, 'arbitration_ms': 0.007300001016119495, 'extension_ms': 0.4941000006510876, 'control_compute_ms': nan}, {'controller': 'C3_arbitration_MPC', 'scenario': 'sensor_bias_5', 'seed': 19027, 'step': 183, 'time_s': 1.83, 'aux_inference_ms': 0.4866999988735188, 'reliability_update_ms': 0.009800001862458885, 'arbitration_ms': 0.006999998731771484, 'extension_ms': 0.5034999994677491, 'control_compute_ms': nan}, {'controller': 'C3_arbitration_MPC', 'scenario': 'sensor_bias_5', 'seed': 19027, 'step': 184, 'time_s': 1.84, 'aux_inference_ms': 0.616100001934683, 'reliability_update_ms': 0.01219999830937013, 'arbitration_ms': 0.008700000762473792, 'extension_ms': 0.6370000010065269, 'control_compute_ms': nan}, {'controller': 'C3_arbitration_MPC', 'scenario': 'sensor_bias_5', 'seed': 19027, 'step': 185, 'time_s': 1.85, 'aux_inference_ms': 0.6135000003268942, 'reliability_update_ms': 0.012600001355167478, 'arbitration_ms': 0.008999999408842996, 'extension_ms': 0.6351000010909047, 'control_compute_ms': 32.38160000182688}, {'controller': 'C3_arbitration_MPC', 'scenario': 'sensor_bias_5', 'seed': 19027, 'step': 186, 'time_s': 1.86, 'aux_inference_ms': 0.36529999852064066, 'reliability_update_ms': 0.00960000033956021, 'arbitration_ms': 0.006300000677583739, 'extension_ms': 0.3811999995377846, 'control_compute_ms': nan}, {'controller': 'C3_arbitration_MPC', 'scenario': 'sensor_bias_5', 'seed': 19027, 'step': 187, 'time_s': 1.87, 'aux_inference_ms': 0.32909999936237, 'reliability_update_ms': 0.007899998308857903, 'arbitration_ms': 0.005299996701069176, 'extension_ms': 0.3422999943722971, 'control_compute_ms': nan}, {'controller': 'C3_arbitration_MPC', 'scenario': 'sensor_bias_5', 'seed': 19027, 'step': 188, 'time_s': 1.8800000000000001, 'aux_inference_ms': 0.21390000256360509, 'reliability_update_ms': 0.005599998985417187, 'arbitration_ms': 0.0039000005926936865, 'extension_ms': 0.22340000214171596, 'control_compute_ms': nan}, {'controller': 'C3_arbitration_MPC', 'scenario': 'sensor_bias_5', 'seed': 19027, 'step': 189, 'time_s': 1.8900000000000001, 'aux_inference_ms': 0.19330000213813037, 'reliability_update_ms': 0.005500001861946657, 'arbitration_ms': 0.0035999983083456755, 'extension_ms': 0.2024000023084227, 'control_compute_ms': nan}, {'controller': 'C3_arbitration_MPC', 'scenario': 'sensor_bias_5', 'seed': 19027, 'step': 190, 'time_s': 1.9000000000000001, 'aux_inference_ms': 0.2616000019770581, 'reliability_update_ms': 0.005699999746866524, 'arbitration_ms': 0.0036000019463244826, 'extension_ms': 0.27090000367024913, 'control_compute_ms': 123.12009999732254}, {'controller': 'C3_arbitration_MPC', 'scenario': 'sensor_bias_5', 'seed': 19027, 'step': 191, 'time_s': 1.9100000000000001, 'aux_inference_ms': 0.5863000005774666, 'reliability_update_ms': 0.01460000203223899, 'arbitration_ms': 0.010100000508828089, 'extension_ms': 0.6110000031185336, 'control_compute_ms': nan}, {'controller': 'C3_arbitration_MPC', 'scenario': 'sensor_bias_5', 'seed': 19027, 'step': 192, 'time_s': 1.92, 'aux_inference_ms': 0.5249999994703103, 'reliability_update_ms': 0.013100001524435356, 'arbitration_ms': 0.00960000033956021, 'extension_ms': 0.5477000013343059, 'control_compute_ms': nan}, {'controller': 'C3_arbitration_MPC', 'scenario': 'sensor_bias_5', 'seed': 19027, 'step': 193, 'time_s': 1.93, 'aux_inference_ms': 0.5414000006567221, 'reliability_update_ms': 0.01309999788645655, 'arbitration_ms': 0.008700000762473792, 'extension_ms': 0.5631999993056525, 'control_compute_ms': nan}, {'controller': 'C3_arbitration_MPC', 'scenario': 'sensor_bias_5', 'seed': 19027, 'step': 194, 'time_s': 1.94, 'aux_inference_ms': 0.5399000001489185, 'reliability_update_ms': 0.01340000017080456, 'arbitration_ms': 0.008600000001024455, 'extension_ms': 0.5619000003207475, 'control_compute_ms': nan}, {'controller': 'C3_arbitration_MPC', 'scenario': 'sensor_bias_5', 'seed': 19027, 'step': 195, 'time_s': 1.95, 'aux_inference_ms': 0.46269999802461825, 'reliability_update_ms': 0.011000000085914508, 'arbitration_ms': 0.007399998139590025, 'extension_ms': 0.4810999962501228, 'control_compute_ms': 146.59839999876567}, {'controller': 'C3_arbitration_MPC', 'scenario': 'sensor_bias_5', 'seed': 19027, 'step': 196, 'time_s': 1.96, 'aux_inference_ms': 0.382099999114871, 'reliability_update_ms': 0.008900002285372466, 'arbitration_ms': 0.005300000339047983, 'extension_ms': 0.3963000017392915, 'control_compute_ms': nan}, {'controller': 'C3_arbitration_MPC', 'scenario': 'sensor_bias_5', 'seed': 19027, 'step': 197, 'time_s': 1.97, 'aux_inference_ms': 0.310799998260336, 'reliability_update_ms': 0.01170000177808106, 'arbitration_ms': 0.008299997716676444, 'extension_ms': 0.3307999977550935, 'control_compute_ms': nan}, {'controller': 'C3_arbitration_MPC', 'scenario': 'sensor_bias_5', 'seed': 19027, 'step': 198, 'time_s': 1.98, 'aux_inference_ms': 0.3374999978404958, 'reliability_update_ms': 0.00790000194683671, 'arbitration_ms': 0.005399997462518513, 'extension_ms': 0.350799997249851, 'control_compute_ms': nan}, {'controller': 'C3_arbitration_MPC', 'scenario': 'sensor_bias_5', 'seed': 19027, 'step': 199, 'time_s': 1.99, 'aux_inference_ms': 0.23970000256667845, 'reliability_update_ms': 0.006300000677583739, 'arbitration_ms': 0.003999997716164216, 'extension_ms': 0.2500000009604264, 'control_compute_ms': nan}, {'controller': 'C3_arbitration_MPC', 'scenario': 'sensor_bias_5', 'seed': 19027, 'step': 200, 'time_s': 2.0, 'aux_inference_ms': 0.22219999664230272, 'reliability_update_ms': 0.005899997631786391, 'arbitration_ms': 0.006199999916134402, 'extension_ms': 0.23429999419022352, 'control_compute_ms': 145.2078000002075}, {'controller': 'C3_arbitration_MPC', 'scenario': 'sensor_bias_5', 'seed': 19027, 'step': 201, 'time_s': 2.0100000000000002, 'aux_inference_ms': 1.3008999994781334, 'reliability_update_ms': 0.027800000680144876, 'arbitration_ms': 0.02640000093379058, 'extension_ms': 1.3551000010920689, 'control_compute_ms': nan}, {'controller': 'C3_arbitration_MPC', 'scenario': 'sensor_bias_5', 'seed': 19027, 'step': 202, 'time_s': 2.02, 'aux_inference_ms': 1.4072000012674835, 'reliability_update_ms': 0.032400002965005115, 'arbitration_ms': 0.02930000118794851, 'extension_ms': 1.468900005420437, 'control_compute_ms': nan}, {'controller': 'C3_arbitration_MPC', 'scenario': 'sensor_bias_5', 'seed': 19027, 'step': 203, 'time_s': 2.0300000000000002, 'aux_inference_ms': 1.421900000423193, 'reliability_update_ms': 0.1373999984934926, 'arbitration_ms': 0.03460000152699649, 'extension_ms': 1.593900000443682, 'control_compute_ms': nan}, {'controller': 'C3_arbitration_MPC', 'scenario': 'sensor_bias_5', 'seed': 19027, 'step': 204, 'time_s': 2.04, 'aux_inference_ms': 0.5157000014150981, 'reliability_update_ms': 0.01049999991664663, 'arbitration_ms': 0.009999999747378752, 'extension_ms': 0.5362000010791235, 'control_compute_ms': nan}, {'controller': 'C3_arbitration_MPC', 'scenario': 'sensor_bias_5', 'seed': 19027, 'step': 205, 'time_s': 2.05, 'aux_inference_ms': 0.4865000009885989, 'reliability_update_ms': 0.010100000508828089, 'arbitration_ms': 0.009999999747378752, 'extension_ms': 0.5066000012448058, 'control_compute_ms': 131.55510000069626}, {'controller': 'C3_arbitration_MPC', 'scenario': 'sensor_bias_5', 'seed': 19027, 'step': 206, 'time_s': 2.06, 'aux_inference_ms': 1.3466000018524937, 'reliability_update_ms': 0.032899999496294186, 'arbitration_ms': 0.026300000172341242, 'extension_ms': 1.4058000015211292, 'control_compute_ms': nan}, {'controller': 'C3_arbitration_MPC', 'scenario': 'sensor_bias_5', 'seed': 19027, 'step': 207, 'time_s': 2.07, 'aux_inference_ms': 1.1575999997148756, 'reliability_update_ms': 0.02550000135670416, 'arbitration_ms': 0.02170000152545981, 'extension_ms': 1.2048000025970396, 'control_compute_ms': nan}, {'controller': 'C3_arbitration_MPC', 'scenario': 'sensor_bias_5', 'seed': 19027, 'step': 208, 'time_s': 2.08, 'aux_inference_ms': 1.08140000156709, 'reliability_update_ms': 0.023799999326001853, 'arbitration_ms': 0.021600000764010474, 'extension_ms': 1.1268000016571023, 'control_compute_ms': nan}, {'controller': 'C3_arbitration_MPC', 'scenario': 'sensor_bias_5', 'seed': 19027, 'step': 209, 'time_s': 2.09, 'aux_inference_ms': 1.0922000001301058, 'reliability_update_ms': 0.028899998142151162, 'arbitration_ms': 0.02380000296398066, 'extension_ms': 1.1449000012362376, 'control_compute_ms': nan}, {'controller': 'C3_arbitration_MPC', 'scenario': 'sensor_bias_5', 'seed': 19027, 'step': 210, 'time_s': 2.1, 'aux_inference_ms': 0.24739999935263768, 'reliability_update_ms': 0.006199999916134402, 'arbitration_ms': 0.005500001861946657, 'extension_ms': 0.25910000113071874, 'control_compute_ms': 161.22209999957704}, {'controller': 'C3_arbitration_MPC', 'scenario': 'sensor_bias_5', 'seed': 19027, 'step': 211, 'time_s': 2.11, 'aux_inference_ms': 0.30449999758275226, 'reliability_update_ms': 0.018699996871873736, 'arbitration_ms': 0.015699999494245276, 'extension_ms': 0.33889999394887127, 'control_compute_ms': nan}, {'controller': 'C3_arbitration_MPC', 'scenario': 'sensor_bias_5', 'seed': 19027, 'step': 212, 'time_s': 2.12, 'aux_inference_ms': 0.7172000005084556, 'reliability_update_ms': 0.07369999730144627, 'arbitration_ms': 0.045600001612911, 'extension_ms': 0.8364999994228128, 'control_compute_ms': nan}, {'controller': 'C3_arbitration_MPC', 'scenario': 'sensor_bias_5', 'seed': 19027, 'step': 213, 'time_s': 2.13, 'aux_inference_ms': 0.2730999985942617, 'reliability_update_ms': 0.006400001439033076, 'arbitration_ms': 0.00549999822396785, 'extension_ms': 0.28499999825726263, 'control_compute_ms': nan}, {'controller': 'C3_arbitration_MPC', 'scenario': 'sensor_bias_5', 'seed': 19027, 'step': 214, 'time_s': 2.14, 'aux_inference_ms': 0.22979999994277023, 'reliability_update_ms': 0.00670000008540228, 'arbitration_ms': 0.005300000339047983, 'extension_ms': 0.2418000003672205, 'control_compute_ms': nan}, {'controller': 'C3_arbitration_MPC', 'scenario': 'sensor_bias_5', 'seed': 19027, 'step': 215, 'time_s': 2.15, 'aux_inference_ms': 0.2537000000302214, 'reliability_update_ms': 0.005799996870337054, 'arbitration_ms': 0.004900000931229442, 'extension_ms': 0.2643999978317879, 'control_compute_ms': 41.101099999650614}, {'controller': 'C3_arbitration_MPC', 'scenario': 'sensor_bias_5', 'seed': 19027, 'step': 216, 'time_s': 2.16, 'aux_inference_ms': 1.0753999995358754, 'reliability_update_ms': 0.03690000085043721, 'arbitration_ms': 0.026500001695239916, 'extension_ms': 1.1388000020815525, 'control_compute_ms': nan}, {'controller': 'C3_arbitration_MPC', 'scenario': 'sensor_bias_5', 'seed': 19027, 'step': 217, 'time_s': 2.17, 'aux_inference_ms': 0.579800002014963, 'reliability_update_ms': 0.013299999409355223, 'arbitration_ms': 0.011600001016631722, 'extension_ms': 0.6047000024409499, 'control_compute_ms': nan}, {'controller': 'C3_arbitration_MPC', 'scenario': 'sensor_bias_5', 'seed': 19027, 'step': 218, 'time_s': 2.18, 'aux_inference_ms': 0.5049999999755528, 'reliability_update_ms': 0.013399996532825753, 'arbitration_ms': 0.011000000085914508, 'extension_ms': 0.529399996594293, 'control_compute_ms': nan}, {'controller': 'C3_arbitration_MPC', 'scenario': 'sensor_bias_5', 'seed': 19027, 'step': 219, 'time_s': 2.19, 'aux_inference_ms': 0.4447999999683816, 'reliability_update_ms': 0.011699998140102252, 'arbitration_ms': 0.0104000027931761, 'extension_ms': 0.46690000090165995, 'control_compute_ms': nan}, {'controller': 'C3_arbitration_MPC', 'scenario': 'sensor_bias_5', 'seed': 19027, 'step': 220, 'time_s': 2.2, 'aux_inference_ms': 0.5377999987103976, 'reliability_update_ms': 0.013900000340072438, 'arbitration_ms': 0.011100000847363845, 'extension_ms': 0.5627999998978339, 'control_compute_ms': 79.15040000079898}, {'controller': 'C3_arbitration_MPC', 'scenario': 'sensor_bias_5', 'seed': 19027, 'step': 221, 'time_s': 2.21, 'aux_inference_ms': 0.5070000006526243, 'reliability_update_ms': 0.01309999788645655, 'arbitration_ms': 0.011199997970834374, 'extension_ms': 0.5312999965099152, 'control_compute_ms': nan}, {'controller': 'C3_arbitration_MPC', 'scenario': 'sensor_bias_5', 'seed': 19027, 'step': 222, 'time_s': 2.22, 'aux_inference_ms': 0.40439999793306924, 'reliability_update_ms': 0.010299998393747956, 'arbitration_ms': 0.008999999408842996, 'extension_ms': 0.4236999957356602, 'control_compute_ms': nan}, {'controller': 'C3_arbitration_MPC', 'scenario': 'sensor_bias_5', 'seed': 19027, 'step': 223, 'time_s': 2.23, 'aux_inference_ms': 0.38549999953829683, 'reliability_update_ms': 0.010799998563015833, 'arbitration_ms': 0.008299997716676444, 'extension_ms': 0.4045999958179891, 'control_compute_ms': nan}, {'controller': 'C3_arbitration_MPC', 'scenario': 'sensor_bias_5', 'seed': 19027, 'step': 224, 'time_s': 2.24, 'aux_inference_ms': 0.3847999978461303, 'reliability_update_ms': 0.01049999991664663, 'arbitration_ms': 0.008600000001024455, 'extension_ms': 0.40389999776380137, 'control_compute_ms': nan}, {'controller': 'C3_arbitration_MPC', 'scenario': 'sensor_bias_5', 'seed': 19027, 'step': 225, 'time_s': 2.25, 'aux_inference_ms': 0.4098999997950159, 'reliability_update_ms': 0.008999999408842996, 'arbitration_ms': 0.008300001354655251, 'extension_ms': 0.42720000055851415, 'control_compute_ms': 107.57290000037756}, {'controller': 'C3_arbitration_MPC', 'scenario': 'sensor_bias_5', 'seed': 19027, 'step': 226, 'time_s': 2.2600000000000002, 'aux_inference_ms': 0.5812000017613173, 'reliability_update_ms': 0.016599999071331695, 'arbitration_ms': 0.016499998309882358, 'extension_ms': 0.6142999991425313, 'control_compute_ms': nan}, {'controller': 'C3_arbitration_MPC', 'scenario': 'sensor_bias_5', 'seed': 19027, 'step': 227, 'time_s': 2.27, 'aux_inference_ms': 0.6503999975393526, 'reliability_update_ms': 0.015199999324977398, 'arbitration_ms': 0.011000000085914508, 'extension_ms': 0.6765999969502445, 'control_compute_ms': nan}, {'controller': 'C3_arbitration_MPC', 'scenario': 'sensor_bias_5', 'seed': 19027, 'step': 228, 'time_s': 2.2800000000000002, 'aux_inference_ms': 0.23069999951985665, 'reliability_update_ms': 0.011600001016631722, 'arbitration_ms': 0.005199999577598646, 'extension_ms': 0.24750000011408702, 'control_compute_ms': nan}, {'controller': 'C3_arbitration_MPC', 'scenario': 'sensor_bias_5', 'seed': 19027, 'step': 229, 'time_s': 2.29, 'aux_inference_ms': 0.24300000222865492, 'reliability_update_ms': 0.007399998139590025, 'arbitration_ms': 0.005100002454128116, 'extension_ms': 0.25550000282237306, 'control_compute_ms': nan}, {'controller': 'C3_arbitration_MPC', 'scenario': 'sensor_bias_5', 'seed': 19027, 'step': 230, 'time_s': 2.3000000000000003, 'aux_inference_ms': 0.21550000019487925, 'reliability_update_ms': 0.005900001269765198, 'arbitration_ms': 0.004999998054699972, 'extension_ms': 0.22639999951934442, 'control_compute_ms': 147.23059999960242}, {'controller': 'C3_arbitration_MPC', 'scenario': 'sensor_bias_5', 'seed': 19027, 'step': 231, 'time_s': 2.31, 'aux_inference_ms': 0.581899999815505, 'reliability_update_ms': 0.01219999830937013, 'arbitration_ms': 0.01340000017080456, 'extension_ms': 0.6074999982956797, 'control_compute_ms': nan}, {'controller': 'C3_arbitration_MPC', 'scenario': 'sensor_bias_5', 'seed': 19027, 'step': 232, 'time_s': 2.32, 'aux_inference_ms': 0.39679999827058055, 'reliability_update_ms': 0.010100000508828089, 'arbitration_ms': 0.00920000093174167, 'extension_ms': 0.4160999997111503, 'control_compute_ms': nan}, {'controller': 'C3_arbitration_MPC', 'scenario': 'sensor_bias_5', 'seed': 19027, 'step': 233, 'time_s': 2.33, 'aux_inference_ms': 0.378099997760728, 'reliability_update_ms': 0.008600000001024455, 'arbitration_ms': 0.008099999831756577, 'extension_ms': 0.39479999759350903, 'control_compute_ms': nan}, {'controller': 'C3_arbitration_MPC', 'scenario': 'sensor_bias_5', 'seed': 19027, 'step': 234, 'time_s': 2.34, 'aux_inference_ms': 0.6208999984664842, 'reliability_update_ms': 0.006300000677583739, 'arbitration_ms': 0.005300000339047983, 'extension_ms': 0.632499999483116, 'control_compute_ms': nan}, {'controller': 'C3_arbitration_MPC', 'scenario': 'sensor_bias_5', 'seed': 19027, 'step': 235, 'time_s': 2.35, 'aux_inference_ms': 0.3083000010519754, 'reliability_update_ms': 0.005199999577598646, 'arbitration_ms': 0.004500001523410901, 'extension_ms': 0.31800000215298496, 'control_compute_ms': 80.23949999915203}, {'controller': 'C3_arbitration_MPC', 'scenario': 'sensor_bias_5', 'seed': 19027, 'step': 236, 'time_s': 2.36, 'aux_inference_ms': 0.3768999995372724, 'reliability_update_ms': 0.009799998224480078, 'arbitration_ms': 0.0092999980552122, 'extension_ms': 0.39599999581696466, 'control_compute_ms': nan}, {'controller': 'C3_arbitration_MPC', 'scenario': 'sensor_bias_5', 'seed': 19027, 'step': 237, 'time_s': 2.37, 'aux_inference_ms': 0.30699999842909165, 'reliability_update_ms': 0.008000002708286047, 'arbitration_ms': 0.010600000678095967, 'extension_ms': 0.32560000181547366, 'control_compute_ms': nan}, {'controller': 'C3_arbitration_MPC', 'scenario': 'sensor_bias_5', 'seed': 19027, 'step': 238, 'time_s': 2.38, 'aux_inference_ms': 0.2993000016431324, 'reliability_update_ms': 0.008900002285372466, 'arbitration_ms': 0.007300001016119495, 'extension_ms': 0.3155000049446244, 'control_compute_ms': nan}, {'controller': 'C3_arbitration_MPC', 'scenario': 'sensor_bias_5', 'seed': 19027, 'step': 239, 'time_s': 2.39, 'aux_inference_ms': 0.29269999868120067, 'reliability_update_ms': 0.007500002539018169, 'arbitration_ms': 0.006400001439033076, 'extension_ms': 0.3066000026592519, 'control_compute_ms': nan}, {'controller': 'C3_arbitration_MPC', 'scenario': 'sensor_bias_5', 'seed': 19027, 'step': 240, 'time_s': 2.4, 'aux_inference_ms': 0.2888000017264858, 'reliability_update_ms': 0.007700000423938036, 'arbitration_ms': 0.006300000677583739, 'extension_ms': 0.30280000282800756, 'control_compute_ms': 118.44980000023497}, {'controller': 'C3_arbitration_MPC', 'scenario': 'sensor_bias_5', 'seed': 19027, 'step': 241, 'time_s': 2.41, 'aux_inference_ms': 0.9462999987590592, 'reliability_update_ms': 0.021899999410379678, 'arbitration_ms': 0.016599999071331695, 'extension_ms': 0.9847999972407706, 'control_compute_ms': nan}, {'controller': 'C3_arbitration_MPC', 'scenario': 'sensor_bias_5', 'seed': 19027, 'step': 242, 'time_s': 2.42, 'aux_inference_ms': 0.2993000016431324, 'reliability_update_ms': 0.006399997801054269, 'arbitration_ms': 0.00540000110049732, 'extension_ms': 0.311100000544684, 'control_compute_ms': nan}, {'controller': 'C3_arbitration_MPC', 'scenario': 'sensor_bias_5', 'seed': 19027, 'step': 243, 'time_s': 2.43, 'aux_inference_ms': 0.19269999756943434, 'reliability_update_ms': 0.005099998816149309, 'arbitration_ms': 0.00419999923906289, 'extension_ms': 0.20199999562464654, 'control_compute_ms': nan}, {'controller': 'C3_arbitration_MPC', 'scenario': 'sensor_bias_5', 'seed': 19027, 'step': 244, 'time_s': 2.44, 'aux_inference_ms': 0.17420000222045928, 'reliability_update_ms': 0.0042000028770416975, 'arbitration_ms': 0.0036999990697950125, 'extension_ms': 0.182100004167296, 'control_compute_ms': nan}, {'controller': 'C3_arbitration_MPC', 'scenario': 'sensor_bias_5', 'seed': 19027, 'step': 245, 'time_s': 2.45, 'aux_inference_ms': 0.21980000019539148, 'reliability_update_ms': 0.005599998985417187, 'arbitration_ms': 0.004800000169780105, 'extension_ms': 0.23019999935058877, 'control_compute_ms': 30.275600001914427}, {'controller': 'C3_arbitration_MPC', 'scenario': 'sensor_bias_5', 'seed': 19027, 'step': 246, 'time_s': 2.46, 'aux_inference_ms': 0.33880000046337955, 'reliability_update_ms': 0.008099999831756577, 'arbitration_ms': 0.00679999720887281, 'extension_ms': 0.35369999750400893, 'control_compute_ms': nan}, {'controller': 'C3_arbitration_MPC', 'scenario': 'sensor_bias_5', 'seed': 19027, 'step': 247, 'time_s': 2.47, 'aux_inference_ms': 0.30329999935929663, 'reliability_update_ms': 0.006099999154685065, 'arbitration_ms': 0.005399997462518513, 'extension_ms': 0.3147999959765002, 'control_compute_ms': nan}, {'controller': 'C3_arbitration_MPC', 'scenario': 'sensor_bias_5', 'seed': 19027, 'step': 248, 'time_s': 2.48, 'aux_inference_ms': 0.25770000138436444, 'reliability_update_ms': 0.007000002369750291, 'arbitration_ms': 0.006199999916134402, 'extension_ms': 0.27090000367024913, 'control_compute_ms': nan}, {'controller': 'C3_arbitration_MPC', 'scenario': 'sensor_bias_5', 'seed': 19027, 'step': 249, 'time_s': 2.49, 'aux_inference_ms': 0.22560000070370734, 'reliability_update_ms': 0.005900001269765198, 'arbitration_ms': 0.005099998816149309, 'extension_ms': 0.23660000078962184, 'control_compute_ms': nan}, {'controller': 'C3_arbitration_MPC', 'scenario': 'sensor_bias_5', 'seed': 19027, 'step': 250, 'time_s': 2.5, 'aux_inference_ms': 0.21240000205580145, 'reliability_update_ms': 0.005100002454128116, 'arbitration_ms': 0.004599998646881431, 'extension_ms': 0.222100003156811, 'control_compute_ms': 19.0416000004916}, {'controller': 'C3_arbitration_MPC', 'scenario': 'sensor_bias_5', 'seed': 19027, 'step': 251, 'time_s': 2.5100000000000002, 'aux_inference_ms': 0.3121999980066903, 'reliability_update_ms': 0.00790000194683671, 'arbitration_ms': 0.006800000846851617, 'extension_ms': 0.3269000008003786, 'control_compute_ms': nan}, {'controller': 'C3_arbitration_MPC', 'scenario': 'sensor_bias_5', 'seed': 19027, 'step': 252, 'time_s': 2.52, 'aux_inference_ms': 0.23210000290418975, 'reliability_update_ms': 0.008899998647393659, 'arbitration_ms': 0.005500001861946657, 'extension_ms': 0.24650000341353007, 'control_compute_ms': nan}, {'controller': 'C3_arbitration_MPC', 'scenario': 'sensor_bias_5', 'seed': 19027, 'step': 253, 'time_s': 2.5300000000000002, 'aux_inference_ms': 0.23719999808236025, 'reliability_update_ms': 0.006999998731771484, 'arbitration_ms': 0.006099999154685065, 'extension_ms': 0.2502999959688168, 'control_compute_ms': nan}, {'controller': 'C3_arbitration_MPC', 'scenario': 'sensor_bias_5', 'seed': 19027, 'step': 254, 'time_s': 2.54, 'aux_inference_ms': 0.22779999926569872, 'reliability_update_ms': 0.006000002031214535, 'arbitration_ms': 0.004999998054699972, 'extension_ms': 0.23879999935161322, 'control_compute_ms': nan}, {'controller': 'C3_arbitration_MPC', 'scenario': 'sensor_bias_5', 'seed': 19027, 'step': 255, 'time_s': 2.5500000000000003, 'aux_inference_ms': 0.22979999994277023, 'reliability_update_ms': 0.006000002031214535, 'arbitration_ms': 0.005300000339047983, 'extension_ms': 0.24110000231303275, 'control_compute_ms': 110.65179999786778}, {'controller': 'C3_arbitration_MPC', 'scenario': 'sensor_bias_5', 'seed': 19027, 'step': 256, 'time_s': 2.56, 'aux_inference_ms': 0.27879999834112823, 'reliability_update_ms': 0.007700000423938036, 'arbitration_ms': 0.00670000008540228, 'extension_ms': 0.29319999885046855, 'control_compute_ms': nan}, {'controller': 'C3_arbitration_MPC', 'scenario': 'sensor_bias_5', 'seed': 19027, 'step': 257, 'time_s': 2.57, 'aux_inference_ms': 0.26699999943957664, 'reliability_update_ms': 0.006900001608300954, 'arbitration_ms': 0.006599999323952943, 'extension_ms': 0.28050000037183054, 'control_compute_ms': nan}, {'controller': 'C3_arbitration_MPC', 'scenario': 'sensor_bias_5', 'seed': 19027, 'step': 258, 'time_s': 2.58, 'aux_inference_ms': 0.20450000010896474, 'reliability_update_ms': 0.005699999746866524, 'arbitration_ms': 0.004699999408330768, 'extension_ms': 0.21489999926416203, 'control_compute_ms': nan}, {'controller': 'C3_arbitration_MPC', 'scenario': 'sensor_bias_5', 'seed': 19027, 'step': 259, 'time_s': 2.59, 'aux_inference_ms': 0.22470000112662092, 'reliability_update_ms': 0.004699999408330768, 'arbitration_ms': 0.0037999998312443495, 'extension_ms': 0.23320000036619604, 'control_compute_ms': nan}, {'controller': 'C3_arbitration_MPC', 'scenario': 'sensor_bias_5', 'seed': 19027, 'step': 260, 'time_s': 2.6, 'aux_inference_ms': 0.18289999934495427, 'reliability_update_ms': 0.004800000169780105, 'arbitration_ms': 0.0037999998312443495, 'extension_ms': 0.19149999934597872, 'control_compute_ms': 105.2166000008583}, {'controller': 'C3_arbitration_MPC', 'scenario': 'sensor_bias_5', 'seed': 19027, 'step': 261, 'time_s': 2.61, 'aux_inference_ms': 0.3055000015592668, 'reliability_update_ms': 0.007300001016119495, 'arbitration_ms': 0.006399997801054269, 'extension_ms': 0.3192000003764406, 'control_compute_ms': nan}, {'controller': 'C3_arbitration_MPC', 'scenario': 'sensor_bias_5', 'seed': 19027, 'step': 262, 'time_s': 2.62, 'aux_inference_ms': 0.21669999841833487, 'reliability_update_ms': 0.006000002031214535, 'arbitration_ms': 0.005599998985417187, 'extension_ms': 0.2282999994349666, 'control_compute_ms': nan}, {'controller': 'C3_arbitration_MPC', 'scenario': 'sensor_bias_5', 'seed': 19027, 'step': 263, 'time_s': 2.63, 'aux_inference_ms': 0.2083000035781879, 'reliability_update_ms': 0.005399997462518513, 'arbitration_ms': 0.004599998646881431, 'extension_ms': 0.21829999968758784, 'control_compute_ms': nan}, {'controller': 'C3_arbitration_MPC', 'scenario': 'sensor_bias_5', 'seed': 19027, 'step': 264, 'time_s': 2.64, 'aux_inference_ms': 0.20250000306987204, 'reliability_update_ms': 0.005099998816149309, 'arbitration_ms': 0.004600002284860238, 'extension_ms': 0.21220000417088158, 'control_compute_ms': nan}, {'controller': 'C3_arbitration_MPC', 'scenario': 'sensor_bias_5', 'seed': 19027, 'step': 265, 'time_s': 2.65, 'aux_inference_ms': 0.19439999960013665, 'reliability_update_ms': 0.004900000931229442, 'arbitration_ms': 0.004499997885432094, 'extension_ms': 0.2037999984167982, 'control_compute_ms': 34.98080000281334}, {'controller': 'C3_arbitration_MPC', 'scenario': 'sensor_bias_5', 'seed': 19027, 'step': 266, 'time_s': 2.66, 'aux_inference_ms': 0.2629999980854336, 'reliability_update_ms': 0.007599999662488699, 'arbitration_ms': 0.006300000677583739, 'extension_ms': 0.27689999842550606, 'control_compute_ms': nan}, {'controller': 'C3_arbitration_MPC', 'scenario': 'sensor_bias_5', 'seed': 19027, 'step': 267, 'time_s': 2.67, 'aux_inference_ms': 0.2480000002833549, 'reliability_update_ms': 0.005800000508315861, 'arbitration_ms': 0.005199999577598646, 'extension_ms': 0.2590000003692694, 'control_compute_ms': nan}, {'controller': 'C3_arbitration_MPC', 'scenario': 'sensor_bias_5', 'seed': 19027, 'step': 268, 'time_s': 2.68, 'aux_inference_ms': 0.2113999980792869, 'reliability_update_ms': 0.005699999746866524, 'arbitration_ms': 0.005000001692678779, 'extension_ms': 0.2220999995188322, 'control_compute_ms': nan}, {'controller': 'C3_arbitration_MPC', 'scenario': 'sensor_bias_5', 'seed': 19027, 'step': 269, 'time_s': 2.69, 'aux_inference_ms': 0.2077999997709412, 'reliability_update_ms': 0.005300000339047983, 'arbitration_ms': 0.004599998646881431, 'extension_ms': 0.21769999875687063, 'control_compute_ms': nan}, {'controller': 'C3_arbitration_MPC', 'scenario': 'sensor_bias_5', 'seed': 19027, 'step': 270, 'time_s': 2.7, 'aux_inference_ms': 0.2314000012120232, 'reliability_update_ms': 0.005300000339047983, 'arbitration_ms': 0.004400000761961564, 'extension_ms': 0.24110000231303275, 'control_compute_ms': 34.560800002509495}, {'controller': 'C3_arbitration_MPC', 'scenario': 'sensor_bias_5', 'seed': 19027, 'step': 271, 'time_s': 2.71, 'aux_inference_ms': 0.2520000016374979, 'reliability_update_ms': 0.005699999746866524, 'arbitration_ms': 0.005199999577598646, 'extension_ms': 0.2629000009619631, 'control_compute_ms': nan}, {'controller': 'C3_arbitration_MPC', 'scenario': 'sensor_bias_5', 'seed': 19027, 'step': 272, 'time_s': 2.72, 'aux_inference_ms': 0.23940000028233044, 'reliability_update_ms': 0.005900001269765198, 'arbitration_ms': 0.005300000339047983, 'extension_ms': 0.2506000018911436, 'control_compute_ms': nan}, {'controller': 'C3_arbitration_MPC', 'scenario': 'sensor_bias_5', 'seed': 19027, 'step': 273, 'time_s': 2.73, 'aux_inference_ms': 0.20260000019334257, 'reliability_update_ms': 0.005099998816149309, 'arbitration_ms': 0.004699999408330768, 'extension_ms': 0.21239999841782264, 'control_compute_ms': nan}, {'controller': 'C3_arbitration_MPC', 'scenario': 'sensor_bias_5', 'seed': 19027, 'step': 274, 'time_s': 2.74, 'aux_inference_ms': 0.19799999790848233, 'reliability_update_ms': 0.005000001692678779, 'arbitration_ms': 0.004499997885432094, 'extension_ms': 0.2074999974865932, 'control_compute_ms': nan}, {'controller': 'C3_arbitration_MPC', 'scenario': 'sensor_bias_5', 'seed': 19027, 'step': 275, 'time_s': 2.75, 'aux_inference_ms': 0.22589999935007654, 'reliability_update_ms': 0.005199999577598646, 'arbitration_ms': 0.004900000931229442, 'extension_ms': 0.23599999985890463, 'control_compute_ms': 43.0426000020816}, {'controller': 'C3_arbitration_MPC', 'scenario': 'sensor_bias_5', 'seed': 19027, 'step': 276, 'time_s': 2.7600000000000002, 'aux_inference_ms': 0.29259999791975133, 'reliability_update_ms': 0.007599999662488699, 'arbitration_ms': 0.006999998731771484, 'extension_ms': 0.3071999963140115, 'control_compute_ms': nan}, {'controller': 'C3_arbitration_MPC', 'scenario': 'sensor_bias_5', 'seed': 19027, 'step': 277, 'time_s': 2.77, 'aux_inference_ms': 0.23519999740528874, 'reliability_update_ms': 0.006199999916134402, 'arbitration_ms': 0.005900001269765198, 'extension_ms': 0.24729999859118834, 'control_compute_ms': nan}, {'controller': 'C3_arbitration_MPC', 'scenario': 'sensor_bias_5', 'seed': 19027, 'step': 278, 'time_s': 2.7800000000000002, 'aux_inference_ms': 0.24750000011408702, 'reliability_update_ms': 0.006599999323952943, 'arbitration_ms': 0.005099998816149309, 'extension_ms': 0.25919999825418927, 'control_compute_ms': nan}, {'controller': 'C3_arbitration_MPC', 'scenario': 'sensor_bias_5', 'seed': 19027, 'step': 279, 'time_s': 2.79, 'aux_inference_ms': 0.21859999833395705, 'reliability_update_ms': 0.005500001861946657, 'arbitration_ms': 0.004999998054699972, 'extension_ms': 0.22909999825060368, 'control_compute_ms': nan}, {'controller': 'C3_arbitration_MPC', 'scenario': 'sensor_bias_5', 'seed': 19027, 'step': 280, 'time_s': 2.8000000000000003, 'aux_inference_ms': 0.21600000036414713, 'reliability_update_ms': 0.005500001861946657, 'arbitration_ms': 0.005099998816149309, 'extension_ms': 0.2266000010422431, 'control_compute_ms': 25.96570000241627}, {'controller': 'C3_arbitration_MPC', 'scenario': 'sensor_bias_5', 'seed': 19027, 'step': 281, 'time_s': 2.81, 'aux_inference_ms': 0.2806999982567504, 'reliability_update_ms': 0.006800000846851617, 'arbitration_ms': 0.00540000110049732, 'extension_ms': 0.29290000020409934, 'control_compute_ms': nan}, {'controller': 'C3_arbitration_MPC', 'scenario': 'sensor_bias_5', 'seed': 19027, 'step': 282, 'time_s': 2.82, 'aux_inference_ms': 0.24330000087502412, 'reliability_update_ms': 0.006500002200482413, 'arbitration_ms': 0.005800000508315861, 'extension_ms': 0.2556000035838224, 'control_compute_ms': nan}, {'controller': 'C3_arbitration_MPC', 'scenario': 'sensor_bias_5', 'seed': 19027, 'step': 283, 'time_s': 2.83, 'aux_inference_ms': 0.3077000001212582, 'reliability_update_ms': 0.007899998308857903, 'arbitration_ms': 0.006999998731771484, 'extension_ms': 0.3225999971618876, 'control_compute_ms': nan}, {'controller': 'C3_arbitration_MPC', 'scenario': 'sensor_bias_5', 'seed': 19027, 'step': 284, 'time_s': 2.84, 'aux_inference_ms': 0.4000000008090865, 'reliability_update_ms': 0.008300001354655251, 'arbitration_ms': 0.006800000846851617, 'extension_ms': 0.41510000301059335, 'control_compute_ms': nan}, {'controller': 'C3_arbitration_MPC', 'scenario': 'sensor_bias_5', 'seed': 19027, 'step': 285, 'time_s': 2.85, 'aux_inference_ms': 0.4797999972652178, 'reliability_update_ms': 0.01639999754843302, 'arbitration_ms': 0.014299999747890979, 'extension_ms': 0.5104999945615418, 'control_compute_ms': 53.604799999448005}, {'controller': 'C3_arbitration_MPC', 'scenario': 'sensor_bias_5', 'seed': 19027, 'step': 286, 'time_s': 2.86, 'aux_inference_ms': 0.25610000011511147, 'reliability_update_ms': 0.007499998901039362, 'arbitration_ms': 0.005500001861946657, 'extension_ms': 0.2691000008780975, 'control_compute_ms': nan}, {'controller': 'C3_arbitration_MPC', 'scenario': 'sensor_bias_5', 'seed': 19027, 'step': 287, 'time_s': 2.87, 'aux_inference_ms': 0.20670000230893493, 'reliability_update_ms': 0.005600002623395994, 'arbitration_ms': 0.005099998816149309, 'extension_ms': 0.21740000374848023, 'control_compute_ms': nan}, {'controller': 'C3_arbitration_MPC', 'scenario': 'sensor_bias_5', 'seed': 19027, 'step': 288, 'time_s': 2.88, 'aux_inference_ms': 0.598599999648286, 'reliability_update_ms': 0.14789999841013923, 'arbitration_ms': 0.012699998478638008, 'extension_ms': 0.7591999965370633, 'control_compute_ms': nan}, {'controller': 'C3_arbitration_MPC', 'scenario': 'sensor_bias_5', 'seed': 19027, 'step': 289, 'time_s': 2.89, 'aux_inference_ms': 0.1970999983313959, 'reliability_update_ms': 0.005100002454128116, 'arbitration_ms': 0.004300000000512227, 'extension_ms': 0.20650000078603625, 'control_compute_ms': nan}, {'controller': 'C3_arbitration_MPC', 'scenario': 'sensor_bias_5', 'seed': 19027, 'step': 290, 'time_s': 2.9, 'aux_inference_ms': 0.1816000003600493, 'reliability_update_ms': 0.004900000931229442, 'arbitration_ms': 0.004300000000512227, 'extension_ms': 0.19080000129179098, 'control_compute_ms': 107.481099999859}, {'controller': 'C3_arbitration_MPC', 'scenario': 'sensor_bias_5', 'seed': 19027, 'step': 291, 'time_s': 2.91, 'aux_inference_ms': 1.6267999999399763, 'reliability_update_ms': 0.0441999982285779, 'arbitration_ms': 0.035000000934815034, 'extension_ms': 1.7059999991033692, 'control_compute_ms': nan}, {'controller': 'C3_arbitration_MPC', 'scenario': 'sensor_bias_5', 'seed': 19027, 'step': 292, 'time_s': 2.92, 'aux_inference_ms': 0.8789000021351967, 'reliability_update_ms': 0.01679999695625156, 'arbitration_ms': 0.01929999780259095, 'extension_ms': 0.9149999968940392, 'control_compute_ms': nan}, {'controller': 'C3_arbitration_MPC', 'scenario': 'sensor_bias_5', 'seed': 19027, 'step': 293, 'time_s': 2.93, 'aux_inference_ms': 0.7671000021218788, 'reliability_update_ms': 0.014799999917158857, 'arbitration_ms': 0.014900000678608194, 'extension_ms': 0.7968000027176458, 'control_compute_ms': nan}, {'controller': 'C3_arbitration_MPC', 'scenario': 'sensor_bias_5', 'seed': 19027, 'step': 294, 'time_s': 2.94, 'aux_inference_ms': 0.7222000022011343, 'reliability_update_ms': 0.01469999915570952, 'arbitration_ms': 0.015499997971346602, 'extension_ms': 0.7523999993281905, 'control_compute_ms': nan}, {'controller': 'C3_arbitration_MPC', 'scenario': 'sensor_bias_5', 'seed': 19027, 'step': 295, 'time_s': 2.95, 'aux_inference_ms': 0.6979999998293351, 'reliability_update_ms': 0.005899997631786391, 'arbitration_ms': 0.0047000030463095754, 'extension_ms': 0.7086000005074311, 'control_compute_ms': 106.50330000135}, {'controller': 'C3_arbitration_MPC', 'scenario': 'sensor_bias_5', 'seed': 19027, 'step': 296, 'time_s': 2.96, 'aux_inference_ms': 0.7359000010183081, 'reliability_update_ms': 0.015600002370774746, 'arbitration_ms': 0.012900000001536682, 'extension_ms': 0.7644000033906195, 'control_compute_ms': nan}, {'controller': 'C3_arbitration_MPC', 'scenario': 'sensor_bias_5', 'seed': 19027, 'step': 297, 'time_s': 2.97, 'aux_inference_ms': 0.41870000131893903, 'reliability_update_ms': 0.011600001016631722, 'arbitration_ms': 0.011300002370262519, 'extension_ms': 0.44160000470583327, 'control_compute_ms': nan}, {'controller': 'C3_arbitration_MPC', 'scenario': 'sensor_bias_5', 'seed': 19027, 'step': 298, 'time_s': 2.98, 'aux_inference_ms': 0.31349999699159525, 'reliability_update_ms': 0.008999999408842996, 'arbitration_ms': 0.007899998308857903, 'extension_ms': 0.33039999470929615, 'control_compute_ms': nan}, {'controller': 'C3_arbitration_MPC', 'scenario': 'sensor_bias_5', 'seed': 19027, 'step': 299, 'time_s': 2.99, 'aux_inference_ms': 0.3022999990207609, 'reliability_update_ms': 0.008899998647393659, 'arbitration_ms': 0.007400001777568832, 'extension_ms': 0.31859999944572337, 'control_compute_ms': nan}, {'controller': 'C3_arbitration_MPC', 'scenario': 'sensor_bias_5', 'seed': 19027, 'step': 300, 'time_s': 3.0, 'aux_inference_ms': 0.5464999994728714, 'reliability_update_ms': 0.011400003131711856, 'arbitration_ms': 0.0121000011858996, 'extension_ms': 0.5700000037904829, 'control_compute_ms': 93.57710000040242}, {'controller': 'C3_arbitration_MPC', 'scenario': 'sensor_bias_5', 'seed': 19027, 'step': 301, 'time_s': 3.0100000000000002, 'aux_inference_ms': 0.5810000002384186, 'reliability_update_ms': 0.006199999916134402, 'arbitration_ms': 0.005899997631786391, 'extension_ms': 0.5930999977863394, 'control_compute_ms': nan}, {'controller': 'C3_arbitration_MPC', 'scenario': 'sensor_bias_5', 'seed': 19027, 'step': 302, 'time_s': 3.02, 'aux_inference_ms': 0.179899998329347, 'reliability_update_ms': 0.004900000931229442, 'arbitration_ms': 0.004800000169780105, 'extension_ms': 0.18959999943035655, 'control_compute_ms': nan}, {'controller': 'C3_arbitration_MPC', 'scenario': 'sensor_bias_5', 'seed': 19027, 'step': 303, 'time_s': 3.0300000000000002, 'aux_inference_ms': 0.1677999971434474, 'reliability_update_ms': 0.004300000000512227, 'arbitration_ms': 0.0037999998312443495, 'extension_ms': 0.17589999697520398, 'control_compute_ms': nan}, {'controller': 'C3_arbitration_MPC', 'scenario': 'sensor_bias_5', 'seed': 19027, 'step': 304, 'time_s': 3.04, 'aux_inference_ms': 0.24769999799900688, 'reliability_update_ms': 0.004599998646881431, 'arbitration_ms': 0.0037999998312443495, 'extension_ms': 0.25609999647713266, 'control_compute_ms': nan}, {'controller': 'C3_arbitration_MPC', 'scenario': 'sensor_bias_5', 'seed': 19027, 'step': 305, 'time_s': 3.0500000000000003, 'aux_inference_ms': 0.17010000010486692, 'reliability_update_ms': 0.004400000761961564, 'arbitration_ms': 0.0039000005926936865, 'extension_ms': 0.17840000145952217, 'control_compute_ms': 21.086900000227615}, {'controller': 'C3_arbitration_MPC', 'scenario': 'sensor_bias_5', 'seed': 19027, 'step': 306, 'time_s': 3.06, 'aux_inference_ms': 0.2807000018947292, 'reliability_update_ms': 0.007200000254670158, 'arbitration_ms': 0.006599999323952943, 'extension_ms': 0.2945000014733523, 'control_compute_ms': nan}, {'controller': 'C3_arbitration_MPC', 'scenario': 'sensor_bias_5', 'seed': 19027, 'step': 307, 'time_s': 3.0700000000000003, 'aux_inference_ms': 0.28649999876506627, 'reliability_update_ms': 0.005899997631786391, 'arbitration_ms': 0.004900000931229442, 'extension_ms': 0.2972999973280821, 'control_compute_ms': nan}, {'controller': 'C3_arbitration_MPC', 'scenario': 'sensor_bias_5', 'seed': 19027, 'step': 308, 'time_s': 3.08, 'aux_inference_ms': 0.21049999850220047, 'reliability_update_ms': 0.00540000110049732, 'arbitration_ms': 0.004999998054699972, 'extension_ms': 0.22089999765739776, 'control_compute_ms': nan}, {'controller': 'C3_arbitration_MPC', 'scenario': 'sensor_bias_5', 'seed': 19027, 'step': 309, 'time_s': 3.09, 'aux_inference_ms': 0.20199999926262535, 'reliability_update_ms': 0.005199999577598646, 'arbitration_ms': 0.004599998646881431, 'extension_ms': 0.21179999748710543, 'control_compute_ms': nan}, {'controller': 'C3_arbitration_MPC', 'scenario': 'sensor_bias_5', 'seed': 19027, 'step': 310, 'time_s': 3.1, 'aux_inference_ms': 0.2454999994370155, 'reliability_update_ms': 0.005300000339047983, 'arbitration_ms': 0.004099998477613553, 'extension_ms': 0.25489999825367704, 'control_compute_ms': 49.58390000319923}, {'controller': 'C3_arbitration_MPC', 'scenario': 'sensor_bias_5', 'seed': 19027, 'step': 311, 'time_s': 3.11, 'aux_inference_ms': 0.5438999978650827, 'reliability_update_ms': 0.012500000593718141, 'arbitration_ms': 0.012000000424450263, 'extension_ms': 0.5683999988832511, 'control_compute_ms': nan}, {'controller': 'C3_arbitration_MPC', 'scenario': 'sensor_bias_5', 'seed': 19027, 'step': 312, 'time_s': 3.12, 'aux_inference_ms': 0.47730000005685724, 'reliability_update_ms': 0.010399999155197293, 'arbitration_ms': 0.0104000027931761, 'extension_ms': 0.49810000200523064, 'control_compute_ms': nan}, {'controller': 'C3_arbitration_MPC', 'scenario': 'sensor_bias_5', 'seed': 19027, 'step': 313, 'time_s': 3.13, 'aux_inference_ms': 0.454699998954311, 'reliability_update_ms': 0.010100000508828089, 'arbitration_ms': 0.010100000508828089, 'extension_ms': 0.4748999999719672, 'control_compute_ms': nan}, {'controller': 'C3_arbitration_MPC', 'scenario': 'sensor_bias_5', 'seed': 19027, 'step': 314, 'time_s': 3.14, 'aux_inference_ms': 0.4757999995490536, 'reliability_update_ms': 0.009499999578110874, 'arbitration_ms': 0.009999999747378752, 'extension_ms': 0.49529999887454323, 'control_compute_ms': nan}, {'controller': 'C3_arbitration_MPC', 'scenario': 'sensor_bias_5', 'seed': 19027, 'step': 315, 'time_s': 3.15, 'aux_inference_ms': 0.44889999844599515, 'reliability_update_ms': 0.009499999578110874, 'arbitration_ms': 0.009800001862458885, 'extension_ms': 0.4681999998865649, 'control_compute_ms': 24.009799999475945}, {'controller': 'C3_arbitration_MPC', 'scenario': 'sensor_bias_5', 'seed': 19027, 'step': 316, 'time_s': 3.16, 'aux_inference_ms': 0.4604999994626269, 'reliability_update_ms': 0.007099999493220821, 'arbitration_ms': 0.005699999746866524, 'extension_ms': 0.4732999987027142, 'control_compute_ms': nan}, {'controller': 'C3_arbitration_MPC', 'scenario': 'sensor_bias_5', 'seed': 19027, 'step': 317, 'time_s': 3.17, 'aux_inference_ms': 0.22640000315732323, 'reliability_update_ms': 0.005699999746866524, 'arbitration_ms': 0.004899997293250635, 'extension_ms': 0.23700000019744039, 'control_compute_ms': nan}, {'controller': 'C3_arbitration_MPC', 'scenario': 'sensor_bias_5', 'seed': 19027, 'step': 318, 'time_s': 3.18, 'aux_inference_ms': 0.17160000061267056, 'reliability_update_ms': 0.004800000169780105, 'arbitration_ms': 0.0037999998312443495, 'extension_ms': 0.180200000613695, 'control_compute_ms': nan}, {'controller': 'C3_arbitration_MPC', 'scenario': 'sensor_bias_5', 'seed': 19027, 'step': 319, 'time_s': 3.19, 'aux_inference_ms': 0.1745000008668285, 'reliability_update_ms': 0.0047000030463095754, 'arbitration_ms': 0.0037999998312443495, 'extension_ms': 0.1830000037443824, 'control_compute_ms': nan}, {'controller': 'C3_arbitration_MPC', 'scenario': 'sensor_bias_5', 'seed': 19027, 'step': 320, 'time_s': 3.2, 'aux_inference_ms': 0.17419999858248048, 'reliability_update_ms': 0.004600002284860238, 'arbitration_ms': 0.004600002284860238, 'extension_ms': 0.18340000315220095, 'control_compute_ms': 20.598500002961373}, {'controller': 'C3_arbitration_MPC', 'scenario': 'sensor_bias_5', 'seed': 19027, 'step': 321, 'time_s': 3.21, 'aux_inference_ms': 0.2569999996921979, 'reliability_update_ms': 0.005800000508315861, 'arbitration_ms': 0.005000001692678779, 'extension_ms': 0.26780000189319253, 'control_compute_ms': nan}, {'controller': 'C3_arbitration_MPC', 'scenario': 'sensor_bias_5', 'seed': 19027, 'step': 322, 'time_s': 3.22, 'aux_inference_ms': 0.3079999987676274, 'reliability_update_ms': 0.006000002031214535, 'arbitration_ms': 0.005300000339047983, 'extension_ms': 0.3193000011378899, 'control_compute_ms': nan}, {'controller': 'C3_arbitration_MPC', 'scenario': 'sensor_bias_5', 'seed': 19027, 'step': 323, 'time_s': 3.23, 'aux_inference_ms': 0.21699999706470408, 'reliability_update_ms': 0.005800000508315861, 'arbitration_ms': 0.005199999577598646, 'extension_ms': 0.22799999715061858, 'control_compute_ms': nan}, {'controller': 'C3_arbitration_MPC', 'scenario': 'sensor_bias_5', 'seed': 19027, 'step': 324, 'time_s': 3.24, 'aux_inference_ms': 0.19869999960064888, 'reliability_update_ms': 0.004900000931229442, 'arbitration_ms': 0.004599998646881431, 'extension_ms': 0.20819999917875975, 'control_compute_ms': nan}, {'controller': 'C3_arbitration_MPC', 'scenario': 'sensor_bias_5', 'seed': 19027, 'step': 325, 'time_s': 3.25, 'aux_inference_ms': 0.22600000011152588, 'reliability_update_ms': 0.005599998985417187, 'arbitration_ms': 0.004900000931229442, 'extension_ms': 0.2365000000281725, 'control_compute_ms': 18.08339999843156}, {'controller': 'C3_arbitration_MPC', 'scenario': 'sensor_bias_5', 'seed': 19027, 'step': 326, 'time_s': 3.2600000000000002, 'aux_inference_ms': 0.2522999966458883, 'reliability_update_ms': 0.006199999916134402, 'arbitration_ms': 0.00540000110049732, 'extension_ms': 0.26389999766252004, 'control_compute_ms': nan}, {'controller': 'C3_arbitration_MPC', 'scenario': 'sensor_bias_5', 'seed': 19027, 'step': 327, 'time_s': 3.27, 'aux_inference_ms': 0.2587999988463707, 'reliability_update_ms': 0.006400001439033076, 'arbitration_ms': 0.006100002792663872, 'extension_ms': 0.2713000030780677, 'control_compute_ms': nan}, {'controller': 'C3_arbitration_MPC', 'scenario': 'sensor_bias_5', 'seed': 19027, 'step': 328, 'time_s': 3.2800000000000002, 'aux_inference_ms': 0.26249999791616574, 'reliability_update_ms': 0.00549999822396785, 'arbitration_ms': 0.004800000169780105, 'extension_ms': 0.2727999963099137, 'control_compute_ms': nan}, {'controller': 'C3_arbitration_MPC', 'scenario': 'sensor_bias_5', 'seed': 19027, 'step': 329, 'time_s': 3.29, 'aux_inference_ms': 0.20619999850168824, 'reliability_update_ms': 0.005300000339047983, 'arbitration_ms': 0.004800000169780105, 'extension_ms': 0.21629999901051633, 'control_compute_ms': nan}, {'controller': 'C3_arbitration_MPC', 'scenario': 'sensor_bias_5', 'seed': 19027, 'step': 330, 'time_s': 3.3000000000000003, 'aux_inference_ms': 0.19830000019283034, 'reliability_update_ms': 0.005000001692678779, 'arbitration_ms': 0.0047000030463095754, 'extension_ms': 0.2080000049318187, 'control_compute_ms': 151.1666000005789}, {'controller': 'C3_arbitration_MPC', 'scenario': 'sensor_bias_5', 'seed': 19027, 'step': 331, 'time_s': 3.31, 'aux_inference_ms': 0.29999999969732016, 'reliability_update_ms': 0.007600003300467506, 'arbitration_ms': 0.006300000677583739, 'extension_ms': 0.3139000036753714, 'control_compute_ms': nan}, {'controller': 'C3_arbitration_MPC', 'scenario': 'sensor_bias_5', 'seed': 19027, 'step': 332, 'time_s': 3.3200000000000003, 'aux_inference_ms': 0.23299999884329736, 'reliability_update_ms': 0.006099999154685065, 'arbitration_ms': 0.005300000339047983, 'extension_ms': 0.2443999983370304, 'control_compute_ms': nan}, {'controller': 'C3_arbitration_MPC', 'scenario': 'sensor_bias_5', 'seed': 19027, 'step': 333, 'time_s': 3.33, 'aux_inference_ms': 0.20050000239280052, 'reliability_update_ms': 0.004999998054699972, 'arbitration_ms': 0.003999997716164216, 'extension_ms': 0.2094999981636647, 'control_compute_ms': nan}, {'controller': 'C3_arbitration_MPC', 'scenario': 'sensor_bias_5', 'seed': 19027, 'step': 334, 'time_s': 3.34, 'aux_inference_ms': 0.1650000012887176, 'reliability_update_ms': 0.004099998477613553, 'arbitration_ms': 0.0036999990697950125, 'extension_ms': 0.17279999883612618, 'control_compute_ms': nan}, {'controller': 'C3_arbitration_MPC', 'scenario': 'sensor_bias_5', 'seed': 19027, 'step': 335, 'time_s': 3.35, 'aux_inference_ms': 0.2144999998563435, 'reliability_update_ms': 0.00540000110049732, 'arbitration_ms': 0.004800000169780105, 'extension_ms': 0.22470000112662092, 'control_compute_ms': 18.963300000905292}, {'controller': 'C3_arbitration_MPC', 'scenario': 'sensor_bias_5', 'seed': 19027, 'step': 336, 'time_s': 3.36, 'aux_inference_ms': 0.2655000025697518, 'reliability_update_ms': 0.006499998562503606, 'arbitration_ms': 0.005500001861946657, 'extension_ms': 0.2775000029942021, 'control_compute_ms': nan}, {'controller': 'C3_arbitration_MPC', 'scenario': 'sensor_bias_5', 'seed': 19027, 'step': 337, 'time_s': 3.37, 'aux_inference_ms': 0.2477000016369857, 'reliability_update_ms': 0.005900001269765198, 'arbitration_ms': 0.005399997462518513, 'extension_ms': 0.2590000003692694, 'control_compute_ms': nan}, {'controller': 'C3_arbitration_MPC', 'scenario': 'sensor_bias_5', 'seed': 19027, 'step': 338, 'time_s': 3.38, 'aux_inference_ms': 0.21239999841782264, 'reliability_update_ms': 0.005199999577598646, 'arbitration_ms': 0.004699999408330768, 'extension_ms': 0.22229999740375206, 'control_compute_ms': nan}, {'controller': 'C3_arbitration_MPC', 'scenario': 'sensor_bias_5', 'seed': 19027, 'step': 339, 'time_s': 3.39, 'aux_inference_ms': 0.19899999824701808, 'reliability_update_ms': 0.005099998816149309, 'arbitration_ms': 0.004500001523410901, 'extension_ms': 0.2085999985865783, 'control_compute_ms': nan}, {'controller': 'C3_arbitration_MPC', 'scenario': 'sensor_bias_5', 'seed': 19027, 'step': 340, 'time_s': 3.4, 'aux_inference_ms': 0.27830000180983916, 'reliability_update_ms': 0.005199999577598646, 'arbitration_ms': 0.0041000021155923605, 'extension_ms': 0.28760000350303017, 'control_compute_ms': 82.15909999853466}, {'controller': 'C3_arbitration_MPC', 'scenario': 'sensor_bias_5', 'seed': 19027, 'step': 341, 'time_s': 3.41, 'aux_inference_ms': 0.3147000024910085, 'reliability_update_ms': 0.008200000593205914, 'arbitration_ms': 0.006500002200482413, 'extension_ms': 0.3294000052846968, 'control_compute_ms': nan}, {'controller': 'C3_arbitration_MPC', 'scenario': 'sensor_bias_5', 'seed': 19027, 'step': 342, 'time_s': 3.42, 'aux_inference_ms': 0.24480000138282776, 'reliability_update_ms': 0.006100002792663872, 'arbitration_ms': 0.005300000339047983, 'extension_ms': 0.2562000045145396, 'control_compute_ms': nan}, {'controller': 'C3_arbitration_MPC', 'scenario': 'sensor_bias_5', 'seed': 19027, 'step': 343, 'time_s': 3.43, 'aux_inference_ms': 0.2522999966458883, 'reliability_update_ms': 0.00670000008540228, 'arbitration_ms': 0.005500001861946657, 'extension_ms': 0.26449999859323725, 'control_compute_ms': nan}, {'controller': 'C3_arbitration_MPC', 'scenario': 'sensor_bias_5', 'seed': 19027, 'step': 344, 'time_s': 3.44, 'aux_inference_ms': 0.24080000002868474, 'reliability_update_ms': 0.005699999746866524, 'arbitration_ms': 0.005000001692678779, 'extension_ms': 0.25150000146823004, 'control_compute_ms': nan}, {'controller': 'C3_arbitration_MPC', 'scenario': 'sensor_bias_5', 'seed': 19027, 'step': 345, 'time_s': 3.45, 'aux_inference_ms': 0.21869999909540638, 'reliability_update_ms': 0.005600002623395994, 'arbitration_ms': 0.004900000931229442, 'extension_ms': 0.22920000265003182, 'control_compute_ms': 22.58570000049076}, {'controller': 'C3_arbitration_MPC', 'scenario': 'sensor_bias_5', 'seed': 19027, 'step': 346, 'time_s': 3.46, 'aux_inference_ms': 0.2899999999499414, 'reliability_update_ms': 0.006900001608300954, 'arbitration_ms': 0.006200003554113209, 'extension_ms': 0.3031000051123556, 'control_compute_ms': nan}, {'controller': 'C3_arbitration_MPC', 'scenario': 'sensor_bias_5', 'seed': 19027, 'step': 347, 'time_s': 3.47, 'aux_inference_ms': 0.2972999973280821, 'reliability_update_ms': 0.008799997885944322, 'arbitration_ms': 0.007799997547408566, 'extension_ms': 0.313899992761435, 'control_compute_ms': nan}, {'controller': 'C3_arbitration_MPC', 'scenario': 'sensor_bias_5', 'seed': 19027, 'step': 348, 'time_s': 3.48, 'aux_inference_ms': 0.7150000019464642, 'reliability_update_ms': 0.01170000177808106, 'arbitration_ms': 0.011699998140102252, 'extension_ms': 0.7384000018646475, 'control_compute_ms': nan}, {'controller': 'C3_arbitration_MPC', 'scenario': 'sensor_bias_5', 'seed': 19027, 'step': 349, 'time_s': 3.49, 'aux_inference_ms': 0.8775000023888424, 'reliability_update_ms': 0.014599998394260183, 'arbitration_ms': 0.014899997040629387, 'extension_ms': 0.906999997823732, 'control_compute_ms': nan}, {'controller': 'C3_arbitration_MPC', 'scenario': 'sensor_bias_5', 'seed': 19027, 'step': 350, 'time_s': 3.5, 'aux_inference_ms': 0.8464999991701916, 'reliability_update_ms': 0.007099999493220821, 'arbitration_ms': 0.00540000110049732, 'extension_ms': 0.8589999997639097, 'control_compute_ms': 28.768799998942995}, {'controller': 'C3_arbitration_MPC', 'scenario': 'sensor_bias_5', 'seed': 19027, 'step': 351, 'time_s': 3.5100000000000002, 'aux_inference_ms': 0.2672000009624753, 'reliability_update_ms': 0.006900001608300954, 'arbitration_ms': 0.00660000296193175, 'extension_ms': 0.280700005532708, 'control_compute_ms': nan}, {'controller': 'C3_arbitration_MPC', 'scenario': 'sensor_bias_5', 'seed': 19027, 'step': 352, 'time_s': 3.52, 'aux_inference_ms': 0.2626000023155939, 'reliability_update_ms': 0.006099999154685065, 'arbitration_ms': 0.005100002454128116, 'extension_ms': 0.27380000392440706, 'control_compute_ms': nan}, {'controller': 'C3_arbitration_MPC', 'scenario': 'sensor_bias_5', 'seed': 19027, 'step': 353, 'time_s': 3.5300000000000002, 'aux_inference_ms': 0.22119999994174577, 'reliability_update_ms': 0.005900001269765198, 'arbitration_ms': 0.005099998816149309, 'extension_ms': 0.23220000002766028, 'control_compute_ms': nan}, {'controller': 'C3_arbitration_MPC', 'scenario': 'sensor_bias_5', 'seed': 19027, 'step': 354, 'time_s': 3.54, 'aux_inference_ms': 0.2271999983349815, 'reliability_update_ms': 0.005800000508315861, 'arbitration_ms': 0.005099998816149309, 'extension_ms': 0.23809999765944667, 'control_compute_ms': nan}, {'controller': 'C3_arbitration_MPC', 'scenario': 'sensor_bias_5', 'seed': 19027, 'step': 355, 'time_s': 3.5500000000000003, 'aux_inference_ms': 0.2328000009583775, 'reliability_update_ms': 0.005800000508315861, 'arbitration_ms': 0.005000001692678779, 'extension_ms': 0.24360000315937214, 'control_compute_ms': 21.379199999500997}, {'controller': 'C3_arbitration_MPC', 'scenario': 'sensor_bias_5', 'seed': 19027, 'step': 356, 'time_s': 3.56, 'aux_inference_ms': 0.22369999715010636, 'reliability_update_ms': 0.00679999720887281, 'arbitration_ms': 0.005999998393235728, 'extension_ms': 0.2364999927522149, 'control_compute_ms': nan}, {'controller': 'C3_arbitration_MPC', 'scenario': 'sensor_bias_5', 'seed': 19027, 'step': 357, 'time_s': 3.5700000000000003, 'aux_inference_ms': 0.4133000002184417, 'reliability_update_ms': 0.008900002285372466, 'arbitration_ms': 0.008099999831756577, 'extension_ms': 0.43030000233557075, 'control_compute_ms': nan}, {'controller': 'C3_arbitration_MPC', 'scenario': 'sensor_bias_5', 'seed': 19027, 'step': 358, 'time_s': 3.58, 'aux_inference_ms': 0.3949000019929372, 'reliability_update_ms': 0.007899998308857903, 'arbitration_ms': 0.007099999493220821, 'extension_ms': 0.4098999997950159, 'control_compute_ms': nan}, {'controller': 'C3_arbitration_MPC', 'scenario': 'sensor_bias_5', 'seed': 19027, 'step': 359, 'time_s': 3.59, 'aux_inference_ms': 0.5205999987083487, 'reliability_update_ms': 0.005099998816149309, 'arbitration_ms': 0.004099998477613553, 'extension_ms': 0.5297999960021116, 'control_compute_ms': nan}, {'controller': 'C3_arbitration_MPC', 'scenario': 'sensor_bias_5', 'seed': 19027, 'step': 360, 'time_s': 3.6, 'aux_inference_ms': 0.17740000112098642, 'reliability_update_ms': 0.004599998646881431, 'arbitration_ms': 0.0038999969547148794, 'extension_ms': 0.18589999672258273, 'control_compute_ms': 40.65440000340459}, {'controller': 'C3_arbitration_MPC', 'scenario': 'sensor_bias_5', 'seed': 19027, 'step': 361, 'time_s': 3.61, 'aux_inference_ms': 0.33430000257794745, 'reliability_update_ms': 0.009499999578110874, 'arbitration_ms': 0.007599999662488699, 'extension_ms': 0.351400001818547, 'control_compute_ms': nan}, {'controller': 'C3_arbitration_MPC', 'scenario': 'sensor_bias_5', 'seed': 19027, 'step': 362, 'time_s': 3.62, 'aux_inference_ms': 0.25550000282237306, 'reliability_update_ms': 0.00670000008540228, 'arbitration_ms': 0.005800000508315861, 'extension_ms': 0.2680000034160912, 'control_compute_ms': nan}, {'controller': 'C3_arbitration_MPC', 'scenario': 'sensor_bias_5', 'seed': 19027, 'step': 363, 'time_s': 3.63, 'aux_inference_ms': 0.2674999996088445, 'reliability_update_ms': 0.006900001608300954, 'arbitration_ms': 0.005599998985417187, 'extension_ms': 0.28000000020256266, 'control_compute_ms': nan}, {'controller': 'C3_arbitration_MPC', 'scenario': 'sensor_bias_5', 'seed': 19027, 'step': 364, 'time_s': 3.64, 'aux_inference_ms': 0.24080000002868474, 'reliability_update_ms': 0.006199999916134402, 'arbitration_ms': 0.005300000339047983, 'extension_ms': 0.2523000002838671, 'control_compute_ms': nan}, {'controller': 'C3_arbitration_MPC', 'scenario': 'sensor_bias_5', 'seed': 19027, 'step': 365, 'time_s': 3.65, 'aux_inference_ms': 0.24900000062189065, 'reliability_update_ms': 0.006699996447423473, 'arbitration_ms': 0.00540000110049732, 'extension_ms': 0.26109999816981144, 'control_compute_ms': 55.68380000113393}, {'controller': 'C3_arbitration_MPC', 'scenario': 'sensor_bias_5', 'seed': 19027, 'step': 366, 'time_s': 3.66, 'aux_inference_ms': 0.3857000010611955, 'reliability_update_ms': 0.012300002708798274, 'arbitration_ms': 0.010399999155197293, 'extension_ms': 0.4084000029251911, 'control_compute_ms': nan}, {'controller': 'C3_arbitration_MPC', 'scenario': 'sensor_bias_5', 'seed': 19027, 'step': 367, 'time_s': 3.67, 'aux_inference_ms': 0.8218999973905738, 'reliability_update_ms': 0.02099999983329326, 'arbitration_ms': 0.018200000340584666, 'extension_ms': 0.8610999975644518, 'control_compute_ms': nan}, {'controller': 'C3_arbitration_MPC', 'scenario': 'sensor_bias_5', 'seed': 19027, 'step': 368, 'time_s': 3.68, 'aux_inference_ms': 0.568899999052519, 'reliability_update_ms': 0.01669999983278103, 'arbitration_ms': 0.014199998986441642, 'extension_ms': 0.5997999978717417, 'control_compute_ms': nan}, {'controller': 'C3_arbitration_MPC', 'scenario': 'sensor_bias_5', 'seed': 19027, 'step': 369, 'time_s': 3.69, 'aux_inference_ms': 0.6721999998262618, 'reliability_update_ms': 0.013500000932253897, 'arbitration_ms': 0.1993000005313661, 'extension_ms': 0.8850000012898818, 'control_compute_ms': nan}, {'controller': 'C3_arbitration_MPC', 'scenario': 'sensor_bias_5', 'seed': 19027, 'step': 370, 'time_s': 3.7, 'aux_inference_ms': 0.21189999824855477, 'reliability_update_ms': 0.006500002200482413, 'arbitration_ms': 0.00419999923906289, 'extension_ms': 0.22259999968810007, 'control_compute_ms': 67.65470000027562}, {'controller': 'C3_arbitration_MPC', 'scenario': 'sensor_bias_5', 'seed': 19027, 'step': 371, 'time_s': 3.71, 'aux_inference_ms': 1.0216999980912078, 'reliability_update_ms': 0.01089999932446517, 'arbitration_ms': 0.00799999907030724, 'extension_ms': 1.0405999964859802, 'control_compute_ms': nan}, {'controller': 'C3_arbitration_MPC', 'scenario': 'sensor_bias_5', 'seed': 19027, 'step': 372, 'time_s': 3.72, 'aux_inference_ms': 0.4045999994559679, 'reliability_update_ms': 0.01349999729427509, 'arbitration_ms': 0.011899999663000926, 'extension_ms': 0.42999999641324393, 'control_compute_ms': nan}, {'controller': 'C3_arbitration_MPC', 'scenario': 'sensor_bias_5', 'seed': 19027, 'step': 373, 'time_s': 3.73, 'aux_inference_ms': 0.33460000122431666, 'reliability_update_ms': 0.007599999662488699, 'arbitration_ms': 0.008400002116104588, 'extension_ms': 0.35060000300290994, 'control_compute_ms': nan}, {'controller': 'C3_arbitration_MPC', 'scenario': 'sensor_bias_5', 'seed': 19027, 'step': 374, 'time_s': 3.74, 'aux_inference_ms': 0.29129999893484637, 'reliability_update_ms': 0.007200000254670158, 'arbitration_ms': 0.006199999916134402, 'extension_ms': 0.30469999910565093, 'control_compute_ms': nan}, {'controller': 'C3_arbitration_MPC', 'scenario': 'sensor_bias_5', 'seed': 19027, 'step': 375, 'time_s': 3.75, 'aux_inference_ms': 0.3575000009732321, 'reliability_update_ms': 0.00839999847812578, 'arbitration_ms': 0.006499998562503606, 'extension_ms': 0.3723999980138615, 'control_compute_ms': 28.628300002310425}, {'controller': 'C3_arbitration_MPC', 'scenario': 'sensor_bias_5', 'seed': 19027, 'step': 376, 'time_s': 3.7600000000000002, 'aux_inference_ms': 0.5280000004859176, 'reliability_update_ms': 0.026300000172341242, 'arbitration_ms': 0.020800001948373392, 'extension_ms': 0.5751000026066322, 'control_compute_ms': nan}, {'controller': 'C3_arbitration_MPC', 'scenario': 'sensor_bias_5', 'seed': 19027, 'step': 377, 'time_s': 3.77, 'aux_inference_ms': 0.35799999750452116, 'reliability_update_ms': 0.006900001608300954, 'arbitration_ms': 0.006300000677583739, 'extension_ms': 0.37119999979040585, 'control_compute_ms': nan}, {'controller': 'C3_arbitration_MPC', 'scenario': 'sensor_bias_5', 'seed': 19027, 'step': 378, 'time_s': 3.7800000000000002, 'aux_inference_ms': 0.3219999998691492, 'reliability_update_ms': 0.00920000093174167, 'arbitration_ms': 0.007099999493220821, 'extension_ms': 0.33830000029411167, 'control_compute_ms': nan}, {'controller': 'C3_arbitration_MPC', 'scenario': 'sensor_bias_5', 'seed': 19027, 'step': 379, 'time_s': 3.79, 'aux_inference_ms': 0.43820000064442866, 'reliability_update_ms': 0.014999997802078724, 'arbitration_ms': 0.009300001693191007, 'extension_ms': 0.4625000001396984, 'control_compute_ms': nan}, {'controller': 'C3_arbitration_MPC', 'scenario': 'sensor_bias_5', 'seed': 19027, 'step': 380, 'time_s': 3.8000000000000003, 'aux_inference_ms': 0.26509999952395447, 'reliability_update_ms': 0.006400001439033076, 'arbitration_ms': 0.005900001269765198, 'extension_ms': 0.27740000223275274, 'control_compute_ms': 36.8653000004997}, {'controller': 'C3_arbitration_MPC', 'scenario': 'sensor_bias_5', 'seed': 19027, 'step': 381, 'time_s': 3.81, 'aux_inference_ms': 0.34159999995608814, 'reliability_update_ms': 0.008000002708286047, 'arbitration_ms': 0.00790000194683671, 'extension_ms': 0.3575000046112109, 'control_compute_ms': nan}, {'controller': 'C3_arbitration_MPC', 'scenario': 'sensor_bias_5', 'seed': 19027, 'step': 382, 'time_s': 3.8200000000000003, 'aux_inference_ms': 0.24029999985941686, 'reliability_update_ms': 0.006300000677583739, 'arbitration_ms': 0.005399997462518513, 'extension_ms': 0.2519999979995191, 'control_compute_ms': nan}, {'controller': 'C3_arbitration_MPC', 'scenario': 'sensor_bias_5', 'seed': 19027, 'step': 383, 'time_s': 3.83, 'aux_inference_ms': 0.2322999971511308, 'reliability_update_ms': 0.005900001269765198, 'arbitration_ms': 0.005199999577598646, 'extension_ms': 0.24339999799849465, 'control_compute_ms': nan}, {'controller': 'C3_arbitration_MPC', 'scenario': 'sensor_bias_5', 'seed': 19027, 'step': 384, 'time_s': 3.84, 'aux_inference_ms': 0.24649999977555126, 'reliability_update_ms': 0.006300000677583739, 'arbitration_ms': 0.00540000110049732, 'extension_ms': 0.2582000015536323, 'control_compute_ms': nan}, {'controller': 'C3_arbitration_MPC', 'scenario': 'sensor_bias_5', 'seed': 19027, 'step': 385, 'time_s': 3.85, 'aux_inference_ms': 0.2296999991813209, 'reliability_update_ms': 0.005800000508315861, 'arbitration_ms': 0.005199999577598646, 'extension_ms': 0.2406999992672354, 'control_compute_ms': 21.644199998263502}, {'controller': 'C3_arbitration_MPC', 'scenario': 'sensor_bias_5', 'seed': 19027, 'step': 386, 'time_s': 3.86, 'aux_inference_ms': 0.2072000024782028, 'reliability_update_ms': 0.006299997039604932, 'arbitration_ms': 0.005100002454128116, 'extension_ms': 0.21860000197193585, 'control_compute_ms': nan}, {'controller': 'C3_arbitration_MPC', 'scenario': 'sensor_bias_5', 'seed': 19027, 'step': 387, 'time_s': 3.87, 'aux_inference_ms': 0.19270000120741315, 'reliability_update_ms': 0.004599998646881431, 'arbitration_ms': 0.0039000005926936865, 'extension_ms': 0.20120000044698827, 'control_compute_ms': nan}, {'controller': 'C3_arbitration_MPC', 'scenario': 'sensor_bias_5', 'seed': 19027, 'step': 388, 'time_s': 3.88, 'aux_inference_ms': 0.21610000112559646, 'reliability_update_ms': 0.005599998985417187, 'arbitration_ms': 0.004699999408330768, 'extension_ms': 0.22639999951934442, 'control_compute_ms': nan}, {'controller': 'C3_arbitration_MPC', 'scenario': 'sensor_bias_5', 'seed': 19027, 'step': 389, 'time_s': 3.89, 'aux_inference_ms': 0.2029999996011611, 'reliability_update_ms': 0.005199999577598646, 'arbitration_ms': 0.004500001523410901, 'extension_ms': 0.21270000070217066, 'control_compute_ms': nan}, {'controller': 'C3_arbitration_MPC', 'scenario': 'sensor_bias_5', 'seed': 19027, 'step': 390, 'time_s': 3.9, 'aux_inference_ms': 0.28340000062598847, 'reliability_update_ms': 0.005300000339047983, 'arbitration_ms': 0.004300000000512227, 'extension_ms': 0.2930000009655487, 'control_compute_ms': 25.647399997978937}, {'controller': 'C3_arbitration_MPC', 'scenario': 'sensor_bias_5', 'seed': 19027, 'step': 391, 'time_s': 3.91, 'aux_inference_ms': 0.2358999990974553, 'reliability_update_ms': 0.006199999916134402, 'arbitration_ms': 0.005099998816149309, 'extension_ms': 0.247199997829739, 'control_compute_ms': nan}, {'controller': 'C3_arbitration_MPC', 'scenario': 'sensor_bias_5', 'seed': 19027, 'step': 392, 'time_s': 3.92, 'aux_inference_ms': 0.20930000027874485, 'reliability_update_ms': 0.00549999822396785, 'arbitration_ms': 0.0047000030463095754, 'extension_ms': 0.21950000154902227, 'control_compute_ms': nan}, {'controller': 'C3_arbitration_MPC', 'scenario': 'sensor_bias_5', 'seed': 19027, 'step': 393, 'time_s': 3.93, 'aux_inference_ms': 0.21129999731783755, 'reliability_update_ms': 0.00540000110049732, 'arbitration_ms': 0.004800000169780105, 'extension_ms': 0.22149999858811498, 'control_compute_ms': nan}, {'controller': 'C3_arbitration_MPC', 'scenario': 'sensor_bias_5', 'seed': 19027, 'step': 394, 'time_s': 3.94, 'aux_inference_ms': 0.2099999983329326, 'reliability_update_ms': 0.005199999577598646, 'arbitration_ms': 0.004600002284860238, 'extension_ms': 0.21980000019539148, 'control_compute_ms': nan}, {'controller': 'C3_arbitration_MPC', 'scenario': 'sensor_bias_5', 'seed': 19027, 'step': 395, 'time_s': 3.95, 'aux_inference_ms': 0.20320000112405978, 'reliability_update_ms': 0.004699999408330768, 'arbitration_ms': 0.004399997123982757, 'extension_ms': 0.2122999976563733, 'control_compute_ms': 17.423799999960465}, {'controller': 'C3_arbitration_MPC', 'scenario': 'sensor_bias_5', 'seed': 19027, 'step': 396, 'time_s': 3.96, 'aux_inference_ms': 0.22950000129640102, 'reliability_update_ms': 0.005999998393235728, 'arbitration_ms': 0.004800000169780105, 'extension_ms': 0.24029999985941686, 'control_compute_ms': nan}, {'controller': 'C3_arbitration_MPC', 'scenario': 'sensor_bias_5', 'seed': 19027, 'step': 397, 'time_s': 3.97, 'aux_inference_ms': 0.8007000033103395, 'reliability_update_ms': 0.012000000424450263, 'arbitration_ms': 0.009100000170292333, 'extension_ms': 0.8218000039050821, 'control_compute_ms': nan}, {'controller': 'C3_arbitration_MPC', 'scenario': 'sensor_bias_5', 'seed': 19027, 'step': 398, 'time_s': 3.98, 'aux_inference_ms': 0.3090999998676125, 'reliability_update_ms': 0.006399997801054269, 'arbitration_ms': 0.00549999822396785, 'extension_ms': 0.3209999958926346, 'control_compute_ms': nan}, {'controller': 'C3_arbitration_MPC', 'scenario': 'sensor_bias_5', 'seed': 19027, 'step': 399, 'time_s': 3.99, 'aux_inference_ms': 0.22929999977350235, 'reliability_update_ms': 0.005900001269765198, 'arbitration_ms': 0.005199999577598646, 'extension_ms': 0.2404000006208662, 'control_compute_ms': nan}, {'controller': 'C3_arbitration_MPC', 'scenario': 'sensor_bias_5', 'seed': 19027, 'step': 400, 'time_s': 4.0, 'aux_inference_ms': 0.21529999867198057, 'reliability_update_ms': 0.005999998393235728, 'arbitration_ms': 0.005000001692678779, 'extension_ms': 0.22629999875789508, 'control_compute_ms': 20.51990000109072}, {'controller': 'C3_arbitration_MPC', 'scenario': 'sensor_bias_5', 'seed': 19027, 'step': 401, 'time_s': 4.01, 'aux_inference_ms': 0.23440000222763047, 'reliability_update_ms': 0.006199999916134402, 'arbitration_ms': 0.005199999577598646, 'extension_ms': 0.24580000172136351, 'control_compute_ms': nan}, {'controller': 'C3_arbitration_MPC', 'scenario': 'sensor_bias_5', 'seed': 19027, 'step': 402, 'time_s': 4.0200000000000005, 'aux_inference_ms': 0.20620000213966705, 'reliability_update_ms': 0.005500001861946657, 'arbitration_ms': 0.004699999408330768, 'extension_ms': 0.21640000340994447, 'control_compute_ms': nan}, {'controller': 'C3_arbitration_MPC', 'scenario': 'sensor_bias_5', 'seed': 19027, 'step': 403, 'time_s': 4.03, 'aux_inference_ms': 0.23300000248127617, 'reliability_update_ms': 0.00540000110049732, 'arbitration_ms': 0.004600002284860238, 'extension_ms': 0.24300000586663373, 'control_compute_ms': nan}, {'controller': 'C3_arbitration_MPC', 'scenario': 'sensor_bias_5', 'seed': 19027, 'step': 404, 'time_s': 4.04, 'aux_inference_ms': 0.20650000078603625, 'reliability_update_ms': 0.00549999822396785, 'arbitration_ms': 0.004900000931229442, 'extension_ms': 0.21689999994123355, 'control_compute_ms': nan}, {'controller': 'C3_arbitration_MPC', 'scenario': 'sensor_bias_5', 'seed': 19027, 'step': 405, 'time_s': 4.05, 'aux_inference_ms': 0.19729999985429458, 'reliability_update_ms': 0.004900000931229442, 'arbitration_ms': 0.004400000761961564, 'extension_ms': 0.2066000015474856, 'control_compute_ms': 30.026300002646167}, {'controller': 'C3_arbitration_MPC', 'scenario': 'sensor_bias_5', 'seed': 19027, 'step': 406, 'time_s': 4.0600000000000005, 'aux_inference_ms': 0.25660000028437935, 'reliability_update_ms': 0.007599999662488699, 'arbitration_ms': 0.005000001692678779, 'extension_ms': 0.2692000016395468, 'control_compute_ms': nan}, {'controller': 'C3_arbitration_MPC', 'scenario': 'sensor_bias_5', 'seed': 19027, 'step': 407, 'time_s': 4.07, 'aux_inference_ms': 0.2134000023943372, 'reliability_update_ms': 0.005599998985417187, 'arbitration_ms': 0.004699999408330768, 'extension_ms': 0.22370000078808516, 'control_compute_ms': nan}, {'controller': 'C3_arbitration_MPC', 'scenario': 'sensor_bias_5', 'seed': 19027, 'step': 408, 'time_s': 4.08, 'aux_inference_ms': 0.20489999951678328, 'reliability_update_ms': 0.005699999746866524, 'arbitration_ms': 0.004900000931229442, 'extension_ms': 0.21550000019487925, 'control_compute_ms': nan}, {'controller': 'C3_arbitration_MPC', 'scenario': 'sensor_bias_5', 'seed': 19027, 'step': 409, 'time_s': 4.09, 'aux_inference_ms': 0.22159999934956431, 'reliability_update_ms': 0.005699999746866524, 'arbitration_ms': 0.004800000169780105, 'extension_ms': 0.23209999926621094, 'control_compute_ms': nan}, {'controller': 'C3_arbitration_MPC', 'scenario': 'sensor_bias_5', 'seed': 19027, 'step': 410, 'time_s': 4.1, 'aux_inference_ms': 0.2021000000240747, 'reliability_update_ms': 0.005300000339047983, 'arbitration_ms': 0.004800000169780105, 'extension_ms': 0.21220000053290278, 'control_compute_ms': 36.38950000095065}, {'controller': 'C3_arbitration_MPC', 'scenario': 'sensor_bias_5', 'seed': 19027, 'step': 411, 'time_s': 4.11, 'aux_inference_ms': 0.2553999984229449, 'reliability_update_ms': 0.006300000677583739, 'arbitration_ms': 0.005199999577598646, 'extension_ms': 0.2668999986781273, 'control_compute_ms': nan}, {'controller': 'C3_arbitration_MPC', 'scenario': 'sensor_bias_5', 'seed': 19027, 'step': 412, 'time_s': 4.12, 'aux_inference_ms': 0.2091999995172955, 'reliability_update_ms': 0.00549999822396785, 'arbitration_ms': 0.004699999408330768, 'extension_ms': 0.21939999714959413, 'control_compute_ms': nan}, {'controller': 'C3_arbitration_MPC', 'scenario': 'sensor_bias_5', 'seed': 19027, 'step': 413, 'time_s': 4.13, 'aux_inference_ms': 0.1990000018849969, 'reliability_update_ms': 0.005300000339047983, 'arbitration_ms': 0.004699999408330768, 'extension_ms': 0.20900000163237564, 'control_compute_ms': nan}, {'controller': 'C3_arbitration_MPC', 'scenario': 'sensor_bias_5', 'seed': 19027, 'step': 414, 'time_s': 4.14, 'aux_inference_ms': 0.22700000045006163, 'reliability_update_ms': 0.005099998816149309, 'arbitration_ms': 0.004600002284860238, 'extension_ms': 0.23670000155107118, 'control_compute_ms': nan}, {'controller': 'C3_arbitration_MPC', 'scenario': 'sensor_bias_5', 'seed': 19027, 'step': 415, 'time_s': 4.15, 'aux_inference_ms': 0.1999000014620833, 'reliability_update_ms': 0.005000001692678779, 'arbitration_ms': 0.004400000761961564, 'extension_ms': 0.20930000391672365, 'control_compute_ms': 52.00960000001942}, {'controller': 'C3_arbitration_MPC', 'scenario': 'sensor_bias_5', 'seed': 19027, 'step': 416, 'time_s': 4.16, 'aux_inference_ms': 0.49679999938234687, 'reliability_update_ms': 0.011200001608813182, 'arbitration_ms': 0.011099997209385037, 'extension_ms': 0.5190999982005451, 'control_compute_ms': nan}, {'controller': 'C3_arbitration_MPC', 'scenario': 'sensor_bias_5', 'seed': 19027, 'step': 417, 'time_s': 4.17, 'aux_inference_ms': 0.4650999981095083, 'reliability_update_ms': 0.009899998985929415, 'arbitration_ms': 0.009999999747378752, 'extension_ms': 0.48499999684281647, 'control_compute_ms': nan}, {'controller': 'C3_arbitration_MPC', 'scenario': 'sensor_bias_5', 'seed': 19027, 'step': 418, 'time_s': 4.18, 'aux_inference_ms': 0.483600000734441, 'reliability_update_ms': 0.010099996870849282, 'arbitration_ms': 0.009899998985929415, 'extension_ms': 0.5035999965912197, 'control_compute_ms': nan}, {'controller': 'C3_arbitration_MPC', 'scenario': 'sensor_bias_5', 'seed': 19027, 'step': 419, 'time_s': 4.19, 'aux_inference_ms': 0.4747000020870473, 'reliability_update_ms': 0.010100000508828089, 'arbitration_ms': 0.009700001101009548, 'extension_ms': 0.49450000369688496, 'control_compute_ms': nan}, {'controller': 'C3_arbitration_MPC', 'scenario': 'sensor_bias_5', 'seed': 19027, 'step': 420, 'time_s': 4.2, 'aux_inference_ms': 0.26950000028591603, 'reliability_update_ms': 0.005999998393235728, 'arbitration_ms': 0.004800000169780105, 'extension_ms': 0.28029999884893186, 'control_compute_ms': 19.19330000237096}, {'controller': 'C3_arbitration_MPC', 'scenario': 'sensor_bias_5', 'seed': 19027, 'step': 421, 'time_s': 4.21, 'aux_inference_ms': 0.23320000036619604, 'reliability_update_ms': 0.006599999323952943, 'arbitration_ms': 0.00540000110049732, 'extension_ms': 0.2452000007906463, 'control_compute_ms': nan}, {'controller': 'C3_arbitration_MPC', 'scenario': 'sensor_bias_5', 'seed': 19027, 'step': 422, 'time_s': 4.22, 'aux_inference_ms': 0.20450000010896474, 'reliability_update_ms': 0.00549999822396785, 'arbitration_ms': 0.004600002284860238, 'extension_ms': 0.21460000061779283, 'control_compute_ms': nan}, {'controller': 'C3_arbitration_MPC', 'scenario': 'sensor_bias_5', 'seed': 19027, 'step': 423, 'time_s': 4.23, 'aux_inference_ms': 0.21180000112508424, 'reliability_update_ms': 0.005300000339047983, 'arbitration_ms': 0.004699999408330768, 'extension_ms': 0.221800000872463, 'control_compute_ms': nan}, {'controller': 'C3_arbitration_MPC', 'scenario': 'sensor_bias_5', 'seed': 19027, 'step': 424, 'time_s': 4.24, 'aux_inference_ms': 0.20479999875533395, 'reliability_update_ms': 0.00540000110049732, 'arbitration_ms': 0.004599998646881431, 'extension_ms': 0.2147999985027127, 'control_compute_ms': nan}, {'controller': 'C3_arbitration_MPC', 'scenario': 'sensor_bias_5', 'seed': 19027, 'step': 425, 'time_s': 4.25, 'aux_inference_ms': 0.19449999672360718, 'reliability_update_ms': 0.005100002454128116, 'arbitration_ms': 0.004699999408330768, 'extension_ms': 0.20429999858606607, 'control_compute_ms': 17.39620000080322}, {'controller': 'C3_arbitration_MPC', 'scenario': 'sensor_bias_5', 'seed': 19027, 'step': 426, 'time_s': 4.26, 'aux_inference_ms': 0.23709999732091092, 'reliability_update_ms': 0.006199999916134402, 'arbitration_ms': 0.005000001692678779, 'extension_ms': 0.2482999989297241, 'control_compute_ms': nan}, {'controller': 'C3_arbitration_MPC', 'scenario': 'sensor_bias_5', 'seed': 19027, 'step': 427, 'time_s': 4.2700000000000005, 'aux_inference_ms': 0.21149999884073623, 'reliability_update_ms': 0.005600002623395994, 'arbitration_ms': 0.004699999408330768, 'extension_ms': 0.221800000872463, 'control_compute_ms': nan}, {'controller': 'C3_arbitration_MPC', 'scenario': 'sensor_bias_5', 'seed': 19027, 'step': 428, 'time_s': 4.28, 'aux_inference_ms': 0.19909999900846742, 'reliability_update_ms': 0.005500001861946657, 'arbitration_ms': 0.004499997885432094, 'extension_ms': 0.20909999875584617, 'control_compute_ms': nan}, {'controller': 'C3_arbitration_MPC', 'scenario': 'sensor_bias_5', 'seed': 19027, 'step': 429, 'time_s': 4.29, 'aux_inference_ms': 0.19859999883919954, 'reliability_update_ms': 0.005300000339047983, 'arbitration_ms': 0.004500001523410901, 'extension_ms': 0.20840000070165843, 'control_compute_ms': nan}, {'controller': 'C3_arbitration_MPC', 'scenario': 'sensor_bias_5', 'seed': 19027, 'step': 430, 'time_s': 4.3, 'aux_inference_ms': 0.21150000247871503, 'reliability_update_ms': 0.005100002454128116, 'arbitration_ms': 0.004499997885432094, 'extension_ms': 0.22110000281827524, 'control_compute_ms': 17.445800000132294}, {'controller': 'C3_arbitration_MPC', 'scenario': 'sensor_bias_5', 'seed': 19027, 'step': 431, 'time_s': 4.3100000000000005, 'aux_inference_ms': 0.23460000011255033, 'reliability_update_ms': 0.006399997801054269, 'arbitration_ms': 0.005000001692678779, 'extension_ms': 0.24599999960628338, 'control_compute_ms': nan}, {'controller': 'C3_arbitration_MPC', 'scenario': 'sensor_bias_5', 'seed': 19027, 'step': 432, 'time_s': 4.32, 'aux_inference_ms': 0.20470000163186342, 'reliability_update_ms': 0.00540000110049732, 'arbitration_ms': 0.004600002284860238, 'extension_ms': 0.21470000501722097, 'control_compute_ms': nan}, {'controller': 'C3_arbitration_MPC', 'scenario': 'sensor_bias_5', 'seed': 19027, 'step': 433, 'time_s': 4.33, 'aux_inference_ms': 0.1993000005313661, 'reliability_update_ms': 0.005300000339047983, 'arbitration_ms': 0.004500001523410901, 'extension_ms': 0.20910000239382498, 'control_compute_ms': nan}, {'controller': 'C3_arbitration_MPC', 'scenario': 'sensor_bias_5', 'seed': 19027, 'step': 434, 'time_s': 4.34, 'aux_inference_ms': 0.2099999983329326, 'reliability_update_ms': 0.005900001269765198, 'arbitration_ms': 0.004599998646881431, 'extension_ms': 0.22049999824957922, 'control_compute_ms': nan}, {'controller': 'C3_arbitration_MPC', 'scenario': 'sensor_bias_5', 'seed': 19027, 'step': 435, 'time_s': 4.3500000000000005, 'aux_inference_ms': 0.19719999909284525, 'reliability_update_ms': 0.00540000110049732, 'arbitration_ms': 0.004699999408330768, 'extension_ms': 0.20729999960167333, 'control_compute_ms': 17.356599997583544}, {'controller': 'C3_arbitration_MPC', 'scenario': 'sensor_bias_5', 'seed': 19027, 'step': 436, 'time_s': 4.36, 'aux_inference_ms': 0.23490000239689834, 'reliability_update_ms': 0.007000002369750291, 'arbitration_ms': 0.005099998816149309, 'extension_ms': 0.24700000358279794, 'control_compute_ms': nan}, {'controller': 'C3_arbitration_MPC', 'scenario': 'sensor_bias_5', 'seed': 19027, 'step': 437, 'time_s': 4.37, 'aux_inference_ms': 0.20699999731732532, 'reliability_update_ms': 0.005500001861946657, 'arbitration_ms': 0.004499997885432094, 'extension_ms': 0.21699999706470408, 'control_compute_ms': nan}, {'controller': 'C3_arbitration_MPC', 'scenario': 'sensor_bias_5', 'seed': 19027, 'step': 438, 'time_s': 4.38, 'aux_inference_ms': 0.2120000026479829, 'reliability_update_ms': 0.005800000508315861, 'arbitration_ms': 0.004800000169780105, 'extension_ms': 0.22260000332607888, 'control_compute_ms': nan}, {'controller': 'C3_arbitration_MPC', 'scenario': 'sensor_bias_5', 'seed': 19027, 'step': 439, 'time_s': 4.39, 'aux_inference_ms': 0.198199999431381, 'reliability_update_ms': 0.005300000339047983, 'arbitration_ms': 0.004599998646881431, 'extension_ms': 0.20809999841731042, 'control_compute_ms': nan}, {'controller': 'C3_arbitration_MPC', 'scenario': 'sensor_bias_5', 'seed': 19027, 'step': 440, 'time_s': 4.4, 'aux_inference_ms': 0.19440000323811546, 'reliability_update_ms': 0.004900000931229442, 'arbitration_ms': 0.004500001523410901, 'extension_ms': 0.2038000056927558, 'control_compute_ms': 19.896900001185713}, {'controller': 'C3_arbitration_MPC', 'scenario': 'sensor_bias_5', 'seed': 19027, 'step': 441, 'time_s': 4.41, 'aux_inference_ms': 0.2466000005370006, 'reliability_update_ms': 0.006199999916134402, 'arbitration_ms': 0.005099998816149309, 'extension_ms': 0.2578999992692843, 'control_compute_ms': nan}, {'controller': 'C3_arbitration_MPC', 'scenario': 'sensor_bias_5', 'seed': 19027, 'step': 442, 'time_s': 4.42, 'aux_inference_ms': 0.2044000029854942, 'reliability_update_ms': 0.00540000110049732, 'arbitration_ms': 0.004699999408330768, 'extension_ms': 0.2145000034943223, 'control_compute_ms': nan}, {'controller': 'C3_arbitration_MPC', 'scenario': 'sensor_bias_5', 'seed': 19027, 'step': 443, 'time_s': 4.43, 'aux_inference_ms': 0.21180000112508424, 'reliability_update_ms': 0.005600002623395994, 'arbitration_ms': 0.004900000931229442, 'extension_ms': 0.22230000467970967, 'control_compute_ms': nan}, {'controller': 'C3_arbitration_MPC', 'scenario': 'sensor_bias_5', 'seed': 19027, 'step': 444, 'time_s': 4.44, 'aux_inference_ms': 0.20109999968553893, 'reliability_update_ms': 0.005300000339047983, 'arbitration_ms': 0.004599998646881431, 'extension_ms': 0.21099999867146835, 'control_compute_ms': nan}, {'controller': 'C3_arbitration_MPC', 'scenario': 'sensor_bias_5', 'seed': 19027, 'step': 445, 'time_s': 4.45, 'aux_inference_ms': 0.19389999943086877, 'reliability_update_ms': 0.00540000110049732, 'arbitration_ms': 0.004400000761961564, 'extension_ms': 0.20370000129332766, 'control_compute_ms': 22.022900000592927}, {'controller': 'C3_arbitration_MPC', 'scenario': 'sensor_bias_5', 'seed': 19027, 'step': 446, 'time_s': 4.46, 'aux_inference_ms': 0.2812999991874676, 'reliability_update_ms': 0.007899998308857903, 'arbitration_ms': 0.007099999493220821, 'extension_ms': 0.29629999698954634, 'control_compute_ms': nan}, {'controller': 'C3_arbitration_MPC', 'scenario': 'sensor_bias_5', 'seed': 19027, 'step': 447, 'time_s': 4.47, 'aux_inference_ms': 0.25489999825367704, 'reliability_update_ms': 0.006199999916134402, 'arbitration_ms': 0.006999998731771484, 'extension_ms': 0.2680999969015829, 'control_compute_ms': nan}, {'controller': 'C3_arbitration_MPC', 'scenario': 'sensor_bias_5', 'seed': 19027, 'step': 448, 'time_s': 4.48, 'aux_inference_ms': 0.20709999807877466, 'reliability_update_ms': 0.005600002623395994, 'arbitration_ms': 0.004699999408330768, 'extension_ms': 0.21740000011050142, 'control_compute_ms': nan}, {'controller': 'C3_arbitration_MPC', 'scenario': 'sensor_bias_5', 'seed': 19027, 'step': 449, 'time_s': 4.49, 'aux_inference_ms': 0.20740000036312267, 'reliability_update_ms': 0.005800000508315861, 'arbitration_ms': 0.004800000169780105, 'extension_ms': 0.21800000104121864, 'control_compute_ms': nan}, {'controller': 'C3_arbitration_MPC', 'scenario': 'sensor_bias_5', 'seed': 19027, 'step': 450, 'time_s': 4.5, 'aux_inference_ms': 0.2327999973203987, 'reliability_update_ms': 0.005599998985417187, 'arbitration_ms': 0.004599998646881431, 'extension_ms': 0.2429999949526973, 'control_compute_ms': 40.28049999760697}, {'controller': 'C3_arbitration_MPC', 'scenario': 'sensor_bias_5', 'seed': 19027, 'step': 451, 'time_s': 4.51, 'aux_inference_ms': 0.5108000004838686, 'reliability_update_ms': 0.013199998647905886, 'arbitration_ms': 0.011100000847363845, 'extension_ms': 0.5350999999791384, 'control_compute_ms': nan}, {'controller': 'C3_arbitration_MPC', 'scenario': 'sensor_bias_5', 'seed': 19027, 'step': 452, 'time_s': 4.5200000000000005, 'aux_inference_ms': 0.21700000070268288, 'reliability_update_ms': 0.006499998562503606, 'arbitration_ms': 0.005599998985417187, 'extension_ms': 0.22909999825060368, 'control_compute_ms': nan}, {'controller': 'C3_arbitration_MPC', 'scenario': 'sensor_bias_5', 'seed': 19027, 'step': 453, 'time_s': 4.53, 'aux_inference_ms': 0.2271999983349815, 'reliability_update_ms': 0.005800000508315861, 'arbitration_ms': 0.004599998646881431, 'extension_ms': 0.2375999974901788, 'control_compute_ms': nan}, {'controller': 'C3_arbitration_MPC', 'scenario': 'sensor_bias_5', 'seed': 19027, 'step': 454, 'time_s': 4.54, 'aux_inference_ms': 0.2052000018011313, 'reliability_update_ms': 0.005599998985417187, 'arbitration_ms': 0.004699999408330768, 'extension_ms': 0.21550000019487925, 'control_compute_ms': nan}, {'controller': 'C3_arbitration_MPC', 'scenario': 'sensor_bias_5', 'seed': 19027, 'step': 455, 'time_s': 4.55, 'aux_inference_ms': 0.2004000016313512, 'reliability_update_ms': 0.005099998816149309, 'arbitration_ms': 0.004599998646881431, 'extension_ms': 0.21009999909438193, 'control_compute_ms': 50.57940000187955}, {'controller': 'C3_arbitration_MPC', 'scenario': 'sensor_bias_5', 'seed': 19027, 'step': 456, 'time_s': 4.5600000000000005, 'aux_inference_ms': 0.25689999893074855, 'reliability_update_ms': 0.007200000254670158, 'arbitration_ms': 0.006199999916134402, 'extension_ms': 0.2702999991015531, 'control_compute_ms': nan}, {'controller': 'C3_arbitration_MPC', 'scenario': 'sensor_bias_5', 'seed': 19027, 'step': 457, 'time_s': 4.57, 'aux_inference_ms': 0.20570000197039917, 'reliability_update_ms': 0.005599998985417187, 'arbitration_ms': 0.004600002284860238, 'extension_ms': 0.2159000032406766, 'control_compute_ms': nan}, {'controller': 'C3_arbitration_MPC', 'scenario': 'sensor_bias_5', 'seed': 19027, 'step': 458, 'time_s': 4.58, 'aux_inference_ms': 0.24699999994481914, 'reliability_update_ms': 0.005599998985417187, 'arbitration_ms': 0.004800000169780105, 'extension_ms': 0.25739999910001643, 'control_compute_ms': nan}, {'controller': 'C3_arbitration_MPC', 'scenario': 'sensor_bias_5', 'seed': 19027, 'step': 459, 'time_s': 4.59, 'aux_inference_ms': 0.19630000315373763, 'reliability_update_ms': 0.005199999577598646, 'arbitration_ms': 0.004499997885432094, 'extension_ms': 0.20600000061676838, 'control_compute_ms': nan}, {'controller': 'C3_arbitration_MPC', 'scenario': 'sensor_bias_5', 'seed': 19027, 'step': 460, 'time_s': 4.6000000000000005, 'aux_inference_ms': 0.2029999996011611, 'reliability_update_ms': 0.004999998054699972, 'arbitration_ms': 0.004499997885432094, 'extension_ms': 0.21249999554129317, 'control_compute_ms': 33.194200001162244}, {'controller': 'C3_arbitration_MPC', 'scenario': 'sensor_bias_5', 'seed': 19027, 'step': 461, 'time_s': 4.61, 'aux_inference_ms': 0.28469999961089343, 'reliability_update_ms': 0.011500000255182385, 'arbitration_ms': 0.006300000677583739, 'extension_ms': 0.30250000054365955, 'control_compute_ms': nan}, {'controller': 'C3_arbitration_MPC', 'scenario': 'sensor_bias_5', 'seed': 19027, 'step': 462, 'time_s': 4.62, 'aux_inference_ms': 0.2426999999443069, 'reliability_update_ms': 0.005999998393235728, 'arbitration_ms': 0.004900000931229442, 'extension_ms': 0.2535999992687721, 'control_compute_ms': nan}, {'controller': 'C3_arbitration_MPC', 'scenario': 'sensor_bias_5', 'seed': 19027, 'step': 463, 'time_s': 4.63, 'aux_inference_ms': 0.21399999968707561, 'reliability_update_ms': 0.005300000339047983, 'arbitration_ms': 0.004699999408330768, 'extension_ms': 0.22399999943445437, 'control_compute_ms': nan}, {'controller': 'C3_arbitration_MPC', 'scenario': 'sensor_bias_5', 'seed': 19027, 'step': 464, 'time_s': 4.64, 'aux_inference_ms': 0.19570000222302042, 'reliability_update_ms': 0.005199999577598646, 'arbitration_ms': 0.004599998646881431, 'extension_ms': 0.2055000004475005, 'control_compute_ms': nan}, {'controller': 'C3_arbitration_MPC', 'scenario': 'sensor_bias_5', 'seed': 19027, 'step': 465, 'time_s': 4.65, 'aux_inference_ms': 0.207500001124572, 'reliability_update_ms': 0.005099998816149309, 'arbitration_ms': 0.004600002284860238, 'extension_ms': 0.21720000222558156, 'control_compute_ms': 18.217199998616707}, {'controller': 'C3_arbitration_MPC', 'scenario': 'sensor_bias_5', 'seed': 19027, 'step': 466, 'time_s': 4.66, 'aux_inference_ms': 0.2822999995260034, 'reliability_update_ms': 0.008000002708286047, 'arbitration_ms': 0.006800000846851617, 'extension_ms': 0.29710000308114104, 'control_compute_ms': nan}, {'controller': 'C3_arbitration_MPC', 'scenario': 'sensor_bias_5', 'seed': 19027, 'step': 467, 'time_s': 4.67, 'aux_inference_ms': 0.22510000053443946, 'reliability_update_ms': 0.005800000508315861, 'arbitration_ms': 0.004699999408330768, 'extension_ms': 0.2356000004510861, 'control_compute_ms': nan}, {'controller': 'C3_arbitration_MPC', 'scenario': 'sensor_bias_5', 'seed': 19027, 'step': 468, 'time_s': 4.68, 'aux_inference_ms': 0.2086000022245571, 'reliability_update_ms': 0.005699999746866524, 'arbitration_ms': 0.004800000169780105, 'extension_ms': 0.21910000214120373, 'control_compute_ms': nan}, {'controller': 'C3_arbitration_MPC', 'scenario': 'sensor_bias_5', 'seed': 19027, 'step': 469, 'time_s': 4.69, 'aux_inference_ms': 0.20489999951678328, 'reliability_update_ms': 0.005500001861946657, 'arbitration_ms': 0.004900000931229442, 'extension_ms': 0.21530000230995938, 'control_compute_ms': nan}, {'controller': 'C3_arbitration_MPC', 'scenario': 'sensor_bias_5', 'seed': 19027, 'step': 470, 'time_s': 4.7, 'aux_inference_ms': 0.20500000027823262, 'reliability_update_ms': 0.005999998393235728, 'arbitration_ms': 0.004699999408330768, 'extension_ms': 0.21569999807979912, 'control_compute_ms': 28.231199998117518}, {'controller': 'C3_arbitration_MPC', 'scenario': 'sensor_bias_5', 'seed': 19027, 'step': 471, 'time_s': 4.71, 'aux_inference_ms': 0.3219999998691492, 'reliability_update_ms': 0.008499999239575118, 'arbitration_ms': 0.007200000254670158, 'extension_ms': 0.33769999936339445, 'control_compute_ms': nan}, {'controller': 'C3_arbitration_MPC', 'scenario': 'sensor_bias_5', 'seed': 19027, 'step': 472, 'time_s': 4.72, 'aux_inference_ms': 0.325400000292575, 'reliability_update_ms': 0.008799997885944322, 'arbitration_ms': 0.007399998139590025, 'extension_ms': 0.34159999631810933, 'control_compute_ms': nan}, {'controller': 'C3_arbitration_MPC', 'scenario': 'sensor_bias_5', 'seed': 19027, 'step': 473, 'time_s': 4.73, 'aux_inference_ms': 0.28530000054161064, 'reliability_update_ms': 0.007599999662488699, 'arbitration_ms': 0.006499998562503606, 'extension_ms': 0.29939999876660295, 'control_compute_ms': nan}, {'controller': 'C3_arbitration_MPC', 'scenario': 'sensor_bias_5', 'seed': 19027, 'step': 474, 'time_s': 4.74, 'aux_inference_ms': 0.1742999993439298, 'reliability_update_ms': 0.005599998985417187, 'arbitration_ms': 0.004800000169780105, 'extension_ms': 0.1846999984991271, 'control_compute_ms': nan}, {'controller': 'C3_arbitration_MPC', 'scenario': 'sensor_bias_5', 'seed': 19027, 'step': 475, 'time_s': 4.75, 'aux_inference_ms': 0.25579999783076346, 'reliability_update_ms': 0.007300001016119495, 'arbitration_ms': 0.006400001439033076, 'extension_ms': 0.26950000028591603, 'control_compute_ms': 17.528399999719113}, {'controller': 'C3_arbitration_MPC', 'scenario': 'sensor_bias_5', 'seed': 19027, 'step': 476, 'time_s': 4.76, 'aux_inference_ms': 0.24739999935263768, 'reliability_update_ms': 0.005999998393235728, 'arbitration_ms': 0.00540000110049732, 'extension_ms': 0.2587999988463707, 'control_compute_ms': nan}, {'controller': 'C3_arbitration_MPC', 'scenario': 'sensor_bias_5', 'seed': 19027, 'step': 477, 'time_s': 4.7700000000000005, 'aux_inference_ms': 0.20729999960167333, 'reliability_update_ms': 0.00540000110049732, 'arbitration_ms': 0.004800000169780105, 'extension_ms': 0.21750000087195076, 'control_compute_ms': nan}, {'controller': 'C3_arbitration_MPC', 'scenario': 'sensor_bias_5', 'seed': 19027, 'step': 478, 'time_s': 4.78, 'aux_inference_ms': 0.2002000001084525, 'reliability_update_ms': 0.005200003215577453, 'arbitration_ms': 0.004600002284860238, 'extension_ms': 0.2100000056088902, 'control_compute_ms': nan}, {'controller': 'C3_arbitration_MPC', 'scenario': 'sensor_bias_5', 'seed': 19027, 'step': 479, 'time_s': 4.79, 'aux_inference_ms': 0.2100000019709114, 'reliability_update_ms': 0.005500001861946657, 'arbitration_ms': 0.004499997885432094, 'extension_ms': 0.22000000171829015, 'control_compute_ms': nan}, {'controller': 'C3_arbitration_MPC', 'scenario': 'sensor_bias_5', 'seed': 19027, 'step': 480, 'time_s': 4.8, 'aux_inference_ms': 0.16319999849656597, 'reliability_update_ms': 0.0041000021155923605, 'arbitration_ms': 0.0036999990697950125, 'extension_ms': 0.17099999968195334, 'control_compute_ms': 39.247300002898555}, {'controller': 'C3_arbitration_MPC', 'scenario': 'sensor_bias_5', 'seed': 19027, 'step': 481, 'time_s': 4.8100000000000005, 'aux_inference_ms': 0.33790000088629313, 'reliability_update_ms': 0.009400002454640344, 'arbitration_ms': 0.007799997547408566, 'extension_ms': 0.35510000088834204, 'control_compute_ms': nan}, {'controller': 'C3_arbitration_MPC', 'scenario': 'sensor_bias_5', 'seed': 19027, 'step': 482, 'time_s': 4.82, 'aux_inference_ms': 0.19009999959962443, 'reliability_update_ms': 0.004499997885432094, 'arbitration_ms': 0.0036999990697950125, 'extension_ms': 0.19829999655485153, 'control_compute_ms': nan}, {'controller': 'C3_arbitration_MPC', 'scenario': 'sensor_bias_5', 'seed': 19027, 'step': 483, 'time_s': 4.83, 'aux_inference_ms': 0.31429999944521114, 'reliability_update_ms': 0.008299997716676444, 'arbitration_ms': 0.007099999493220821, 'extension_ms': 0.3296999966551084, 'control_compute_ms': nan}, {'controller': 'C3_arbitration_MPC', 'scenario': 'sensor_bias_5', 'seed': 19027, 'step': 484, 'time_s': 4.84, 'aux_inference_ms': 0.29379999978118576, 'reliability_update_ms': 0.007100003131199628, 'arbitration_ms': 0.006100002792663872, 'extension_ms': 0.30700000570504926, 'control_compute_ms': nan}, {'controller': 'C3_arbitration_MPC', 'scenario': 'sensor_bias_5', 'seed': 19027, 'step': 485, 'time_s': 4.8500000000000005, 'aux_inference_ms': 0.2567000010458287, 'reliability_update_ms': 0.006500002200482413, 'arbitration_ms': 0.005699999746866524, 'extension_ms': 0.2689000029931776, 'control_compute_ms': 22.44109999810462}, {'controller': 'C3_arbitration_MPC', 'scenario': 'sensor_bias_5', 'seed': 19027, 'step': 486, 'time_s': 4.86, 'aux_inference_ms': 0.19090000205324031, 'reliability_update_ms': 0.005500001861946657, 'arbitration_ms': 0.0042000028770416975, 'extension_ms': 0.20060000679222867, 'control_compute_ms': nan}, {'controller': 'C3_arbitration_MPC', 'scenario': 'sensor_bias_5', 'seed': 19027, 'step': 487, 'time_s': 4.87, 'aux_inference_ms': 0.4442000026756432, 'reliability_update_ms': 0.011199997970834374, 'arbitration_ms': 0.00950000321608968, 'extension_ms': 0.46490000386256725, 'control_compute_ms': nan}, {'controller': 'C3_arbitration_MPC', 'scenario': 'sensor_bias_5', 'seed': 19027, 'step': 488, 'time_s': 4.88, 'aux_inference_ms': 0.3915999986929819, 'reliability_update_ms': 0.01049999991664663, 'arbitration_ms': 0.008900002285372466, 'extension_ms': 0.411000000895001, 'control_compute_ms': nan}, {'controller': 'C3_arbitration_MPC', 'scenario': 'sensor_bias_5', 'seed': 19027, 'step': 489, 'time_s': 4.89, 'aux_inference_ms': 0.38359999962267466, 'reliability_update_ms': 0.00969999746303074, 'arbitration_ms': 0.008600000001024455, 'extension_ms': 0.40189999708672985, 'control_compute_ms': nan}, {'controller': 'C3_arbitration_MPC', 'scenario': 'sensor_bias_5', 'seed': 19027, 'step': 490, 'time_s': 4.9, 'aux_inference_ms': 0.2333999982511159, 'reliability_update_ms': 0.004699999408330768, 'arbitration_ms': 0.0040000013541430235, 'extension_ms': 0.2420999990135897, 'control_compute_ms': 53.72999999963213}, {'controller': 'C3_arbitration_MPC', 'scenario': 'sensor_bias_5', 'seed': 19027, 'step': 491, 'time_s': 4.91, 'aux_inference_ms': 0.9778999992704485, 'reliability_update_ms': 0.04310000076657161, 'arbitration_ms': 0.02269999822601676, 'extension_ms': 1.0436999982630368, 'control_compute_ms': nan}, {'controller': 'C3_arbitration_MPC', 'scenario': 'sensor_bias_5', 'seed': 19027, 'step': 492, 'time_s': 4.92, 'aux_inference_ms': 0.2976000032504089, 'reliability_update_ms': 0.008299997716676444, 'arbitration_ms': 0.005199999577598646, 'extension_ms': 0.311100000544684, 'control_compute_ms': nan}, {'controller': 'C3_arbitration_MPC', 'scenario': 'sensor_bias_5', 'seed': 19027, 'step': 493, 'time_s': 4.93, 'aux_inference_ms': 0.4037000035168603, 'reliability_update_ms': 0.005999998393235728, 'arbitration_ms': 0.004599998646881431, 'extension_ms': 0.41430000055697747, 'control_compute_ms': nan}, {'controller': 'C3_arbitration_MPC', 'scenario': 'sensor_bias_5', 'seed': 19027, 'step': 494, 'time_s': 4.94, 'aux_inference_ms': 0.22170000011101365, 'reliability_update_ms': 0.005500001861946657, 'arbitration_ms': 0.00549999822396785, 'extension_ms': 0.23270000019692816, 'control_compute_ms': nan}, {'controller': 'C3_arbitration_MPC', 'scenario': 'sensor_bias_5', 'seed': 19027, 'step': 495, 'time_s': 4.95, 'aux_inference_ms': 0.2505000011296943, 'reliability_update_ms': 0.006499998562503606, 'arbitration_ms': 0.007700000423938036, 'extension_ms': 0.2647000001161359, 'control_compute_ms': 103.21769999791286}, {'controller': 'C3_arbitration_MPC', 'scenario': 'sensor_bias_5', 'seed': 19027, 'step': 496, 'time_s': 4.96, 'aux_inference_ms': 1.1534999975992832, 'reliability_update_ms': 0.028700000257231295, 'arbitration_ms': 0.024199998733820394, 'extension_ms': 1.206399996590335, 'control_compute_ms': nan}, {'controller': 'C3_arbitration_MPC', 'scenario': 'sensor_bias_5', 'seed': 19027, 'step': 497, 'time_s': 4.97, 'aux_inference_ms': 1.1301999984425493, 'reliability_update_ms': 0.013900000340072438, 'arbitration_ms': 0.015500001609325409, 'extension_ms': 1.159600000391947, 'control_compute_ms': nan}, {'controller': 'C3_arbitration_MPC', 'scenario': 'sensor_bias_5', 'seed': 19027, 'step': 498, 'time_s': 4.98, 'aux_inference_ms': 0.3032000022358261, 'reliability_update_ms': 0.007299997378140688, 'arbitration_ms': 0.005999998393235728, 'extension_ms': 0.3164999980072025, 'control_compute_ms': nan}, {'controller': 'C3_arbitration_MPC', 'scenario': 'sensor_bias_5', 'seed': 19027, 'step': 499, 'time_s': 4.99, 'aux_inference_ms': 0.9936999995261431, 'reliability_update_ms': 0.02519999907235615, 'arbitration_ms': 0.02170000152545981, 'extension_ms': 1.040600000123959, 'control_compute_ms': nan}, {'controller': 'C3_arbitration_MPC', 'scenario': 'sensor_bias_5', 'seed': 19027, 'step': 500, 'time_s': 5.0, 'aux_inference_ms': 1.0360000014770776, 'reliability_update_ms': 0.024099997972371057, 'arbitration_ms': 0.07109999933163635, 'extension_ms': 1.131199998781085, 'control_compute_ms': 77.70639999944251}, {'controller': 'C3_arbitration_MPC', 'scenario': 'sensor_bias_5', 'seed': 19027, 'step': 501, 'time_s': 5.01, 'aux_inference_ms': 0.8210000014514662, 'reliability_update_ms': 0.018600003386382014, 'arbitration_ms': 0.017700000171316788, 'extension_ms': 0.857300005009165, 'control_compute_ms': nan}, {'controller': 'C3_arbitration_MPC', 'scenario': 'sensor_bias_5', 'seed': 19027, 'step': 502, 'time_s': 5.0200000000000005, 'aux_inference_ms': 0.7540000005974434, 'reliability_update_ms': 0.026199999410891905, 'arbitration_ms': 0.016599999071331695, 'extension_ms': 0.796799999079667, 'control_compute_ms': nan}, {'controller': 'C3_arbitration_MPC', 'scenario': 'sensor_bias_5', 'seed': 19027, 'step': 503, 'time_s': 5.03, 'aux_inference_ms': 0.8975999990070704, 'reliability_update_ms': 0.01590000101714395, 'arbitration_ms': 0.015300000086426735, 'extension_ms': 0.9288000001106411, 'control_compute_ms': nan}, {'controller': 'C3_arbitration_MPC', 'scenario': 'sensor_bias_5', 'seed': 19027, 'step': 504, 'time_s': 5.04, 'aux_inference_ms': 0.7643000026291702, 'reliability_update_ms': 0.015300000086426735, 'arbitration_ms': 0.014900000678608194, 'extension_ms': 0.7945000033942051, 'control_compute_ms': nan}, {'controller': 'C3_arbitration_MPC', 'scenario': 'sensor_bias_5', 'seed': 19027, 'step': 505, 'time_s': 5.05, 'aux_inference_ms': 0.7106000011845026, 'reliability_update_ms': 0.015000001440057531, 'arbitration_ms': 0.015500001609325409, 'extension_ms': 0.7411000042338856, 'control_compute_ms': 68.59679999979562}, {'controller': 'C3_arbitration_MPC', 'scenario': 'sensor_bias_5', 'seed': 19027, 'step': 506, 'time_s': 5.0600000000000005, 'aux_inference_ms': 0.4707000007329043, 'reliability_update_ms': 0.015800000255694613, 'arbitration_ms': 0.01300000076298602, 'extension_ms': 0.49950000175158493, 'control_compute_ms': nan}, {'controller': 'C3_arbitration_MPC', 'scenario': 'sensor_bias_5', 'seed': 19027, 'step': 507, 'time_s': 5.07, 'aux_inference_ms': 1.1030000023311004, 'reliability_update_ms': 0.026900001103058457, 'arbitration_ms': 0.022399999579647556, 'extension_ms': 1.1523000030138064, 'control_compute_ms': nan}, {'controller': 'C3_arbitration_MPC', 'scenario': 'sensor_bias_5', 'seed': 19027, 'step': 508, 'time_s': 5.08, 'aux_inference_ms': 0.33709999843267724, 'reliability_update_ms': 0.009100000170292333, 'arbitration_ms': 0.007300001016119495, 'extension_ms': 0.35349999961908907, 'control_compute_ms': nan}, {'controller': 'C3_arbitration_MPC', 'scenario': 'sensor_bias_5', 'seed': 19027, 'step': 509, 'time_s': 5.09, 'aux_inference_ms': 0.35010000283364207, 'reliability_update_ms': 0.008800001523923129, 'arbitration_ms': 0.00679999720887281, 'extension_ms': 0.365700001566438, 'control_compute_ms': nan}, {'controller': 'C3_arbitration_MPC', 'scenario': 'sensor_bias_5', 'seed': 19027, 'step': 510, 'time_s': 5.1000000000000005, 'aux_inference_ms': 0.31069999749888666, 'reliability_update_ms': 0.007899998308857903, 'arbitration_ms': 0.006900001608300954, 'extension_ms': 0.3254999974160455, 'control_compute_ms': 50.860500003182096}, {'controller': 'C3_arbitration_MPC', 'scenario': 'sensor_bias_5', 'seed': 19027, 'step': 511, 'time_s': 5.11, 'aux_inference_ms': 0.7949000028020237, 'reliability_update_ms': 0.019900002371286973, 'arbitration_ms': 0.017799997294787318, 'extension_ms': 0.832600002468098, 'control_compute_ms': nan}, {'controller': 'C3_arbitration_MPC', 'scenario': 'sensor_bias_5', 'seed': 19027, 'step': 512, 'time_s': 5.12, 'aux_inference_ms': 0.6947000001673587, 'reliability_update_ms': 0.014299999747890979, 'arbitration_ms': 0.013700002455152571, 'extension_ms': 0.7227000023704022, 'control_compute_ms': nan}, {'controller': 'C3_arbitration_MPC', 'scenario': 'sensor_bias_5', 'seed': 19027, 'step': 513, 'time_s': 5.13, 'aux_inference_ms': 1.0810000021592714, 'reliability_update_ms': 0.014900000678608194, 'arbitration_ms': 0.014499997632810846, 'extension_ms': 1.1104000004706904, 'control_compute_ms': nan}, {'controller': 'C3_arbitration_MPC', 'scenario': 'sensor_bias_5', 'seed': 19027, 'step': 514, 'time_s': 5.14, 'aux_inference_ms': 0.8167999985744245, 'reliability_update_ms': 0.017099999240599573, 'arbitration_ms': 0.016000001778593287, 'extension_ms': 0.8498999995936174, 'control_compute_ms': nan}, {'controller': 'C3_arbitration_MPC', 'scenario': 'sensor_bias_5', 'seed': 19027, 'step': 515, 'time_s': 5.15, 'aux_inference_ms': 0.7975000007718336, 'reliability_update_ms': 0.01759999940986745, 'arbitration_ms': 0.016400001186411828, 'extension_ms': 0.8315000013681129, 'control_compute_ms': 70.11839999904623}, {'controller': 'C3_arbitration_MPC', 'scenario': 'sensor_bias_5', 'seed': 19027, 'step': 516, 'time_s': 5.16, 'aux_inference_ms': 0.3958999986934941, 'reliability_update_ms': 0.011199997970834374, 'arbitration_ms': 0.008600000001024455, 'extension_ms': 0.41569999666535296, 'control_compute_ms': nan}, {'controller': 'C3_arbitration_MPC', 'scenario': 'sensor_bias_5', 'seed': 19027, 'step': 517, 'time_s': 5.17, 'aux_inference_ms': 0.7044999983918387, 'reliability_update_ms': 0.015599998732795939, 'arbitration_ms': 0.015099998563528061, 'extension_ms': 0.7351999956881627, 'control_compute_ms': nan}, {'controller': 'C3_arbitration_MPC', 'scenario': 'sensor_bias_5', 'seed': 19027, 'step': 518, 'time_s': 5.18, 'aux_inference_ms': 0.6582999994861893, 'reliability_update_ms': 0.013700002455152571, 'arbitration_ms': 0.013600001693703234, 'extension_ms': 0.6856000036350451, 'control_compute_ms': nan}, {'controller': 'C3_arbitration_MPC', 'scenario': 'sensor_bias_5', 'seed': 19027, 'step': 519, 'time_s': 5.19, 'aux_inference_ms': 0.6514999986393377, 'reliability_update_ms': 0.01340000017080456, 'arbitration_ms': 0.013299999409355223, 'extension_ms': 0.6781999982194975, 'control_compute_ms': nan}, {'controller': 'C3_arbitration_MPC', 'scenario': 'sensor_bias_5', 'seed': 19027, 'step': 520, 'time_s': 5.2, 'aux_inference_ms': 0.6232999985513743, 'reliability_update_ms': 0.013100001524435356, 'arbitration_ms': 0.013799999578623101, 'extension_ms': 0.6501999996544328, 'control_compute_ms': 61.58280000090599}, {'controller': 'C3_arbitration_MPC', 'scenario': 'sensor_bias_5', 'seed': 19027, 'step': 521, 'time_s': 5.21, 'aux_inference_ms': 0.5171000011614524, 'reliability_update_ms': 0.010300002031726763, 'arbitration_ms': 0.008499999239575118, 'extension_ms': 0.5359000024327543, 'control_compute_ms': nan}, {'controller': 'C3_arbitration_MPC', 'scenario': 'sensor_bias_5', 'seed': 19027, 'step': 522, 'time_s': 5.22, 'aux_inference_ms': 0.8955000012065284, 'reliability_update_ms': 0.009700001101009548, 'arbitration_ms': 0.00960000033956021, 'extension_ms': 0.9148000026470982, 'control_compute_ms': nan}, {'controller': 'C3_arbitration_MPC', 'scenario': 'sensor_bias_5', 'seed': 19027, 'step': 523, 'time_s': 5.23, 'aux_inference_ms': 0.9911999986798037, 'reliability_update_ms': 0.027399997634347528, 'arbitration_ms': 0.022799998987466097, 'extension_ms': 1.0413999953016173, 'control_compute_ms': nan}, {'controller': 'C3_arbitration_MPC', 'scenario': 'sensor_bias_5', 'seed': 19027, 'step': 524, 'time_s': 5.24, 'aux_inference_ms': 0.6171999993966892, 'reliability_update_ms': 0.026699999580159783, 'arbitration_ms': 0.023200002033263445, 'extension_ms': 0.6671000010101125, 'control_compute_ms': nan}, {'controller': 'C3_arbitration_MPC', 'scenario': 'sensor_bias_5', 'seed': 19027, 'step': 525, 'time_s': 5.25, 'aux_inference_ms': 0.3207000008842442, 'reliability_update_ms': 0.007700000423938036, 'arbitration_ms': 0.006099999154685065, 'extension_ms': 0.3345000004628673, 'control_compute_ms': 120.5865999982052}, {'controller': 'C3_arbitration_MPC', 'scenario': 'sensor_bias_5', 'seed': 19027, 'step': 526, 'time_s': 5.26, 'aux_inference_ms': 0.4788999976881314, 'reliability_update_ms': 0.010600000678095967, 'arbitration_ms': 0.009400002454640344, 'extension_ms': 0.4989000008208677, 'control_compute_ms': nan}, {'controller': 'C3_arbitration_MPC', 'scenario': 'sensor_bias_5', 'seed': 19027, 'step': 527, 'time_s': 5.2700000000000005, 'aux_inference_ms': 1.0876999986066949, 'reliability_update_ms': 0.0259000007645227, 'arbitration_ms': 0.022999996872385964, 'extension_ms': 1.1365999962436035, 'control_compute_ms': nan}, {'controller': 'C3_arbitration_MPC', 'scenario': 'sensor_bias_5', 'seed': 19027, 'step': 528, 'time_s': 5.28, 'aux_inference_ms': 0.9730999991006684, 'reliability_update_ms': 0.02469999890308827, 'arbitration_ms': 0.02170000152545981, 'extension_ms': 1.0194999995292164, 'control_compute_ms': nan}, {'controller': 'C3_arbitration_MPC', 'scenario': 'sensor_bias_5', 'seed': 19027, 'step': 529, 'time_s': 5.29, 'aux_inference_ms': 0.3115999970759731, 'reliability_update_ms': 0.009499999578110874, 'arbitration_ms': 0.006899997970322147, 'extension_ms': 0.3279999946244061, 'control_compute_ms': nan}, {'controller': 'C3_arbitration_MPC', 'scenario': 'sensor_bias_5', 'seed': 19027, 'step': 530, 'time_s': 5.3, 'aux_inference_ms': 0.28390000079525635, 'reliability_update_ms': 0.007499998901039362, 'arbitration_ms': 0.006499998562503606, 'extension_ms': 0.2978999982587993, 'control_compute_ms': 72.70339999740827}, {'controller': 'C3_arbitration_MPC', 'scenario': 'sensor_bias_5', 'seed': 19027, 'step': 531, 'time_s': 5.3100000000000005, 'aux_inference_ms': 0.8042999979807064, 'reliability_update_ms': 0.01939999856404029, 'arbitration_ms': 0.017499998648418114, 'extension_ms': 0.8411999951931648, 'control_compute_ms': nan}, {'controller': 'C3_arbitration_MPC', 'scenario': 'sensor_bias_5', 'seed': 19027, 'step': 532, 'time_s': 5.32, 'aux_inference_ms': 0.7671999992453493, 'reliability_update_ms': 0.016400001186411828, 'arbitration_ms': 0.015000001440057531, 'extension_ms': 0.7986000018718187, 'control_compute_ms': nan}, {'controller': 'C3_arbitration_MPC', 'scenario': 'sensor_bias_5', 'seed': 19027, 'step': 533, 'time_s': 5.33, 'aux_inference_ms': 0.7299999997485429, 'reliability_update_ms': 0.015300000086426735, 'arbitration_ms': 0.015399997209897265, 'extension_ms': 0.7606999970448669, 'control_compute_ms': nan}, {'controller': 'C3_arbitration_MPC', 'scenario': 'sensor_bias_5', 'seed': 19027, 'step': 534, 'time_s': 5.34, 'aux_inference_ms': 0.7888000000093598, 'reliability_update_ms': 0.015800000255694613, 'arbitration_ms': 0.016299996786983684, 'extension_ms': 0.8208999970520381, 'control_compute_ms': nan}, {'controller': 'C3_arbitration_MPC', 'scenario': 'sensor_bias_5', 'seed': 19027, 'step': 535, 'time_s': 5.3500000000000005, 'aux_inference_ms': 1.021500000206288, 'reliability_update_ms': 0.017300000763498247, 'arbitration_ms': 0.01680000059423037, 'extension_ms': 1.0556000015640166, 'control_compute_ms': 73.96249999874271}, {'controller': 'C3_arbitration_MPC', 'scenario': 'sensor_bias_5', 'seed': 19027, 'step': 536, 'time_s': 5.36, 'aux_inference_ms': 0.7941000003484078, 'reliability_update_ms': 0.019099999917671084, 'arbitration_ms': 0.018200000340584666, 'extension_ms': 0.8314000006066635, 'control_compute_ms': nan}, {'controller': 'C3_arbitration_MPC', 'scenario': 'sensor_bias_5', 'seed': 19027, 'step': 537, 'time_s': 5.37, 'aux_inference_ms': 0.7651000014448073, 'reliability_update_ms': 0.016199999663513154, 'arbitration_ms': 0.015800000255694613, 'extension_ms': 0.797100001364015, 'control_compute_ms': nan}, {'controller': 'C3_arbitration_MPC', 'scenario': 'sensor_bias_5', 'seed': 19027, 'step': 538, 'time_s': 5.38, 'aux_inference_ms': 0.7315000002563465, 'reliability_update_ms': 0.015699999494245276, 'arbitration_ms': 0.015300000086426735, 'extension_ms': 0.7624999998370185, 'control_compute_ms': nan}, {'controller': 'C3_arbitration_MPC', 'scenario': 'sensor_bias_5', 'seed': 19027, 'step': 539, 'time_s': 5.39, 'aux_inference_ms': 0.7229999973787926, 'reliability_update_ms': 0.015800000255694613, 'arbitration_ms': 0.015500001609325409, 'extension_ms': 0.7542999992438126, 'control_compute_ms': nan}, {'controller': 'C3_arbitration_MPC', 'scenario': 'sensor_bias_5', 'seed': 19027, 'step': 540, 'time_s': 5.4, 'aux_inference_ms': 0.7296000003407244, 'reliability_update_ms': 0.015400000847876072, 'arbitration_ms': 0.014799999917158857, 'extension_ms': 0.7598000011057593, 'control_compute_ms': 85.80119999896851}, {'controller': 'C3_arbitration_MPC', 'scenario': 'sensor_bias_5', 'seed': 19027, 'step': 541, 'time_s': 5.41, 'aux_inference_ms': 0.3068000005441718, 'reliability_update_ms': 0.00670000008540228, 'arbitration_ms': 0.005800000508315861, 'extension_ms': 0.3193000011378899, 'control_compute_ms': nan}, {'controller': 'C3_arbitration_MPC', 'scenario': 'sensor_bias_5', 'seed': 19027, 'step': 542, 'time_s': 5.42, 'aux_inference_ms': 0.20530000256258063, 'reliability_update_ms': 0.00540000110049732, 'arbitration_ms': 0.004600002284860238, 'extension_ms': 0.2153000059479382, 'control_compute_ms': nan}, {'controller': 'C3_arbitration_MPC', 'scenario': 'sensor_bias_5', 'seed': 19027, 'step': 543, 'time_s': 5.43, 'aux_inference_ms': 0.579499999730615, 'reliability_update_ms': 0.012499996955739334, 'arbitration_ms': 0.00960000033956021, 'extension_ms': 0.6015999970259145, 'control_compute_ms': nan}, {'controller': 'C3_arbitration_MPC', 'scenario': 'sensor_bias_5', 'seed': 19027, 'step': 544, 'time_s': 5.44, 'aux_inference_ms': 0.23890000011306256, 'reliability_update_ms': 0.005900001269765198, 'arbitration_ms': 0.004599998646881431, 'extension_ms': 0.2494000000297092, 'control_compute_ms': nan}, {'controller': 'C3_arbitration_MPC', 'scenario': 'sensor_bias_5', 'seed': 19027, 'step': 545, 'time_s': 5.45, 'aux_inference_ms': 0.22159999934956431, 'reliability_update_ms': 0.005399997462518513, 'arbitration_ms': 0.004699999408330768, 'extension_ms': 0.2316999962204136, 'control_compute_ms': 26.519499999267282}, {'controller': 'C3_arbitration_MPC', 'scenario': 'sensor_bias_5', 'seed': 19027, 'step': 546, 'time_s': 5.46, 'aux_inference_ms': 0.2275000006193295, 'reliability_update_ms': 0.005900001269765198, 'arbitration_ms': 0.005100002454128116, 'extension_ms': 0.23850000434322283, 'control_compute_ms': nan}, {'controller': 'C3_arbitration_MPC', 'scenario': 'sensor_bias_5', 'seed': 19027, 'step': 547, 'time_s': 5.47, 'aux_inference_ms': 0.20669999867095612, 'reliability_update_ms': 0.005800000508315861, 'arbitration_ms': 0.004699999408330768, 'extension_ms': 0.21719999858760275, 'control_compute_ms': nan}, {'controller': 'C3_arbitration_MPC', 'scenario': 'sensor_bias_5', 'seed': 19027, 'step': 548, 'time_s': 5.48, 'aux_inference_ms': 0.2739000010478776, 'reliability_update_ms': 0.009700001101009548, 'arbitration_ms': 0.00790000194683671, 'extension_ms': 0.29150000409572385, 'control_compute_ms': nan}, {'controller': 'C3_arbitration_MPC', 'scenario': 'sensor_bias_5', 'seed': 19027, 'step': 549, 'time_s': 5.49, 'aux_inference_ms': 0.33260000054724514, 'reliability_update_ms': 0.008899998647393659, 'arbitration_ms': 0.007399998139590025, 'extension_ms': 0.34889999733422883, 'control_compute_ms': nan}, {'controller': 'C3_arbitration_MPC', 'scenario': 'sensor_bias_5', 'seed': 19027, 'step': 550, 'time_s': 5.5, 'aux_inference_ms': 0.37060000249766745, 'reliability_update_ms': 0.00920000093174167, 'arbitration_ms': 0.007899998308857903, 'extension_ms': 0.387700001738267, 'control_compute_ms': 32.18650000053458}, {'controller': 'C3_arbitration_MPC', 'scenario': 'sensor_bias_5', 'seed': 19027, 'step': 551, 'time_s': 5.51, 'aux_inference_ms': 0.3049000006285496, 'reliability_update_ms': 0.007800001185387373, 'arbitration_ms': 0.006099999154685065, 'extension_ms': 0.31880000096862204, 'control_compute_ms': nan}, {'controller': 'C3_arbitration_MPC', 'scenario': 'sensor_bias_5', 'seed': 19027, 'step': 552, 'time_s': 5.5200000000000005, 'aux_inference_ms': 0.3175999991071876, 'reliability_update_ms': 0.005999998393235728, 'arbitration_ms': 0.004499997885432094, 'extension_ms': 0.32809999538585544, 'control_compute_ms': nan}, {'controller': 'C3_arbitration_MPC', 'scenario': 'sensor_bias_5', 'seed': 19027, 'step': 553, 'time_s': 5.53, 'aux_inference_ms': 0.20939999740221538, 'reliability_update_ms': 0.005199999577598646, 'arbitration_ms': 0.004099998477613553, 'extension_ms': 0.21869999545742758, 'control_compute_ms': nan}, {'controller': 'C3_arbitration_MPC', 'scenario': 'sensor_bias_5', 'seed': 19027, 'step': 554, 'time_s': 5.54, 'aux_inference_ms': 0.1706000002741348, 'reliability_update_ms': 0.004600002284860238, 'arbitration_ms': 0.0040000013541430235, 'extension_ms': 0.17920000391313806, 'control_compute_ms': nan}, {'controller': 'C3_arbitration_MPC', 'scenario': 'sensor_bias_5', 'seed': 19027, 'step': 555, 'time_s': 5.55, 'aux_inference_ms': 0.45279999903868884, 'reliability_update_ms': 0.005000001692678779, 'arbitration_ms': 0.0040000013541430235, 'extension_ms': 0.46180000208551064, 'control_compute_ms': 20.388499997352483}, {'controller': 'C3_arbitration_MPC', 'scenario': 'sensor_bias_5', 'seed': 19027, 'step': 556, 'time_s': 5.5600000000000005, 'aux_inference_ms': 0.23850000070524402, 'reliability_update_ms': 0.007000002369750291, 'arbitration_ms': 0.005699999746866524, 'extension_ms': 0.25120000282186083, 'control_compute_ms': nan}, {'controller': 'C3_arbitration_MPC', 'scenario': 'sensor_bias_5', 'seed': 19027, 'step': 557, 'time_s': 5.57, 'aux_inference_ms': 0.2046999979938846, 'reliability_update_ms': 0.00549999822396785, 'arbitration_ms': 0.004699999408330768, 'extension_ms': 0.21489999562618323, 'control_compute_ms': nan}, {'controller': 'C3_arbitration_MPC', 'scenario': 'sensor_bias_5', 'seed': 19027, 'step': 558, 'time_s': 5.58, 'aux_inference_ms': 0.27430000045569614, 'reliability_update_ms': 0.00670000008540228, 'arbitration_ms': 0.005699999746866524, 'extension_ms': 0.28670000028796494, 'control_compute_ms': nan}, {'controller': 'C3_arbitration_MPC', 'scenario': 'sensor_bias_5', 'seed': 19027, 'step': 559, 'time_s': 5.59, 'aux_inference_ms': 0.26280000020051375, 'reliability_update_ms': 0.006800000846851617, 'arbitration_ms': 0.005799996870337054, 'extension_ms': 0.2753999979177024, 'control_compute_ms': nan}, {'controller': 'C3_arbitration_MPC', 'scenario': 'sensor_bias_5', 'seed': 19027, 'step': 560, 'time_s': 5.6000000000000005, 'aux_inference_ms': 0.26060000163852237, 'reliability_update_ms': 0.005000001692678779, 'arbitration_ms': 0.0040000013541430235, 'extension_ms': 0.2696000046853442, 'control_compute_ms': 21.112800000992138}, {'controller': 'C3_arbitration_MPC', 'scenario': 'sensor_bias_5', 'seed': 19027, 'step': 561, 'time_s': 5.61, 'aux_inference_ms': 0.5091000020911451, 'reliability_update_ms': 0.014799999917158857, 'arbitration_ms': 0.0121000011858996, 'extension_ms': 0.5360000031942036, 'control_compute_ms': nan}, {'controller': 'C3_arbitration_MPC', 'scenario': 'sensor_bias_5', 'seed': 19027, 'step': 562, 'time_s': 5.62, 'aux_inference_ms': 0.5144999995536637, 'reliability_update_ms': 0.032500000088475645, 'arbitration_ms': 0.01080000220099464, 'extension_ms': 0.5578000018431339, 'control_compute_ms': nan}, {'controller': 'C3_arbitration_MPC', 'scenario': 'sensor_bias_5', 'seed': 19027, 'step': 563, 'time_s': 5.63, 'aux_inference_ms': 0.4773999971803278, 'reliability_update_ms': 0.012299999070819467, 'arbitration_ms': 0.010099996870849282, 'extension_ms': 0.4997999931219965, 'control_compute_ms': nan}, {'controller': 'C3_arbitration_MPC', 'scenario': 'sensor_bias_5', 'seed': 19027, 'step': 564, 'time_s': 5.64, 'aux_inference_ms': 0.23290000171982683, 'reliability_update_ms': 0.006199999916134402, 'arbitration_ms': 0.00540000110049732, 'extension_ms': 0.24450000273645855, 'control_compute_ms': nan}, {'controller': 'C3_arbitration_MPC', 'scenario': 'sensor_bias_5', 'seed': 19027, 'step': 565, 'time_s': 5.65, 'aux_inference_ms': 0.23800000053597614, 'reliability_update_ms': 0.006099999154685065, 'arbitration_ms': 0.005300000339047983, 'extension_ms': 0.2494000000297092, 'control_compute_ms': 21.87200000116718}, {'controller': 'C3_arbitration_MPC', 'scenario': 'sensor_bias_5', 'seed': 19027, 'step': 566, 'time_s': 5.66, 'aux_inference_ms': 0.25269999969168566, 'reliability_update_ms': 0.006900001608300954, 'arbitration_ms': 0.005800000508315861, 'extension_ms': 0.2654000018083025, 'control_compute_ms': nan}, {'controller': 'C3_arbitration_MPC', 'scenario': 'sensor_bias_5', 'seed': 19027, 'step': 567, 'time_s': 5.67, 'aux_inference_ms': 0.20500000027823262, 'reliability_update_ms': 0.006199999916134402, 'arbitration_ms': 0.005199999577598646, 'extension_ms': 0.21639999977196567, 'control_compute_ms': nan}, {'controller': 'C3_arbitration_MPC', 'scenario': 'sensor_bias_5', 'seed': 19027, 'step': 568, 'time_s': 5.68, 'aux_inference_ms': 0.2719000003708061, 'reliability_update_ms': 0.006399997801054269, 'arbitration_ms': 0.00549999822396785, 'extension_ms': 0.2837999963958282, 'control_compute_ms': nan}, {'controller': 'C3_arbitration_MPC', 'scenario': 'sensor_bias_5', 'seed': 19027, 'step': 569, 'time_s': 5.69, 'aux_inference_ms': 0.26060000163852237, 'reliability_update_ms': 0.007599999662488699, 'arbitration_ms': 0.006500002200482413, 'extension_ms': 0.2747000035014935, 'control_compute_ms': nan}, {'controller': 'C3_arbitration_MPC', 'scenario': 'sensor_bias_5', 'seed': 19027, 'step': 570, 'time_s': 5.7, 'aux_inference_ms': 0.2282999994349666, 'reliability_update_ms': 0.004800000169780105, 'arbitration_ms': 0.004099998477613553, 'extension_ms': 0.23719999808236025, 'control_compute_ms': 24.440699999104254}, {'controller': 'C3_arbitration_MPC', 'scenario': 'sensor_bias_5', 'seed': 19027, 'step': 571, 'time_s': 5.71, 'aux_inference_ms': 0.4064999993715901, 'reliability_update_ms': 0.01219999830937013, 'arbitration_ms': 0.009100000170292333, 'extension_ms': 0.42779999785125256, 'control_compute_ms': nan}, {'controller': 'C3_arbitration_MPC', 'scenario': 'sensor_bias_5', 'seed': 19027, 'step': 572, 'time_s': 5.72, 'aux_inference_ms': 0.33999999868683517, 'reliability_update_ms': 0.008700000762473792, 'arbitration_ms': 0.007300001016119495, 'extension_ms': 0.35600000046542846, 'control_compute_ms': nan}, {'controller': 'C3_arbitration_MPC', 'scenario': 'sensor_bias_5', 'seed': 19027, 'step': 573, 'time_s': 5.73, 'aux_inference_ms': 0.3308000013930723, 'reliability_update_ms': 0.008200000593205914, 'arbitration_ms': 0.00790000194683671, 'extension_ms': 0.34690000393311493, 'control_compute_ms': nan}, {'controller': 'C3_arbitration_MPC', 'scenario': 'sensor_bias_5', 'seed': 19027, 'step': 574, 'time_s': 5.74, 'aux_inference_ms': 0.47390000327141024, 'reliability_update_ms': 0.006300000677583739, 'arbitration_ms': 0.005099998816149309, 'extension_ms': 0.4853000027651433, 'control_compute_ms': nan}, {'controller': 'C3_arbitration_MPC', 'scenario': 'sensor_bias_5', 'seed': 19027, 'step': 575, 'time_s': 5.75, 'aux_inference_ms': 0.20009999934700318, 'reliability_update_ms': 0.005099998816149309, 'arbitration_ms': 0.004300000000512227, 'extension_ms': 0.2094999981636647, 'control_compute_ms': 26.25849999822094}, {'controller': 'C3_arbitration_MPC', 'scenario': 'sensor_bias_5', 'seed': 19027, 'step': 576, 'time_s': 5.76, 'aux_inference_ms': 0.3685000010591466, 'reliability_update_ms': 0.008999999408842996, 'arbitration_ms': 0.007000002369750291, 'extension_ms': 0.3845000028377399, 'control_compute_ms': nan}, {'controller': 'C3_arbitration_MPC', 'scenario': 'sensor_bias_5', 'seed': 19027, 'step': 577, 'time_s': 5.7700000000000005, 'aux_inference_ms': 0.2635000018926803, 'reliability_update_ms': 0.008700000762473792, 'arbitration_ms': 0.007600003300467506, 'extension_ms': 0.2798000059556216, 'control_compute_ms': nan}, {'controller': 'C3_arbitration_MPC', 'scenario': 'sensor_bias_5', 'seed': 19027, 'step': 578, 'time_s': 5.78, 'aux_inference_ms': 0.3576000017346814, 'reliability_update_ms': 0.010100000508828089, 'arbitration_ms': 0.009100000170292333, 'extension_ms': 0.37680000241380185, 'control_compute_ms': nan}, {'controller': 'C3_arbitration_MPC', 'scenario': 'sensor_bias_5', 'seed': 19027, 'step': 579, 'time_s': 5.79, 'aux_inference_ms': 0.45700000191573054, 'reliability_update_ms': 0.008999999408842996, 'arbitration_ms': 0.00670000008540228, 'extension_ms': 0.4727000014099758, 'control_compute_ms': nan}, {'controller': 'C3_arbitration_MPC', 'scenario': 'sensor_bias_5', 'seed': 19027, 'step': 580, 'time_s': 5.8, 'aux_inference_ms': 0.2158999996026978, 'reliability_update_ms': 0.00540000110049732, 'arbitration_ms': 0.004600002284860238, 'extension_ms': 0.22590000298805535, 'control_compute_ms': 83.1292000002577}, {'controller': 'C3_arbitration_MPC', 'scenario': 'sensor_bias_5', 'seed': 19027, 'step': 581, 'time_s': 5.8100000000000005, 'aux_inference_ms': 0.6285999988904223, 'reliability_update_ms': 0.01809999957913533, 'arbitration_ms': 0.014400000509340316, 'extension_ms': 0.6610999989788979, 'control_compute_ms': nan}, {'controller': 'C3_arbitration_MPC', 'scenario': 'sensor_bias_5', 'seed': 19027, 'step': 582, 'time_s': 5.82, 'aux_inference_ms': 0.6590000011783559, 'reliability_update_ms': 0.012799999240087345, 'arbitration_ms': 0.011800002539530396, 'extension_ms': 0.6836000029579736, 'control_compute_ms': nan}, {'controller': 'C3_arbitration_MPC', 'scenario': 'sensor_bias_5', 'seed': 19027, 'step': 583, 'time_s': 5.83, 'aux_inference_ms': 0.7458000000042375, 'reliability_update_ms': 0.013599998055724427, 'arbitration_ms': 0.011599997378652915, 'extension_ms': 0.7709999954386149, 'control_compute_ms': nan}, {'controller': 'C3_arbitration_MPC', 'scenario': 'sensor_bias_5', 'seed': 19027, 'step': 584, 'time_s': 5.84, 'aux_inference_ms': 0.517000000400003, 'reliability_update_ms': 0.010799998563015833, 'arbitration_ms': 0.01089999932446517, 'extension_ms': 0.538699998287484, 'control_compute_ms': nan}, {'controller': 'C3_arbitration_MPC', 'scenario': 'sensor_bias_5', 'seed': 19027, 'step': 585, 'time_s': 5.8500000000000005, 'aux_inference_ms': 0.5074000000604428, 'reliability_update_ms': 0.010799998563015833, 'arbitration_ms': 0.011000000085914508, 'extension_ms': 0.5291999987093732, 'control_compute_ms': 127.24969999908353}, {'controller': 'C3_arbitration_MPC', 'scenario': 'sensor_bias_5', 'seed': 19027, 'step': 586, 'time_s': 5.86, 'aux_inference_ms': 1.218400000652764, 'reliability_update_ms': 0.020600000425474718, 'arbitration_ms': 0.018299997464055195, 'extension_ms': 1.257299998542294, 'control_compute_ms': nan}, {'controller': 'C3_arbitration_MPC', 'scenario': 'sensor_bias_5', 'seed': 19027, 'step': 587, 'time_s': 5.87, 'aux_inference_ms': 0.6442999983846676, 'reliability_update_ms': 0.01340000017080456, 'arbitration_ms': 0.01300000076298602, 'extension_ms': 0.6706999993184581, 'control_compute_ms': nan}, {'controller': 'C3_arbitration_MPC', 'scenario': 'sensor_bias_5', 'seed': 19027, 'step': 588, 'time_s': 5.88, 'aux_inference_ms': 0.8492999986629002, 'reliability_update_ms': 0.014999997802078724, 'arbitration_ms': 0.013900000340072438, 'extension_ms': 0.8781999968050513, 'control_compute_ms': nan}, {'controller': 'C3_arbitration_MPC', 'scenario': 'sensor_bias_5', 'seed': 19027, 'step': 589, 'time_s': 5.89, 'aux_inference_ms': 0.8069999967119657, 'reliability_update_ms': 0.013699998817173764, 'arbitration_ms': 0.012900000001536682, 'extension_ms': 0.8335999955306761, 'control_compute_ms': nan}, {'controller': 'C3_arbitration_MPC', 'scenario': 'sensor_bias_5', 'seed': 19027, 'step': 590, 'time_s': 5.9, 'aux_inference_ms': 0.6279000008362345, 'reliability_update_ms': 0.012499996955739334, 'arbitration_ms': 0.013100001524435356, 'extension_ms': 0.6534999993164092, 'control_compute_ms': 64.69039999865345}, {'controller': 'C3_arbitration_MPC', 'scenario': 'sensor_bias_5', 'seed': 19027, 'step': 591, 'time_s': 5.91, 'aux_inference_ms': 0.3724999987753108, 'reliability_update_ms': 0.009400002454640344, 'arbitration_ms': 0.00790000194683671, 'extension_ms': 0.38980000317678787, 'control_compute_ms': nan}, {'controller': 'C3_arbitration_MPC', 'scenario': 'sensor_bias_5', 'seed': 19027, 'step': 592, 'time_s': 5.92, 'aux_inference_ms': 0.343700001394609, 'reliability_update_ms': 0.008099999831756577, 'arbitration_ms': 0.007099999493220821, 'extension_ms': 0.3589000007195864, 'control_compute_ms': nan}, {'controller': 'C3_arbitration_MPC', 'scenario': 'sensor_bias_5', 'seed': 19027, 'step': 593, 'time_s': 5.93, 'aux_inference_ms': 1.0298999986844137, 'reliability_update_ms': 0.02979999771923758, 'arbitration_ms': 0.072900002123788, 'extension_ms': 1.1325999985274393, 'control_compute_ms': nan}, {'controller': 'C3_arbitration_MPC', 'scenario': 'sensor_bias_5', 'seed': 19027, 'step': 594, 'time_s': 5.94, 'aux_inference_ms': 1.0327999989385717, 'reliability_update_ms': 0.024400000256719068, 'arbitration_ms': 0.0213999992411118, 'extension_ms': 1.0785999984364025, 'control_compute_ms': nan}, {'controller': 'C3_arbitration_MPC', 'scenario': 'sensor_bias_5', 'seed': 19027, 'step': 595, 'time_s': 5.95, 'aux_inference_ms': 1.2109999988751952, 'reliability_update_ms': 0.029000002541579306, 'arbitration_ms': 0.027999998565064743, 'extension_ms': 1.2679999999818392, 'control_compute_ms': 58.637400001316564}, {'controller': 'C3_arbitration_MPC', 'scenario': 'sensor_bias_5', 'seed': 19027, 'step': 596, 'time_s': 5.96, 'aux_inference_ms': 0.5758000006608199, 'reliability_update_ms': 0.013999997463542968, 'arbitration_ms': 0.011200001608813182, 'extension_ms': 0.6009999997331761, 'control_compute_ms': nan}, {'controller': 'C3_arbitration_MPC', 'scenario': 'sensor_bias_5', 'seed': 19027, 'step': 597, 'time_s': 5.97, 'aux_inference_ms': 0.4374000018287916, 'reliability_update_ms': 0.011000000085914508, 'arbitration_ms': 0.009800001862458885, 'extension_ms': 0.45820000377716497, 'control_compute_ms': nan}, {'controller': 'C3_arbitration_MPC', 'scenario': 'sensor_bias_5', 'seed': 19027, 'step': 598, 'time_s': 5.98, 'aux_inference_ms': 0.4152999972575344, 'reliability_update_ms': 0.01059999704011716, 'arbitration_ms': 0.008900002285372466, 'extension_ms': 0.43479999658302404, 'control_compute_ms': nan}, {'controller': 'C3_arbitration_MPC', 'scenario': 'sensor_bias_5', 'seed': 19027, 'step': 599, 'time_s': 5.99, 'aux_inference_ms': 0.4296000006434042, 'reliability_update_ms': 0.01049999991664663, 'arbitration_ms': 0.00920000093174167, 'extension_ms': 0.4493000014917925, 'control_compute_ms': nan}, {'controller': 'C3_arbitration_MPC', 'scenario': 'sensor_bias_5', 'seed': 19027, 'step': 600, 'time_s': 6.0, 'aux_inference_ms': 0.35629999911179766, 'reliability_update_ms': 0.00920000093174167, 'arbitration_ms': 0.008099999831756577, 'extension_ms': 0.3735999998752959, 'control_compute_ms': 31.059500000992557}]",,,,,,,,,,,,,,,,,,,,,,,,,,,,,,,,,,,,,,,,,,,,,,,,,,,,,,,,,,,,,,,,,,,,,,,,,,,,,,,,,,
E_EKF_virtual_MPC,sensor_bias_5,19027,10.811588730466282,4.50845148418076,0.2805984584935689,,1,0.0,,4.01,0.6672212978369384,,,,,,,,,6198.563054645859,94.98548804187124,0,0,0,0,0,,0,37.4519446280122,0.2952074009860307,0.011107229060419672,,,37.47759917368516,5.253398099997867,,,,,,,,,401,,,,,,,,,,,,,,,,,,,,,,,,,,,,,,,,,0.0,,True,True,601.0,1.0,201.0,0.33444259567387685,0.08016885798228413,0.07275488649736668,0.07275488649736668,2.3179571866147883,1.7339999613085322,1.6140834549587844,0.22733781289797517,0.16230521276790463,0.16230521276790463,0.10340402555142647,0.09968468790125183,0.09968468790125183,,0.0,0.0,0.0,0.0,1.0,,,1.659539984417702e-08,0.0,0.00032345477336440435,0.00032345477336440435,0.0011989176351483142,0.0071709716077625356,0.5713738381914035,0.2568745424615734,0.24019999909796752,0.38270000004558824,0.6037999992258847,0.6749999993189704,601.0,0.5529956740039822,0.5290000044624321,0.7967000019561965,1.0617000007187016,1.4929999997548293,121.0,37.4519446280122,26.727399999799673,84.15029999741819,125.00392000147252,136.0311999997066,fixed_nominal
B_plain_MPC,sensor_bias_5,19028,10.966302521962568,5.565017133616106,2.807733486590698,,0,0.0,0.0,0.0,0.0,0.0,6.0,1.0,0.0,0.0,0.0,0.0,0.0,6856.275013238455,237.8673060045838,0,0,0,0,0,,0,57.02032148753859,0.0,0.0,0.0,0.0,57.036476859635016,7.262714099997538,,,,,,,,,0,rerun_v3_simulate_v3_run,,,,,,,,,,,,,,,,,,,,,,,,,,,,,,,,,,,,,,,,,,,,,,,,,,,,,,,,,,,,,,,,,,,,,,,,,,,,,,,,,,,,
C1_sensor_MPC,sensor_bias_5,19028,10.826545385214931,4.73159198394702,0.4178240035235247,,1,0.0,0.0,4.01,0.6672212978369384,1.0,3.0,0.33277870216306155,0.6672212978369384,0.0,0.0,0.0,0.0,6233.905352072406,104.34836373640736,0,0,0,0,0,,0,50.32284132226958,0.0,0.0,0.0,0.0,50.351214049592535,6.578415700001642,0.3471331455598059,0.33869397380194355,,,0.3471331455598059,0.33869397380194355,2.3322948650356934,1.7415302403838122,401,rerun_v3_simulate_v3_run,,,,,,,,,,,,,,,,,,,,,,,,,,,,,,,,,,,,,,,,,,,,,,,,,,,,,,,,,,,,,,,,,,,,,,,,,,,,,,,,,,,,
C3_arbitration_MPC,sensor_bias_5,19028,10.826545385214931,4.73159198394702,0.4178240035235247,,1,0.0,0.0,4.01,0.6672212978369384,1.0,3.0,0.33277870216306155,0.6672212978369384,0.0,0.0,0.0,0.0,6233.905352072406,104.34836373640736,0,0,0,0,0,,0,54.90494628097359,0.4069598966916116,0.00981049907811326,0.0071876075017793355,0.4239580032715042,54.93434710751147,7.4077870000000985,0.3471331455598059,0.33869397380194355,0.4553563298052101,0.2788509059171409,0.3471331455598059,0.33869397380194355,2.3322948650356934,1.7415302403838122,401,rerun_v3_simulate_v3_run,,"[{'controller': 'C3_arbitration_MPC', 'scenario': 'sensor_bias_5', 'seed': 19028, 'step': 20, 'time_s': 0.2, 'aux_inference_ms': 0.26140000045415945, 'reliability_update_ms': 0.007000002369750291, 'arbitration_ms': 0.0025000008463393897, 'extension_ms': 0.27090000367024913, 'control_compute_ms': 39.18890000204556}, {'controller': 'C3_arbitration_MPC', 'scenario': 'sensor_bias_5', 'seed': 19028, 'step': 21, 'time_s': 0.21, 'aux_inference_ms': 0.2896999976655934, 'reliability_update_ms': 0.007400001777568832, 'arbitration_ms': 0.0027000023692380637, 'extension_ms': 0.2998000018124003, 'control_compute_ms': nan}, {'controller': 'C3_arbitration_MPC', 'scenario': 'sensor_bias_5', 'seed': 19028, 'step': 22, 'time_s': 0.22, 'aux_inference_ms': 0.21719999858760275, 'reliability_update_ms': 0.005700003384845331, 'arbitration_ms': 0.0016999983927235007, 'extension_ms': 0.22460000036517158, 'control_compute_ms': nan}, {'controller': 'C3_arbitration_MPC', 'scenario': 'sensor_bias_5', 'seed': 19028, 'step': 23, 'time_s': 0.23, 'aux_inference_ms': 0.20169999697827734, 'reliability_update_ms': 0.00540000110049732, 'arbitration_ms': 0.0016999983927235007, 'extension_ms': 0.20879999647149816, 'control_compute_ms': nan}, {'controller': 'C3_arbitration_MPC', 'scenario': 'sensor_bias_5', 'seed': 19028, 'step': 24, 'time_s': 0.24, 'aux_inference_ms': 0.21290000222506933, 'reliability_update_ms': 0.005700003384845331, 'arbitration_ms': 0.0018000027921516448, 'extension_ms': 0.2204000084020663, 'control_compute_ms': nan}, {'controller': 'C3_arbitration_MPC', 'scenario': 'sensor_bias_5', 'seed': 19028, 'step': 25, 'time_s': 0.25, 'aux_inference_ms': 0.19940000129281543, 'reliability_update_ms': 0.005399997462518513, 'arbitration_ms': 0.0016000012692529708, 'extension_ms': 0.20640000002458692, 'control_compute_ms': 19.110100001853425}, {'controller': 'C3_arbitration_MPC', 'scenario': 'sensor_bias_5', 'seed': 19028, 'step': 26, 'time_s': 0.26, 'aux_inference_ms': 0.22760000138077885, 'reliability_update_ms': 0.005899997631786391, 'arbitration_ms': 0.0018999999156221747, 'extension_ms': 0.23539999892818742, 'control_compute_ms': nan}, {'controller': 'C3_arbitration_MPC', 'scenario': 'sensor_bias_5', 'seed': 19028, 'step': 27, 'time_s': 0.27, 'aux_inference_ms': 0.23300000248127617, 'reliability_update_ms': 0.005599998985417187, 'arbitration_ms': 0.0017999991541728377, 'extension_ms': 0.2404000006208662, 'control_compute_ms': nan}, {'controller': 'C3_arbitration_MPC', 'scenario': 'sensor_bias_5', 'seed': 19028, 'step': 28, 'time_s': 0.28, 'aux_inference_ms': 0.21460000061779283, 'reliability_update_ms': 0.005399997462518513, 'arbitration_ms': 0.0016000012692529708, 'extension_ms': 0.22159999934956431, 'control_compute_ms': nan}, {'controller': 'C3_arbitration_MPC', 'scenario': 'sensor_bias_5', 'seed': 19028, 'step': 29, 'time_s': 0.29, 'aux_inference_ms': 0.3012000015587546, 'reliability_update_ms': 0.005500001861946657, 'arbitration_ms': 0.0015000005078036338, 'extension_ms': 0.3082000039285049, 'control_compute_ms': nan}, {'controller': 'C3_arbitration_MPC', 'scenario': 'sensor_bias_5', 'seed': 19028, 'step': 30, 'time_s': 0.3, 'aux_inference_ms': 0.17239999942830764, 'reliability_update_ms': 0.0041000021155923605, 'arbitration_ms': 0.0013999997463542968, 'extension_ms': 0.1779000012902543, 'control_compute_ms': 17.798500000935746}, {'controller': 'C3_arbitration_MPC', 'scenario': 'sensor_bias_5', 'seed': 19028, 'step': 31, 'time_s': 0.31, 'aux_inference_ms': 0.20679999943240546, 'reliability_update_ms': 0.005199999577598646, 'arbitration_ms': 0.0017000020307023078, 'extension_ms': 0.2137000010407064, 'control_compute_ms': nan}, {'controller': 'C3_arbitration_MPC', 'scenario': 'sensor_bias_5', 'seed': 19028, 'step': 32, 'time_s': 0.32, 'aux_inference_ms': 0.32449999707750976, 'reliability_update_ms': 0.004899997293250635, 'arbitration_ms': 0.0015000005078036338, 'extension_ms': 0.33089999487856403, 'control_compute_ms': nan}, {'controller': 'C3_arbitration_MPC', 'scenario': 'sensor_bias_5', 'seed': 19028, 'step': 33, 'time_s': 0.33, 'aux_inference_ms': 0.1765000015439, 'reliability_update_ms': 0.004300000000512227, 'arbitration_ms': 0.0012999989849049598, 'extension_ms': 0.18210000052931719, 'control_compute_ms': nan}, {'controller': 'C3_arbitration_MPC', 'scenario': 'sensor_bias_5', 'seed': 19028, 'step': 34, 'time_s': 0.34, 'aux_inference_ms': 0.16349999714293517, 'reliability_update_ms': 0.0042000028770416975, 'arbitration_ms': 0.0012999989849049598, 'extension_ms': 0.16899999900488183, 'control_compute_ms': nan}, {'controller': 'C3_arbitration_MPC', 'scenario': 'sensor_bias_5', 'seed': 19028, 'step': 35, 'time_s': 0.35000000000000003, 'aux_inference_ms': 0.1878000002761837, 'reliability_update_ms': 0.005199999577598646, 'arbitration_ms': 0.0015000005078036338, 'extension_ms': 0.194500000361586, 'control_compute_ms': 27.78330000001006}, {'controller': 'C3_arbitration_MPC', 'scenario': 'sensor_bias_5', 'seed': 19028, 'step': 36, 'time_s': 0.36, 'aux_inference_ms': 0.2822999995260034, 'reliability_update_ms': 0.00670000008540228, 'arbitration_ms': 0.0018999999156221747, 'extension_ms': 0.29089999952702783, 'control_compute_ms': nan}, {'controller': 'C3_arbitration_MPC', 'scenario': 'sensor_bias_5', 'seed': 19028, 'step': 37, 'time_s': 0.37, 'aux_inference_ms': 0.21840000044903718, 'reliability_update_ms': 0.006400001439033076, 'arbitration_ms': 0.0021000014385208488, 'extension_ms': 0.2269000033265911, 'control_compute_ms': nan}, {'controller': 'C3_arbitration_MPC', 'scenario': 'sensor_bias_5', 'seed': 19028, 'step': 38, 'time_s': 0.38, 'aux_inference_ms': 0.2390000008745119, 'reliability_update_ms': 0.005699999746866524, 'arbitration_ms': 0.0016999983927235007, 'extension_ms': 0.24639999901410192, 'control_compute_ms': nan}, {'controller': 'C3_arbitration_MPC', 'scenario': 'sensor_bias_5', 'seed': 19028, 'step': 39, 'time_s': 0.39, 'aux_inference_ms': 0.24109999867505394, 'reliability_update_ms': 0.005599998985417187, 'arbitration_ms': 0.0016000012692529708, 'extension_ms': 0.2482999989297241, 'control_compute_ms': nan}, {'controller': 'C3_arbitration_MPC', 'scenario': 'sensor_bias_5', 'seed': 19028, 'step': 40, 'time_s': 0.4, 'aux_inference_ms': 0.24820000180625357, 'reliability_update_ms': 0.005099998816149309, 'arbitration_ms': 0.0013999997463542968, 'extension_ms': 0.2547000003687572, 'control_compute_ms': 19.224199997552205}, {'controller': 'C3_arbitration_MPC', 'scenario': 'sensor_bias_5', 'seed': 19028, 'step': 41, 'time_s': 0.41000000000000003, 'aux_inference_ms': 0.23579999833600596, 'reliability_update_ms': 0.005699999746866524, 'arbitration_ms': 0.0020000006770715117, 'extension_ms': 0.243499998759944, 'control_compute_ms': nan}, {'controller': 'C3_arbitration_MPC', 'scenario': 'sensor_bias_5', 'seed': 19028, 'step': 42, 'time_s': 0.42, 'aux_inference_ms': 0.2285999980813358, 'reliability_update_ms': 0.00540000110049732, 'arbitration_ms': 0.0016000012692529708, 'extension_ms': 0.2356000004510861, 'control_compute_ms': nan}, {'controller': 'C3_arbitration_MPC', 'scenario': 'sensor_bias_5', 'seed': 19028, 'step': 43, 'time_s': 0.43, 'aux_inference_ms': 0.32590000046184286, 'reliability_update_ms': 0.006100002792663872, 'arbitration_ms': 0.0017999991541728377, 'extension_ms': 0.3338000024086796, 'control_compute_ms': nan}, {'controller': 'C3_arbitration_MPC', 'scenario': 'sensor_bias_5', 'seed': 19028, 'step': 44, 'time_s': 0.44, 'aux_inference_ms': 0.20769999900949188, 'reliability_update_ms': 0.00540000110049732, 'arbitration_ms': 0.0017999991541728377, 'extension_ms': 0.21489999926416203, 'control_compute_ms': nan}, {'controller': 'C3_arbitration_MPC', 'scenario': 'sensor_bias_5', 'seed': 19028, 'step': 45, 'time_s': 0.45, 'aux_inference_ms': 0.20089999816264026, 'reliability_update_ms': 0.005199999577598646, 'arbitration_ms': 0.0016000012692529708, 'extension_ms': 0.20769999900949188, 'control_compute_ms': 41.28339999806485}, {'controller': 'C3_arbitration_MPC', 'scenario': 'sensor_bias_5', 'seed': 19028, 'step': 46, 'time_s': 0.46, 'aux_inference_ms': 0.7678000001760665, 'reliability_update_ms': 0.027800000680144876, 'arbitration_ms': 0.010100000508828089, 'extension_ms': 0.8057000013650395, 'control_compute_ms': nan}, {'controller': 'C3_arbitration_MPC', 'scenario': 'sensor_bias_5', 'seed': 19028, 'step': 47, 'time_s': 0.47000000000000003, 'aux_inference_ms': 0.4619999999704305, 'reliability_update_ms': 0.00969999746303074, 'arbitration_ms': 0.0025000008463393897, 'extension_ms': 0.47419999827980064, 'control_compute_ms': nan}, {'controller': 'C3_arbitration_MPC', 'scenario': 'sensor_bias_5', 'seed': 19028, 'step': 48, 'time_s': 0.48, 'aux_inference_ms': 0.587699996685842, 'reliability_update_ms': 0.010100000508828089, 'arbitration_ms': 0.0024000000848900527, 'extension_ms': 0.6001999972795602, 'control_compute_ms': nan}, {'controller': 'C3_arbitration_MPC', 'scenario': 'sensor_bias_5', 'seed': 19028, 'step': 49, 'time_s': 0.49, 'aux_inference_ms': 0.5541000027733389, 'reliability_update_ms': 0.010100000508828089, 'arbitration_ms': 0.0027999994927085936, 'extension_ms': 0.5670000027748756, 'control_compute_ms': nan}, {'controller': 'C3_arbitration_MPC', 'scenario': 'sensor_bias_5', 'seed': 19028, 'step': 50, 'time_s': 0.5, 'aux_inference_ms': 0.5283999998937361, 'reliability_update_ms': 0.01089999932446517, 'arbitration_ms': 0.0029000002541579306, 'extension_ms': 0.5421999994723592, 'control_compute_ms': 31.530000000202563}, {'controller': 'C3_arbitration_MPC', 'scenario': 'sensor_bias_5', 'seed': 19028, 'step': 51, 'time_s': 0.51, 'aux_inference_ms': 0.3876000009768177, 'reliability_update_ms': 0.012299999070819467, 'arbitration_ms': 0.004400000761961564, 'extension_ms': 0.4043000008095987, 'control_compute_ms': nan}, {'controller': 'C3_arbitration_MPC', 'scenario': 'sensor_bias_5', 'seed': 19028, 'step': 52, 'time_s': 0.52, 'aux_inference_ms': 0.2549999990151264, 'reliability_update_ms': 0.00670000008540228, 'arbitration_ms': 0.004500001523410901, 'extension_ms': 0.26620000062393956, 'control_compute_ms': nan}, {'controller': 'C3_arbitration_MPC', 'scenario': 'sensor_bias_5', 'seed': 19028, 'step': 53, 'time_s': 0.53, 'aux_inference_ms': 0.24990000019897707, 'reliability_update_ms': 0.007099999493220821, 'arbitration_ms': 0.0026000016077887267, 'extension_ms': 0.2596000012999866, 'control_compute_ms': nan}, {'controller': 'C3_arbitration_MPC', 'scenario': 'sensor_bias_5', 'seed': 19028, 'step': 54, 'time_s': 0.54, 'aux_inference_ms': 0.18959999943035655, 'reliability_update_ms': 0.004800000169780105, 'arbitration_ms': 0.0016000012692529708, 'extension_ms': 0.19600000086938962, 'control_compute_ms': nan}, {'controller': 'C3_arbitration_MPC', 'scenario': 'sensor_bias_5', 'seed': 19028, 'step': 55, 'time_s': 0.55, 'aux_inference_ms': 0.2510999984224327, 'reliability_update_ms': 0.007400001777568832, 'arbitration_ms': 0.0016999983927235007, 'extension_ms': 0.260199998592725, 'control_compute_ms': 27.798200000688666}, {'controller': 'C3_arbitration_MPC', 'scenario': 'sensor_bias_5', 'seed': 19028, 'step': 56, 'time_s': 0.56, 'aux_inference_ms': 0.36750000072061084, 'reliability_update_ms': 0.009499999578110874, 'arbitration_ms': 0.0037999998312443495, 'extension_ms': 0.38080000012996607, 'control_compute_ms': nan}, {'controller': 'C3_arbitration_MPC', 'scenario': 'sensor_bias_5', 'seed': 19028, 'step': 57, 'time_s': 0.5700000000000001, 'aux_inference_ms': 0.5176000013307203, 'reliability_update_ms': 0.006599999323952943, 'arbitration_ms': 0.0022999993234407157, 'extension_ms': 0.5264999999781139, 'control_compute_ms': nan}, {'controller': 'C3_arbitration_MPC', 'scenario': 'sensor_bias_5', 'seed': 19028, 'step': 58, 'time_s': 0.58, 'aux_inference_ms': 0.24009999833651818, 'reliability_update_ms': 0.00549999822396785, 'arbitration_ms': 0.0019999970390927047, 'extension_ms': 0.24759999359957874, 'control_compute_ms': nan}, {'controller': 'C3_arbitration_MPC', 'scenario': 'sensor_bias_5', 'seed': 19028, 'step': 59, 'time_s': 0.59, 'aux_inference_ms': 0.24639999901410192, 'reliability_update_ms': 0.007399998139590025, 'arbitration_ms': 0.0026000016077887267, 'extension_ms': 0.2563999987614807, 'control_compute_ms': nan}, {'controller': 'C3_arbitration_MPC', 'scenario': 'sensor_bias_5', 'seed': 19028, 'step': 60, 'time_s': 0.6, 'aux_inference_ms': 0.19700000120792538, 'reliability_update_ms': 0.004999998054699972, 'arbitration_ms': 0.0016999983927235007, 'extension_ms': 0.20369999765534885, 'control_compute_ms': 29.45449999970151}, {'controller': 'C3_arbitration_MPC', 'scenario': 'sensor_bias_5', 'seed': 19028, 'step': 61, 'time_s': 0.61, 'aux_inference_ms': 0.3933000007236842, 'reliability_update_ms': 0.006900001608300954, 'arbitration_ms': 0.0025000008463393897, 'extension_ms': 0.40270000317832455, 'control_compute_ms': nan}, {'controller': 'C3_arbitration_MPC', 'scenario': 'sensor_bias_5', 'seed': 19028, 'step': 62, 'time_s': 0.62, 'aux_inference_ms': 0.23539999892818742, 'reliability_update_ms': 0.005699999746866524, 'arbitration_ms': 0.0018999999156221747, 'extension_ms': 0.24299999859067611, 'control_compute_ms': nan}, {'controller': 'C3_arbitration_MPC', 'scenario': 'sensor_bias_5', 'seed': 19028, 'step': 63, 'time_s': 0.63, 'aux_inference_ms': 0.18929999714600854, 'reliability_update_ms': 0.005000001692678779, 'arbitration_ms': 0.0015000005078036338, 'extension_ms': 0.19579999934649095, 'control_compute_ms': nan}, {'controller': 'C3_arbitration_MPC', 'scenario': 'sensor_bias_5', 'seed': 19028, 'step': 64, 'time_s': 0.64, 'aux_inference_ms': 0.18320000162930228, 'reliability_update_ms': 0.004699999408330768, 'arbitration_ms': 0.0016000012692529708, 'extension_ms': 0.18950000230688602, 'control_compute_ms': nan}, {'controller': 'C3_arbitration_MPC', 'scenario': 'sensor_bias_5', 'seed': 19028, 'step': 65, 'time_s': 0.65, 'aux_inference_ms': 0.1861000018834602, 'reliability_update_ms': 0.005199999577598646, 'arbitration_ms': 0.0016000012692529708, 'extension_ms': 0.19290000273031183, 'control_compute_ms': 27.493500001583016}, {'controller': 'C3_arbitration_MPC', 'scenario': 'sensor_bias_5', 'seed': 19028, 'step': 66, 'time_s': 0.66, 'aux_inference_ms': 0.4757999995490536, 'reliability_update_ms': 0.02220000169472769, 'arbitration_ms': 0.008699997124494985, 'extension_ms': 0.5066999983682763, 'control_compute_ms': nan}, {'controller': 'C3_arbitration_MPC', 'scenario': 'sensor_bias_5', 'seed': 19028, 'step': 67, 'time_s': 0.67, 'aux_inference_ms': 0.4579999986162875, 'reliability_update_ms': 0.009800001862458885, 'arbitration_ms': 0.0029000002541579306, 'extension_ms': 0.4707000007329043, 'control_compute_ms': nan}, {'controller': 'C3_arbitration_MPC', 'scenario': 'sensor_bias_5', 'seed': 19028, 'step': 68, 'time_s': 0.68, 'aux_inference_ms': 0.36870000258204527, 'reliability_update_ms': 0.008200000593205914, 'arbitration_ms': 0.0026000016077887267, 'extension_ms': 0.3795000047830399, 'control_compute_ms': nan}, {'controller': 'C3_arbitration_MPC', 'scenario': 'sensor_bias_5', 'seed': 19028, 'step': 69, 'time_s': 0.6900000000000001, 'aux_inference_ms': 0.3767000016523525, 'reliability_update_ms': 0.00969999746303074, 'arbitration_ms': 0.0029000002541579306, 'extension_ms': 0.3892999993695412, 'control_compute_ms': nan}, {'controller': 'C3_arbitration_MPC', 'scenario': 'sensor_bias_5', 'seed': 19028, 'step': 70, 'time_s': 0.7000000000000001, 'aux_inference_ms': 0.3423999987717252, 'reliability_update_ms': 0.008199996955227107, 'arbitration_ms': 0.0025000008463393897, 'extension_ms': 0.3530999965732917, 'control_compute_ms': 28.037600000970997}, {'controller': 'C3_arbitration_MPC', 'scenario': 'sensor_bias_5', 'seed': 19028, 'step': 71, 'time_s': 0.71, 'aux_inference_ms': 0.8227999969676603, 'reliability_update_ms': 0.015400000847876072, 'arbitration_ms': 0.004900000931229442, 'extension_ms': 0.8430999987467658, 'control_compute_ms': nan}, {'controller': 'C3_arbitration_MPC', 'scenario': 'sensor_bias_5', 'seed': 19028, 'step': 72, 'time_s': 0.72, 'aux_inference_ms': 0.5980000023555476, 'reliability_update_ms': 0.013799999578623101, 'arbitration_ms': 0.004600002284860238, 'extension_ms': 0.616400004219031, 'control_compute_ms': nan}, {'controller': 'C3_arbitration_MPC', 'scenario': 'sensor_bias_5', 'seed': 19028, 'step': 73, 'time_s': 0.73, 'aux_inference_ms': 0.715199999831384, 'reliability_update_ms': 0.014500001270789653, 'arbitration_ms': 0.004300000000512227, 'extension_ms': 0.7340000011026859, 'control_compute_ms': nan}, {'controller': 'C3_arbitration_MPC', 'scenario': 'sensor_bias_5', 'seed': 19028, 'step': 74, 'time_s': 0.74, 'aux_inference_ms': 0.5052000014984515, 'reliability_update_ms': 0.0121000011858996, 'arbitration_ms': 0.004500001523410901, 'extension_ms': 0.521800004207762, 'control_compute_ms': nan}, {'controller': 'C3_arbitration_MPC', 'scenario': 'sensor_bias_5', 'seed': 19028, 'step': 75, 'time_s': 0.75, 'aux_inference_ms': 0.4273000013199635, 'reliability_update_ms': 0.011100000847363845, 'arbitration_ms': 0.0034000004234258085, 'extension_ms': 0.44180000259075314, 'control_compute_ms': 32.6284000002488}, {'controller': 'C3_arbitration_MPC', 'scenario': 'sensor_bias_5', 'seed': 19028, 'step': 76, 'time_s': 0.76, 'aux_inference_ms': 0.3735000027518254, 'reliability_update_ms': 0.012599997717188671, 'arbitration_ms': 0.004699999408330768, 'extension_ms': 0.3907999998773448, 'control_compute_ms': nan}, {'controller': 'C3_arbitration_MPC', 'scenario': 'sensor_bias_5', 'seed': 19028, 'step': 77, 'time_s': 0.77, 'aux_inference_ms': 0.805300001957221, 'reliability_update_ms': 0.016900001355679706, 'arbitration_ms': 0.004699999408330768, 'extension_ms': 0.8269000027212314, 'control_compute_ms': nan}, {'controller': 'C3_arbitration_MPC', 'scenario': 'sensor_bias_5', 'seed': 19028, 'step': 78, 'time_s': 0.78, 'aux_inference_ms': 0.7631999978912063, 'reliability_update_ms': 0.015300000086426735, 'arbitration_ms': 0.004099998477613553, 'extension_ms': 0.7825999964552466, 'control_compute_ms': nan}, {'controller': 'C3_arbitration_MPC', 'scenario': 'sensor_bias_5', 'seed': 19028, 'step': 79, 'time_s': 0.79, 'aux_inference_ms': 0.3502999970805831, 'reliability_update_ms': 0.007399998139590025, 'arbitration_ms': 0.0024000000848900527, 'extension_ms': 0.3600999953050632, 'control_compute_ms': nan}, {'controller': 'C3_arbitration_MPC', 'scenario': 'sensor_bias_5', 'seed': 19028, 'step': 80, 'time_s': 0.8, 'aux_inference_ms': 0.8166000006895047, 'reliability_update_ms': 0.015899997379165143, 'arbitration_ms': 0.005599998985417187, 'extension_ms': 0.838099997054087, 'control_compute_ms': 32.92979999969248}, {'controller': 'C3_arbitration_MPC', 'scenario': 'sensor_bias_5', 'seed': 19028, 'step': 81, 'time_s': 0.81, 'aux_inference_ms': 0.49679999938234687, 'reliability_update_ms': 0.01219999830937013, 'arbitration_ms': 0.004099998477613553, 'extension_ms': 0.5130999961693306, 'control_compute_ms': nan}, {'controller': 'C3_arbitration_MPC', 'scenario': 'sensor_bias_5', 'seed': 19028, 'step': 82, 'time_s': 0.8200000000000001, 'aux_inference_ms': 0.4833000020880718, 'reliability_update_ms': 0.010699997801566496, 'arbitration_ms': 0.0035000011848751456, 'extension_ms': 0.4975000010745134, 'control_compute_ms': nan}, {'controller': 'C3_arbitration_MPC', 'scenario': 'sensor_bias_5', 'seed': 19028, 'step': 83, 'time_s': 0.8300000000000001, 'aux_inference_ms': 0.41119999877992086, 'reliability_update_ms': 0.010100000508828089, 'arbitration_ms': 0.0031999989005271345, 'extension_ms': 0.4244999981892761, 'control_compute_ms': nan}, {'controller': 'C3_arbitration_MPC', 'scenario': 'sensor_bias_5', 'seed': 19028, 'step': 84, 'time_s': 0.84, 'aux_inference_ms': 0.5169999967620242, 'reliability_update_ms': 0.00969999746303074, 'arbitration_ms': 0.0032999996619764715, 'extension_ms': 0.5299999938870315, 'control_compute_ms': nan}, {'controller': 'C3_arbitration_MPC', 'scenario': 'sensor_bias_5', 'seed': 19028, 'step': 85, 'time_s': 0.85, 'aux_inference_ms': 0.32899999860092066, 'reliability_update_ms': 0.04149999949731864, 'arbitration_ms': 0.0025999979698099196, 'extension_ms': 0.3730999960680492, 'control_compute_ms': 33.96930000235443}, {'controller': 'C3_arbitration_MPC', 'scenario': 'sensor_bias_5', 'seed': 19028, 'step': 86, 'time_s': 0.86, 'aux_inference_ms': 0.6695000010950025, 'reliability_update_ms': 0.008199996955227107, 'arbitration_ms': 0.0029000002541579306, 'extension_ms': 0.6805999983043876, 'control_compute_ms': nan}, {'controller': 'C3_arbitration_MPC', 'scenario': 'sensor_bias_5', 'seed': 19028, 'step': 87, 'time_s': 0.87, 'aux_inference_ms': 0.5326000027707778, 'reliability_update_ms': 0.013900000340072438, 'arbitration_ms': 0.004499997885432094, 'extension_ms': 0.5510000009962823, 'control_compute_ms': nan}, {'controller': 'C3_arbitration_MPC', 'scenario': 'sensor_bias_5', 'seed': 19028, 'step': 88, 'time_s': 0.88, 'aux_inference_ms': 0.5257999982859474, 'reliability_update_ms': 0.01170000177808106, 'arbitration_ms': 0.0038999969547148794, 'extension_ms': 0.5413999970187433, 'control_compute_ms': nan}, {'controller': 'C3_arbitration_MPC', 'scenario': 'sensor_bias_5', 'seed': 19028, 'step': 89, 'time_s': 0.89, 'aux_inference_ms': 0.5416999993030913, 'reliability_update_ms': 0.006399997801054269, 'arbitration_ms': 0.0019999970390927047, 'extension_ms': 0.5500999941432383, 'control_compute_ms': nan}, {'controller': 'C3_arbitration_MPC', 'scenario': 'sensor_bias_5', 'seed': 19028, 'step': 90, 'time_s': 0.9, 'aux_inference_ms': 0.23549999968963675, 'reliability_update_ms': 0.005300000339047983, 'arbitration_ms': 0.0017999991541728377, 'extension_ms': 0.24259999918285757, 'control_compute_ms': 44.82310000094003}, {'controller': 'C3_arbitration_MPC', 'scenario': 'sensor_bias_5', 'seed': 19028, 'step': 91, 'time_s': 0.91, 'aux_inference_ms': 0.5100000016682316, 'reliability_update_ms': 0.012799999240087345, 'arbitration_ms': 0.004599998646881431, 'extension_ms': 0.5273999995552003, 'control_compute_ms': nan}, {'controller': 'C3_arbitration_MPC', 'scenario': 'sensor_bias_5', 'seed': 19028, 'step': 92, 'time_s': 0.92, 'aux_inference_ms': 0.3673999999591615, 'reliability_update_ms': 0.007299997378140688, 'arbitration_ms': 0.0026000016077887267, 'extension_ms': 0.3772999989450909, 'control_compute_ms': nan}, {'controller': 'C3_arbitration_MPC', 'scenario': 'sensor_bias_5', 'seed': 19028, 'step': 93, 'time_s': 0.93, 'aux_inference_ms': 0.39990000004763715, 'reliability_update_ms': 0.006400001439033076, 'arbitration_ms': 0.0024000000848900527, 'extension_ms': 0.4087000015715603, 'control_compute_ms': nan}, {'controller': 'C3_arbitration_MPC', 'scenario': 'sensor_bias_5', 'seed': 19028, 'step': 94, 'time_s': 0.9400000000000001, 'aux_inference_ms': 0.24729999859118834, 'reliability_update_ms': 0.005699999746866524, 'arbitration_ms': 0.0018999999156221747, 'extension_ms': 0.25489999825367704, 'control_compute_ms': nan}, {'controller': 'C3_arbitration_MPC', 'scenario': 'sensor_bias_5', 'seed': 19028, 'step': 95, 'time_s': 0.9500000000000001, 'aux_inference_ms': 0.45680000039283186, 'reliability_update_ms': 0.0121000011858996, 'arbitration_ms': 0.003999997716164216, 'extension_ms': 0.4728999992948957, 'control_compute_ms': 34.22879999925499}, {'controller': 'C3_arbitration_MPC', 'scenario': 'sensor_bias_5', 'seed': 19028, 'step': 96, 'time_s': 0.96, 'aux_inference_ms': 0.29290000020409934, 'reliability_update_ms': 0.00839999847812578, 'arbitration_ms': 0.0027999994927085936, 'extension_ms': 0.3040999981749337, 'control_compute_ms': nan}, {'controller': 'C3_arbitration_MPC', 'scenario': 'sensor_bias_5', 'seed': 19028, 'step': 97, 'time_s': 0.97, 'aux_inference_ms': 0.42469999971217476, 'reliability_update_ms': 0.011800002539530396, 'arbitration_ms': 0.0030999981390777975, 'extension_ms': 0.43960000039078295, 'control_compute_ms': nan}, {'controller': 'C3_arbitration_MPC', 'scenario': 'sensor_bias_5', 'seed': 19028, 'step': 98, 'time_s': 0.98, 'aux_inference_ms': 0.23940000028233044, 'reliability_update_ms': 0.006099999154685065, 'arbitration_ms': 0.0015999976312741637, 'extension_ms': 0.24709999706828967, 'control_compute_ms': nan}, {'controller': 'C3_arbitration_MPC', 'scenario': 'sensor_bias_5', 'seed': 19028, 'step': 99, 'time_s': 0.99, 'aux_inference_ms': 0.38160000258358195, 'reliability_update_ms': 0.009800001862458885, 'arbitration_ms': 0.0030999981390777975, 'extension_ms': 0.39450000258511864, 'control_compute_ms': nan}, {'controller': 'C3_arbitration_MPC', 'scenario': 'sensor_bias_5', 'seed': 19028, 'step': 100, 'time_s': 1.0, 'aux_inference_ms': 0.3904000004695263, 'reliability_update_ms': 0.009499999578110874, 'arbitration_ms': 0.00670000008540228, 'extension_ms': 0.40660000013303943, 'control_compute_ms': 28.164399998786394}, {'controller': 'C3_arbitration_MPC', 'scenario': 'sensor_bias_5', 'seed': 19028, 'step': 101, 'time_s': 1.01, 'aux_inference_ms': 0.5963000003248453, 'reliability_update_ms': 0.018300001102034003, 'arbitration_ms': 0.010300002031726763, 'extension_ms': 0.6249000034586061, 'control_compute_ms': nan}, {'controller': 'C3_arbitration_MPC', 'scenario': 'sensor_bias_5', 'seed': 19028, 'step': 102, 'time_s': 1.02, 'aux_inference_ms': 0.5434000013337936, 'reliability_update_ms': 0.013100001524435356, 'arbitration_ms': 0.008600000001024455, 'extension_ms': 0.5651000028592534, 'control_compute_ms': nan}, {'controller': 'C3_arbitration_MPC', 'scenario': 'sensor_bias_5', 'seed': 19028, 'step': 103, 'time_s': 1.03, 'aux_inference_ms': 0.4422999991220422, 'reliability_update_ms': 0.011199997970834374, 'arbitration_ms': 0.007100003131199628, 'extension_ms': 0.4606000002240762, 'control_compute_ms': nan}, {'controller': 'C3_arbitration_MPC', 'scenario': 'sensor_bias_5', 'seed': 19028, 'step': 104, 'time_s': 1.04, 'aux_inference_ms': 0.7645000005140901, 'reliability_update_ms': 0.016000001778593287, 'arbitration_ms': 0.011099997209385037, 'extension_ms': 0.7915999995020684, 'control_compute_ms': nan}, {'controller': 'C3_arbitration_MPC', 'scenario': 'sensor_bias_5', 'seed': 19028, 'step': 105, 'time_s': 1.05, 'aux_inference_ms': 0.7081000003381632, 'reliability_update_ms': 0.014999997802078724, 'arbitration_ms': 0.010900002962443978, 'extension_ms': 0.7340000011026859, 'control_compute_ms': 74.93400000021211}, {'controller': 'C3_arbitration_MPC', 'scenario': 'sensor_bias_5', 'seed': 19028, 'step': 106, 'time_s': 1.06, 'aux_inference_ms': 0.26810000053956173, 'reliability_update_ms': 0.007099999493220821, 'arbitration_ms': 0.005000001692678779, 'extension_ms': 0.28020000172546133, 'control_compute_ms': nan}, {'controller': 'C3_arbitration_MPC', 'scenario': 'sensor_bias_5', 'seed': 19028, 'step': 107, 'time_s': 1.07, 'aux_inference_ms': 0.3479999977571424, 'reliability_update_ms': 0.008200000593205914, 'arbitration_ms': 0.005500001861946657, 'extension_ms': 0.361700000212295, 'control_compute_ms': nan}, {'controller': 'C3_arbitration_MPC', 'scenario': 'sensor_bias_5', 'seed': 19028, 'step': 108, 'time_s': 1.08, 'aux_inference_ms': 0.4338999970059376, 'reliability_update_ms': 0.011099997209385037, 'arbitration_ms': 0.006899997970322147, 'extension_ms': 0.4518999921856448, 'control_compute_ms': nan}, {'controller': 'C3_arbitration_MPC', 'scenario': 'sensor_bias_5', 'seed': 19028, 'step': 109, 'time_s': 1.09, 'aux_inference_ms': 0.22430000171880238, 'reliability_update_ms': 0.006000002031214535, 'arbitration_ms': 0.0031999989005271345, 'extension_ms': 0.23350000265054405, 'control_compute_ms': nan}, {'controller': 'C3_arbitration_MPC', 'scenario': 'sensor_bias_5', 'seed': 19028, 'step': 110, 'time_s': 1.1, 'aux_inference_ms': 0.22539999918080866, 'reliability_update_ms': 0.005399997462518513, 'arbitration_ms': 0.0033999967854470015, 'extension_ms': 0.23419999342877418, 'control_compute_ms': 134.2174999990675}, {'controller': 'C3_arbitration_MPC', 'scenario': 'sensor_bias_5', 'seed': 19028, 'step': 111, 'time_s': 1.11, 'aux_inference_ms': 1.3197000007494353, 'reliability_update_ms': 0.023200002033263445, 'arbitration_ms': 0.015400000847876072, 'extension_ms': 1.3583000036305748, 'control_compute_ms': nan}, {'controller': 'C3_arbitration_MPC', 'scenario': 'sensor_bias_5', 'seed': 19028, 'step': 112, 'time_s': 1.12, 'aux_inference_ms': 0.5643000004056375, 'reliability_update_ms': 0.012900000001536682, 'arbitration_ms': 0.007099999493220821, 'extension_ms': 0.584299999900395, 'control_compute_ms': nan}, {'controller': 'C3_arbitration_MPC', 'scenario': 'sensor_bias_5', 'seed': 19028, 'step': 113, 'time_s': 1.1300000000000001, 'aux_inference_ms': 0.5194000004848931, 'reliability_update_ms': 0.011100000847363845, 'arbitration_ms': 0.006500002200482413, 'extension_ms': 0.5370000035327394, 'control_compute_ms': nan}, {'controller': 'C3_arbitration_MPC', 'scenario': 'sensor_bias_5', 'seed': 19028, 'step': 114, 'time_s': 1.1400000000000001, 'aux_inference_ms': 1.0446999986015726, 'reliability_update_ms': 0.02269999822601676, 'arbitration_ms': 0.015099998563528061, 'extension_ms': 1.0824999953911174, 'control_compute_ms': nan}, {'controller': 'C3_arbitration_MPC', 'scenario': 'sensor_bias_5', 'seed': 19028, 'step': 115, 'time_s': 1.1500000000000001, 'aux_inference_ms': 0.8741999990888871, 'reliability_update_ms': 0.01729999712551944, 'arbitration_ms': 0.01179999890155159, 'extension_ms': 0.9032999951159582, 'control_compute_ms': 153.9492000010796}, {'controller': 'C3_arbitration_MPC', 'scenario': 'sensor_bias_5', 'seed': 19028, 'step': 116, 'time_s': 1.16, 'aux_inference_ms': 0.991299999441253, 'reliability_update_ms': 0.011200001608813182, 'arbitration_ms': 0.007200000254670158, 'extension_ms': 1.0097000013047364, 'control_compute_ms': nan}, {'controller': 'C3_arbitration_MPC', 'scenario': 'sensor_bias_5', 'seed': 19028, 'step': 117, 'time_s': 1.17, 'aux_inference_ms': 0.5488999995577615, 'reliability_update_ms': 0.025099998310906813, 'arbitration_ms': 0.0168999977177009, 'extension_ms': 0.5908999955863692, 'control_compute_ms': nan}, {'controller': 'C3_arbitration_MPC', 'scenario': 'sensor_bias_5', 'seed': 19028, 'step': 118, 'time_s': 1.18, 'aux_inference_ms': 1.3642999983858317, 'reliability_update_ms': 0.02890000178012997, 'arbitration_ms': 0.017800000932766125, 'extension_ms': 1.4110000010987278, 'control_compute_ms': nan}, {'controller': 'C3_arbitration_MPC', 'scenario': 'sensor_bias_5', 'seed': 19028, 'step': 119, 'time_s': 1.19, 'aux_inference_ms': 0.3648999991128221, 'reliability_update_ms': 0.010100000508828089, 'arbitration_ms': 0.006199999916134402, 'extension_ms': 0.3811999995377846, 'control_compute_ms': nan}, {'controller': 'C3_arbitration_MPC', 'scenario': 'sensor_bias_5', 'seed': 19028, 'step': 120, 'time_s': 1.2, 'aux_inference_ms': 1.1680999996315222, 'reliability_update_ms': 0.024400000256719068, 'arbitration_ms': 0.015899997379165143, 'extension_ms': 1.2083999972674064, 'control_compute_ms': 110.11910000161151}, {'controller': 'C3_arbitration_MPC', 'scenario': 'sensor_bias_5', 'seed': 19028, 'step': 121, 'time_s': 1.21, 'aux_inference_ms': 0.8159999997587875, 'reliability_update_ms': 0.018700000509852543, 'arbitration_ms': 0.012900000001536682, 'extension_ms': 0.8476000002701767, 'control_compute_ms': nan}, {'controller': 'C3_arbitration_MPC', 'scenario': 'sensor_bias_5', 'seed': 19028, 'step': 122, 'time_s': 1.22, 'aux_inference_ms': 0.6460000004153699, 'reliability_update_ms': 0.01219999830937013, 'arbitration_ms': 0.007099999493220821, 'extension_ms': 0.6652999982179608, 'control_compute_ms': nan}, {'controller': 'C3_arbitration_MPC', 'scenario': 'sensor_bias_5', 'seed': 19028, 'step': 123, 'time_s': 1.23, 'aux_inference_ms': 0.7767999995849095, 'reliability_update_ms': 0.015199999324977398, 'arbitration_ms': 0.011000000085914508, 'extension_ms': 0.8029999989958014, 'control_compute_ms': nan}, {'controller': 'C3_arbitration_MPC', 'scenario': 'sensor_bias_5', 'seed': 19028, 'step': 124, 'time_s': 1.24, 'aux_inference_ms': 0.7052999972074758, 'reliability_update_ms': 0.015000001440057531, 'arbitration_ms': 0.010299998393747956, 'extension_ms': 0.7305999970412813, 'control_compute_ms': nan}, {'controller': 'C3_arbitration_MPC', 'scenario': 'sensor_bias_5', 'seed': 19028, 'step': 125, 'time_s': 1.25, 'aux_inference_ms': 0.736099998903228, 'reliability_update_ms': 0.01469999915570952, 'arbitration_ms': 0.009999999747378752, 'extension_ms': 0.7607999978063162, 'control_compute_ms': 155.62579999823356}, {'controller': 'C3_arbitration_MPC', 'scenario': 'sensor_bias_5', 'seed': 19028, 'step': 126, 'time_s': 1.26, 'aux_inference_ms': 1.1207999996258877, 'reliability_update_ms': 0.025299999833805487, 'arbitration_ms': 0.015599998732795939, 'extension_ms': 1.1616999981924891, 'control_compute_ms': nan}, {'controller': 'C3_arbitration_MPC', 'scenario': 'sensor_bias_5', 'seed': 19028, 'step': 127, 'time_s': 1.27, 'aux_inference_ms': 0.8229999984905589, 'reliability_update_ms': 0.01630000042496249, 'arbitration_ms': 0.011299998732283711, 'extension_ms': 0.8505999976478051, 'control_compute_ms': nan}, {'controller': 'C3_arbitration_MPC', 'scenario': 'sensor_bias_5', 'seed': 19028, 'step': 128, 'time_s': 1.28, 'aux_inference_ms': 0.7444000002578832, 'reliability_update_ms': 0.015499997971346602, 'arbitration_ms': 0.011199997970834374, 'extension_ms': 0.7710999962000642, 'control_compute_ms': nan}, {'controller': 'C3_arbitration_MPC', 'scenario': 'sensor_bias_5', 'seed': 19028, 'step': 129, 'time_s': 1.29, 'aux_inference_ms': 0.7954000029712915, 'reliability_update_ms': 0.01590000101714395, 'arbitration_ms': 0.010299998393747956, 'extension_ms': 0.8216000023821834, 'control_compute_ms': nan}, {'controller': 'C3_arbitration_MPC', 'scenario': 'sensor_bias_5', 'seed': 19028, 'step': 130, 'time_s': 1.3, 'aux_inference_ms': 0.765799999498995, 'reliability_update_ms': 0.015200002962956205, 'arbitration_ms': 0.010699997801566496, 'extension_ms': 0.7917000002635177, 'control_compute_ms': 118.27039999843691}, {'controller': 'C3_arbitration_MPC', 'scenario': 'sensor_bias_5', 'seed': 19028, 'step': 131, 'time_s': 1.31, 'aux_inference_ms': 0.8229999984905589, 'reliability_update_ms': 0.018599999748403206, 'arbitration_ms': 0.012999997125007212, 'extension_ms': 0.8545999953639694, 'control_compute_ms': nan}, {'controller': 'C3_arbitration_MPC', 'scenario': 'sensor_bias_5', 'seed': 19028, 'step': 132, 'time_s': 1.32, 'aux_inference_ms': 0.8140999998431653, 'reliability_update_ms': 0.015599998732795939, 'arbitration_ms': 0.011600001016631722, 'extension_ms': 0.8412999995925929, 'control_compute_ms': nan}, {'controller': 'C3_arbitration_MPC', 'scenario': 'sensor_bias_5', 'seed': 19028, 'step': 133, 'time_s': 1.33, 'aux_inference_ms': 0.7299999997485429, 'reliability_update_ms': 0.01460000203223899, 'arbitration_ms': 0.010699997801566496, 'extension_ms': 0.7552999995823484, 'control_compute_ms': nan}, {'controller': 'C3_arbitration_MPC', 'scenario': 'sensor_bias_5', 'seed': 19028, 'step': 134, 'time_s': 1.34, 'aux_inference_ms': 0.7057000002532732, 'reliability_update_ms': 0.014100001862971112, 'arbitration_ms': 0.01049999991664663, 'extension_ms': 0.7303000020328909, 'control_compute_ms': nan}, {'controller': 'C3_arbitration_MPC', 'scenario': 'sensor_bias_5', 'seed': 19028, 'step': 135, 'time_s': 1.35, 'aux_inference_ms': 0.6991999980527908, 'reliability_update_ms': 0.013900000340072438, 'arbitration_ms': 0.0104000027931761, 'extension_ms': 0.7235000011860393, 'control_compute_ms': 66.97220000205562}, {'controller': 'C3_arbitration_MPC', 'scenario': 'sensor_bias_5', 'seed': 19028, 'step': 136, 'time_s': 1.36, 'aux_inference_ms': 0.5498999998962972, 'reliability_update_ms': 0.011100000847363845, 'arbitration_ms': 0.006800000846851617, 'extension_ms': 0.5678000015905127, 'control_compute_ms': nan}, {'controller': 'C3_arbitration_MPC', 'scenario': 'sensor_bias_5', 'seed': 19028, 'step': 137, 'time_s': 1.37, 'aux_inference_ms': 0.46859999929438345, 'reliability_update_ms': 0.010099996870849282, 'arbitration_ms': 0.005999998393235728, 'extension_ms': 0.48469999455846846, 'control_compute_ms': nan}, {'controller': 'C3_arbitration_MPC', 'scenario': 'sensor_bias_5', 'seed': 19028, 'step': 138, 'time_s': 1.3800000000000001, 'aux_inference_ms': 0.3692999998747837, 'reliability_update_ms': 0.009100000170292333, 'arbitration_ms': 0.005900001269765198, 'extension_ms': 0.3843000013148412, 'control_compute_ms': nan}, {'controller': 'C3_arbitration_MPC', 'scenario': 'sensor_bias_5', 'seed': 19028, 'step': 139, 'time_s': 1.3900000000000001, 'aux_inference_ms': 0.7912000000942498, 'reliability_update_ms': 0.015800000255694613, 'arbitration_ms': 0.020200001017656177, 'extension_ms': 0.8272000013676006, 'control_compute_ms': nan}, {'controller': 'C3_arbitration_MPC', 'scenario': 'sensor_bias_5', 'seed': 19028, 'step': 140, 'time_s': 1.4000000000000001, 'aux_inference_ms': 0.4797000001417473, 'reliability_update_ms': 0.008999999408842996, 'arbitration_ms': 0.005899997631786391, 'extension_ms': 0.4945999971823767, 'control_compute_ms': 60.80909999946016}, {'controller': 'C3_arbitration_MPC', 'scenario': 'sensor_bias_5', 'seed': 19028, 'step': 141, 'time_s': 1.41, 'aux_inference_ms': 0.6524000018544029, 'reliability_update_ms': 0.015799996617715806, 'arbitration_ms': 0.01049999991664663, 'extension_ms': 0.6786999983887654, 'control_compute_ms': nan}, {'controller': 'C3_arbitration_MPC', 'scenario': 'sensor_bias_5', 'seed': 19028, 'step': 142, 'time_s': 1.42, 'aux_inference_ms': 0.5904999998165295, 'reliability_update_ms': 0.011800002539530396, 'arbitration_ms': 0.00839999847812578, 'extension_ms': 0.6107000008341856, 'control_compute_ms': nan}, {'controller': 'C3_arbitration_MPC', 'scenario': 'sensor_bias_5', 'seed': 19028, 'step': 143, 'time_s': 1.43, 'aux_inference_ms': 0.5588999993051402, 'reliability_update_ms': 0.011300002370262519, 'arbitration_ms': 0.008200000593205914, 'extension_ms': 0.5784000022686087, 'control_compute_ms': nan}, {'controller': 'C3_arbitration_MPC', 'scenario': 'sensor_bias_5', 'seed': 19028, 'step': 144, 'time_s': 1.44, 'aux_inference_ms': 0.5544000014197081, 'reliability_update_ms': 0.011299998732283711, 'arbitration_ms': 0.008200000593205914, 'extension_ms': 0.5739000007451978, 'control_compute_ms': nan}, {'controller': 'C3_arbitration_MPC', 'scenario': 'sensor_bias_5', 'seed': 19028, 'step': 145, 'time_s': 1.45, 'aux_inference_ms': 0.3630999999586493, 'reliability_update_ms': 0.009800001862458885, 'arbitration_ms': 0.005599998985417187, 'extension_ms': 0.37850000080652535, 'control_compute_ms': 58.02949999997509}, {'controller': 'C3_arbitration_MPC', 'scenario': 'sensor_bias_5', 'seed': 19028, 'step': 146, 'time_s': 1.46, 'aux_inference_ms': 1.2007000004814472, 'reliability_update_ms': 0.029599999834317714, 'arbitration_ms': 0.017700000171316788, 'extension_ms': 1.2480000004870817, 'control_compute_ms': nan}, {'controller': 'C3_arbitration_MPC', 'scenario': 'sensor_bias_5', 'seed': 19028, 'step': 147, 'time_s': 1.47, 'aux_inference_ms': 0.29240000003483146, 'reliability_update_ms': 0.007599999662488699, 'arbitration_ms': 0.00549999822396785, 'extension_ms': 0.305499997921288, 'control_compute_ms': nan}, {'controller': 'C3_arbitration_MPC', 'scenario': 'sensor_bias_5', 'seed': 19028, 'step': 148, 'time_s': 1.48, 'aux_inference_ms': 0.28419999944162555, 'reliability_update_ms': 0.006899997970322147, 'arbitration_ms': 0.004599998646881431, 'extension_ms': 0.29569999605882913, 'control_compute_ms': nan}, {'controller': 'C3_arbitration_MPC', 'scenario': 'sensor_bias_5', 'seed': 19028, 'step': 149, 'time_s': 1.49, 'aux_inference_ms': 0.7048999977996573, 'reliability_update_ms': 0.02469999890308827, 'arbitration_ms': 0.016900001355679706, 'extension_ms': 0.7464999980584253, 'control_compute_ms': nan}, {'controller': 'C3_arbitration_MPC', 'scenario': 'sensor_bias_5', 'seed': 19028, 'step': 150, 'time_s': 1.5, 'aux_inference_ms': 1.182899999548681, 'reliability_update_ms': 0.025000001187436283, 'arbitration_ms': 0.01630000042496249, 'extension_ms': 1.2242000011610799, 'control_compute_ms': 60.11759999819333}, {'controller': 'C3_arbitration_MPC', 'scenario': 'sensor_bias_5', 'seed': 19028, 'step': 151, 'time_s': 1.51, 'aux_inference_ms': 0.7909000014478806, 'reliability_update_ms': 0.02109999695676379, 'arbitration_ms': 0.01179999890155159, 'extension_ms': 0.823799997306196, 'control_compute_ms': nan}, {'controller': 'C3_arbitration_MPC', 'scenario': 'sensor_bias_5', 'seed': 19028, 'step': 152, 'time_s': 1.52, 'aux_inference_ms': 0.6370000010065269, 'reliability_update_ms': 0.015199999324977398, 'arbitration_ms': 0.009899998985929415, 'extension_ms': 0.6620999993174337, 'control_compute_ms': nan}, {'controller': 'C3_arbitration_MPC', 'scenario': 'sensor_bias_5', 'seed': 19028, 'step': 153, 'time_s': 1.53, 'aux_inference_ms': 0.7621999975526705, 'reliability_update_ms': 0.01840000186348334, 'arbitration_ms': 0.014500001270789653, 'extension_ms': 0.7951000006869435, 'control_compute_ms': nan}, {'controller': 'C3_arbitration_MPC', 'scenario': 'sensor_bias_5', 'seed': 19028, 'step': 154, 'time_s': 1.54, 'aux_inference_ms': 0.5449999989650678, 'reliability_update_ms': 0.015400000847876072, 'arbitration_ms': 0.011000000085914508, 'extension_ms': 0.5713999998988584, 'control_compute_ms': nan}, {'controller': 'C3_arbitration_MPC', 'scenario': 'sensor_bias_5', 'seed': 19028, 'step': 155, 'time_s': 1.55, 'aux_inference_ms': 0.649199999315897, 'reliability_update_ms': 0.012200001947348937, 'arbitration_ms': 0.008099999831756577, 'extension_ms': 0.6695000010950025, 'control_compute_ms': 34.71300000092015}, {'controller': 'C3_arbitration_MPC', 'scenario': 'sensor_bias_5', 'seed': 19028, 'step': 156, 'time_s': 1.56, 'aux_inference_ms': 0.26640000214683823, 'reliability_update_ms': 0.007499998901039362, 'arbitration_ms': 0.004600002284860238, 'extension_ms': 0.27850000333273783, 'control_compute_ms': nan}, {'controller': 'C3_arbitration_MPC', 'scenario': 'sensor_bias_5', 'seed': 19028, 'step': 157, 'time_s': 1.57, 'aux_inference_ms': 0.23090000104275532, 'reliability_update_ms': 0.007599999662488699, 'arbitration_ms': 0.005300000339047983, 'extension_ms': 0.243800001044292, 'control_compute_ms': nan}, {'controller': 'C3_arbitration_MPC', 'scenario': 'sensor_bias_5', 'seed': 19028, 'step': 158, 'time_s': 1.58, 'aux_inference_ms': 0.4098999997950159, 'reliability_update_ms': 0.011100000847363845, 'arbitration_ms': 0.00670000008540228, 'extension_ms': 0.427700000727782, 'control_compute_ms': nan}, {'controller': 'C3_arbitration_MPC', 'scenario': 'sensor_bias_5', 'seed': 19028, 'step': 159, 'time_s': 1.59, 'aux_inference_ms': 0.42039999971166253, 'reliability_update_ms': 0.0104000027931761, 'arbitration_ms': 0.006800000846851617, 'extension_ms': 0.43760000335169025, 'control_compute_ms': nan}, {'controller': 'C3_arbitration_MPC', 'scenario': 'sensor_bias_5', 'seed': 19028, 'step': 160, 'time_s': 1.6, 'aux_inference_ms': 0.38159999894560315, 'reliability_update_ms': 0.009100000170292333, 'arbitration_ms': 0.00540000110049732, 'extension_ms': 0.3961000002163928, 'control_compute_ms': 138.29249999980675}, {'controller': 'C3_arbitration_MPC', 'scenario': 'sensor_bias_5', 'seed': 19028, 'step': 161, 'time_s': 1.61, 'aux_inference_ms': 0.3324000026623253, 'reliability_update_ms': 0.00839999847812578, 'arbitration_ms': 0.004500001523410901, 'extension_ms': 0.34530000266386196, 'control_compute_ms': nan}, {'controller': 'C3_arbitration_MPC', 'scenario': 'sensor_bias_5', 'seed': 19028, 'step': 162, 'time_s': 1.62, 'aux_inference_ms': 0.4248000004736241, 'reliability_update_ms': 0.01049999991664663, 'arbitration_ms': 0.007899998308857903, 'extension_ms': 0.44319999869912863, 'control_compute_ms': nan}, {'controller': 'C3_arbitration_MPC', 'scenario': 'sensor_bias_5', 'seed': 19028, 'step': 163, 'time_s': 1.6300000000000001, 'aux_inference_ms': 0.48379999861936085, 'reliability_update_ms': 0.013700002455152571, 'arbitration_ms': 0.008700000762473792, 'extension_ms': 0.5062000018369872, 'control_compute_ms': nan}, {'controller': 'C3_arbitration_MPC', 'scenario': 'sensor_bias_5', 'seed': 19028, 'step': 164, 'time_s': 1.6400000000000001, 'aux_inference_ms': 0.49790000048233196, 'reliability_update_ms': 0.012900000001536682, 'arbitration_ms': 0.007800001185387373, 'extension_ms': 0.518600001669256, 'control_compute_ms': nan}, {'controller': 'C3_arbitration_MPC', 'scenario': 'sensor_bias_5', 'seed': 19028, 'step': 165, 'time_s': 1.6500000000000001, 'aux_inference_ms': 0.4478999981074594, 'reliability_update_ms': 0.009700001101009548, 'arbitration_ms': 0.007200000254670158, 'extension_ms': 0.4647999994631391, 'control_compute_ms': 73.42720000087866}, {'controller': 'C3_arbitration_MPC', 'scenario': 'sensor_bias_5', 'seed': 19028, 'step': 166, 'time_s': 1.6600000000000001, 'aux_inference_ms': 0.7111000013537705, 'reliability_update_ms': 0.017300000763498247, 'arbitration_ms': 0.011200001608813182, 'extension_ms': 0.7396000037260819, 'control_compute_ms': nan}, {'controller': 'C3_arbitration_MPC', 'scenario': 'sensor_bias_5', 'seed': 19028, 'step': 167, 'time_s': 1.67, 'aux_inference_ms': 0.7014999973762315, 'reliability_update_ms': 0.015199999324977398, 'arbitration_ms': 0.010600000678095967, 'extension_ms': 0.7272999973793048, 'control_compute_ms': nan}, {'controller': 'C3_arbitration_MPC', 'scenario': 'sensor_bias_5', 'seed': 19028, 'step': 168, 'time_s': 1.68, 'aux_inference_ms': 0.3088000012212433, 'reliability_update_ms': 0.007300001016119495, 'arbitration_ms': 0.005699999746866524, 'extension_ms': 0.3218000019842293, 'control_compute_ms': nan}, {'controller': 'C3_arbitration_MPC', 'scenario': 'sensor_bias_5', 'seed': 19028, 'step': 169, 'time_s': 1.69, 'aux_inference_ms': 0.276400001894217, 'reliability_update_ms': 0.00799999907030724, 'arbitration_ms': 0.006299997039604932, 'extension_ms': 0.29069999800412916, 'control_compute_ms': nan}, {'controller': 'C3_arbitration_MPC', 'scenario': 'sensor_bias_5', 'seed': 19028, 'step': 170, 'time_s': 1.7, 'aux_inference_ms': 0.7277000004251022, 'reliability_update_ms': 0.016500001947861165, 'arbitration_ms': 0.02559999848017469, 'extension_ms': 0.769800000853138, 'control_compute_ms': 106.59310000119149}, {'controller': 'C3_arbitration_MPC', 'scenario': 'sensor_bias_5', 'seed': 19028, 'step': 171, 'time_s': 1.71, 'aux_inference_ms': 0.7026999992376659, 'reliability_update_ms': 0.017099999240599573, 'arbitration_ms': 0.010700001439545304, 'extension_ms': 0.7304999999178108, 'control_compute_ms': nan}, {'controller': 'C3_arbitration_MPC', 'scenario': 'sensor_bias_5', 'seed': 19028, 'step': 172, 'time_s': 1.72, 'aux_inference_ms': 0.2905000001192093, 'reliability_update_ms': 0.006800000846851617, 'arbitration_ms': 0.005999998393235728, 'extension_ms': 0.30329999935929663, 'control_compute_ms': nan}, {'controller': 'C3_arbitration_MPC', 'scenario': 'sensor_bias_5', 'seed': 19028, 'step': 173, 'time_s': 1.73, 'aux_inference_ms': 0.31849999868427403, 'reliability_update_ms': 0.016099998902063817, 'arbitration_ms': 0.00960000033956021, 'extension_ms': 0.34419999792589806, 'control_compute_ms': nan}, {'controller': 'C3_arbitration_MPC', 'scenario': 'sensor_bias_5', 'seed': 19028, 'step': 174, 'time_s': 1.74, 'aux_inference_ms': 0.7708000011916738, 'reliability_update_ms': 0.016500001947861165, 'arbitration_ms': 0.009899998985929415, 'extension_ms': 0.7972000021254644, 'control_compute_ms': nan}, {'controller': 'C3_arbitration_MPC', 'scenario': 'sensor_bias_5', 'seed': 19028, 'step': 175, 'time_s': 1.75, 'aux_inference_ms': 0.5732999998144805, 'reliability_update_ms': 0.015399997209897265, 'arbitration_ms': 0.00790000194683671, 'extension_ms': 0.5965999989712145, 'control_compute_ms': 105.12190000008559}, {'controller': 'C3_arbitration_MPC', 'scenario': 'sensor_bias_5', 'seed': 19028, 'step': 176, 'time_s': 1.76, 'aux_inference_ms': 0.40240000089397654, 'reliability_update_ms': 0.01179999890155159, 'arbitration_ms': 0.006899997970322147, 'extension_ms': 0.4210999977658503, 'control_compute_ms': nan}, {'controller': 'C3_arbitration_MPC', 'scenario': 'sensor_bias_5', 'seed': 19028, 'step': 177, 'time_s': 1.77, 'aux_inference_ms': 1.4250999993237201, 'reliability_update_ms': 0.028799997380701825, 'arbitration_ms': 0.01880000127130188, 'extension_ms': 1.4726999979757238, 'control_compute_ms': nan}, {'controller': 'C3_arbitration_MPC', 'scenario': 'sensor_bias_5', 'seed': 19028, 'step': 178, 'time_s': 1.78, 'aux_inference_ms': 0.5780999999842606, 'reliability_update_ms': 0.014199998986441642, 'arbitration_ms': 0.00920000093174167, 'extension_ms': 0.601499999902444, 'control_compute_ms': nan}, {'controller': 'C3_arbitration_MPC', 'scenario': 'sensor_bias_5', 'seed': 19028, 'step': 179, 'time_s': 1.79, 'aux_inference_ms': 0.5156000006536487, 'reliability_update_ms': 0.010199997632298619, 'arbitration_ms': 0.007300001016119495, 'extension_ms': 0.5330999993020669, 'control_compute_ms': nan}, {'controller': 'C3_arbitration_MPC', 'scenario': 'sensor_bias_5', 'seed': 19028, 'step': 180, 'time_s': 1.8, 'aux_inference_ms': 0.6251999984669965, 'reliability_update_ms': 0.012600001355167478, 'arbitration_ms': 0.00790000194683671, 'extension_ms': 0.6457000017690007, 'control_compute_ms': 129.5639999989362}, {'controller': 'C3_arbitration_MPC', 'scenario': 'sensor_bias_5', 'seed': 19028, 'step': 181, 'time_s': 1.81, 'aux_inference_ms': 1.8896999972639605, 'reliability_update_ms': 0.042199997551506385, 'arbitration_ms': 0.02600000152597204, 'extension_ms': 1.957899996341439, 'control_compute_ms': nan}, {'controller': 'C3_arbitration_MPC', 'scenario': 'sensor_bias_5', 'seed': 19028, 'step': 182, 'time_s': 1.82, 'aux_inference_ms': 1.9762000010814518, 'reliability_update_ms': 0.04450000051292591, 'arbitration_ms': 0.027800000680144876, 'extension_ms': 2.0485000022745226, 'control_compute_ms': nan}, {'controller': 'C3_arbitration_MPC', 'scenario': 'sensor_bias_5', 'seed': 19028, 'step': 183, 'time_s': 1.83, 'aux_inference_ms': 1.8505000007280614, 'reliability_update_ms': 0.03719999949680641, 'arbitration_ms': 0.024099997972371057, 'extension_ms': 1.911799998197239, 'control_compute_ms': nan}, {'controller': 'C3_arbitration_MPC', 'scenario': 'sensor_bias_5', 'seed': 19028, 'step': 184, 'time_s': 1.84, 'aux_inference_ms': 1.8423000001348555, 'reliability_update_ms': 0.013699998817173764, 'arbitration_ms': 0.008999999408842996, 'extension_ms': 1.8649999983608723, 'control_compute_ms': nan}, {'controller': 'C3_arbitration_MPC', 'scenario': 'sensor_bias_5', 'seed': 19028, 'step': 185, 'time_s': 1.85, 'aux_inference_ms': 0.3412000005482696, 'reliability_update_ms': 0.007800001185387373, 'arbitration_ms': 0.004900000931229442, 'extension_ms': 0.3539000026648864, 'control_compute_ms': 128.22500000038417}, {'controller': 'C3_arbitration_MPC', 'scenario': 'sensor_bias_5', 'seed': 19028, 'step': 186, 'time_s': 1.86, 'aux_inference_ms': 1.394599999912316, 'reliability_update_ms': 0.03149999974993989, 'arbitration_ms': 0.018699996871873736, 'extension_ms': 1.4447999965341296, 'control_compute_ms': nan}, {'controller': 'C3_arbitration_MPC', 'scenario': 'sensor_bias_5', 'seed': 19028, 'step': 187, 'time_s': 1.87, 'aux_inference_ms': 0.7848000022931956, 'reliability_update_ms': 0.026599998818710446, 'arbitration_ms': 0.01720000000204891, 'extension_ms': 0.8286000011139549, 'control_compute_ms': nan}, {'controller': 'C3_arbitration_MPC', 'scenario': 'sensor_bias_5', 'seed': 19028, 'step': 188, 'time_s': 1.8800000000000001, 'aux_inference_ms': 0.30590000096708536, 'reliability_update_ms': 0.00799999907030724, 'arbitration_ms': 0.005099998816149309, 'extension_ms': 0.3189999988535419, 'control_compute_ms': nan}, {'controller': 'C3_arbitration_MPC', 'scenario': 'sensor_bias_5', 'seed': 19028, 'step': 189, 'time_s': 1.8900000000000001, 'aux_inference_ms': 1.1737000022549182, 'reliability_update_ms': 0.027800000680144876, 'arbitration_ms': 0.01809999957913533, 'extension_ms': 1.2196000025141984, 'control_compute_ms': nan}, {'controller': 'C3_arbitration_MPC', 'scenario': 'sensor_bias_5', 'seed': 19028, 'step': 190, 'time_s': 1.9000000000000001, 'aux_inference_ms': 0.65579999863985, 'reliability_update_ms': 0.032400002965005115, 'arbitration_ms': 0.01809999957913533, 'extension_ms': 0.7063000011839904, 'control_compute_ms': 67.7164000007906}, {'controller': 'C3_arbitration_MPC', 'scenario': 'sensor_bias_5', 'seed': 19028, 'step': 191, 'time_s': 1.9100000000000001, 'aux_inference_ms': 0.8384000029764138, 'reliability_update_ms': 0.018500002624932677, 'arbitration_ms': 0.013199998647905886, 'extension_ms': 0.8701000042492524, 'control_compute_ms': nan}, {'controller': 'C3_arbitration_MPC', 'scenario': 'sensor_bias_5', 'seed': 19028, 'step': 192, 'time_s': 1.92, 'aux_inference_ms': 0.7793000004312489, 'reliability_update_ms': 0.02130000211764127, 'arbitration_ms': 0.03339999966556206, 'extension_ms': 0.8340000022144523, 'control_compute_ms': nan}, {'controller': 'C3_arbitration_MPC', 'scenario': 'sensor_bias_5', 'seed': 19028, 'step': 193, 'time_s': 1.93, 'aux_inference_ms': 0.7447999996657018, 'reliability_update_ms': 0.014799999917158857, 'arbitration_ms': 0.010700001439545304, 'extension_ms': 0.7703000010224059, 'control_compute_ms': nan}, {'controller': 'C3_arbitration_MPC', 'scenario': 'sensor_bias_5', 'seed': 19028, 'step': 194, 'time_s': 1.94, 'aux_inference_ms': 0.7020000011834782, 'reliability_update_ms': 0.014100001862971112, 'arbitration_ms': 0.01049999991664663, 'extension_ms': 0.7266000029630959, 'control_compute_ms': nan}, {'controller': 'C3_arbitration_MPC', 'scenario': 'sensor_bias_5', 'seed': 19028, 'step': 195, 'time_s': 1.95, 'aux_inference_ms': 0.7656000016140752, 'reliability_update_ms': 0.01799999881768599, 'arbitration_ms': 0.011500000255182385, 'extension_ms': 0.7951000006869435, 'control_compute_ms': 277.8044000006048}, {'controller': 'C3_arbitration_MPC', 'scenario': 'sensor_bias_5', 'seed': 19028, 'step': 196, 'time_s': 1.96, 'aux_inference_ms': 0.8662999971420504, 'reliability_update_ms': 0.018699996871873736, 'arbitration_ms': 0.01300000076298602, 'extension_ms': 0.8979999947769102, 'control_compute_ms': nan}, {'controller': 'C3_arbitration_MPC', 'scenario': 'sensor_bias_5', 'seed': 19028, 'step': 197, 'time_s': 1.97, 'aux_inference_ms': 1.0572000028332695, 'reliability_update_ms': 0.019600000086938962, 'arbitration_ms': 0.012799999240087345, 'extension_ms': 1.0896000021602958, 'control_compute_ms': nan}, {'controller': 'C3_arbitration_MPC', 'scenario': 'sensor_bias_5', 'seed': 19028, 'step': 198, 'time_s': 1.98, 'aux_inference_ms': 0.2620999985083472, 'reliability_update_ms': 0.006800000846851617, 'arbitration_ms': 0.004300000000512227, 'extension_ms': 0.27319999935571104, 'control_compute_ms': nan}, {'controller': 'C3_arbitration_MPC', 'scenario': 'sensor_bias_5', 'seed': 19028, 'step': 199, 'time_s': 1.99, 'aux_inference_ms': 0.22309999985736795, 'reliability_update_ms': 0.005500001861946657, 'arbitration_ms': 0.0035999983083456755, 'extension_ms': 0.23220000002766028, 'control_compute_ms': nan}, {'controller': 'C3_arbitration_MPC', 'scenario': 'sensor_bias_5', 'seed': 19028, 'step': 200, 'time_s': 2.0, 'aux_inference_ms': 0.2136999974027276, 'reliability_update_ms': 0.005599998985417187, 'arbitration_ms': 0.005199999577598646, 'extension_ms': 0.22449999596574344, 'control_compute_ms': 112.87449999872479}, {'controller': 'C3_arbitration_MPC', 'scenario': 'sensor_bias_5', 'seed': 19028, 'step': 201, 'time_s': 2.0100000000000002, 'aux_inference_ms': 0.4441999990376644, 'reliability_update_ms': 0.009499999578110874, 'arbitration_ms': 0.008500002877553925, 'extension_ms': 0.4622000014933292, 'control_compute_ms': nan}, {'controller': 'C3_arbitration_MPC', 'scenario': 'sensor_bias_5', 'seed': 19028, 'step': 202, 'time_s': 2.02, 'aux_inference_ms': 0.3333999993628822, 'reliability_update_ms': 0.008099999831756577, 'arbitration_ms': 0.007599999662488699, 'extension_ms': 0.3490999988571275, 'control_compute_ms': nan}, {'controller': 'C3_arbitration_MPC', 'scenario': 'sensor_bias_5', 'seed': 19028, 'step': 203, 'time_s': 2.0300000000000002, 'aux_inference_ms': 0.35199999911128543, 'reliability_update_ms': 0.007899998308857903, 'arbitration_ms': 0.006899997970322147, 'extension_ms': 0.3667999953904655, 'control_compute_ms': nan}, {'controller': 'C3_arbitration_MPC', 'scenario': 'sensor_bias_5', 'seed': 19028, 'step': 204, 'time_s': 2.04, 'aux_inference_ms': 0.3085999996983446, 'reliability_update_ms': 0.008099999831756577, 'arbitration_ms': 0.006999998731771484, 'extension_ms': 0.3236999982618727, 'control_compute_ms': nan}, {'controller': 'C3_arbitration_MPC', 'scenario': 'sensor_bias_5', 'seed': 19028, 'step': 205, 'time_s': 2.05, 'aux_inference_ms': 0.3515999997034669, 'reliability_update_ms': 0.00799999907030724, 'arbitration_ms': 0.007099999493220821, 'extension_ms': 0.36669999826699495, 'control_compute_ms': 110.27710000053048}, {'controller': 'C3_arbitration_MPC', 'scenario': 'sensor_bias_5', 'seed': 19028, 'step': 206, 'time_s': 2.06, 'aux_inference_ms': 0.35089999801130034, 'reliability_update_ms': 0.009300001693191007, 'arbitration_ms': 0.006599999323952943, 'extension_ms': 0.3667999990284443, 'control_compute_ms': nan}, {'controller': 'C3_arbitration_MPC', 'scenario': 'sensor_bias_5', 'seed': 19028, 'step': 207, 'time_s': 2.07, 'aux_inference_ms': 0.4175000030954834, 'reliability_update_ms': 0.006500002200482413, 'arbitration_ms': 0.00549999822396785, 'extension_ms': 0.42950000351993367, 'control_compute_ms': nan}, {'controller': 'C3_arbitration_MPC', 'scenario': 'sensor_bias_5', 'seed': 19028, 'step': 208, 'time_s': 2.08, 'aux_inference_ms': 0.2496999986760784, 'reliability_update_ms': 0.006300000677583739, 'arbitration_ms': 0.005199999577598646, 'extension_ms': 0.2611999989312608, 'control_compute_ms': nan}, {'controller': 'C3_arbitration_MPC', 'scenario': 'sensor_bias_5', 'seed': 19028, 'step': 209, 'time_s': 2.09, 'aux_inference_ms': 0.2187000027333852, 'reliability_update_ms': 0.005500001861946657, 'arbitration_ms': 0.004699999408330768, 'extension_ms': 0.22890000400366262, 'control_compute_ms': nan}, {'controller': 'C3_arbitration_MPC', 'scenario': 'sensor_bias_5', 'seed': 19028, 'step': 210, 'time_s': 2.1, 'aux_inference_ms': 0.21859999833395705, 'reliability_update_ms': 0.00549999822396785, 'arbitration_ms': 0.004800000169780105, 'extension_ms': 0.228899996727705, 'control_compute_ms': 73.24699999662698}, {'controller': 'C3_arbitration_MPC', 'scenario': 'sensor_bias_5', 'seed': 19028, 'step': 211, 'time_s': 2.11, 'aux_inference_ms': 0.3193000011378899, 'reliability_update_ms': 0.008800001523923129, 'arbitration_ms': 0.006800000846851617, 'extension_ms': 0.33490000350866467, 'control_compute_ms': nan}, {'controller': 'C3_arbitration_MPC', 'scenario': 'sensor_bias_5', 'seed': 19028, 'step': 212, 'time_s': 2.12, 'aux_inference_ms': 0.3752999982680194, 'reliability_update_ms': 0.007800001185387373, 'arbitration_ms': 0.00670000008540228, 'extension_ms': 0.38979999953880906, 'control_compute_ms': nan}, {'controller': 'C3_arbitration_MPC', 'scenario': 'sensor_bias_5', 'seed': 19028, 'step': 213, 'time_s': 2.13, 'aux_inference_ms': 0.3569000000425149, 'reliability_update_ms': 0.007599999662488699, 'arbitration_ms': 0.006300000677583739, 'extension_ms': 0.3708000003825873, 'control_compute_ms': nan}, {'controller': 'C3_arbitration_MPC', 'scenario': 'sensor_bias_5', 'seed': 19028, 'step': 214, 'time_s': 2.14, 'aux_inference_ms': 0.27599999884841964, 'reliability_update_ms': 0.006800000846851617, 'arbitration_ms': 0.005999998393235728, 'extension_ms': 0.288799998088507, 'control_compute_ms': nan}, {'controller': 'C3_arbitration_MPC', 'scenario': 'sensor_bias_5', 'seed': 19028, 'step': 215, 'time_s': 2.15, 'aux_inference_ms': 0.2454999994370155, 'reliability_update_ms': 0.00670000008540228, 'arbitration_ms': 0.005599998985417187, 'extension_ms': 0.25779999850783497, 'control_compute_ms': 82.64819999749307}, {'controller': 'C3_arbitration_MPC', 'scenario': 'sensor_bias_5', 'seed': 19028, 'step': 216, 'time_s': 2.16, 'aux_inference_ms': 0.26250000155414455, 'reliability_update_ms': 0.008200000593205914, 'arbitration_ms': 0.006300000677583739, 'extension_ms': 0.2770000028249342, 'control_compute_ms': nan}, {'controller': 'C3_arbitration_MPC', 'scenario': 'sensor_bias_5', 'seed': 19028, 'step': 217, 'time_s': 2.17, 'aux_inference_ms': 0.5567000007431488, 'reliability_update_ms': 0.013799999578623101, 'arbitration_ms': 0.011699998140102252, 'extension_ms': 0.5821999984618742, 'control_compute_ms': nan}, {'controller': 'C3_arbitration_MPC', 'scenario': 'sensor_bias_5', 'seed': 19028, 'step': 218, 'time_s': 2.18, 'aux_inference_ms': 0.4870000011578668, 'reliability_update_ms': 0.012900000001536682, 'arbitration_ms': 0.01089999932446517, 'extension_ms': 0.5108000004838686, 'control_compute_ms': nan}, {'controller': 'C3_arbitration_MPC', 'scenario': 'sensor_bias_5', 'seed': 19028, 'step': 219, 'time_s': 2.19, 'aux_inference_ms': 0.47590000031050295, 'reliability_update_ms': 0.012599997717188671, 'arbitration_ms': 0.010799998563015833, 'extension_ms': 0.49929999659070745, 'control_compute_ms': nan}, {'controller': 'C3_arbitration_MPC', 'scenario': 'sensor_bias_5', 'seed': 19028, 'step': 220, 'time_s': 2.2, 'aux_inference_ms': 0.46020000081625767, 'reliability_update_ms': 0.013200002285884693, 'arbitration_ms': 0.010700001439545304, 'extension_ms': 0.48410000454168767, 'control_compute_ms': 108.34999999860884}, {'controller': 'C3_arbitration_MPC', 'scenario': 'sensor_bias_5', 'seed': 19028, 'step': 221, 'time_s': 2.21, 'aux_inference_ms': 0.28980000206502154, 'reliability_update_ms': 0.007899998308857903, 'arbitration_ms': 0.006199999916134402, 'extension_ms': 0.30390000029001385, 'control_compute_ms': nan}, {'controller': 'C3_arbitration_MPC', 'scenario': 'sensor_bias_5', 'seed': 19028, 'step': 222, 'time_s': 2.22, 'aux_inference_ms': 0.28329999986453913, 'reliability_update_ms': 0.007000002369750291, 'arbitration_ms': 0.006800000846851617, 'extension_ms': 0.29710000308114104, 'control_compute_ms': nan}, {'controller': 'C3_arbitration_MPC', 'scenario': 'sensor_bias_5', 'seed': 19028, 'step': 223, 'time_s': 2.23, 'aux_inference_ms': 0.2432000001135748, 'reliability_update_ms': 0.005699999746866524, 'arbitration_ms': 0.004900000931229442, 'extension_ms': 0.25380000079167075, 'control_compute_ms': nan}, {'controller': 'C3_arbitration_MPC', 'scenario': 'sensor_bias_5', 'seed': 19028, 'step': 224, 'time_s': 2.24, 'aux_inference_ms': 0.2586999980849214, 'reliability_update_ms': 0.006599999323952943, 'arbitration_ms': 0.005899997631786391, 'extension_ms': 0.2711999950406607, 'control_compute_ms': nan}, {'controller': 'C3_arbitration_MPC', 'scenario': 'sensor_bias_5', 'seed': 19028, 'step': 225, 'time_s': 2.25, 'aux_inference_ms': 0.25859999732347205, 'reliability_update_ms': 0.00670000008540228, 'arbitration_ms': 0.005800000508315861, 'extension_ms': 0.2710999979171902, 'control_compute_ms': 92.73390000089421}, {'controller': 'C3_arbitration_MPC', 'scenario': 'sensor_bias_5', 'seed': 19028, 'step': 226, 'time_s': 2.2600000000000002, 'aux_inference_ms': 0.3749999996216502, 'reliability_update_ms': 0.009799998224480078, 'arbitration_ms': 0.008999999408842996, 'extension_ms': 0.3937999972549733, 'control_compute_ms': nan}, {'controller': 'C3_arbitration_MPC', 'scenario': 'sensor_bias_5', 'seed': 19028, 'step': 227, 'time_s': 2.27, 'aux_inference_ms': 0.3060000017285347, 'reliability_update_ms': 0.007599999662488699, 'arbitration_ms': 0.006999998731771484, 'extension_ms': 0.3206000001227949, 'control_compute_ms': nan}, {'controller': 'C3_arbitration_MPC', 'scenario': 'sensor_bias_5', 'seed': 19028, 'step': 228, 'time_s': 2.2800000000000002, 'aux_inference_ms': 0.3022999990207609, 'reliability_update_ms': 0.007400001777568832, 'arbitration_ms': 0.00670000008540228, 'extension_ms': 0.316400000883732, 'control_compute_ms': nan}, {'controller': 'C3_arbitration_MPC', 'scenario': 'sensor_bias_5', 'seed': 19028, 'step': 229, 'time_s': 2.29, 'aux_inference_ms': 0.27969999791821465, 'reliability_update_ms': 0.007200000254670158, 'arbitration_ms': 0.006300000677583739, 'extension_ms': 0.29319999885046855, 'control_compute_ms': nan}, {'controller': 'C3_arbitration_MPC', 'scenario': 'sensor_bias_5', 'seed': 19028, 'step': 230, 'time_s': 2.3000000000000003, 'aux_inference_ms': 0.7685999989917036, 'reliability_update_ms': 0.015099998563528061, 'arbitration_ms': 0.014400000509340316, 'extension_ms': 0.798099998064572, 'control_compute_ms': 95.48680000079912}, {'controller': 'C3_arbitration_MPC', 'scenario': 'sensor_bias_5', 'seed': 19028, 'step': 231, 'time_s': 2.31, 'aux_inference_ms': 0.5126000032760203, 'reliability_update_ms': 0.011600001016631722, 'arbitration_ms': 0.010699997801566496, 'extension_ms': 0.5349000020942185, 'control_compute_ms': nan}, {'controller': 'C3_arbitration_MPC', 'scenario': 'sensor_bias_5', 'seed': 19028, 'step': 232, 'time_s': 2.32, 'aux_inference_ms': 0.4172999979346059, 'reliability_update_ms': 0.03309999738121405, 'arbitration_ms': 0.012200001947348937, 'extension_ms': 0.4625999972631689, 'control_compute_ms': nan}, {'controller': 'C3_arbitration_MPC', 'scenario': 'sensor_bias_5', 'seed': 19028, 'step': 233, 'time_s': 2.33, 'aux_inference_ms': 0.34589999995660037, 'reliability_update_ms': 0.007499998901039362, 'arbitration_ms': 0.006199999916134402, 'extension_ms': 0.35959999877377413, 'control_compute_ms': nan}, {'controller': 'C3_arbitration_MPC', 'scenario': 'sensor_bias_5', 'seed': 19028, 'step': 234, 'time_s': 2.34, 'aux_inference_ms': 0.3193000011378899, 'reliability_update_ms': 0.010300002031726763, 'arbitration_ms': 0.004899997293250635, 'extension_ms': 0.3345000004628673, 'control_compute_ms': nan}, {'controller': 'C3_arbitration_MPC', 'scenario': 'sensor_bias_5', 'seed': 19028, 'step': 235, 'time_s': 2.35, 'aux_inference_ms': 0.207199998840224, 'reliability_update_ms': 0.005200003215577453, 'arbitration_ms': 0.004599998646881431, 'extension_ms': 0.21700000070268288, 'control_compute_ms': 105.36700000011479}, {'controller': 'C3_arbitration_MPC', 'scenario': 'sensor_bias_5', 'seed': 19028, 'step': 236, 'time_s': 2.36, 'aux_inference_ms': 0.2899999999499414, 'reliability_update_ms': 0.008099999831756577, 'arbitration_ms': 0.006599999323952943, 'extension_ms': 0.30469999910565093, 'control_compute_ms': nan}, {'controller': 'C3_arbitration_MPC', 'scenario': 'sensor_bias_5', 'seed': 19028, 'step': 237, 'time_s': 2.37, 'aux_inference_ms': 0.23779999901307747, 'reliability_update_ms': 0.006300000677583739, 'arbitration_ms': 0.005699999746866524, 'extension_ms': 0.24979999943752773, 'control_compute_ms': nan}, {'controller': 'C3_arbitration_MPC', 'scenario': 'sensor_bias_5', 'seed': 19028, 'step': 238, 'time_s': 2.38, 'aux_inference_ms': 0.23660000078962184, 'reliability_update_ms': 0.005899997631786391, 'arbitration_ms': 0.005199999577598646, 'extension_ms': 0.24769999799900688, 'control_compute_ms': nan}, {'controller': 'C3_arbitration_MPC', 'scenario': 'sensor_bias_5', 'seed': 19028, 'step': 239, 'time_s': 2.39, 'aux_inference_ms': 0.23440000222763047, 'reliability_update_ms': 0.005999998393235728, 'arbitration_ms': 0.004999998054699972, 'extension_ms': 0.24539999867556617, 'control_compute_ms': nan}, {'controller': 'C3_arbitration_MPC', 'scenario': 'sensor_bias_5', 'seed': 19028, 'step': 240, 'time_s': 2.4, 'aux_inference_ms': 0.22420000095735304, 'reliability_update_ms': 0.005699999746866524, 'arbitration_ms': 0.005000001692678779, 'extension_ms': 0.23490000239689834, 'control_compute_ms': 79.20999999987544}, {'controller': 'C3_arbitration_MPC', 'scenario': 'sensor_bias_5', 'seed': 19028, 'step': 241, 'time_s': 2.41, 'aux_inference_ms': 0.5153000020072795, 'reliability_update_ms': 0.013299999409355223, 'arbitration_ms': 0.011699998140102252, 'extension_ms': 0.540299999556737, 'control_compute_ms': nan}, {'controller': 'C3_arbitration_MPC', 'scenario': 'sensor_bias_5', 'seed': 19028, 'step': 242, 'time_s': 2.42, 'aux_inference_ms': 0.24359999952139333, 'reliability_update_ms': 0.005900001269765198, 'arbitration_ms': 0.004899997293250635, 'extension_ms': 0.25439999808440916, 'control_compute_ms': nan}, {'controller': 'C3_arbitration_MPC', 'scenario': 'sensor_bias_5', 'seed': 19028, 'step': 243, 'time_s': 2.43, 'aux_inference_ms': 0.17899999875226058, 'reliability_update_ms': 0.004600002284860238, 'arbitration_ms': 0.0039000005926936865, 'extension_ms': 0.1875000016298145, 'control_compute_ms': nan}, {'controller': 'C3_arbitration_MPC', 'scenario': 'sensor_bias_5', 'seed': 19028, 'step': 244, 'time_s': 2.44, 'aux_inference_ms': 0.16259999756584875, 'reliability_update_ms': 0.004500001523410901, 'arbitration_ms': 0.0037000027077738196, 'extension_ms': 0.17080000179703347, 'control_compute_ms': nan}, {'controller': 'C3_arbitration_MPC', 'scenario': 'sensor_bias_5', 'seed': 19028, 'step': 245, 'time_s': 2.45, 'aux_inference_ms': 0.54430000091088, 'reliability_update_ms': 0.01300000076298602, 'arbitration_ms': 0.010799998563015833, 'extension_ms': 0.5681000002368819, 'control_compute_ms': 62.55489999966812}, {'controller': 'C3_arbitration_MPC', 'scenario': 'sensor_bias_5', 'seed': 19028, 'step': 246, 'time_s': 2.46, 'aux_inference_ms': 0.36189999809721485, 'reliability_update_ms': 0.009399998816661537, 'arbitration_ms': 0.00799999907030724, 'extension_ms': 0.3792999959841836, 'control_compute_ms': nan}, {'controller': 'C3_arbitration_MPC', 'scenario': 'sensor_bias_5', 'seed': 19028, 'step': 247, 'time_s': 2.47, 'aux_inference_ms': 0.31600000147591345, 'reliability_update_ms': 0.00799999907030724, 'arbitration_ms': 0.006900001608300954, 'extension_ms': 0.33090000215452164, 'control_compute_ms': nan}, {'controller': 'C3_arbitration_MPC', 'scenario': 'sensor_bias_5', 'seed': 19028, 'step': 248, 'time_s': 2.48, 'aux_inference_ms': 0.287499999103602, 'reliability_update_ms': 0.007600003300467506, 'arbitration_ms': 0.006500002200482413, 'extension_ms': 0.30160000460455194, 'control_compute_ms': nan}, {'controller': 'C3_arbitration_MPC', 'scenario': 'sensor_bias_5', 'seed': 19028, 'step': 249, 'time_s': 2.49, 'aux_inference_ms': 0.3480000013951212, 'reliability_update_ms': 0.007599999662488699, 'arbitration_ms': 0.00670000008540228, 'extension_ms': 0.3623000011430122, 'control_compute_ms': nan}, {'controller': 'C3_arbitration_MPC', 'scenario': 'sensor_bias_5', 'seed': 19028, 'step': 250, 'time_s': 2.5, 'aux_inference_ms': 0.28390000079525635, 'reliability_update_ms': 0.007300001016119495, 'arbitration_ms': 0.006300000677583739, 'extension_ms': 0.2975000024889596, 'control_compute_ms': 24.783700002444675}, {'controller': 'C3_arbitration_MPC', 'scenario': 'sensor_bias_5', 'seed': 19028, 'step': 251, 'time_s': 2.5100000000000002, 'aux_inference_ms': 0.44939999861526303, 'reliability_update_ms': 0.011999996786471456, 'arbitration_ms': 0.009799998224480078, 'extension_ms': 0.47119999362621456, 'control_compute_ms': nan}, {'controller': 'C3_arbitration_MPC', 'scenario': 'sensor_bias_5', 'seed': 19028, 'step': 252, 'time_s': 2.52, 'aux_inference_ms': 0.3775000004679896, 'reliability_update_ms': 0.009899998985929415, 'arbitration_ms': 0.00839999847812578, 'extension_ms': 0.3957999979320448, 'control_compute_ms': nan}, {'controller': 'C3_arbitration_MPC', 'scenario': 'sensor_bias_5', 'seed': 19028, 'step': 253, 'time_s': 2.5300000000000002, 'aux_inference_ms': 0.3996999985247385, 'reliability_update_ms': 0.009300001693191007, 'arbitration_ms': 0.008000002708286047, 'extension_ms': 0.41700000292621553, 'control_compute_ms': nan}, {'controller': 'C3_arbitration_MPC', 'scenario': 'sensor_bias_5', 'seed': 19028, 'step': 254, 'time_s': 2.54, 'aux_inference_ms': 0.352399998519104, 'reliability_update_ms': 0.00950000321608968, 'arbitration_ms': 0.008200000593205914, 'extension_ms': 0.37010000232839957, 'control_compute_ms': nan}, {'controller': 'C3_arbitration_MPC', 'scenario': 'sensor_bias_5', 'seed': 19028, 'step': 255, 'time_s': 2.5500000000000003, 'aux_inference_ms': 0.34049999885610305, 'reliability_update_ms': 0.008800001523923129, 'arbitration_ms': 0.007300001016119495, 'extension_ms': 0.35660000139614567, 'control_compute_ms': 28.91799999997602}, {'controller': 'C3_arbitration_MPC', 'scenario': 'sensor_bias_5', 'seed': 19028, 'step': 256, 'time_s': 2.56, 'aux_inference_ms': 0.4087000015715603, 'reliability_update_ms': 0.011100000847363845, 'arbitration_ms': 0.008700000762473792, 'extension_ms': 0.4285000031813979, 'control_compute_ms': nan}, {'controller': 'C3_arbitration_MPC', 'scenario': 'sensor_bias_5', 'seed': 19028, 'step': 257, 'time_s': 2.57, 'aux_inference_ms': 0.3512999974191189, 'reliability_update_ms': 0.008999999408842996, 'arbitration_ms': 0.007700000423938036, 'extension_ms': 0.3679999972518999, 'control_compute_ms': nan}, {'controller': 'C3_arbitration_MPC', 'scenario': 'sensor_bias_5', 'seed': 19028, 'step': 258, 'time_s': 2.58, 'aux_inference_ms': 0.3361000017321203, 'reliability_update_ms': 0.008800001523923129, 'arbitration_ms': 0.007700000423938036, 'extension_ms': 0.35260000367998146, 'control_compute_ms': nan}, {'controller': 'C3_arbitration_MPC', 'scenario': 'sensor_bias_5', 'seed': 19028, 'step': 259, 'time_s': 2.59, 'aux_inference_ms': 0.30949999927543104, 'reliability_update_ms': 0.00839999847812578, 'arbitration_ms': 0.007300001016119495, 'extension_ms': 0.3251999987696763, 'control_compute_ms': nan}, {'controller': 'C3_arbitration_MPC', 'scenario': 'sensor_bias_5', 'seed': 19028, 'step': 260, 'time_s': 2.6, 'aux_inference_ms': 0.33520000215503387, 'reliability_update_ms': 0.00839999847812578, 'arbitration_ms': 0.007000002369750291, 'extension_ms': 0.35060000300290994, 'control_compute_ms': 140.3981000003114}, {'controller': 'C3_arbitration_MPC', 'scenario': 'sensor_bias_5', 'seed': 19028, 'step': 261, 'time_s': 2.61, 'aux_inference_ms': 0.4977999997208826, 'reliability_update_ms': 0.011400003131711856, 'arbitration_ms': 0.010100000508828089, 'extension_ms': 0.5193000033614226, 'control_compute_ms': nan}, {'controller': 'C3_arbitration_MPC', 'scenario': 'sensor_bias_5', 'seed': 19028, 'step': 262, 'time_s': 2.62, 'aux_inference_ms': 1.1374999994586688, 'reliability_update_ms': 0.026999998226528987, 'arbitration_ms': 0.023799999326001853, 'extension_ms': 1.1882999970111996, 'control_compute_ms': nan}, {'controller': 'C3_arbitration_MPC', 'scenario': 'sensor_bias_5', 'seed': 19028, 'step': 263, 'time_s': 2.63, 'aux_inference_ms': 1.0217999988526572, 'reliability_update_ms': 0.023699998564552516, 'arbitration_ms': 0.020700001186924055, 'extension_ms': 1.0661999986041337, 'control_compute_ms': nan}, {'controller': 'C3_arbitration_MPC', 'scenario': 'sensor_bias_5', 'seed': 19028, 'step': 264, 'time_s': 2.64, 'aux_inference_ms': 1.131699998950353, 'reliability_update_ms': 0.024099997972371057, 'arbitration_ms': 0.01979999797185883, 'extension_ms': 1.1755999948945828, 'control_compute_ms': nan}, {'controller': 'C3_arbitration_MPC', 'scenario': 'sensor_bias_5', 'seed': 19028, 'step': 265, 'time_s': 2.65, 'aux_inference_ms': 0.9785000002011657, 'reliability_update_ms': 0.02090000270982273, 'arbitration_ms': 0.01840000186348334, 'extension_ms': 1.0178000047744717, 'control_compute_ms': 107.75709999870742}, {'controller': 'C3_arbitration_MPC', 'scenario': 'sensor_bias_5', 'seed': 19028, 'step': 266, 'time_s': 2.66, 'aux_inference_ms': 0.5282999991322868, 'reliability_update_ms': 0.013299999409355223, 'arbitration_ms': 0.012299999070819467, 'extension_ms': 0.5538999976124614, 'control_compute_ms': nan}, {'controller': 'C3_arbitration_MPC', 'scenario': 'sensor_bias_5', 'seed': 19028, 'step': 267, 'time_s': 2.67, 'aux_inference_ms': 0.473000000056345, 'reliability_update_ms': 0.010199997632298619, 'arbitration_ms': 0.010000003385357559, 'extension_ms': 0.4932000010740012, 'control_compute_ms': nan}, {'controller': 'C3_arbitration_MPC', 'scenario': 'sensor_bias_5', 'seed': 19028, 'step': 268, 'time_s': 2.68, 'aux_inference_ms': 0.5449999989650678, 'reliability_update_ms': 0.006899997970322147, 'arbitration_ms': 0.005699999746866524, 'extension_ms': 0.5575999966822565, 'control_compute_ms': nan}, {'controller': 'C3_arbitration_MPC', 'scenario': 'sensor_bias_5', 'seed': 19028, 'step': 269, 'time_s': 2.69, 'aux_inference_ms': 0.21259999994072132, 'reliability_update_ms': 0.005099998816149309, 'arbitration_ms': 0.0047000030463095754, 'extension_ms': 0.2224000018031802, 'control_compute_ms': nan}, {'controller': 'C3_arbitration_MPC', 'scenario': 'sensor_bias_5', 'seed': 19028, 'step': 270, 'time_s': 2.7, 'aux_inference_ms': 0.2074999974865932, 'reliability_update_ms': 0.005500001861946657, 'arbitration_ms': 0.004699999408330768, 'extension_ms': 0.21769999875687063, 'control_compute_ms': 103.13200000018696}, {'controller': 'C3_arbitration_MPC', 'scenario': 'sensor_bias_5', 'seed': 19028, 'step': 271, 'time_s': 2.71, 'aux_inference_ms': 0.5014000016672071, 'reliability_update_ms': 0.011200001608813182, 'arbitration_ms': 0.010199997632298619, 'extension_ms': 0.5228000009083189, 'control_compute_ms': nan}, {'controller': 'C3_arbitration_MPC', 'scenario': 'sensor_bias_5', 'seed': 19028, 'step': 272, 'time_s': 2.72, 'aux_inference_ms': 0.39680000190855935, 'reliability_update_ms': 0.009399998816661537, 'arbitration_ms': 0.008699997124494985, 'extension_ms': 0.4148999978497159, 'control_compute_ms': nan}, {'controller': 'C3_arbitration_MPC', 'scenario': 'sensor_bias_5', 'seed': 19028, 'step': 273, 'time_s': 2.73, 'aux_inference_ms': 0.38190000122995116, 'reliability_update_ms': 0.00960000033956021, 'arbitration_ms': 0.008800001523923129, 'extension_ms': 0.4003000030934345, 'control_compute_ms': nan}, {'controller': 'C3_arbitration_MPC', 'scenario': 'sensor_bias_5', 'seed': 19028, 'step': 274, 'time_s': 2.74, 'aux_inference_ms': 0.3676000014820602, 'reliability_update_ms': 0.006199999916134402, 'arbitration_ms': 0.004699999408330768, 'extension_ms': 0.37850000080652535, 'control_compute_ms': nan}, {'controller': 'C3_arbitration_MPC', 'scenario': 'sensor_bias_5', 'seed': 19028, 'step': 275, 'time_s': 2.75, 'aux_inference_ms': 0.21689999994123355, 'reliability_update_ms': 0.005300000339047983, 'arbitration_ms': 0.004599998646881431, 'extension_ms': 0.22679999892716296, 'control_compute_ms': 160.93480000199634}, {'controller': 'C3_arbitration_MPC', 'scenario': 'sensor_bias_5', 'seed': 19028, 'step': 276, 'time_s': 2.7600000000000002, 'aux_inference_ms': 0.5262000013317447, 'reliability_update_ms': 0.013699998817173764, 'arbitration_ms': 0.011400003131711856, 'extension_ms': 0.5513000032806303, 'control_compute_ms': nan}, {'controller': 'C3_arbitration_MPC', 'scenario': 'sensor_bias_5', 'seed': 19028, 'step': 277, 'time_s': 2.77, 'aux_inference_ms': 0.49199999921256676, 'reliability_update_ms': 0.012600001355167478, 'arbitration_ms': 0.010700001439545304, 'extension_ms': 0.5153000020072795, 'control_compute_ms': nan}, {'controller': 'C3_arbitration_MPC', 'scenario': 'sensor_bias_5', 'seed': 19028, 'step': 278, 'time_s': 2.7800000000000002, 'aux_inference_ms': 0.46890000157873146, 'reliability_update_ms': 0.011899999663000926, 'arbitration_ms': 0.010399999155197293, 'extension_ms': 0.4912000003969297, 'control_compute_ms': nan}, {'controller': 'C3_arbitration_MPC', 'scenario': 'sensor_bias_5', 'seed': 19028, 'step': 279, 'time_s': 2.79, 'aux_inference_ms': 0.503999999637017, 'reliability_update_ms': 0.01179999890155159, 'arbitration_ms': 0.00960000033956021, 'extension_ms': 0.5253999988781288, 'control_compute_ms': nan}, {'controller': 'C3_arbitration_MPC', 'scenario': 'sensor_bias_5', 'seed': 19028, 'step': 280, 'time_s': 2.8000000000000003, 'aux_inference_ms': 0.4608999988704454, 'reliability_update_ms': 0.011599997378652915, 'arbitration_ms': 0.010199997632298619, 'extension_ms': 0.48269999388139695, 'control_compute_ms': 33.428700000513345}, {'controller': 'C3_arbitration_MPC', 'scenario': 'sensor_bias_5', 'seed': 19028, 'step': 281, 'time_s': 2.81, 'aux_inference_ms': 0.9086999998544343, 'reliability_update_ms': 0.01840000186348334, 'arbitration_ms': 0.01340000017080456, 'extension_ms': 0.9405000018887222, 'control_compute_ms': nan}, {'controller': 'C3_arbitration_MPC', 'scenario': 'sensor_bias_5', 'seed': 19028, 'step': 282, 'time_s': 2.82, 'aux_inference_ms': 0.23220000002766028, 'reliability_update_ms': 0.007099999493220821, 'arbitration_ms': 0.005699999746866524, 'extension_ms': 0.24499999926774763, 'control_compute_ms': nan}, {'controller': 'C3_arbitration_MPC', 'scenario': 'sensor_bias_5', 'seed': 19028, 'step': 283, 'time_s': 2.83, 'aux_inference_ms': 0.22399999943445437, 'reliability_update_ms': 0.005300000339047983, 'arbitration_ms': 0.004699999408330768, 'extension_ms': 0.23399999918183312, 'control_compute_ms': nan}, {'controller': 'C3_arbitration_MPC', 'scenario': 'sensor_bias_5', 'seed': 19028, 'step': 284, 'time_s': 2.84, 'aux_inference_ms': 0.46930000098655, 'reliability_update_ms': 0.012399999832268804, 'arbitration_ms': 0.010100000508828089, 'extension_ms': 0.4918000013276469, 'control_compute_ms': nan}, {'controller': 'C3_arbitration_MPC', 'scenario': 'sensor_bias_5', 'seed': 19028, 'step': 285, 'time_s': 2.85, 'aux_inference_ms': 0.4566999996313825, 'reliability_update_ms': 0.011599997378652915, 'arbitration_ms': 0.009800001862458885, 'extension_ms': 0.4780999988724943, 'control_compute_ms': 36.18339999957243}, {'controller': 'C3_arbitration_MPC', 'scenario': 'sensor_bias_5', 'seed': 19028, 'step': 286, 'time_s': 2.86, 'aux_inference_ms': 0.2860000022337772, 'reliability_update_ms': 0.008600000001024455, 'arbitration_ms': 0.006500002200482413, 'extension_ms': 0.30110000443528406, 'control_compute_ms': nan}, {'controller': 'C3_arbitration_MPC', 'scenario': 'sensor_bias_5', 'seed': 19028, 'step': 287, 'time_s': 2.87, 'aux_inference_ms': 0.22670000180369243, 'reliability_update_ms': 0.005599998985417187, 'arbitration_ms': 0.005099998816149309, 'extension_ms': 0.23739999960525893, 'control_compute_ms': nan}, {'controller': 'C3_arbitration_MPC', 'scenario': 'sensor_bias_5', 'seed': 19028, 'step': 288, 'time_s': 2.88, 'aux_inference_ms': 0.2172999993490521, 'reliability_update_ms': 0.005500001861946657, 'arbitration_ms': 0.005199999577598646, 'extension_ms': 0.2280000007885974, 'control_compute_ms': nan}, {'controller': 'C3_arbitration_MPC', 'scenario': 'sensor_bias_5', 'seed': 19028, 'step': 289, 'time_s': 2.89, 'aux_inference_ms': 0.35910000224248506, 'reliability_update_ms': 0.0121000011858996, 'arbitration_ms': 0.011100000847363845, 'extension_ms': 0.3823000042757485, 'control_compute_ms': nan}, {'controller': 'C3_arbitration_MPC', 'scenario': 'sensor_bias_5', 'seed': 19028, 'step': 290, 'time_s': 2.9, 'aux_inference_ms': 0.5655999993905425, 'reliability_update_ms': 0.015000001440057531, 'arbitration_ms': 0.00790000194683671, 'extension_ms': 0.5885000027774367, 'control_compute_ms': 120.727600002283}, {'controller': 'C3_arbitration_MPC', 'scenario': 'sensor_bias_5', 'seed': 19028, 'step': 291, 'time_s': 2.91, 'aux_inference_ms': 0.3195999997842591, 'reliability_update_ms': 0.009499999578110874, 'arbitration_ms': 0.007399998139590025, 'extension_ms': 0.33649999750196, 'control_compute_ms': nan}, {'controller': 'C3_arbitration_MPC', 'scenario': 'sensor_bias_5', 'seed': 19028, 'step': 292, 'time_s': 2.92, 'aux_inference_ms': 0.28900000324938446, 'reliability_update_ms': 0.008099999831756577, 'arbitration_ms': 0.006999998731771484, 'extension_ms': 0.3041000018129125, 'control_compute_ms': nan}, {'controller': 'C3_arbitration_MPC', 'scenario': 'sensor_bias_5', 'seed': 19028, 'step': 293, 'time_s': 2.93, 'aux_inference_ms': 0.17700000171316788, 'reliability_update_ms': 0.004399997123982757, 'arbitration_ms': 0.0038000034692231566, 'extension_ms': 0.1852000023063738, 'control_compute_ms': nan}, {'controller': 'C3_arbitration_MPC', 'scenario': 'sensor_bias_5', 'seed': 19028, 'step': 294, 'time_s': 2.94, 'aux_inference_ms': 0.16460000188089907, 'reliability_update_ms': 0.004399997123982757, 'arbitration_ms': 0.0037999998312443495, 'extension_ms': 0.17279999883612618, 'control_compute_ms': nan}, {'controller': 'C3_arbitration_MPC', 'scenario': 'sensor_bias_5', 'seed': 19028, 'step': 295, 'time_s': 2.95, 'aux_inference_ms': 0.21939999714959413, 'reliability_update_ms': 0.00540000110049732, 'arbitration_ms': 0.004500001523410901, 'extension_ms': 0.22929999977350235, 'control_compute_ms': 42.12030000053346}, {'controller': 'C3_arbitration_MPC', 'scenario': 'sensor_bias_5', 'seed': 19028, 'step': 296, 'time_s': 2.96, 'aux_inference_ms': 0.3313999986858107, 'reliability_update_ms': 0.00920000093174167, 'arbitration_ms': 0.007499998901039362, 'extension_ms': 0.34809999851859175, 'control_compute_ms': nan}, {'controller': 'C3_arbitration_MPC', 'scenario': 'sensor_bias_5', 'seed': 19028, 'step': 297, 'time_s': 2.97, 'aux_inference_ms': 0.2676999974937644, 'reliability_update_ms': 0.006899997970322147, 'arbitration_ms': 0.005899997631786391, 'extension_ms': 0.2804999930958729, 'control_compute_ms': nan}, {'controller': 'C3_arbitration_MPC', 'scenario': 'sensor_bias_5', 'seed': 19028, 'step': 298, 'time_s': 2.98, 'aux_inference_ms': 0.2835000013874378, 'reliability_update_ms': 0.010199997632298619, 'arbitration_ms': 0.005800000508315861, 'extension_ms': 0.2994999995280523, 'control_compute_ms': nan}, {'controller': 'C3_arbitration_MPC', 'scenario': 'sensor_bias_5', 'seed': 19028, 'step': 299, 'time_s': 2.99, 'aux_inference_ms': 0.4127000029257033, 'reliability_update_ms': 0.009100000170292333, 'arbitration_ms': 0.01049999991664663, 'extension_ms': 0.43230000301264226, 'control_compute_ms': nan}, {'controller': 'C3_arbitration_MPC', 'scenario': 'sensor_bias_5', 'seed': 19028, 'step': 300, 'time_s': 3.0, 'aux_inference_ms': 0.34669999877223745, 'reliability_update_ms': 0.008200000593205914, 'arbitration_ms': 0.00799999907030724, 'extension_ms': 0.3628999984357506, 'control_compute_ms': 65.93760000032489}, {'controller': 'C3_arbitration_MPC', 'scenario': 'sensor_bias_5', 'seed': 19028, 'step': 301, 'time_s': 3.0100000000000002, 'aux_inference_ms': 0.36589999945135787, 'reliability_update_ms': 0.008899998647393659, 'arbitration_ms': 0.007599999662488699, 'extension_ms': 0.38239999776124023, 'control_compute_ms': nan}, {'controller': 'C3_arbitration_MPC', 'scenario': 'sensor_bias_5', 'seed': 19028, 'step': 302, 'time_s': 3.02, 'aux_inference_ms': 0.2798999994411133, 'reliability_update_ms': 0.00670000008540228, 'arbitration_ms': 0.006000002031214535, 'extension_ms': 0.29260000155773014, 'control_compute_ms': nan}, {'controller': 'C3_arbitration_MPC', 'scenario': 'sensor_bias_5', 'seed': 19028, 'step': 303, 'time_s': 3.0300000000000002, 'aux_inference_ms': 0.3042999996978324, 'reliability_update_ms': 0.007099999493220821, 'arbitration_ms': 0.005900001269765198, 'extension_ms': 0.3173000004608184, 'control_compute_ms': nan}, {'controller': 'C3_arbitration_MPC', 'scenario': 'sensor_bias_5', 'seed': 19028, 'step': 304, 'time_s': 3.04, 'aux_inference_ms': 0.2534000013838522, 'reliability_update_ms': 0.006400001439033076, 'arbitration_ms': 0.005700003384845331, 'extension_ms': 0.2655000062077306, 'control_compute_ms': nan}, {'controller': 'C3_arbitration_MPC', 'scenario': 'sensor_bias_5', 'seed': 19028, 'step': 305, 'time_s': 3.0500000000000003, 'aux_inference_ms': 0.24230000053648837, 'reliability_update_ms': 0.006100002792663872, 'arbitration_ms': 0.005399997462518513, 'extension_ms': 0.25380000079167075, 'control_compute_ms': 59.18049999672803}, {'controller': 'C3_arbitration_MPC', 'scenario': 'sensor_bias_5', 'seed': 19028, 'step': 306, 'time_s': 3.06, 'aux_inference_ms': 0.32479999936185777, 'reliability_update_ms': 0.008600000001024455, 'arbitration_ms': 0.007200000254670158, 'extension_ms': 0.3405999996175524, 'control_compute_ms': nan}, {'controller': 'C3_arbitration_MPC', 'scenario': 'sensor_bias_5', 'seed': 19028, 'step': 307, 'time_s': 3.0700000000000003, 'aux_inference_ms': 0.338400001055561, 'reliability_update_ms': 0.007099999493220821, 'arbitration_ms': 0.006099999154685065, 'extension_ms': 0.3515999997034669, 'control_compute_ms': nan}, {'controller': 'C3_arbitration_MPC', 'scenario': 'sensor_bias_5', 'seed': 19028, 'step': 308, 'time_s': 3.08, 'aux_inference_ms': 0.24850000045262277, 'reliability_update_ms': 0.006499998562503606, 'arbitration_ms': 0.00540000110049732, 'extension_ms': 0.2604000001156237, 'control_compute_ms': nan}, {'controller': 'C3_arbitration_MPC', 'scenario': 'sensor_bias_5', 'seed': 19028, 'step': 309, 'time_s': 3.09, 'aux_inference_ms': 0.23710000095888972, 'reliability_update_ms': 0.008299997716676444, 'arbitration_ms': 0.005600002623395994, 'extension_ms': 0.25100000129896216, 'control_compute_ms': nan}, {'controller': 'C3_arbitration_MPC', 'scenario': 'sensor_bias_5', 'seed': 19028, 'step': 310, 'time_s': 3.1, 'aux_inference_ms': 0.25610000011511147, 'reliability_update_ms': 0.006400001439033076, 'arbitration_ms': 0.005600002623395994, 'extension_ms': 0.26810000417754054, 'control_compute_ms': 23.842700000386685}, {'controller': 'C3_arbitration_MPC', 'scenario': 'sensor_bias_5', 'seed': 19028, 'step': 311, 'time_s': 3.11, 'aux_inference_ms': 0.23009999858913943, 'reliability_update_ms': 0.005800000508315861, 'arbitration_ms': 0.005199999577598646, 'extension_ms': 0.24109999867505394, 'control_compute_ms': nan}, {'controller': 'C3_arbitration_MPC', 'scenario': 'sensor_bias_5', 'seed': 19028, 'step': 312, 'time_s': 3.12, 'aux_inference_ms': 0.3060000017285347, 'reliability_update_ms': 0.008099999831756577, 'arbitration_ms': 0.006800000846851617, 'extension_ms': 0.3209000024071429, 'control_compute_ms': nan}, {'controller': 'C3_arbitration_MPC', 'scenario': 'sensor_bias_5', 'seed': 19028, 'step': 313, 'time_s': 3.13, 'aux_inference_ms': 0.2567999981692992, 'reliability_update_ms': 0.006499998562503606, 'arbitration_ms': 0.006300000677583739, 'extension_ms': 0.26959999740938656, 'control_compute_ms': nan}, {'controller': 'C3_arbitration_MPC', 'scenario': 'sensor_bias_5', 'seed': 19028, 'step': 314, 'time_s': 3.14, 'aux_inference_ms': 0.25889999960782006, 'reliability_update_ms': 0.00670000008540228, 'arbitration_ms': 0.005500001861946657, 'extension_ms': 0.271100001555169, 'control_compute_ms': nan}, {'controller': 'C3_arbitration_MPC', 'scenario': 'sensor_bias_5', 'seed': 19028, 'step': 315, 'time_s': 3.15, 'aux_inference_ms': 0.25099999766098335, 'reliability_update_ms': 0.007399998139590025, 'arbitration_ms': 0.005699999746866524, 'extension_ms': 0.2640999955474399, 'control_compute_ms': 31.25010000076145}, {'controller': 'C3_arbitration_MPC', 'scenario': 'sensor_bias_5', 'seed': 19028, 'step': 316, 'time_s': 3.16, 'aux_inference_ms': 0.2576000006229151, 'reliability_update_ms': 0.006400001439033076, 'arbitration_ms': 0.005300000339047983, 'extension_ms': 0.26930000240099616, 'control_compute_ms': nan}, {'controller': 'C3_arbitration_MPC', 'scenario': 'sensor_bias_5', 'seed': 19028, 'step': 317, 'time_s': 3.17, 'aux_inference_ms': 0.3103000017290469, 'reliability_update_ms': 0.00799999907030724, 'arbitration_ms': 0.007300001016119495, 'extension_ms': 0.32560000181547366, 'control_compute_ms': nan}, {'controller': 'C3_arbitration_MPC', 'scenario': 'sensor_bias_5', 'seed': 19028, 'step': 318, 'time_s': 3.18, 'aux_inference_ms': 0.2886000002035871, 'reliability_update_ms': 0.007399998139590025, 'arbitration_ms': 0.00670000008540228, 'extension_ms': 0.3026999984285794, 'control_compute_ms': nan}, {'controller': 'C3_arbitration_MPC', 'scenario': 'sensor_bias_5', 'seed': 19028, 'step': 319, 'time_s': 3.19, 'aux_inference_ms': 0.2808999997796491, 'reliability_update_ms': 0.007099999493220821, 'arbitration_ms': 0.006099999154685065, 'extension_ms': 0.29409999842755497, 'control_compute_ms': nan}, {'controller': 'C3_arbitration_MPC', 'scenario': 'sensor_bias_5', 'seed': 19028, 'step': 320, 'time_s': 3.2, 'aux_inference_ms': 0.2520000016374979, 'reliability_update_ms': 0.006899997970322147, 'arbitration_ms': 0.006199999916134402, 'extension_ms': 0.26509999952395447, 'control_compute_ms': 21.449100000609178}, {'controller': 'C3_arbitration_MPC', 'scenario': 'sensor_bias_5', 'seed': 19028, 'step': 321, 'time_s': 3.21, 'aux_inference_ms': 0.6608000003325287, 'reliability_update_ms': 0.008300001354655251, 'arbitration_ms': 0.006599999323952943, 'extension_ms': 0.6757000010111369, 'control_compute_ms': nan}, {'controller': 'C3_arbitration_MPC', 'scenario': 'sensor_bias_5', 'seed': 19028, 'step': 322, 'time_s': 3.22, 'aux_inference_ms': 0.23599999985890463, 'reliability_update_ms': 0.005800000508315861, 'arbitration_ms': 0.005299996701069176, 'extension_ms': 0.24709999706828967, 'control_compute_ms': nan}, {'controller': 'C3_arbitration_MPC', 'scenario': 'sensor_bias_5', 'seed': 19028, 'step': 323, 'time_s': 3.23, 'aux_inference_ms': 0.25459999960730784, 'reliability_update_ms': 0.005899997631786391, 'arbitration_ms': 0.004600002284860238, 'extension_ms': 0.26509999952395447, 'control_compute_ms': nan}, {'controller': 'C3_arbitration_MPC', 'scenario': 'sensor_bias_5', 'seed': 19028, 'step': 324, 'time_s': 3.24, 'aux_inference_ms': 0.23289999808184803, 'reliability_update_ms': 0.005999998393235728, 'arbitration_ms': 0.004900000931229442, 'extension_ms': 0.2437999974063132, 'control_compute_ms': nan}, {'controller': 'C3_arbitration_MPC', 'scenario': 'sensor_bias_5', 'seed': 19028, 'step': 325, 'time_s': 3.25, 'aux_inference_ms': 0.20310000036261044, 'reliability_update_ms': 0.005399997462518513, 'arbitration_ms': 0.004599998646881431, 'extension_ms': 0.2130999964720104, 'control_compute_ms': 121.83640000148444}, {'controller': 'C3_arbitration_MPC', 'scenario': 'sensor_bias_5', 'seed': 19028, 'step': 326, 'time_s': 3.2600000000000002, 'aux_inference_ms': 0.4703999984485563, 'reliability_update_ms': 0.03310000101919286, 'arbitration_ms': 0.011899999663000926, 'extension_ms': 0.5153999991307501, 'control_compute_ms': nan}, {'controller': 'C3_arbitration_MPC', 'scenario': 'sensor_bias_5', 'seed': 19028, 'step': 327, 'time_s': 3.27, 'aux_inference_ms': 0.2266000010422431, 'reliability_update_ms': 0.006099999154685065, 'arbitration_ms': 0.005099998816149309, 'extension_ms': 0.23779999901307747, 'control_compute_ms': nan}, {'controller': 'C3_arbitration_MPC', 'scenario': 'sensor_bias_5', 'seed': 19028, 'step': 328, 'time_s': 3.2800000000000002, 'aux_inference_ms': 0.36040000122739, 'reliability_update_ms': 0.005699999746866524, 'arbitration_ms': 0.004499997885432094, 'extension_ms': 0.37059999885968864, 'control_compute_ms': nan}, {'controller': 'C3_arbitration_MPC', 'scenario': 'sensor_bias_5', 'seed': 19028, 'step': 329, 'time_s': 3.29, 'aux_inference_ms': 0.20199999926262535, 'reliability_update_ms': 0.005000001692678779, 'arbitration_ms': 0.00419999923906289, 'extension_ms': 0.21120000019436702, 'control_compute_ms': nan}, {'controller': 'C3_arbitration_MPC', 'scenario': 'sensor_bias_5', 'seed': 19028, 'step': 330, 'time_s': 3.3000000000000003, 'aux_inference_ms': 0.37369999699876644, 'reliability_update_ms': 0.009399998816661537, 'arbitration_ms': 0.008600000001024455, 'extension_ms': 0.39169999581645243, 'control_compute_ms': 56.8676000002597}, {'controller': 'C3_arbitration_MPC', 'scenario': 'sensor_bias_5', 'seed': 19028, 'step': 331, 'time_s': 3.31, 'aux_inference_ms': 0.8202999997592997, 'reliability_update_ms': 0.018700000509852543, 'arbitration_ms': 0.017099999240599573, 'extension_ms': 0.8560999995097518, 'control_compute_ms': nan}, {'controller': 'C3_arbitration_MPC', 'scenario': 'sensor_bias_5', 'seed': 19028, 'step': 332, 'time_s': 3.3200000000000003, 'aux_inference_ms': 0.6001000001560897, 'reliability_update_ms': 0.0121000011858996, 'arbitration_ms': 0.011599997378652915, 'extension_ms': 0.6237999987206422, 'control_compute_ms': nan}, {'controller': 'C3_arbitration_MPC', 'scenario': 'sensor_bias_5', 'seed': 19028, 'step': 333, 'time_s': 3.33, 'aux_inference_ms': 0.567600000067614, 'reliability_update_ms': 0.011399999493733048, 'arbitration_ms': 0.011299998732283711, 'extension_ms': 0.5902999982936308, 'control_compute_ms': nan}, {'controller': 'C3_arbitration_MPC', 'scenario': 'sensor_bias_5', 'seed': 19028, 'step': 334, 'time_s': 3.34, 'aux_inference_ms': 0.5693000020983163, 'reliability_update_ms': 0.011399999493733048, 'arbitration_ms': 0.011300002370262519, 'extension_ms': 0.5920000039623119, 'control_compute_ms': nan}, {'controller': 'C3_arbitration_MPC', 'scenario': 'sensor_bias_5', 'seed': 19028, 'step': 335, 'time_s': 3.35, 'aux_inference_ms': 0.5382999988796655, 'reliability_update_ms': 0.011000000085914508, 'arbitration_ms': 0.011100000847363845, 'extension_ms': 0.5603999998129439, 'control_compute_ms': 86.18900000146823}, {'controller': 'C3_arbitration_MPC', 'scenario': 'sensor_bias_5', 'seed': 19028, 'step': 336, 'time_s': 3.36, 'aux_inference_ms': 0.6534999993164092, 'reliability_update_ms': 0.019999999494757503, 'arbitration_ms': 0.016400001186411828, 'extension_ms': 0.6898999999975786, 'control_compute_ms': nan}, {'controller': 'C3_arbitration_MPC', 'scenario': 'sensor_bias_5', 'seed': 19028, 'step': 337, 'time_s': 3.37, 'aux_inference_ms': 0.9437000007892493, 'reliability_update_ms': 0.02390000008745119, 'arbitration_ms': 0.022099997295299545, 'extension_ms': 0.989699998172, 'control_compute_ms': nan}, {'controller': 'C3_arbitration_MPC', 'scenario': 'sensor_bias_5', 'seed': 19028, 'step': 338, 'time_s': 3.38, 'aux_inference_ms': 0.46690000090165995, 'reliability_update_ms': 0.01809999957913533, 'arbitration_ms': 0.012000000424450263, 'extension_ms': 0.49700000090524554, 'control_compute_ms': nan}, {'controller': 'C3_arbitration_MPC', 'scenario': 'sensor_bias_5', 'seed': 19028, 'step': 339, 'time_s': 3.39, 'aux_inference_ms': 0.46769999971729703, 'reliability_update_ms': 0.013799999578623101, 'arbitration_ms': 0.011099997209385037, 'extension_ms': 0.49259999650530517, 'control_compute_ms': nan}, {'controller': 'C3_arbitration_MPC', 'scenario': 'sensor_bias_5', 'seed': 19028, 'step': 340, 'time_s': 3.4, 'aux_inference_ms': 0.4278999986127019, 'reliability_update_ms': 0.010600000678095967, 'arbitration_ms': 0.008900002285372466, 'extension_ms': 0.4474000015761703, 'control_compute_ms': 109.77120000097784}, {'controller': 'C3_arbitration_MPC', 'scenario': 'sensor_bias_5', 'seed': 19028, 'step': 341, 'time_s': 3.41, 'aux_inference_ms': 0.4521999981079716, 'reliability_update_ms': 0.011099997209385037, 'arbitration_ms': 0.008300001354655251, 'extension_ms': 0.4715999966720119, 'control_compute_ms': nan}, {'controller': 'C3_arbitration_MPC', 'scenario': 'sensor_bias_5', 'seed': 19028, 'step': 342, 'time_s': 3.42, 'aux_inference_ms': 0.3065999990212731, 'reliability_update_ms': 0.01179999890155159, 'arbitration_ms': 0.007099999493220821, 'extension_ms': 0.3254999974160455, 'control_compute_ms': nan}, {'controller': 'C3_arbitration_MPC', 'scenario': 'sensor_bias_5', 'seed': 19028, 'step': 343, 'time_s': 3.43, 'aux_inference_ms': 0.30839999817544594, 'reliability_update_ms': 0.007200000254670158, 'arbitration_ms': 0.006599999323952943, 'extension_ms': 0.32219999775406905, 'control_compute_ms': nan}, {'controller': 'C3_arbitration_MPC', 'scenario': 'sensor_bias_5', 'seed': 19028, 'step': 344, 'time_s': 3.44, 'aux_inference_ms': 0.2831999991030898, 'reliability_update_ms': 0.007200000254670158, 'arbitration_ms': 0.006400001439033076, 'extension_ms': 0.29680000079679303, 'control_compute_ms': nan}, {'controller': 'C3_arbitration_MPC', 'scenario': 'sensor_bias_5', 'seed': 19028, 'step': 345, 'time_s': 3.45, 'aux_inference_ms': 0.3206999972462654, 'reliability_update_ms': 0.007300001016119495, 'arbitration_ms': 0.006199999916134402, 'extension_ms': 0.3341999981785193, 'control_compute_ms': 24.90570000009029}, {'controller': 'C3_arbitration_MPC', 'scenario': 'sensor_bias_5', 'seed': 19028, 'step': 346, 'time_s': 3.46, 'aux_inference_ms': 0.380000001314329, 'reliability_update_ms': 0.009399998816661537, 'arbitration_ms': 0.007599999662488699, 'extension_ms': 0.3969999997934792, 'control_compute_ms': nan}, {'controller': 'C3_arbitration_MPC', 'scenario': 'sensor_bias_5', 'seed': 19028, 'step': 347, 'time_s': 3.47, 'aux_inference_ms': 0.29429999995045364, 'reliability_update_ms': 0.00790000194683671, 'arbitration_ms': 0.00660000296193175, 'extension_ms': 0.3088000048592221, 'control_compute_ms': nan}, {'controller': 'C3_arbitration_MPC', 'scenario': 'sensor_bias_5', 'seed': 19028, 'step': 348, 'time_s': 3.48, 'aux_inference_ms': 0.3417000007175375, 'reliability_update_ms': 0.008000002708286047, 'arbitration_ms': 0.006599999323952943, 'extension_ms': 0.35630000274977647, 'control_compute_ms': nan}, {'controller': 'C3_arbitration_MPC', 'scenario': 'sensor_bias_5', 'seed': 19028, 'step': 349, 'time_s': 3.49, 'aux_inference_ms': 0.28949999978067353, 'reliability_update_ms': 0.007200000254670158, 'arbitration_ms': 0.006300000677583739, 'extension_ms': 0.30300000071292743, 'control_compute_ms': nan}, {'controller': 'C3_arbitration_MPC', 'scenario': 'sensor_bias_5', 'seed': 19028, 'step': 350, 'time_s': 3.5, 'aux_inference_ms': 0.2753999979177024, 'reliability_update_ms': 0.00679999720887281, 'arbitration_ms': 0.006099999154685065, 'extension_ms': 0.2882999942812603, 'control_compute_ms': 24.1292999999132}, {'controller': 'C3_arbitration_MPC', 'scenario': 'sensor_bias_5', 'seed': 19028, 'step': 351, 'time_s': 3.5100000000000002, 'aux_inference_ms': 0.3090999998676125, 'reliability_update_ms': 0.00670000008540228, 'arbitration_ms': 0.005800000508315861, 'extension_ms': 0.32160000046133064, 'control_compute_ms': nan}, {'controller': 'C3_arbitration_MPC', 'scenario': 'sensor_bias_5', 'seed': 19028, 'step': 352, 'time_s': 3.52, 'aux_inference_ms': 0.19260000044596381, 'reliability_update_ms': 0.004900000931229442, 'arbitration_ms': 0.004900000931229442, 'extension_ms': 0.2024000023084227, 'control_compute_ms': nan}, {'controller': 'C3_arbitration_MPC', 'scenario': 'sensor_bias_5', 'seed': 19028, 'step': 353, 'time_s': 3.5300000000000002, 'aux_inference_ms': 0.20230000154697336, 'reliability_update_ms': 0.004699999408330768, 'arbitration_ms': 0.0040000013541430235, 'extension_ms': 0.21100000230944715, 'control_compute_ms': nan}, {'controller': 'C3_arbitration_MPC', 'scenario': 'sensor_bias_5', 'seed': 19028, 'step': 354, 'time_s': 3.54, 'aux_inference_ms': 0.18540000019129366, 'reliability_update_ms': 0.005300000339047983, 'arbitration_ms': 0.0042000028770416975, 'extension_ms': 0.19490000340738334, 'control_compute_ms': nan}, {'controller': 'C3_arbitration_MPC', 'scenario': 'sensor_bias_5', 'seed': 19028, 'step': 355, 'time_s': 3.5500000000000003, 'aux_inference_ms': 0.1740000006975606, 'reliability_update_ms': 0.004400000761961564, 'arbitration_ms': 0.0039000005926936865, 'extension_ms': 0.18230000205221586, 'control_compute_ms': 53.92050000227755}, {'controller': 'C3_arbitration_MPC', 'scenario': 'sensor_bias_5', 'seed': 19028, 'step': 356, 'time_s': 3.56, 'aux_inference_ms': 0.908599999092985, 'reliability_update_ms': 0.01759999940986745, 'arbitration_ms': 0.016900001355679706, 'extension_ms': 0.9430999998585321, 'control_compute_ms': nan}, {'controller': 'C3_arbitration_MPC', 'scenario': 'sensor_bias_5', 'seed': 19028, 'step': 357, 'time_s': 3.5700000000000003, 'aux_inference_ms': 0.6319000021903776, 'reliability_update_ms': 0.012200001947348937, 'arbitration_ms': 0.012900000001536682, 'extension_ms': 0.6570000041392632, 'control_compute_ms': nan}, {'controller': 'C3_arbitration_MPC', 'scenario': 'sensor_bias_5', 'seed': 19028, 'step': 358, 'time_s': 3.58, 'aux_inference_ms': 0.6035000005795155, 'reliability_update_ms': 0.01309999788645655, 'arbitration_ms': 0.01300000076298602, 'extension_ms': 0.629599999228958, 'control_compute_ms': nan}, {'controller': 'C3_arbitration_MPC', 'scenario': 'sensor_bias_5', 'seed': 19028, 'step': 359, 'time_s': 3.59, 'aux_inference_ms': 0.5936999987170566, 'reliability_update_ms': 0.012399999832268804, 'arbitration_ms': 0.012500000593718141, 'extension_ms': 0.6185999991430435, 'control_compute_ms': nan}, {'controller': 'C3_arbitration_MPC', 'scenario': 'sensor_bias_5', 'seed': 19028, 'step': 360, 'time_s': 3.6, 'aux_inference_ms': 0.765499997214647, 'reliability_update_ms': 0.009899998985929415, 'arbitration_ms': 0.007400001777568832, 'extension_ms': 0.7827999979781453, 'control_compute_ms': 68.69880000158446}, {'controller': 'C3_arbitration_MPC', 'scenario': 'sensor_bias_5', 'seed': 19028, 'step': 361, 'time_s': 3.61, 'aux_inference_ms': 0.47199999971780926, 'reliability_update_ms': 0.006899997970322147, 'arbitration_ms': 0.006099999154685065, 'extension_ms': 0.48499999684281647, 'control_compute_ms': nan}, {'controller': 'C3_arbitration_MPC', 'scenario': 'sensor_bias_5', 'seed': 19028, 'step': 362, 'time_s': 3.62, 'aux_inference_ms': 0.2241000001959037, 'reliability_update_ms': 0.007200000254670158, 'arbitration_ms': 0.005099998816149309, 'extension_ms': 0.23639999926672317, 'control_compute_ms': nan}, {'controller': 'C3_arbitration_MPC', 'scenario': 'sensor_bias_5', 'seed': 19028, 'step': 363, 'time_s': 3.63, 'aux_inference_ms': 0.19939999765483662, 'reliability_update_ms': 0.004900000931229442, 'arbitration_ms': 0.0040000013541430235, 'extension_ms': 0.2082999999402091, 'control_compute_ms': nan}, {'controller': 'C3_arbitration_MPC', 'scenario': 'sensor_bias_5', 'seed': 19028, 'step': 364, 'time_s': 3.64, 'aux_inference_ms': 0.17120000120485201, 'reliability_update_ms': 0.004500001523410901, 'arbitration_ms': 0.003999997716164216, 'extension_ms': 0.17970000044442713, 'control_compute_ms': nan}, {'controller': 'C3_arbitration_MPC', 'scenario': 'sensor_bias_5', 'seed': 19028, 'step': 365, 'time_s': 3.65, 'aux_inference_ms': 0.25159999859170057, 'reliability_update_ms': 0.006500002200482413, 'arbitration_ms': 0.005799996870337054, 'extension_ms': 0.26389999766252004, 'control_compute_ms': 132.20299999738927}, {'controller': 'C3_arbitration_MPC', 'scenario': 'sensor_bias_5', 'seed': 19028, 'step': 366, 'time_s': 3.66, 'aux_inference_ms': 0.2859999985957984, 'reliability_update_ms': 0.007400001777568832, 'arbitration_ms': 0.00660000296193175, 'extension_ms': 0.30000000333529897, 'control_compute_ms': nan}, {'controller': 'C3_arbitration_MPC', 'scenario': 'sensor_bias_5', 'seed': 19028, 'step': 367, 'time_s': 3.67, 'aux_inference_ms': 0.22159999934956431, 'reliability_update_ms': 0.00549999822396785, 'arbitration_ms': 0.004999998054699972, 'extension_ms': 0.23209999562823214, 'control_compute_ms': nan}, {'controller': 'C3_arbitration_MPC', 'scenario': 'sensor_bias_5', 'seed': 19028, 'step': 368, 'time_s': 3.68, 'aux_inference_ms': 0.20339999900897965, 'reliability_update_ms': 0.005099998816149309, 'arbitration_ms': 0.004500001523410901, 'extension_ms': 0.21299999934853986, 'control_compute_ms': nan}, {'controller': 'C3_arbitration_MPC', 'scenario': 'sensor_bias_5', 'seed': 19028, 'step': 369, 'time_s': 3.69, 'aux_inference_ms': 0.2170999978261534, 'reliability_update_ms': 0.00540000110049732, 'arbitration_ms': 0.004699999408330768, 'extension_ms': 0.2271999983349815, 'control_compute_ms': nan}, {'controller': 'C3_arbitration_MPC', 'scenario': 'sensor_bias_5', 'seed': 19028, 'step': 370, 'time_s': 3.7, 'aux_inference_ms': 0.20000000222353265, 'reliability_update_ms': 0.005200003215577453, 'arbitration_ms': 0.004600002284860238, 'extension_ms': 0.20980000772397034, 'control_compute_ms': 18.206800003099488}, {'controller': 'C3_arbitration_MPC', 'scenario': 'sensor_bias_5', 'seed': 19028, 'step': 371, 'time_s': 3.71, 'aux_inference_ms': 0.2702999991015531, 'reliability_update_ms': 0.006300000677583739, 'arbitration_ms': 0.005800000508315861, 'extension_ms': 0.2824000002874527, 'control_compute_ms': nan}, {'controller': 'C3_arbitration_MPC', 'scenario': 'sensor_bias_5', 'seed': 19028, 'step': 372, 'time_s': 3.72, 'aux_inference_ms': 0.21070000002509914, 'reliability_update_ms': 0.005300000339047983, 'arbitration_ms': 0.005000001692678779, 'extension_ms': 0.2210000020568259, 'control_compute_ms': nan}, {'controller': 'C3_arbitration_MPC', 'scenario': 'sensor_bias_5', 'seed': 19028, 'step': 373, 'time_s': 3.73, 'aux_inference_ms': 0.20049999875482172, 'reliability_update_ms': 0.005099998816149309, 'arbitration_ms': 0.004499997885432094, 'extension_ms': 0.21009999545640312, 'control_compute_ms': nan}, {'controller': 'C3_arbitration_MPC', 'scenario': 'sensor_bias_5', 'seed': 19028, 'step': 374, 'time_s': 3.74, 'aux_inference_ms': 0.2378999997745268, 'reliability_update_ms': 0.005599998985417187, 'arbitration_ms': 0.004699999408330768, 'extension_ms': 0.24819999816827476, 'control_compute_ms': nan}, {'controller': 'C3_arbitration_MPC', 'scenario': 'sensor_bias_5', 'seed': 19028, 'step': 375, 'time_s': 3.75, 'aux_inference_ms': 0.20339999900897965, 'reliability_update_ms': 0.005199999577598646, 'arbitration_ms': 0.004400000761961564, 'extension_ms': 0.21299999934853986, 'control_compute_ms': 26.712999999290332}, {'controller': 'C3_arbitration_MPC', 'scenario': 'sensor_bias_5', 'seed': 19028, 'step': 376, 'time_s': 3.7600000000000002, 'aux_inference_ms': 0.5160999971849378, 'reliability_update_ms': 0.012099997547920793, 'arbitration_ms': 0.011899999663000926, 'extension_ms': 0.5400999943958595, 'control_compute_ms': nan}, {'controller': 'C3_arbitration_MPC', 'scenario': 'sensor_bias_5', 'seed': 19028, 'step': 377, 'time_s': 3.77, 'aux_inference_ms': 0.47480000284849666, 'reliability_update_ms': 0.010099996870849282, 'arbitration_ms': 0.009899998985929415, 'extension_ms': 0.49479999870527536, 'control_compute_ms': nan}, {'controller': 'C3_arbitration_MPC', 'scenario': 'sensor_bias_5', 'seed': 19028, 'step': 378, 'time_s': 3.7800000000000002, 'aux_inference_ms': 0.49140000191982836, 'reliability_update_ms': 0.009700001101009548, 'arbitration_ms': 0.00960000033956021, 'extension_ms': 0.5107000033603981, 'control_compute_ms': nan}, {'controller': 'C3_arbitration_MPC', 'scenario': 'sensor_bias_5', 'seed': 19028, 'step': 379, 'time_s': 3.79, 'aux_inference_ms': 0.4704999992100056, 'reliability_update_ms': 0.02689999746507965, 'arbitration_ms': 0.01089999932446517, 'extension_ms': 0.5082999959995504, 'control_compute_ms': nan}, {'controller': 'C3_arbitration_MPC', 'scenario': 'sensor_bias_5', 'seed': 19028, 'step': 380, 'time_s': 3.8000000000000003, 'aux_inference_ms': 0.4580999993777368, 'reliability_update_ms': 0.00960000033956021, 'arbitration_ms': 0.009700001101009548, 'extension_ms': 0.4774000008183066, 'control_compute_ms': 26.62910000071861}, {'controller': 'C3_arbitration_MPC', 'scenario': 'sensor_bias_5', 'seed': 19028, 'step': 381, 'time_s': 3.81, 'aux_inference_ms': 0.23919999875943176, 'reliability_update_ms': 0.006400001439033076, 'arbitration_ms': 0.005199999577598646, 'extension_ms': 0.2507999997760635, 'control_compute_ms': nan}, {'controller': 'C3_arbitration_MPC', 'scenario': 'sensor_bias_5', 'seed': 19028, 'step': 382, 'time_s': 3.8200000000000003, 'aux_inference_ms': 0.2199000009568408, 'reliability_update_ms': 0.005699999746866524, 'arbitration_ms': 0.005199999577598646, 'extension_ms': 0.23080000028130598, 'control_compute_ms': nan}, {'controller': 'C3_arbitration_MPC', 'scenario': 'sensor_bias_5', 'seed': 19028, 'step': 383, 'time_s': 3.83, 'aux_inference_ms': 0.2043999993475154, 'reliability_update_ms': 0.005199999577598646, 'arbitration_ms': 0.004699999408330768, 'extension_ms': 0.21429999833344482, 'control_compute_ms': nan}, {'controller': 'C3_arbitration_MPC', 'scenario': 'sensor_bias_5', 'seed': 19028, 'step': 384, 'time_s': 3.84, 'aux_inference_ms': 0.20759999824804254, 'reliability_update_ms': 0.005300000339047983, 'arbitration_ms': 0.004699999408330768, 'extension_ms': 0.2175999979954213, 'control_compute_ms': nan}, {'controller': 'C3_arbitration_MPC', 'scenario': 'sensor_bias_5', 'seed': 19028, 'step': 385, 'time_s': 3.85, 'aux_inference_ms': 0.4718000018328894, 'reliability_update_ms': 0.010200001270277426, 'arbitration_ms': 0.010300002031726763, 'extension_ms': 0.4923000051348936, 'control_compute_ms': 26.659100003598724}, {'controller': 'C3_arbitration_MPC', 'scenario': 'sensor_bias_5', 'seed': 19028, 'step': 386, 'time_s': 3.86, 'aux_inference_ms': 0.252800000453135, 'reliability_update_ms': 0.00660000296193175, 'arbitration_ms': 0.005599998985417187, 'extension_ms': 0.26500000240048394, 'control_compute_ms': nan}, {'controller': 'C3_arbitration_MPC', 'scenario': 'sensor_bias_5', 'seed': 19028, 'step': 387, 'time_s': 3.87, 'aux_inference_ms': 0.2131000001099892, 'reliability_update_ms': 0.00540000110049732, 'arbitration_ms': 0.005199999577598646, 'extension_ms': 0.22370000078808516, 'control_compute_ms': nan}, {'controller': 'C3_arbitration_MPC', 'scenario': 'sensor_bias_5', 'seed': 19028, 'step': 388, 'time_s': 3.88, 'aux_inference_ms': 0.2088999972329475, 'reliability_update_ms': 0.00549999822396785, 'arbitration_ms': 0.004699999408330768, 'extension_ms': 0.21909999486524612, 'control_compute_ms': nan}, {'controller': 'C3_arbitration_MPC', 'scenario': 'sensor_bias_5', 'seed': 19028, 'step': 389, 'time_s': 3.89, 'aux_inference_ms': 0.20529999892460182, 'reliability_update_ms': 0.00540000110049732, 'arbitration_ms': 0.004800000169780105, 'extension_ms': 0.21550000019487925, 'control_compute_ms': nan}, {'controller': 'C3_arbitration_MPC', 'scenario': 'sensor_bias_5', 'seed': 19028, 'step': 390, 'time_s': 3.9, 'aux_inference_ms': 0.5911000007472467, 'reliability_update_ms': 0.007299997378140688, 'arbitration_ms': 0.005800000508315861, 'extension_ms': 0.6041999986337032, 'control_compute_ms': 18.396299998130416}, {'controller': 'C3_arbitration_MPC', 'scenario': 'sensor_bias_5', 'seed': 19028, 'step': 391, 'time_s': 3.91, 'aux_inference_ms': 0.2469000028213486, 'reliability_update_ms': 0.006599999323952943, 'arbitration_ms': 0.005599998985417187, 'extension_ms': 0.25910000113071874, 'control_compute_ms': nan}, {'controller': 'C3_arbitration_MPC', 'scenario': 'sensor_bias_5', 'seed': 19028, 'step': 392, 'time_s': 3.92, 'aux_inference_ms': 0.40440000157104805, 'reliability_update_ms': 0.008200000593205914, 'arbitration_ms': 0.005300000339047983, 'extension_ms': 0.41790000250330195, 'control_compute_ms': nan}, {'controller': 'C3_arbitration_MPC', 'scenario': 'sensor_bias_5', 'seed': 19028, 'step': 393, 'time_s': 3.93, 'aux_inference_ms': 0.23119999968912452, 'reliability_update_ms': 0.005900001269765198, 'arbitration_ms': 0.005099998816149309, 'extension_ms': 0.24219999977503903, 'control_compute_ms': nan}, {'controller': 'C3_arbitration_MPC', 'scenario': 'sensor_bias_5', 'seed': 19028, 'step': 394, 'time_s': 3.94, 'aux_inference_ms': 0.21410000044852495, 'reliability_update_ms': 0.00549999822396785, 'arbitration_ms': 0.018500002624932677, 'extension_ms': 0.23810000129742548, 'control_compute_ms': nan}, {'controller': 'C3_arbitration_MPC', 'scenario': 'sensor_bias_5', 'seed': 19028, 'step': 395, 'time_s': 3.95, 'aux_inference_ms': 0.21019999985583127, 'reliability_update_ms': 0.005300000339047983, 'arbitration_ms': 0.004699999408330768, 'extension_ms': 0.22019999960321002, 'control_compute_ms': 18.759099999442697}, {'controller': 'C3_arbitration_MPC', 'scenario': 'sensor_bias_5', 'seed': 19028, 'step': 396, 'time_s': 3.96, 'aux_inference_ms': 0.4566999996313825, 'reliability_update_ms': 0.011000000085914508, 'arbitration_ms': 0.011200001608813182, 'extension_ms': 0.4789000013261102, 'control_compute_ms': nan}, {'controller': 'C3_arbitration_MPC', 'scenario': 'sensor_bias_5', 'seed': 19028, 'step': 397, 'time_s': 3.97, 'aux_inference_ms': 0.47869999980321154, 'reliability_update_ms': 0.010200001270277426, 'arbitration_ms': 0.010600000678095967, 'extension_ms': 0.49950000175158493, 'control_compute_ms': nan}, {'controller': 'C3_arbitration_MPC', 'scenario': 'sensor_bias_5', 'seed': 19028, 'step': 398, 'time_s': 3.98, 'aux_inference_ms': 0.29830000130459666, 'reliability_update_ms': 0.007000002369750291, 'arbitration_ms': 0.005300000339047983, 'extension_ms': 0.31060000401339494, 'control_compute_ms': nan}, {'controller': 'C3_arbitration_MPC', 'scenario': 'sensor_bias_5', 'seed': 19028, 'step': 399, 'time_s': 3.99, 'aux_inference_ms': 0.2294000005349517, 'reliability_update_ms': 0.005800000508315861, 'arbitration_ms': 0.004800000169780105, 'extension_ms': 0.24000000121304765, 'control_compute_ms': nan}, {'controller': 'C3_arbitration_MPC', 'scenario': 'sensor_bias_5', 'seed': 19028, 'step': 400, 'time_s': 4.0, 'aux_inference_ms': 0.22320000061881728, 'reliability_update_ms': 0.005800000508315861, 'arbitration_ms': 0.004900000931229442, 'extension_ms': 0.2339000020583626, 'control_compute_ms': 42.91110000121989}, {'controller': 'C3_arbitration_MPC', 'scenario': 'sensor_bias_5', 'seed': 19028, 'step': 401, 'time_s': 4.01, 'aux_inference_ms': 0.34619999860296957, 'reliability_update_ms': 0.009899998985929415, 'arbitration_ms': 0.008000002708286047, 'extension_ms': 0.36410000029718503, 'control_compute_ms': nan}, {'controller': 'C3_arbitration_MPC', 'scenario': 'sensor_bias_5', 'seed': 19028, 'step': 402, 'time_s': 4.0200000000000005, 'aux_inference_ms': 0.3077000001212582, 'reliability_update_ms': 0.009100000170292333, 'arbitration_ms': 0.007499998901039362, 'extension_ms': 0.3242999991925899, 'control_compute_ms': nan}, {'controller': 'C3_arbitration_MPC', 'scenario': 'sensor_bias_5', 'seed': 19028, 'step': 403, 'time_s': 4.03, 'aux_inference_ms': 0.2701999983401038, 'reliability_update_ms': 0.007200000254670158, 'arbitration_ms': 0.006300000677583739, 'extension_ms': 0.2836999992723577, 'control_compute_ms': nan}, {'controller': 'C3_arbitration_MPC', 'scenario': 'sensor_bias_5', 'seed': 19028, 'step': 404, 'time_s': 4.04, 'aux_inference_ms': 0.41649999911896884, 'reliability_update_ms': 0.005099998816149309, 'arbitration_ms': 0.004099998477613553, 'extension_ms': 0.4256999964127317, 'control_compute_ms': nan}, {'controller': 'C3_arbitration_MPC', 'scenario': 'sensor_bias_5', 'seed': 19028, 'step': 405, 'time_s': 4.05, 'aux_inference_ms': 0.25380000079167075, 'reliability_update_ms': 0.005100002454128116, 'arbitration_ms': 0.00419999923906289, 'extension_ms': 0.26310000248486176, 'control_compute_ms': 47.87479999868083}, {'controller': 'C3_arbitration_MPC', 'scenario': 'sensor_bias_5', 'seed': 19028, 'step': 406, 'time_s': 4.0600000000000005, 'aux_inference_ms': 0.23910000163596123, 'reliability_update_ms': 0.00679999720887281, 'arbitration_ms': 0.00549999822396785, 'extension_ms': 0.2513999970688019, 'control_compute_ms': nan}, {'controller': 'C3_arbitration_MPC', 'scenario': 'sensor_bias_5', 'seed': 19028, 'step': 407, 'time_s': 4.07, 'aux_inference_ms': 0.18179999824496917, 'reliability_update_ms': 0.004800000169780105, 'arbitration_ms': 0.004599998646881431, 'extension_ms': 0.1911999970616307, 'control_compute_ms': nan}, {'controller': 'C3_arbitration_MPC', 'scenario': 'sensor_bias_5', 'seed': 19028, 'step': 408, 'time_s': 4.08, 'aux_inference_ms': 0.22979999994277023, 'reliability_update_ms': 0.005900001269765198, 'arbitration_ms': 0.005000001692678779, 'extension_ms': 0.2407000029052142, 'control_compute_ms': nan}, {'controller': 'C3_arbitration_MPC', 'scenario': 'sensor_bias_5', 'seed': 19028, 'step': 409, 'time_s': 4.09, 'aux_inference_ms': 0.23099999816622585, 'reliability_update_ms': 0.00679999720887281, 'arbitration_ms': 0.006000002031214535, 'extension_ms': 0.2437999974063132, 'control_compute_ms': nan}, {'controller': 'C3_arbitration_MPC', 'scenario': 'sensor_bias_5', 'seed': 19028, 'step': 410, 'time_s': 4.1, 'aux_inference_ms': 0.2595999976620078, 'reliability_update_ms': 0.006599999323952943, 'arbitration_ms': 0.005900001269765198, 'extension_ms': 0.27209999825572595, 'control_compute_ms': 22.902499997144332}, {'controller': 'C3_arbitration_MPC', 'scenario': 'sensor_bias_5', 'seed': 19028, 'step': 411, 'time_s': 4.11, 'aux_inference_ms': 0.3386999997019302, 'reliability_update_ms': 0.008799997885944322, 'arbitration_ms': 0.009399998816661537, 'extension_ms': 0.35689999640453607, 'control_compute_ms': nan}, {'controller': 'C3_arbitration_MPC', 'scenario': 'sensor_bias_5', 'seed': 19028, 'step': 412, 'time_s': 4.12, 'aux_inference_ms': 0.26499999876250513, 'reliability_update_ms': 0.007200000254670158, 'arbitration_ms': 0.006000002031214535, 'extension_ms': 0.2782000010483898, 'control_compute_ms': nan}, {'controller': 'C3_arbitration_MPC', 'scenario': 'sensor_bias_5', 'seed': 19028, 'step': 413, 'time_s': 4.13, 'aux_inference_ms': 0.26190000062342733, 'reliability_update_ms': 0.006900001608300954, 'arbitration_ms': 0.005800000508315861, 'extension_ms': 0.27460000274004415, 'control_compute_ms': nan}, {'controller': 'C3_arbitration_MPC', 'scenario': 'sensor_bias_5', 'seed': 19028, 'step': 414, 'time_s': 4.14, 'aux_inference_ms': 0.25649999952293, 'reliability_update_ms': 0.006900001608300954, 'arbitration_ms': 0.005600002623395994, 'extension_ms': 0.26900000375462696, 'control_compute_ms': nan}, {'controller': 'C3_arbitration_MPC', 'scenario': 'sensor_bias_5', 'seed': 19028, 'step': 415, 'time_s': 4.15, 'aux_inference_ms': 0.23660000078962184, 'reliability_update_ms': 0.005999998393235728, 'arbitration_ms': 0.005300000339047983, 'extension_ms': 0.24789999952190556, 'control_compute_ms': 22.011199998814845}, {'controller': 'C3_arbitration_MPC', 'scenario': 'sensor_bias_5', 'seed': 19028, 'step': 416, 'time_s': 4.16, 'aux_inference_ms': 0.3434000027482398, 'reliability_update_ms': 0.008299997716676444, 'arbitration_ms': 0.006900001608300954, 'extension_ms': 0.3586000020732172, 'control_compute_ms': nan}, {'controller': 'C3_arbitration_MPC', 'scenario': 'sensor_bias_5', 'seed': 19028, 'step': 417, 'time_s': 4.17, 'aux_inference_ms': 0.26079999952344224, 'reliability_update_ms': 0.007200000254670158, 'arbitration_ms': 0.005900001269765198, 'extension_ms': 0.2739000010478776, 'control_compute_ms': nan}, {'controller': 'C3_arbitration_MPC', 'scenario': 'sensor_bias_5', 'seed': 19028, 'step': 418, 'time_s': 4.18, 'aux_inference_ms': 0.25260000256821513, 'reliability_update_ms': 0.00679999720887281, 'arbitration_ms': 0.005599998985417187, 'extension_ms': 0.26499999876250513, 'control_compute_ms': nan}, {'controller': 'C3_arbitration_MPC', 'scenario': 'sensor_bias_5', 'seed': 19028, 'step': 419, 'time_s': 4.19, 'aux_inference_ms': 0.2509000005375128, 'reliability_update_ms': 0.00670000008540228, 'arbitration_ms': 0.005900001269765198, 'extension_ms': 0.2635000018926803, 'control_compute_ms': nan}, {'controller': 'C3_arbitration_MPC', 'scenario': 'sensor_bias_5', 'seed': 19028, 'step': 420, 'time_s': 4.2, 'aux_inference_ms': 0.24050000138231553, 'reliability_update_ms': 0.006400001439033076, 'arbitration_ms': 0.005699999746866524, 'extension_ms': 0.25260000256821513, 'control_compute_ms': 22.080999999161577}, {'controller': 'C3_arbitration_MPC', 'scenario': 'sensor_bias_5', 'seed': 19028, 'step': 421, 'time_s': 4.21, 'aux_inference_ms': 0.2736999995249789, 'reliability_update_ms': 0.007300001016119495, 'arbitration_ms': 0.005900001269765198, 'extension_ms': 0.2869000018108636, 'control_compute_ms': nan}, {'controller': 'C3_arbitration_MPC', 'scenario': 'sensor_bias_5', 'seed': 19028, 'step': 422, 'time_s': 4.22, 'aux_inference_ms': 0.26670000079320744, 'reliability_update_ms': 0.007099999493220821, 'arbitration_ms': 0.006299997039604932, 'extension_ms': 0.2800999973260332, 'control_compute_ms': nan}, {'controller': 'C3_arbitration_MPC', 'scenario': 'sensor_bias_5', 'seed': 19028, 'step': 423, 'time_s': 4.23, 'aux_inference_ms': 0.2832000027410686, 'reliability_update_ms': 0.007300001016119495, 'arbitration_ms': 0.006300000677583739, 'extension_ms': 0.29680000443477184, 'control_compute_ms': nan}, {'controller': 'C3_arbitration_MPC', 'scenario': 'sensor_bias_5', 'seed': 19028, 'step': 424, 'time_s': 4.24, 'aux_inference_ms': 0.27939999927184545, 'reliability_update_ms': 0.006900001608300954, 'arbitration_ms': 0.005899997631786391, 'extension_ms': 0.2921999985119328, 'control_compute_ms': nan}, {'controller': 'C3_arbitration_MPC', 'scenario': 'sensor_bias_5', 'seed': 19028, 'step': 425, 'time_s': 4.25, 'aux_inference_ms': 0.2615000012156088, 'reliability_update_ms': 0.006599999323952943, 'arbitration_ms': 0.005800000508315861, 'extension_ms': 0.2739000010478776, 'control_compute_ms': 27.912699999433244}, {'controller': 'C3_arbitration_MPC', 'scenario': 'sensor_bias_5', 'seed': 19028, 'step': 426, 'time_s': 4.26, 'aux_inference_ms': 0.46889999794075266, 'reliability_update_ms': 0.014999997802078724, 'arbitration_ms': 0.00920000093174167, 'extension_ms': 0.49309999667457305, 'control_compute_ms': nan}, {'controller': 'C3_arbitration_MPC', 'scenario': 'sensor_bias_5', 'seed': 19028, 'step': 427, 'time_s': 4.2700000000000005, 'aux_inference_ms': 0.5391999984567519, 'reliability_update_ms': 0.007499998901039362, 'arbitration_ms': 0.006199999916134402, 'extension_ms': 0.5528999972739257, 'control_compute_ms': nan}, {'controller': 'C3_arbitration_MPC', 'scenario': 'sensor_bias_5', 'seed': 19028, 'step': 428, 'time_s': 4.28, 'aux_inference_ms': 0.20140000196988694, 'reliability_update_ms': 0.00540000110049732, 'arbitration_ms': 0.005199999577598646, 'extension_ms': 0.2120000026479829, 'control_compute_ms': nan}, {'controller': 'C3_arbitration_MPC', 'scenario': 'sensor_bias_5', 'seed': 19028, 'step': 429, 'time_s': 4.29, 'aux_inference_ms': 0.23180000061984174, 'reliability_update_ms': 0.005900001269765198, 'arbitration_ms': 0.005199999577598646, 'extension_ms': 0.24290000146720558, 'control_compute_ms': nan}, {'controller': 'C3_arbitration_MPC', 'scenario': 'sensor_bias_5', 'seed': 19028, 'step': 430, 'time_s': 4.3, 'aux_inference_ms': 0.2117000003636349, 'reliability_update_ms': 0.008600000001024455, 'arbitration_ms': 0.004400000761961564, 'extension_ms': 0.22470000112662092, 'control_compute_ms': 43.21229999914067}, {'controller': 'C3_arbitration_MPC', 'scenario': 'sensor_bias_5', 'seed': 19028, 'step': 431, 'time_s': 4.3100000000000005, 'aux_inference_ms': 0.46129999827826396, 'reliability_update_ms': 0.012499996955739334, 'arbitration_ms': 0.009999999747378752, 'extension_ms': 0.48379999498138204, 'control_compute_ms': nan}, {'controller': 'C3_arbitration_MPC', 'scenario': 'sensor_bias_5', 'seed': 19028, 'step': 432, 'time_s': 4.32, 'aux_inference_ms': 0.41090000013355166, 'reliability_update_ms': 0.01080000220099464, 'arbitration_ms': 0.008499999239575118, 'extension_ms': 0.4302000015741214, 'control_compute_ms': nan}, {'controller': 'C3_arbitration_MPC', 'scenario': 'sensor_bias_5', 'seed': 19028, 'step': 433, 'time_s': 4.33, 'aux_inference_ms': 0.2998999989358708, 'reliability_update_ms': 0.005099998816149309, 'arbitration_ms': 0.004499997885432094, 'extension_ms': 0.30949999563745223, 'control_compute_ms': nan}, {'controller': 'C3_arbitration_MPC', 'scenario': 'sensor_bias_5', 'seed': 19028, 'step': 434, 'time_s': 4.34, 'aux_inference_ms': 0.20869999934802763, 'reliability_update_ms': 0.005500001861946657, 'arbitration_ms': 0.004599998646881431, 'extension_ms': 0.21879999985685572, 'control_compute_ms': nan}, {'controller': 'C3_arbitration_MPC', 'scenario': 'sensor_bias_5', 'seed': 19028, 'step': 435, 'time_s': 4.3500000000000005, 'aux_inference_ms': 0.34500000037951395, 'reliability_update_ms': 0.008899998647393659, 'arbitration_ms': 0.007499998901039362, 'extension_ms': 0.36139999792794697, 'control_compute_ms': 29.605600000650156}, {'controller': 'C3_arbitration_MPC', 'scenario': 'sensor_bias_5', 'seed': 19028, 'step': 436, 'time_s': 4.36, 'aux_inference_ms': 0.6128000022727065, 'reliability_update_ms': 0.008900002285372466, 'arbitration_ms': 0.00679999720887281, 'extension_ms': 0.6285000017669518, 'control_compute_ms': nan}, {'controller': 'C3_arbitration_MPC', 'scenario': 'sensor_bias_5', 'seed': 19028, 'step': 437, 'time_s': 4.37, 'aux_inference_ms': 0.24879999909899198, 'reliability_update_ms': 0.006500002200482413, 'arbitration_ms': 0.00549999822396785, 'extension_ms': 0.26079999952344224, 'control_compute_ms': nan}, {'controller': 'C3_arbitration_MPC', 'scenario': 'sensor_bias_5', 'seed': 19028, 'step': 438, 'time_s': 4.38, 'aux_inference_ms': 0.4542999995464925, 'reliability_update_ms': 0.012200001947348937, 'arbitration_ms': 0.010100000508828089, 'extension_ms': 0.4766000020026695, 'control_compute_ms': nan}, {'controller': 'C3_arbitration_MPC', 'scenario': 'sensor_bias_5', 'seed': 19028, 'step': 439, 'time_s': 4.39, 'aux_inference_ms': 0.4918000013276469, 'reliability_update_ms': 0.01170000177808106, 'arbitration_ms': 0.009900002623908222, 'extension_ms': 0.5134000057296362, 'control_compute_ms': nan}, {'controller': 'C3_arbitration_MPC', 'scenario': 'sensor_bias_5', 'seed': 19028, 'step': 440, 'time_s': 4.4, 'aux_inference_ms': 0.43820000064442866, 'reliability_update_ms': 0.01049999991664663, 'arbitration_ms': 0.009399998816661537, 'extension_ms': 0.4580999993777368, 'control_compute_ms': 34.084099999745376}, {'controller': 'C3_arbitration_MPC', 'scenario': 'sensor_bias_5', 'seed': 19028, 'step': 441, 'time_s': 4.41, 'aux_inference_ms': 0.6228999991435558, 'reliability_update_ms': 0.015599998732795939, 'arbitration_ms': 0.011899999663000926, 'extension_ms': 0.6503999975393526, 'control_compute_ms': nan}, {'controller': 'C3_arbitration_MPC', 'scenario': 'sensor_bias_5', 'seed': 19028, 'step': 442, 'time_s': 4.42, 'aux_inference_ms': 0.5095000014989637, 'reliability_update_ms': 0.015400000847876072, 'arbitration_ms': 0.01089999932446517, 'extension_ms': 0.5358000016713049, 'control_compute_ms': nan}, {'controller': 'C3_arbitration_MPC', 'scenario': 'sensor_bias_5', 'seed': 19028, 'step': 443, 'time_s': 4.43, 'aux_inference_ms': 0.4638999998860527, 'reliability_update_ms': 0.012600001355167478, 'arbitration_ms': 0.010099996870849282, 'extension_ms': 0.48659999811206944, 'control_compute_ms': nan}, {'controller': 'C3_arbitration_MPC', 'scenario': 'sensor_bias_5', 'seed': 19028, 'step': 444, 'time_s': 4.44, 'aux_inference_ms': 0.4639999970095232, 'reliability_update_ms': 0.012000000424450263, 'arbitration_ms': 0.009899998985929415, 'extension_ms': 0.4858999964199029, 'control_compute_ms': nan}, {'controller': 'C3_arbitration_MPC', 'scenario': 'sensor_bias_5', 'seed': 19028, 'step': 445, 'time_s': 4.45, 'aux_inference_ms': 0.527299998793751, 'reliability_update_ms': 0.011399999493733048, 'arbitration_ms': 0.009700001101009548, 'extension_ms': 0.5483999993884936, 'control_compute_ms': 25.855800002318574}, {'controller': 'C3_arbitration_MPC', 'scenario': 'sensor_bias_5', 'seed': 19028, 'step': 446, 'time_s': 4.46, 'aux_inference_ms': 0.41029999920283444, 'reliability_update_ms': 0.011300002370262519, 'arbitration_ms': 0.009199997293762863, 'extension_ms': 0.4307999988668598, 'control_compute_ms': nan}, {'controller': 'C3_arbitration_MPC', 'scenario': 'sensor_bias_5', 'seed': 19028, 'step': 447, 'time_s': 4.47, 'aux_inference_ms': 0.37510000038309954, 'reliability_update_ms': 0.010100000508828089, 'arbitration_ms': 0.008300001354655251, 'extension_ms': 0.3935000022465829, 'control_compute_ms': nan}, {'controller': 'C3_arbitration_MPC', 'scenario': 'sensor_bias_5', 'seed': 19028, 'step': 448, 'time_s': 4.48, 'aux_inference_ms': 0.4087999986950308, 'reliability_update_ms': 0.009800001862458885, 'arbitration_ms': 0.008199996955227107, 'extension_ms': 0.4267999975127168, 'control_compute_ms': nan}, {'controller': 'C3_arbitration_MPC', 'scenario': 'sensor_bias_5', 'seed': 19028, 'step': 449, 'time_s': 4.49, 'aux_inference_ms': 0.3770000002987217, 'reliability_update_ms': 0.009999999747378752, 'arbitration_ms': 0.008099999831756577, 'extension_ms': 0.39509999987785704, 'control_compute_ms': nan}, {'controller': 'C3_arbitration_MPC', 'scenario': 'sensor_bias_5', 'seed': 19028, 'step': 450, 'time_s': 4.5, 'aux_inference_ms': 0.3423999987717252, 'reliability_update_ms': 0.008900002285372466, 'arbitration_ms': 0.007400001777568832, 'extension_ms': 0.3587000028346665, 'control_compute_ms': 28.248999999050284}, {'controller': 'C3_arbitration_MPC', 'scenario': 'sensor_bias_5', 'seed': 19028, 'step': 451, 'time_s': 4.51, 'aux_inference_ms': 0.30500000138999894, 'reliability_update_ms': 0.008200000593205914, 'arbitration_ms': 0.006499998562503606, 'extension_ms': 0.31970000054570846, 'control_compute_ms': nan}, {'controller': 'C3_arbitration_MPC', 'scenario': 'sensor_bias_5', 'seed': 19028, 'step': 452, 'time_s': 4.5200000000000005, 'aux_inference_ms': 0.3661999980977271, 'reliability_update_ms': 0.007499998901039362, 'arbitration_ms': 0.006400001439033076, 'extension_ms': 0.3800999984377995, 'control_compute_ms': nan}, {'controller': 'C3_arbitration_MPC', 'scenario': 'sensor_bias_5', 'seed': 19028, 'step': 453, 'time_s': 4.53, 'aux_inference_ms': 0.2731000022322405, 'reliability_update_ms': 0.007200000254670158, 'arbitration_ms': 0.006099999154685065, 'extension_ms': 0.28640000164159574, 'control_compute_ms': nan}, {'controller': 'C3_arbitration_MPC', 'scenario': 'sensor_bias_5', 'seed': 19028, 'step': 454, 'time_s': 4.54, 'aux_inference_ms': 0.3465000008873176, 'reliability_update_ms': 0.007499998901039362, 'arbitration_ms': 0.006099999154685065, 'extension_ms': 0.360099998943042, 'control_compute_ms': nan}, {'controller': 'C3_arbitration_MPC', 'scenario': 'sensor_bias_5', 'seed': 19028, 'step': 455, 'time_s': 4.55, 'aux_inference_ms': 0.26729999808594584, 'reliability_update_ms': 0.006500002200482413, 'arbitration_ms': 0.005699999746866524, 'extension_ms': 0.2795000000332948, 'control_compute_ms': 33.23390000150539}, {'controller': 'C3_arbitration_MPC', 'scenario': 'sensor_bias_5', 'seed': 19028, 'step': 456, 'time_s': 4.5600000000000005, 'aux_inference_ms': 0.3130999975837767, 'reliability_update_ms': 0.007400001777568832, 'arbitration_ms': 0.006599999323952943, 'extension_ms': 0.3270999986852985, 'control_compute_ms': nan}, {'controller': 'C3_arbitration_MPC', 'scenario': 'sensor_bias_5', 'seed': 19028, 'step': 457, 'time_s': 4.57, 'aux_inference_ms': 0.26449999859323725, 'reliability_update_ms': 0.007000002369750291, 'arbitration_ms': 0.005899997631786391, 'extension_ms': 0.27739999859477393, 'control_compute_ms': nan}, {'controller': 'C3_arbitration_MPC', 'scenario': 'sensor_bias_5', 'seed': 19028, 'step': 458, 'time_s': 4.58, 'aux_inference_ms': 0.2625999986776151, 'reliability_update_ms': 0.007300001016119495, 'arbitration_ms': 0.006100002792663872, 'extension_ms': 0.27600000248639844, 'control_compute_ms': nan}, {'controller': 'C3_arbitration_MPC', 'scenario': 'sensor_bias_5', 'seed': 19028, 'step': 459, 'time_s': 4.59, 'aux_inference_ms': 0.2851999997801613, 'reliability_update_ms': 0.007300001016119495, 'arbitration_ms': 0.006300000677583739, 'extension_ms': 0.29880000147386454, 'control_compute_ms': nan}, {'controller': 'C3_arbitration_MPC', 'scenario': 'sensor_bias_5', 'seed': 19028, 'step': 460, 'time_s': 4.6000000000000005, 'aux_inference_ms': 0.32730000020819716, 'reliability_update_ms': 0.008400002116104588, 'arbitration_ms': 0.006899997970322147, 'extension_ms': 0.3426000002946239, 'control_compute_ms': 25.563600000168663}, {'controller': 'C3_arbitration_MPC', 'scenario': 'sensor_bias_5', 'seed': 19028, 'step': 461, 'time_s': 4.61, 'aux_inference_ms': 0.5089000005682465, 'reliability_update_ms': 0.01179999890155159, 'arbitration_ms': 0.00920000093174167, 'extension_ms': 0.5299000004015397, 'control_compute_ms': nan}, {'controller': 'C3_arbitration_MPC', 'scenario': 'sensor_bias_5', 'seed': 19028, 'step': 462, 'time_s': 4.62, 'aux_inference_ms': 0.41229999987990595, 'reliability_update_ms': 0.009499999578110874, 'arbitration_ms': 0.007499998901039362, 'extension_ms': 0.4292999983590562, 'control_compute_ms': nan}, {'controller': 'C3_arbitration_MPC', 'scenario': 'sensor_bias_5', 'seed': 19028, 'step': 463, 'time_s': 4.63, 'aux_inference_ms': 0.3094000021519605, 'reliability_update_ms': 0.008200000593205914, 'arbitration_ms': 0.006800000846851617, 'extension_ms': 0.32440000359201804, 'control_compute_ms': nan}, {'controller': 'C3_arbitration_MPC', 'scenario': 'sensor_bias_5', 'seed': 19028, 'step': 464, 'time_s': 4.64, 'aux_inference_ms': 0.29240000003483146, 'reliability_update_ms': 0.008099999831756577, 'arbitration_ms': 0.006800000846851617, 'extension_ms': 0.30730000071343966, 'control_compute_ms': nan}, {'controller': 'C3_arbitration_MPC', 'scenario': 'sensor_bias_5', 'seed': 19028, 'step': 465, 'time_s': 4.65, 'aux_inference_ms': 0.34250000317115337, 'reliability_update_ms': 0.007399998139590025, 'arbitration_ms': 0.005799996870337054, 'extension_ms': 0.35569999818108045, 'control_compute_ms': 27.90100000129314}, {'controller': 'C3_arbitration_MPC', 'scenario': 'sensor_bias_5', 'seed': 19028, 'step': 466, 'time_s': 4.66, 'aux_inference_ms': 0.5999000022711698, 'reliability_update_ms': 0.010199997632298619, 'arbitration_ms': 0.007800001185387373, 'extension_ms': 0.6179000010888558, 'control_compute_ms': nan}, {'controller': 'C3_arbitration_MPC', 'scenario': 'sensor_bias_5', 'seed': 19028, 'step': 467, 'time_s': 4.67, 'aux_inference_ms': 0.6629000017710496, 'reliability_update_ms': 0.013500000932253897, 'arbitration_ms': 0.025299999833805487, 'extension_ms': 0.701700002537109, 'control_compute_ms': nan}, {'controller': 'C3_arbitration_MPC', 'scenario': 'sensor_bias_5', 'seed': 19028, 'step': 468, 'time_s': 4.68, 'aux_inference_ms': 0.6012000012560748, 'reliability_update_ms': 0.012299999070819467, 'arbitration_ms': 0.011699998140102252, 'extension_ms': 0.6251999984669965, 'control_compute_ms': nan}, {'controller': 'C3_arbitration_MPC', 'scenario': 'sensor_bias_5', 'seed': 19028, 'step': 469, 'time_s': 4.69, 'aux_inference_ms': 0.592199998209253, 'reliability_update_ms': 0.0121000011858996, 'arbitration_ms': 0.011500000255182385, 'extension_ms': 0.6157999996503349, 'control_compute_ms': nan}, {'controller': 'C3_arbitration_MPC', 'scenario': 'sensor_bias_5', 'seed': 19028, 'step': 470, 'time_s': 4.7, 'aux_inference_ms': 0.19980000070063397, 'reliability_update_ms': 0.005199999577598646, 'arbitration_ms': 0.00419999923906289, 'extension_ms': 0.2091999995172955, 'control_compute_ms': 32.23630000138655}, {'controller': 'C3_arbitration_MPC', 'scenario': 'sensor_bias_5', 'seed': 19028, 'step': 471, 'time_s': 4.71, 'aux_inference_ms': 0.5195000012463424, 'reliability_update_ms': 0.01309999788645655, 'arbitration_ms': 0.011399999493733048, 'extension_ms': 0.543999998626532, 'control_compute_ms': nan}, {'controller': 'C3_arbitration_MPC', 'scenario': 'sensor_bias_5', 'seed': 19028, 'step': 472, 'time_s': 4.72, 'aux_inference_ms': 0.4654000003938563, 'reliability_update_ms': 0.010200001270277426, 'arbitration_ms': 0.009800001862458885, 'extension_ms': 0.4854000035265926, 'control_compute_ms': nan}, {'controller': 'C3_arbitration_MPC', 'scenario': 'sensor_bias_5', 'seed': 19028, 'step': 473, 'time_s': 4.73, 'aux_inference_ms': 0.46490000022458844, 'reliability_update_ms': 0.009999999747378752, 'arbitration_ms': 0.009499999578110874, 'extension_ms': 0.48439999955007806, 'control_compute_ms': nan}, {'controller': 'C3_arbitration_MPC', 'scenario': 'sensor_bias_5', 'seed': 19028, 'step': 474, 'time_s': 4.74, 'aux_inference_ms': 0.34779999987222254, 'reliability_update_ms': 0.00839999847812578, 'arbitration_ms': 0.005999998393235728, 'extension_ms': 0.36219999674358405, 'control_compute_ms': nan}, {'controller': 'C3_arbitration_MPC', 'scenario': 'sensor_bias_5', 'seed': 19028, 'step': 475, 'time_s': 4.75, 'aux_inference_ms': 0.33819999953266233, 'reliability_update_ms': 0.006800000846851617, 'arbitration_ms': 0.00540000110049732, 'extension_ms': 0.35040000148001127, 'control_compute_ms': 61.743999998725485}, {'controller': 'C3_arbitration_MPC', 'scenario': 'sensor_bias_5', 'seed': 19028, 'step': 476, 'time_s': 4.76, 'aux_inference_ms': 0.7592000001750421, 'reliability_update_ms': 0.017600003047846258, 'arbitration_ms': 0.01720000000204891, 'extension_ms': 0.7940000032249372, 'control_compute_ms': nan}, {'controller': 'C3_arbitration_MPC', 'scenario': 'sensor_bias_5', 'seed': 19028, 'step': 477, 'time_s': 4.7700000000000005, 'aux_inference_ms': 0.6929000010131858, 'reliability_update_ms': 0.014999997802078724, 'arbitration_ms': 0.014900000678608194, 'extension_ms': 0.7227999994938727, 'control_compute_ms': nan}, {'controller': 'C3_arbitration_MPC', 'scenario': 'sensor_bias_5', 'seed': 19028, 'step': 478, 'time_s': 4.78, 'aux_inference_ms': 0.7130999983928632, 'reliability_update_ms': 0.014399996871361509, 'arbitration_ms': 0.015099998563528061, 'extension_ms': 0.7425999938277528, 'control_compute_ms': nan}, {'controller': 'C3_arbitration_MPC', 'scenario': 'sensor_bias_5', 'seed': 19028, 'step': 479, 'time_s': 4.79, 'aux_inference_ms': 0.7235999983095098, 'reliability_update_ms': 0.014500001270789653, 'arbitration_ms': 0.015100002201506868, 'extension_ms': 0.7532000017818063, 'control_compute_ms': nan}, {'controller': 'C3_arbitration_MPC', 'scenario': 'sensor_bias_5', 'seed': 19028, 'step': 480, 'time_s': 4.8, 'aux_inference_ms': 0.6914000005053822, 'reliability_update_ms': 0.014399996871361509, 'arbitration_ms': 0.014999997802078724, 'extension_ms': 0.7207999951788224, 'control_compute_ms': 74.33809999929508}, {'controller': 'C3_arbitration_MPC', 'scenario': 'sensor_bias_5', 'seed': 19028, 'step': 481, 'time_s': 4.8100000000000005, 'aux_inference_ms': 0.8006999996723607, 'reliability_update_ms': 0.01809999957913533, 'arbitration_ms': 0.017399997886968777, 'extension_ms': 0.8361999971384648, 'control_compute_ms': nan}, {'controller': 'C3_arbitration_MPC', 'scenario': 'sensor_bias_5', 'seed': 19028, 'step': 482, 'time_s': 4.82, 'aux_inference_ms': 0.5816999982926063, 'reliability_update_ms': 0.012299999070819467, 'arbitration_ms': 0.012399999832268804, 'extension_ms': 0.6063999971956946, 'control_compute_ms': nan}, {'controller': 'C3_arbitration_MPC', 'scenario': 'sensor_bias_5', 'seed': 19028, 'step': 483, 'time_s': 4.83, 'aux_inference_ms': 0.7159999986470211, 'reliability_update_ms': 0.015599998732795939, 'arbitration_ms': 0.014499997632810846, 'extension_ms': 0.7460999950126279, 'control_compute_ms': nan}, {'controller': 'C3_arbitration_MPC', 'scenario': 'sensor_bias_5', 'seed': 19028, 'step': 484, 'time_s': 4.84, 'aux_inference_ms': 0.7488999981433153, 'reliability_update_ms': 0.016500001947861165, 'arbitration_ms': 0.01669999983278103, 'extension_ms': 0.7820999999239575, 'control_compute_ms': nan}, {'controller': 'C3_arbitration_MPC', 'scenario': 'sensor_bias_5', 'seed': 19028, 'step': 485, 'time_s': 4.8500000000000005, 'aux_inference_ms': 0.751499999751104, 'reliability_update_ms': 0.014499997632810846, 'arbitration_ms': 0.014799999917158857, 'extension_ms': 0.7807999973010737, 'control_compute_ms': 37.85769999740296}, {'controller': 'C3_arbitration_MPC', 'scenario': 'sensor_bias_5', 'seed': 19028, 'step': 486, 'time_s': 4.86, 'aux_inference_ms': 0.2316999998583924, 'reliability_update_ms': 0.00670000008540228, 'arbitration_ms': 0.00540000110049732, 'extension_ms': 0.243800001044292, 'control_compute_ms': nan}, {'controller': 'C3_arbitration_MPC', 'scenario': 'sensor_bias_5', 'seed': 19028, 'step': 487, 'time_s': 4.87, 'aux_inference_ms': 0.24929999926825985, 'reliability_update_ms': 0.005899997631786391, 'arbitration_ms': 0.004800000169780105, 'extension_ms': 0.25999999706982635, 'control_compute_ms': nan}, {'controller': 'C3_arbitration_MPC', 'scenario': 'sensor_bias_5', 'seed': 19028, 'step': 488, 'time_s': 4.88, 'aux_inference_ms': 0.34250000317115337, 'reliability_update_ms': 0.009499999578110874, 'arbitration_ms': 0.007800001185387373, 'extension_ms': 0.3598000039346516, 'control_compute_ms': nan}, {'controller': 'C3_arbitration_MPC', 'scenario': 'sensor_bias_5', 'seed': 19028, 'step': 489, 'time_s': 4.89, 'aux_inference_ms': 0.6915000012668315, 'reliability_update_ms': 0.01049999991664663, 'arbitration_ms': 0.007599999662488699, 'extension_ms': 0.7096000008459669, 'control_compute_ms': nan}, {'controller': 'C3_arbitration_MPC', 'scenario': 'sensor_bias_5', 'seed': 19028, 'step': 490, 'time_s': 4.9, 'aux_inference_ms': 0.34109999978682026, 'reliability_update_ms': 0.009499999578110874, 'arbitration_ms': 0.00419999923906289, 'extension_ms': 0.354799998603994, 'control_compute_ms': 25.53989999796613}, {'controller': 'C3_arbitration_MPC', 'scenario': 'sensor_bias_5', 'seed': 19028, 'step': 491, 'time_s': 4.91, 'aux_inference_ms': 0.26709999656304717, 'reliability_update_ms': 0.006899997970322147, 'arbitration_ms': 0.006199999916134402, 'extension_ms': 0.2801999944495037, 'control_compute_ms': nan}, {'controller': 'C3_arbitration_MPC', 'scenario': 'sensor_bias_5', 'seed': 19028, 'step': 492, 'time_s': 4.92, 'aux_inference_ms': 0.28469999961089343, 'reliability_update_ms': 0.007300001016119495, 'arbitration_ms': 0.006500002200482413, 'extension_ms': 0.29850000282749534, 'control_compute_ms': nan}, {'controller': 'C3_arbitration_MPC', 'scenario': 'sensor_bias_5', 'seed': 19028, 'step': 493, 'time_s': 4.93, 'aux_inference_ms': 0.27259999842499383, 'reliability_update_ms': 0.007099999493220821, 'arbitration_ms': 0.005800000508315861, 'extension_ms': 0.2854999984265305, 'control_compute_ms': nan}, {'controller': 'C3_arbitration_MPC', 'scenario': 'sensor_bias_5', 'seed': 19028, 'step': 494, 'time_s': 4.94, 'aux_inference_ms': 0.2511000020604115, 'reliability_update_ms': 0.006399997801054269, 'arbitration_ms': 0.005800000508315861, 'extension_ms': 0.26330000036978163, 'control_compute_ms': nan}, {'controller': 'C3_arbitration_MPC', 'scenario': 'sensor_bias_5', 'seed': 19028, 'step': 495, 'time_s': 4.95, 'aux_inference_ms': 0.2792000013869256, 'reliability_update_ms': 0.00670000008540228, 'arbitration_ms': 0.005599998985417187, 'extension_ms': 0.29150000045774505, 'control_compute_ms': 20.748799997818423}, {'controller': 'C3_arbitration_MPC', 'scenario': 'sensor_bias_5', 'seed': 19028, 'step': 496, 'time_s': 4.96, 'aux_inference_ms': 0.2516000022296794, 'reliability_update_ms': 0.007099999493220821, 'arbitration_ms': 0.005600002623395994, 'extension_ms': 0.2643000043462962, 'control_compute_ms': nan}, {'controller': 'C3_arbitration_MPC', 'scenario': 'sensor_bias_5', 'seed': 19028, 'step': 497, 'time_s': 4.97, 'aux_inference_ms': 0.2392999995208811, 'reliability_update_ms': 0.006199999916134402, 'arbitration_ms': 0.005199999577598646, 'extension_ms': 0.25069999901461415, 'control_compute_ms': nan}, {'controller': 'C3_arbitration_MPC', 'scenario': 'sensor_bias_5', 'seed': 19028, 'step': 498, 'time_s': 4.98, 'aux_inference_ms': 0.22449999960372224, 'reliability_update_ms': 0.005800000508315861, 'arbitration_ms': 0.005099998816149309, 'extension_ms': 0.23539999892818742, 'control_compute_ms': nan}, {'controller': 'C3_arbitration_MPC', 'scenario': 'sensor_bias_5', 'seed': 19028, 'step': 499, 'time_s': 4.99, 'aux_inference_ms': 0.23020000298856758, 'reliability_update_ms': 0.006400001439033076, 'arbitration_ms': 0.005399997462518513, 'extension_ms': 0.24200000189011917, 'control_compute_ms': nan}, {'controller': 'C3_arbitration_MPC', 'scenario': 'sensor_bias_5', 'seed': 19028, 'step': 500, 'time_s': 5.0, 'aux_inference_ms': 0.22589999935007654, 'reliability_update_ms': 0.006000002031214535, 'arbitration_ms': 0.005199999577598646, 'extension_ms': 0.23710000095888972, 'control_compute_ms': 19.095700001344085}, {'controller': 'C3_arbitration_MPC', 'scenario': 'sensor_bias_5', 'seed': 19028, 'step': 501, 'time_s': 5.01, 'aux_inference_ms': 0.2592999990156386, 'reliability_update_ms': 0.007099999493220821, 'arbitration_ms': 0.005500001861946657, 'extension_ms': 0.2719000003708061, 'control_compute_ms': nan}, {'controller': 'C3_arbitration_MPC', 'scenario': 'sensor_bias_5', 'seed': 19028, 'step': 502, 'time_s': 5.0200000000000005, 'aux_inference_ms': 0.22090000129537657, 'reliability_update_ms': 0.006099999154685065, 'arbitration_ms': 0.005100002454128116, 'extension_ms': 0.23210000290418975, 'control_compute_ms': nan}, {'controller': 'C3_arbitration_MPC', 'scenario': 'sensor_bias_5', 'seed': 19028, 'step': 503, 'time_s': 5.03, 'aux_inference_ms': 0.21460000061779283, 'reliability_update_ms': 0.005699999746866524, 'arbitration_ms': 0.004800000169780105, 'extension_ms': 0.22510000053443946, 'control_compute_ms': nan}, {'controller': 'C3_arbitration_MPC', 'scenario': 'sensor_bias_5', 'seed': 19028, 'step': 504, 'time_s': 5.04, 'aux_inference_ms': 0.2313999975740444, 'reliability_update_ms': 0.005900001269765198, 'arbitration_ms': 0.005099998816149309, 'extension_ms': 0.2423999976599589, 'control_compute_ms': nan}, {'controller': 'C3_arbitration_MPC', 'scenario': 'sensor_bias_5', 'seed': 19028, 'step': 505, 'time_s': 5.05, 'aux_inference_ms': 0.2162000018870458, 'reliability_update_ms': 0.005899997631786391, 'arbitration_ms': 0.004999998054699972, 'extension_ms': 0.22709999757353216, 'control_compute_ms': 20.131299999775365}, {'controller': 'C3_arbitration_MPC', 'scenario': 'sensor_bias_5', 'seed': 19028, 'step': 506, 'time_s': 5.0600000000000005, 'aux_inference_ms': 0.2521999995224178, 'reliability_update_ms': 0.006399997801054269, 'arbitration_ms': 0.005699999746866524, 'extension_ms': 0.2642999970703386, 'control_compute_ms': nan}, {'controller': 'C3_arbitration_MPC', 'scenario': 'sensor_bias_5', 'seed': 19028, 'step': 507, 'time_s': 5.07, 'aux_inference_ms': 0.21770000239484943, 'reliability_update_ms': 0.005999998393235728, 'arbitration_ms': 0.004900000931229442, 'extension_ms': 0.2286000017193146, 'control_compute_ms': nan}, {'controller': 'C3_arbitration_MPC', 'scenario': 'sensor_bias_5', 'seed': 19028, 'step': 508, 'time_s': 5.08, 'aux_inference_ms': 0.20450000010896474, 'reliability_update_ms': 0.005599998985417187, 'arbitration_ms': 0.0047000030463095754, 'extension_ms': 0.2148000021406915, 'control_compute_ms': nan}, {'controller': 'C3_arbitration_MPC', 'scenario': 'sensor_bias_5', 'seed': 19028, 'step': 509, 'time_s': 5.09, 'aux_inference_ms': 0.21049999850220047, 'reliability_update_ms': 0.00549999822396785, 'arbitration_ms': 0.004800000169780105, 'extension_ms': 0.22079999689594842, 'control_compute_ms': nan}, {'controller': 'C3_arbitration_MPC', 'scenario': 'sensor_bias_5', 'seed': 19028, 'step': 510, 'time_s': 5.1000000000000005, 'aux_inference_ms': 0.2144999998563435, 'reliability_update_ms': 0.006099999154685065, 'arbitration_ms': 0.005199999577598646, 'extension_ms': 0.2257999985886272, 'control_compute_ms': 17.762699997547315}, {'controller': 'C3_arbitration_MPC', 'scenario': 'sensor_bias_5', 'seed': 19028, 'step': 511, 'time_s': 5.11, 'aux_inference_ms': 0.23119999968912452, 'reliability_update_ms': 0.006000002031214535, 'arbitration_ms': 0.004999998054699972, 'extension_ms': 0.24219999977503903, 'control_compute_ms': nan}, {'controller': 'C3_arbitration_MPC', 'scenario': 'sensor_bias_5', 'seed': 19028, 'step': 512, 'time_s': 5.12, 'aux_inference_ms': 0.6539999994856771, 'reliability_update_ms': 0.048000001697801054, 'arbitration_ms': 0.004500001523410901, 'extension_ms': 0.7065000027068891, 'control_compute_ms': nan}, {'controller': 'C3_arbitration_MPC', 'scenario': 'sensor_bias_5', 'seed': 19028, 'step': 513, 'time_s': 5.13, 'aux_inference_ms': 0.20310000036261044, 'reliability_update_ms': 0.004699999408330768, 'arbitration_ms': 0.0036999990697950125, 'extension_ms': 0.21149999884073623, 'control_compute_ms': nan}, {'controller': 'C3_arbitration_MPC', 'scenario': 'sensor_bias_5', 'seed': 19028, 'step': 514, 'time_s': 5.14, 'aux_inference_ms': 0.1722999986668583, 'reliability_update_ms': 0.004499997885432094, 'arbitration_ms': 0.0035999983083456755, 'extension_ms': 0.18039999486063607, 'control_compute_ms': nan}, {'controller': 'C3_arbitration_MPC', 'scenario': 'sensor_bias_5', 'seed': 19028, 'step': 515, 'time_s': 5.15, 'aux_inference_ms': 0.15899999925750308, 'reliability_update_ms': 0.004300000000512227, 'arbitration_ms': 0.0037999998312443495, 'extension_ms': 0.16709999908925965, 'control_compute_ms': 20.59960000042338}, {'controller': 'C3_arbitration_MPC', 'scenario': 'sensor_bias_5', 'seed': 19028, 'step': 516, 'time_s': 5.16, 'aux_inference_ms': 0.23940000028233044, 'reliability_update_ms': 0.005999998393235728, 'arbitration_ms': 0.004999998054699972, 'extension_ms': 0.25039999673026614, 'control_compute_ms': nan}, {'controller': 'C3_arbitration_MPC', 'scenario': 'sensor_bias_5', 'seed': 19028, 'step': 517, 'time_s': 5.17, 'aux_inference_ms': 0.16820000018924475, 'reliability_update_ms': 0.004399997123982757, 'arbitration_ms': 0.0037999998312443495, 'extension_ms': 0.17639999714447185, 'control_compute_ms': nan}, {'controller': 'C3_arbitration_MPC', 'scenario': 'sensor_bias_5', 'seed': 19028, 'step': 518, 'time_s': 5.18, 'aux_inference_ms': 0.15729999722680077, 'reliability_update_ms': 0.0041000021155923605, 'arbitration_ms': 0.0036000019463244826, 'extension_ms': 0.1650000012887176, 'control_compute_ms': nan}, {'controller': 'C3_arbitration_MPC', 'scenario': 'sensor_bias_5', 'seed': 19028, 'step': 519, 'time_s': 5.19, 'aux_inference_ms': 0.4628999995475169, 'reliability_update_ms': 0.010600000678095967, 'arbitration_ms': 0.008800001523923129, 'extension_ms': 0.482300001749536, 'control_compute_ms': nan}, {'controller': 'C3_arbitration_MPC', 'scenario': 'sensor_bias_5', 'seed': 19028, 'step': 520, 'time_s': 5.2, 'aux_inference_ms': 0.3749999996216502, 'reliability_update_ms': 0.009599996701581404, 'arbitration_ms': 0.008499999239575118, 'extension_ms': 0.3930999955628067, 'control_compute_ms': 21.33730000059586}, {'controller': 'C3_arbitration_MPC', 'scenario': 'sensor_bias_5', 'seed': 19028, 'step': 521, 'time_s': 5.21, 'aux_inference_ms': 0.2851999997801613, 'reliability_update_ms': 0.006499998562503606, 'arbitration_ms': 0.004999998054699972, 'extension_ms': 0.2966999963973649, 'control_compute_ms': nan}, {'controller': 'C3_arbitration_MPC', 'scenario': 'sensor_bias_5', 'seed': 19028, 'step': 522, 'time_s': 5.22, 'aux_inference_ms': 0.19740000061574392, 'reliability_update_ms': 0.005199999577598646, 'arbitration_ms': 0.004400000761961564, 'extension_ms': 0.20700000095530413, 'control_compute_ms': nan}, {'controller': 'C3_arbitration_MPC', 'scenario': 'sensor_bias_5', 'seed': 19028, 'step': 523, 'time_s': 5.23, 'aux_inference_ms': 0.20930000027874485, 'reliability_update_ms': 0.005300000339047983, 'arbitration_ms': 0.004600002284860238, 'extension_ms': 0.21920000290265307, 'control_compute_ms': nan}, {'controller': 'C3_arbitration_MPC', 'scenario': 'sensor_bias_5', 'seed': 19028, 'step': 524, 'time_s': 5.24, 'aux_inference_ms': 0.2313999975740444, 'reliability_update_ms': 0.005800000508315861, 'arbitration_ms': 0.004800000169780105, 'extension_ms': 0.24199999825214036, 'control_compute_ms': nan}, {'controller': 'C3_arbitration_MPC', 'scenario': 'sensor_bias_5', 'seed': 19028, 'step': 525, 'time_s': 5.25, 'aux_inference_ms': 0.19809999866993167, 'reliability_update_ms': 0.005099998816149309, 'arbitration_ms': 0.004500001523410901, 'extension_ms': 0.20769999900949188, 'control_compute_ms': 16.983600002276944}, {'controller': 'C3_arbitration_MPC', 'scenario': 'sensor_bias_5', 'seed': 19028, 'step': 526, 'time_s': 5.26, 'aux_inference_ms': 0.23149999833549373, 'reliability_update_ms': 0.005800000508315861, 'arbitration_ms': 0.004899997293250635, 'extension_ms': 0.24219999613706023, 'control_compute_ms': nan}, {'controller': 'C3_arbitration_MPC', 'scenario': 'sensor_bias_5', 'seed': 19028, 'step': 527, 'time_s': 5.2700000000000005, 'aux_inference_ms': 0.2082999999402091, 'reliability_update_ms': 0.00549999822396785, 'arbitration_ms': 0.004699999408330768, 'extension_ms': 0.2184999975725077, 'control_compute_ms': nan}, {'controller': 'C3_arbitration_MPC', 'scenario': 'sensor_bias_5', 'seed': 19028, 'step': 528, 'time_s': 5.28, 'aux_inference_ms': 0.2086000022245571, 'reliability_update_ms': 0.005500001861946657, 'arbitration_ms': 0.004699999408330768, 'extension_ms': 0.21880000349483453, 'control_compute_ms': nan}, {'controller': 'C3_arbitration_MPC', 'scenario': 'sensor_bias_5', 'seed': 19028, 'step': 529, 'time_s': 5.29, 'aux_inference_ms': 0.21040000137872994, 'reliability_update_ms': 0.00540000110049732, 'arbitration_ms': 0.004599998646881431, 'extension_ms': 0.2204000011261087, 'control_compute_ms': nan}, {'controller': 'C3_arbitration_MPC', 'scenario': 'sensor_bias_5', 'seed': 19028, 'step': 530, 'time_s': 5.3, 'aux_inference_ms': 0.18760000239126384, 'reliability_update_ms': 0.004599998646881431, 'arbitration_ms': 0.004099998477613553, 'extension_ms': 0.19629999951575883, 'control_compute_ms': 17.005899997457163}, {'controller': 'C3_arbitration_MPC', 'scenario': 'sensor_bias_5', 'seed': 19028, 'step': 531, 'time_s': 5.3100000000000005, 'aux_inference_ms': 0.20600000061676838, 'reliability_update_ms': 0.00540000110049732, 'arbitration_ms': 0.003999997716164216, 'extension_ms': 0.2153999994334299, 'control_compute_ms': nan}, {'controller': 'C3_arbitration_MPC', 'scenario': 'sensor_bias_5', 'seed': 19028, 'step': 532, 'time_s': 5.32, 'aux_inference_ms': 0.23700000019744039, 'reliability_update_ms': 0.005599998985417187, 'arbitration_ms': 0.004800000169780105, 'extension_ms': 0.24739999935263768, 'control_compute_ms': nan}, {'controller': 'C3_arbitration_MPC', 'scenario': 'sensor_bias_5', 'seed': 19028, 'step': 533, 'time_s': 5.33, 'aux_inference_ms': 0.2106000029016286, 'reliability_update_ms': 0.00549999822396785, 'arbitration_ms': 0.0047000030463095754, 'extension_ms': 0.22080000417190604, 'control_compute_ms': nan}, {'controller': 'C3_arbitration_MPC', 'scenario': 'sensor_bias_5', 'seed': 19028, 'step': 534, 'time_s': 5.34, 'aux_inference_ms': 0.19720000273082405, 'reliability_update_ms': 0.005300000339047983, 'arbitration_ms': 0.004699999408330768, 'extension_ms': 0.2072000024782028, 'control_compute_ms': nan}, {'controller': 'C3_arbitration_MPC', 'scenario': 'sensor_bias_5', 'seed': 19028, 'step': 535, 'time_s': 5.3500000000000005, 'aux_inference_ms': 0.24900000062189065, 'reliability_update_ms': 0.00540000110049732, 'arbitration_ms': 0.004599998646881431, 'extension_ms': 0.2590000003692694, 'control_compute_ms': 36.74749999845517}, {'controller': 'C3_arbitration_MPC', 'scenario': 'sensor_bias_5', 'seed': 19028, 'step': 536, 'time_s': 5.36, 'aux_inference_ms': 0.24250000205938704, 'reliability_update_ms': 0.006499998562503606, 'arbitration_ms': 0.00549999822396785, 'extension_ms': 0.2544999988458585, 'control_compute_ms': nan}, {'controller': 'C3_arbitration_MPC', 'scenario': 'sensor_bias_5', 'seed': 19028, 'step': 537, 'time_s': 5.37, 'aux_inference_ms': 0.20479999875533395, 'reliability_update_ms': 0.005300000339047983, 'arbitration_ms': 0.0047000030463095754, 'extension_ms': 0.2148000021406915, 'control_compute_ms': nan}, {'controller': 'C3_arbitration_MPC', 'scenario': 'sensor_bias_5', 'seed': 19028, 'step': 538, 'time_s': 5.38, 'aux_inference_ms': 0.20930000027874485, 'reliability_update_ms': 0.005599998985417187, 'arbitration_ms': 0.004499997885432094, 'extension_ms': 0.21939999714959413, 'control_compute_ms': nan}, {'controller': 'C3_arbitration_MPC', 'scenario': 'sensor_bias_5', 'seed': 19028, 'step': 539, 'time_s': 5.39, 'aux_inference_ms': 0.21289999858709052, 'reliability_update_ms': 0.00540000110049732, 'arbitration_ms': 0.004699999408330768, 'extension_ms': 0.2229999990959186, 'control_compute_ms': nan}, {'controller': 'C3_arbitration_MPC', 'scenario': 'sensor_bias_5', 'seed': 19028, 'step': 540, 'time_s': 5.4, 'aux_inference_ms': 0.1961999987543095, 'reliability_update_ms': 0.005300000339047983, 'arbitration_ms': 0.004500001523410901, 'extension_ms': 0.20600000061676838, 'control_compute_ms': 17.399500000465196}, {'controller': 'C3_arbitration_MPC', 'scenario': 'sensor_bias_5', 'seed': 19028, 'step': 541, 'time_s': 5.41, 'aux_inference_ms': 0.22610000087297522, 'reliability_update_ms': 0.006000002031214535, 'arbitration_ms': 0.004800000169780105, 'extension_ms': 0.23690000307396986, 'control_compute_ms': nan}, {'controller': 'C3_arbitration_MPC', 'scenario': 'sensor_bias_5', 'seed': 19028, 'step': 542, 'time_s': 5.42, 'aux_inference_ms': 0.21750000087195076, 'reliability_update_ms': 0.006300000677583739, 'arbitration_ms': 0.004999998054699972, 'extension_ms': 0.22879999960423447, 'control_compute_ms': nan}, {'controller': 'C3_arbitration_MPC', 'scenario': 'sensor_bias_5', 'seed': 19028, 'step': 543, 'time_s': 5.43, 'aux_inference_ms': 0.20360000053187832, 'reliability_update_ms': 0.005599998985417187, 'arbitration_ms': 0.004699999408330768, 'extension_ms': 0.21389999892562628, 'control_compute_ms': nan}, {'controller': 'C3_arbitration_MPC', 'scenario': 'sensor_bias_5', 'seed': 19028, 'step': 544, 'time_s': 5.44, 'aux_inference_ms': 0.20199999926262535, 'reliability_update_ms': 0.005500001861946657, 'arbitration_ms': 0.004699999408330768, 'extension_ms': 0.21220000053290278, 'control_compute_ms': nan}, {'controller': 'C3_arbitration_MPC', 'scenario': 'sensor_bias_5', 'seed': 19028, 'step': 545, 'time_s': 5.45, 'aux_inference_ms': 0.20370000129332766, 'reliability_update_ms': 0.005300000339047983, 'arbitration_ms': 0.004600002284860238, 'extension_ms': 0.21360000391723588, 'control_compute_ms': 18.97380000082194}, {'controller': 'C3_arbitration_MPC', 'scenario': 'sensor_bias_5', 'seed': 19028, 'step': 546, 'time_s': 5.46, 'aux_inference_ms': 0.2583999994385522, 'reliability_update_ms': 0.006300000677583739, 'arbitration_ms': 0.005300000339047983, 'extension_ms': 0.2700000004551839, 'control_compute_ms': nan}, {'controller': 'C3_arbitration_MPC', 'scenario': 'sensor_bias_5', 'seed': 19028, 'step': 547, 'time_s': 5.47, 'aux_inference_ms': 0.2046999979938846, 'reliability_update_ms': 0.00549999822396785, 'arbitration_ms': 0.004599998646881431, 'extension_ms': 0.2147999948647339, 'control_compute_ms': nan}, {'controller': 'C3_arbitration_MPC', 'scenario': 'sensor_bias_5', 'seed': 19028, 'step': 548, 'time_s': 5.48, 'aux_inference_ms': 0.20199999926262535, 'reliability_update_ms': 0.00540000110049732, 'arbitration_ms': 0.004300000000512227, 'extension_ms': 0.2117000003636349, 'control_compute_ms': nan}, {'controller': 'C3_arbitration_MPC', 'scenario': 'sensor_bias_5', 'seed': 19028, 'step': 549, 'time_s': 5.49, 'aux_inference_ms': 0.2313999975740444, 'reliability_update_ms': 0.006099999154685065, 'arbitration_ms': 0.005199999577598646, 'extension_ms': 0.2426999963063281, 'control_compute_ms': nan}, {'controller': 'C3_arbitration_MPC', 'scenario': 'sensor_bias_5', 'seed': 19028, 'step': 550, 'time_s': 5.5, 'aux_inference_ms': 0.16260000120382756, 'reliability_update_ms': 0.004500001523410901, 'arbitration_ms': 0.0036999990697950125, 'extension_ms': 0.17080000179703347, 'control_compute_ms': 17.376299998431932}, {'controller': 'C3_arbitration_MPC', 'scenario': 'sensor_bias_5', 'seed': 19028, 'step': 551, 'time_s': 5.51, 'aux_inference_ms': 0.21909999850322492, 'reliability_update_ms': 0.006199999916134402, 'arbitration_ms': 0.004999998054699972, 'extension_ms': 0.2302999964740593, 'control_compute_ms': nan}, {'controller': 'C3_arbitration_MPC', 'scenario': 'sensor_bias_5', 'seed': 19028, 'step': 552, 'time_s': 5.5200000000000005, 'aux_inference_ms': 0.20909999875584617, 'reliability_update_ms': 0.00540000110049732, 'arbitration_ms': 0.004699999408330768, 'extension_ms': 0.21919999926467426, 'control_compute_ms': nan}, {'controller': 'C3_arbitration_MPC', 'scenario': 'sensor_bias_5', 'seed': 19028, 'step': 553, 'time_s': 5.53, 'aux_inference_ms': 0.20109999968553893, 'reliability_update_ms': 0.005300000339047983, 'arbitration_ms': 0.004599998646881431, 'extension_ms': 0.21099999867146835, 'control_compute_ms': nan}, {'controller': 'C3_arbitration_MPC', 'scenario': 'sensor_bias_5', 'seed': 19028, 'step': 554, 'time_s': 5.54, 'aux_inference_ms': 0.21019999985583127, 'reliability_update_ms': 0.00549999822396785, 'arbitration_ms': 0.004599998646881431, 'extension_ms': 0.22029999672668055, 'control_compute_ms': nan}, {'controller': 'C3_arbitration_MPC', 'scenario': 'sensor_bias_5', 'seed': 19028, 'step': 555, 'time_s': 5.55, 'aux_inference_ms': 0.20809999841731042, 'reliability_update_ms': 0.005199999577598646, 'arbitration_ms': 0.004600002284860238, 'extension_ms': 0.2179000002797693, 'control_compute_ms': 17.470599999796832}, {'controller': 'C3_arbitration_MPC', 'scenario': 'sensor_bias_5', 'seed': 19028, 'step': 556, 'time_s': 5.5600000000000005, 'aux_inference_ms': 0.24759999723755755, 'reliability_update_ms': 0.006400001439033076, 'arbitration_ms': 0.005000001692678779, 'extension_ms': 0.2590000003692694, 'control_compute_ms': nan}, {'controller': 'C3_arbitration_MPC', 'scenario': 'sensor_bias_5', 'seed': 19028, 'step': 557, 'time_s': 5.57, 'aux_inference_ms': 0.21239999841782264, 'reliability_update_ms': 0.00549999822396785, 'arbitration_ms': 0.004599998646881431, 'extension_ms': 0.22249999528867193, 'control_compute_ms': nan}, {'controller': 'C3_arbitration_MPC', 'scenario': 'sensor_bias_5', 'seed': 19028, 'step': 558, 'time_s': 5.58, 'aux_inference_ms': 0.2010000025620684, 'reliability_update_ms': 0.005500001861946657, 'arbitration_ms': 0.004800000169780105, 'extension_ms': 0.21130000459379517, 'control_compute_ms': nan}, {'controller': 'C3_arbitration_MPC', 'scenario': 'sensor_bias_5', 'seed': 19028, 'step': 559, 'time_s': 5.59, 'aux_inference_ms': 0.21080000078654848, 'reliability_update_ms': 0.005699999746866524, 'arbitration_ms': 0.004500001523410901, 'extension_ms': 0.2210000020568259, 'control_compute_ms': nan}, {'controller': 'C3_arbitration_MPC', 'scenario': 'sensor_bias_5', 'seed': 19028, 'step': 560, 'time_s': 5.6000000000000005, 'aux_inference_ms': 0.2015999998548068, 'reliability_update_ms': 0.005300000339047983, 'arbitration_ms': 0.004699999408330768, 'extension_ms': 0.21159999960218556, 'control_compute_ms': 37.68169999966631}, {'controller': 'C3_arbitration_MPC', 'scenario': 'sensor_bias_5', 'seed': 19028, 'step': 561, 'time_s': 5.61, 'aux_inference_ms': 0.509600002260413, 'reliability_update_ms': 0.01179999890155159, 'arbitration_ms': 0.010299998393747956, 'extension_ms': 0.5316999995557126, 'control_compute_ms': nan}, {'controller': 'C3_arbitration_MPC', 'scenario': 'sensor_bias_5', 'seed': 19028, 'step': 562, 'time_s': 5.62, 'aux_inference_ms': 0.3715999991982244, 'reliability_update_ms': 0.005699999746866524, 'arbitration_ms': 0.004800000169780105, 'extension_ms': 0.382099999114871, 'control_compute_ms': nan}, {'controller': 'C3_arbitration_MPC', 'scenario': 'sensor_bias_5', 'seed': 19028, 'step': 563, 'time_s': 5.63, 'aux_inference_ms': 0.40209999860962853, 'reliability_update_ms': 0.010700001439545304, 'arbitration_ms': 0.008799997885944322, 'extension_ms': 0.42159999793511815, 'control_compute_ms': nan}, {'controller': 'C3_arbitration_MPC', 'scenario': 'sensor_bias_5', 'seed': 19028, 'step': 564, 'time_s': 5.64, 'aux_inference_ms': 0.3770000002987217, 'reliability_update_ms': 0.010099996870849282, 'arbitration_ms': 0.008600000001024455, 'extension_ms': 0.39569999717059545, 'control_compute_ms': nan}, {'controller': 'C3_arbitration_MPC', 'scenario': 'sensor_bias_5', 'seed': 19028, 'step': 565, 'time_s': 5.65, 'aux_inference_ms': 0.37399999928311445, 'reliability_update_ms': 0.010100000508828089, 'arbitration_ms': 0.008700000762473792, 'extension_ms': 0.39280000055441633, 'control_compute_ms': 20.82939999672817}, {'controller': 'C3_arbitration_MPC', 'scenario': 'sensor_bias_5', 'seed': 19028, 'step': 566, 'time_s': 5.66, 'aux_inference_ms': 0.2365000000281725, 'reliability_update_ms': 0.006900001608300954, 'arbitration_ms': 0.005600002623395994, 'extension_ms': 0.24900000425986946, 'control_compute_ms': nan}, {'controller': 'C3_arbitration_MPC', 'scenario': 'sensor_bias_5', 'seed': 19028, 'step': 567, 'time_s': 5.67, 'aux_inference_ms': 0.20730000323965214, 'reliability_update_ms': 0.006000002031214535, 'arbitration_ms': 0.004800000169780105, 'extension_ms': 0.21810000544064678, 'control_compute_ms': nan}, {'controller': 'C3_arbitration_MPC', 'scenario': 'sensor_bias_5', 'seed': 19028, 'step': 568, 'time_s': 5.68, 'aux_inference_ms': 0.18509999790694565, 'reliability_update_ms': 0.004800000169780105, 'arbitration_ms': 0.0040000013541430235, 'extension_ms': 0.19389999943086877, 'control_compute_ms': nan}, {'controller': 'C3_arbitration_MPC', 'scenario': 'sensor_bias_5', 'seed': 19028, 'step': 569, 'time_s': 5.69, 'aux_inference_ms': 0.21070000002509914, 'reliability_update_ms': 0.005800000508315861, 'arbitration_ms': 0.004599998646881431, 'extension_ms': 0.22109999918029644, 'control_compute_ms': nan}, {'controller': 'C3_arbitration_MPC', 'scenario': 'sensor_bias_5', 'seed': 19028, 'step': 570, 'time_s': 5.7, 'aux_inference_ms': 0.2052000018011313, 'reliability_update_ms': 0.005300000339047983, 'arbitration_ms': 0.004800000169780105, 'extension_ms': 0.21530000230995938, 'control_compute_ms': 29.556800000136718}, {'controller': 'C3_arbitration_MPC', 'scenario': 'sensor_bias_5', 'seed': 19028, 'step': 571, 'time_s': 5.71, 'aux_inference_ms': 0.23750000036670826, 'reliability_update_ms': 0.00670000008540228, 'arbitration_ms': 0.005199999577598646, 'extension_ms': 0.2494000000297092, 'control_compute_ms': nan}, {'controller': 'C3_arbitration_MPC', 'scenario': 'sensor_bias_5', 'seed': 19028, 'step': 572, 'time_s': 5.72, 'aux_inference_ms': 0.2133999987563584, 'reliability_update_ms': 0.005800000508315861, 'arbitration_ms': 0.004599998646881431, 'extension_ms': 0.2237999979115557, 'control_compute_ms': nan}, {'controller': 'C3_arbitration_MPC', 'scenario': 'sensor_bias_5', 'seed': 19028, 'step': 573, 'time_s': 5.73, 'aux_inference_ms': 0.19949999841628596, 'reliability_update_ms': 0.005199999577598646, 'arbitration_ms': 0.004600002284860238, 'extension_ms': 0.20930000027874485, 'control_compute_ms': nan}, {'controller': 'C3_arbitration_MPC', 'scenario': 'sensor_bias_5', 'seed': 19028, 'step': 574, 'time_s': 5.74, 'aux_inference_ms': 0.32279999868478626, 'reliability_update_ms': 0.005999998393235728, 'arbitration_ms': 0.004800000169780105, 'extension_ms': 0.3335999972478021, 'control_compute_ms': nan}, {'controller': 'C3_arbitration_MPC', 'scenario': 'sensor_bias_5', 'seed': 19028, 'step': 575, 'time_s': 5.75, 'aux_inference_ms': 0.18490000002202578, 'reliability_update_ms': 0.004599998646881431, 'arbitration_ms': 0.0038999969547148794, 'extension_ms': 0.1933999956236221, 'control_compute_ms': 19.63199999954668}, {'controller': 'C3_arbitration_MPC', 'scenario': 'sensor_bias_5', 'seed': 19028, 'step': 576, 'time_s': 5.76, 'aux_inference_ms': 0.2992000008816831, 'reliability_update_ms': 0.007700000423938036, 'arbitration_ms': 0.00540000110049732, 'extension_ms': 0.31230000240611844, 'control_compute_ms': nan}, {'controller': 'C3_arbitration_MPC', 'scenario': 'sensor_bias_5', 'seed': 19028, 'step': 577, 'time_s': 5.7700000000000005, 'aux_inference_ms': 0.1936999979079701, 'reliability_update_ms': 0.004899997293250635, 'arbitration_ms': 0.004300000000512227, 'extension_ms': 0.20289999520173296, 'control_compute_ms': nan}, {'controller': 'C3_arbitration_MPC', 'scenario': 'sensor_bias_5', 'seed': 19028, 'step': 578, 'time_s': 5.78, 'aux_inference_ms': 0.1793000010366086, 'reliability_update_ms': 0.004599998646881431, 'arbitration_ms': 0.0039000005926936865, 'extension_ms': 0.1878000002761837, 'control_compute_ms': nan}, {'controller': 'C3_arbitration_MPC', 'scenario': 'sensor_bias_5', 'seed': 19028, 'step': 579, 'time_s': 5.79, 'aux_inference_ms': 0.3724000016518403, 'reliability_update_ms': 0.006199999916134402, 'arbitration_ms': 0.004999998054699972, 'extension_ms': 0.38359999962267466, 'control_compute_ms': nan}, {'controller': 'C3_arbitration_MPC', 'scenario': 'sensor_bias_5', 'seed': 19028, 'step': 580, 'time_s': 5.8, 'aux_inference_ms': 0.21259999994072132, 'reliability_update_ms': 0.004499997885432094, 'arbitration_ms': 0.004099998477613553, 'extension_ms': 0.22119999630376697, 'control_compute_ms': 21.54779999909806}, {'controller': 'C3_arbitration_MPC', 'scenario': 'sensor_bias_5', 'seed': 19028, 'step': 581, 'time_s': 5.8100000000000005, 'aux_inference_ms': 0.2765000026556663, 'reliability_update_ms': 0.007000002369750291, 'arbitration_ms': 0.005699999746866524, 'extension_ms': 0.28920000477228314, 'control_compute_ms': nan}, {'controller': 'C3_arbitration_MPC', 'scenario': 'sensor_bias_5', 'seed': 19028, 'step': 582, 'time_s': 5.82, 'aux_inference_ms': 0.4178000017418526, 'reliability_update_ms': 0.008199996955227107, 'arbitration_ms': 0.00799999907030724, 'extension_ms': 0.43399999776738696, 'control_compute_ms': nan}, {'controller': 'C3_arbitration_MPC', 'scenario': 'sensor_bias_5', 'seed': 19028, 'step': 583, 'time_s': 5.83, 'aux_inference_ms': 0.369400000636233, 'reliability_update_ms': 0.007300001016119495, 'arbitration_ms': 0.009999999747378752, 'extension_ms': 0.38670000139973126, 'control_compute_ms': nan}, {'controller': 'C3_arbitration_MPC', 'scenario': 'sensor_bias_5', 'seed': 19028, 'step': 584, 'time_s': 5.84, 'aux_inference_ms': 0.5879999989701901, 'reliability_update_ms': 0.011000000085914508, 'arbitration_ms': 0.011599997378652915, 'extension_ms': 0.6105999964347575, 'control_compute_ms': nan}, {'controller': 'C3_arbitration_MPC', 'scenario': 'sensor_bias_5', 'seed': 19028, 'step': 585, 'time_s': 5.8500000000000005, 'aux_inference_ms': 0.7440000008500647, 'reliability_update_ms': 0.014299999747890979, 'arbitration_ms': 0.014199998986441642, 'extension_ms': 0.7724999995843973, 'control_compute_ms': 34.02750000168453}, {'controller': 'C3_arbitration_MPC', 'scenario': 'sensor_bias_5', 'seed': 19028, 'step': 586, 'time_s': 5.86, 'aux_inference_ms': 0.44689999776892364, 'reliability_update_ms': 0.013500000932253897, 'arbitration_ms': 0.010100000508828089, 'extension_ms': 0.4704999992100056, 'control_compute_ms': nan}, {'controller': 'C3_arbitration_MPC', 'scenario': 'sensor_bias_5', 'seed': 19028, 'step': 587, 'time_s': 5.87, 'aux_inference_ms': 0.5067999991297256, 'reliability_update_ms': 0.013599998055724427, 'arbitration_ms': 0.009700001101009548, 'extension_ms': 0.5300999982864596, 'control_compute_ms': nan}, {'controller': 'C3_arbitration_MPC', 'scenario': 'sensor_bias_5', 'seed': 19028, 'step': 588, 'time_s': 5.88, 'aux_inference_ms': 0.4659000005631242, 'reliability_update_ms': 0.005900001269765198, 'arbitration_ms': 0.004900000931229442, 'extension_ms': 0.47670000276411884, 'control_compute_ms': nan}, {'controller': 'C3_arbitration_MPC', 'scenario': 'sensor_bias_5', 'seed': 19028, 'step': 589, 'time_s': 5.89, 'aux_inference_ms': 0.20849999782512896, 'reliability_update_ms': 0.005500001861946657, 'arbitration_ms': 0.004899997293250635, 'extension_ms': 0.21889999698032625, 'control_compute_ms': nan}, {'controller': 'C3_arbitration_MPC', 'scenario': 'sensor_bias_5', 'seed': 19028, 'step': 590, 'time_s': 5.9, 'aux_inference_ms': 0.23290000171982683, 'reliability_update_ms': 0.006300000677583739, 'arbitration_ms': 0.005100002454128116, 'extension_ms': 0.2443000048515387, 'control_compute_ms': 32.407500002591405}, {'controller': 'C3_arbitration_MPC', 'scenario': 'sensor_bias_5', 'seed': 19028, 'step': 591, 'time_s': 5.91, 'aux_inference_ms': 0.3007000013894867, 'reliability_update_ms': 0.008099999831756577, 'arbitration_ms': 0.006899997970322147, 'extension_ms': 0.31569999919156544, 'control_compute_ms': nan}, {'controller': 'C3_arbitration_MPC', 'scenario': 'sensor_bias_5', 'seed': 19028, 'step': 592, 'time_s': 5.92, 'aux_inference_ms': 0.24599999960628338, 'reliability_update_ms': 0.006199999916134402, 'arbitration_ms': 0.005699999746866524, 'extension_ms': 0.2578999992692843, 'control_compute_ms': nan}, {'controller': 'C3_arbitration_MPC', 'scenario': 'sensor_bias_5', 'seed': 19028, 'step': 593, 'time_s': 5.93, 'aux_inference_ms': 0.2604000001156237, 'reliability_update_ms': 0.007099999493220821, 'arbitration_ms': 0.006300000677583739, 'extension_ms': 0.27380000028642826, 'control_compute_ms': nan}, {'controller': 'C3_arbitration_MPC', 'scenario': 'sensor_bias_5', 'seed': 19028, 'step': 594, 'time_s': 5.94, 'aux_inference_ms': 0.25240000104531646, 'reliability_update_ms': 0.006800000846851617, 'arbitration_ms': 0.005699999746866524, 'extension_ms': 0.2649000016390346, 'control_compute_ms': nan}, {'controller': 'C3_arbitration_MPC', 'scenario': 'sensor_bias_5', 'seed': 19028, 'step': 595, 'time_s': 5.95, 'aux_inference_ms': 0.26930000240099616, 'reliability_update_ms': 0.007099999493220821, 'arbitration_ms': 0.005599998985417187, 'extension_ms': 0.28200000087963417, 'control_compute_ms': 44.72860000169021}, {'controller': 'C3_arbitration_MPC', 'scenario': 'sensor_bias_5', 'seed': 19028, 'step': 596, 'time_s': 5.96, 'aux_inference_ms': 0.5211000025155954, 'reliability_update_ms': 0.013600001693703234, 'arbitration_ms': 0.01170000177808106, 'extension_ms': 0.5464000059873797, 'control_compute_ms': nan}, {'controller': 'C3_arbitration_MPC', 'scenario': 'sensor_bias_5', 'seed': 19028, 'step': 597, 'time_s': 5.97, 'aux_inference_ms': 0.4700999998021871, 'reliability_update_ms': 0.01049999991664663, 'arbitration_ms': 0.010399999155197293, 'extension_ms': 0.490999998874031, 'control_compute_ms': nan}, {'controller': 'C3_arbitration_MPC', 'scenario': 'sensor_bias_5', 'seed': 19028, 'step': 598, 'time_s': 5.98, 'aux_inference_ms': 0.48210000022663735, 'reliability_update_ms': 0.010199997632298619, 'arbitration_ms': 0.010200001270277426, 'extension_ms': 0.5024999991292134, 'control_compute_ms': nan}, {'controller': 'C3_arbitration_MPC', 'scenario': 'sensor_bias_5', 'seed': 19028, 'step': 599, 'time_s': 5.99, 'aux_inference_ms': 0.4574999984470196, 'reliability_update_ms': 0.010099996870849282, 'arbitration_ms': 0.00969999746303074, 'extension_ms': 0.47729999278089963, 'control_compute_ms': nan}, {'controller': 'C3_arbitration_MPC', 'scenario': 'sensor_bias_5', 'seed': 19028, 'step': 600, 'time_s': 6.0, 'aux_inference_ms': 0.46160000056261197, 'reliability_update_ms': 0.009899998985929415, 'arbitration_ms': 0.009800001862458885, 'extension_ms': 0.48130000141100027, 'control_compute_ms': 18.71650000248337}]",,,,,,,,,,,,,,,,,,,,,,,,,,,,,,,,,,,,,,,,,,,,,,,,,,,,,,,,,,,,,,,,,,,,,,,,,,,,,,,,,,
E_EKF_virtual_MPC,sensor_bias_5,19028,10.822892250763992,4.5669918401620535,0.2753178450584926,,1,0.0,,4.01,0.6672212978369384,,,,,,,,,6261.706648626288,99.32741290936622,0,0,0,0,0,,0,30.413825619734403,0.2575585198250143,0.009475387267671404,,,30.436679338740497,4.310755200000131,,,,,,,,,401,,,,,,,,,,,,,,,,,,,,,,,,,,,,,,,,,0.0,,True,True,601.0,1.0,201.0,0.33444259567387685,0.08016885798240356,0.07275488649750675,0.07275488649750675,2.3322948650356934,1.7415302403838122,1.6454942086090898,0.22733781289796332,0.1623052127678922,0.1623052127678922,0.10340402555154785,0.09968468790139198,0.09968468790139198,,0.0,0.0,0.0,0.0,1.0,,,1.659539984417702e-08,0.0,0.00032345477336436683,0.00032345477336436683,0.0011989176351481356,0.007170971607771861,0.49935542151091256,0.22445374384724665,0.2134000023943372,0.29799999902024865,0.4321000014897436,1.053799998771865,601.0,0.4826013312363488,0.46239999937824905,0.6523000010929536,0.8516999987477902,1.556199997139629,121.0,30.413825619734403,21.00350000182516,59.181399999943096,80.03842000034636,90.17849999872851,fixed_nominal
B_plain_MPC,sensor_bias_5,19029,10.954786637799218,5.523807746807391,2.784789495275684,,0,0.0,0.0,0.0,0.0,0.0,6.0,1.0,0.0,0.0,0.0,0.0,0.0,6718.4629565864725,229.03810274082423,0,0,0,0,0,,0,71.8022710744129,0.0,0.0,0.0,0.0,71.8196247934512,9.09247559999858,,,,,,,,,0,rerun_v3_simulate_v3_run,,,,,,,,,,,,,,,,,,,,,,,,,,,,,,,,,,,,,,,,,,,,,,,,,,,,,,,,,,,,,,,,,,,,,,,,,,,,,,,,,,,,
C1_sensor_MPC,sensor_bias_5,19029,10.823953918237274,4.652657410401222,0.3562284088353198,,1,0.0,0.0,4.01,0.6672212978369384,1.0,3.0,0.33277870216306155,0.6672212978369384,0.0,0.0,0.0,0.0,6255.207645276535,99.93567711521887,0,0,0,0,0,,0,37.41309256217715,0.0,0.0,0.0,0.0,37.43182727252253,4.8713841999997385,0.24087065733786578,0.21737244151777826,,,0.24087065733786578,0.21737244151777826,2.315535007020555,1.7287549760808587,401,rerun_v3_simulate_v3_run,,,,,,,,,,,,,,,,,,,,,,,,,,,,,,,,,,,,,,,,,,,,,,,,,,,,,,,,,,,,,,,,,,,,,,,,,,,,,,,,,,,,
C3_arbitration_MPC,sensor_bias_5,19029,10.823953918237274,4.652657410401222,0.3562284088353198,,1,0.0,0.0,4.01,0.6672212978369384,1.0,3.0,0.33277870216306155,0.6672212978369384,0.0,0.0,0.0,0.0,6255.207645276535,99.93567711521887,0,0,0,0,0,,0,39.59802644629025,0.27610567993495055,0.006850430346274405,0.005252151500316266,0.28820826178154124,39.61917024769884,5.312388899998041,0.24087065733786578,0.21737244151777826,0.4276703010005139,0.27870666847972075,0.24087065733786578,0.21737244151777826,2.315535007020555,1.7287549760808587,401,rerun_v3_simulate_v3_run,,"[{'controller': 'C3_arbitration_MPC', 'scenario': 'sensor_bias_5', 'seed': 19029, 'step': 20, 'time_s': 0.2, 'aux_inference_ms': 0.2533000006224029, 'reliability_update_ms': 0.006300000677583739, 'arbitration_ms': 0.0022999993234407157, 'extension_ms': 0.26190000062342733, 'control_compute_ms': 37.957800002914155}, {'controller': 'C3_arbitration_MPC', 'scenario': 'sensor_bias_5', 'seed': 19029, 'step': 21, 'time_s': 0.21, 'aux_inference_ms': 0.6701999991491903, 'reliability_update_ms': 0.014499997632810846, 'arbitration_ms': 0.00419999923906289, 'extension_ms': 0.688899996021064, 'control_compute_ms': nan}, {'controller': 'C3_arbitration_MPC', 'scenario': 'sensor_bias_5', 'seed': 19029, 'step': 22, 'time_s': 0.22, 'aux_inference_ms': 0.6214999993972015, 'reliability_update_ms': 0.012299999070819467, 'arbitration_ms': 0.0031999989005271345, 'extension_ms': 0.6369999973685481, 'control_compute_ms': nan}, {'controller': 'C3_arbitration_MPC', 'scenario': 'sensor_bias_5', 'seed': 19029, 'step': 23, 'time_s': 0.23, 'aux_inference_ms': 0.5866999999852851, 'reliability_update_ms': 0.012399999832268804, 'arbitration_ms': 0.0032999996619764715, 'extension_ms': 0.6023999994795304, 'control_compute_ms': nan}, {'controller': 'C3_arbitration_MPC', 'scenario': 'sensor_bias_5', 'seed': 19029, 'step': 24, 'time_s': 0.24, 'aux_inference_ms': 0.5841000020154752, 'reliability_update_ms': 0.011899999663000926, 'arbitration_ms': 0.0031999989005271345, 'extension_ms': 0.5992000005790032, 'control_compute_ms': nan}, {'controller': 'C3_arbitration_MPC', 'scenario': 'sensor_bias_5', 'seed': 19029, 'step': 25, 'time_s': 0.25, 'aux_inference_ms': 0.5815000004076865, 'reliability_update_ms': 0.012000000424450263, 'arbitration_ms': 0.0031999989005271345, 'extension_ms': 0.5966999997326639, 'control_compute_ms': 21.977199998218566}, {'controller': 'C3_arbitration_MPC', 'scenario': 'sensor_bias_5', 'seed': 19029, 'step': 26, 'time_s': 0.26, 'aux_inference_ms': 0.1956999985850416, 'reliability_update_ms': 0.004600002284860238, 'arbitration_ms': 0.0015000005078036338, 'extension_ms': 0.20180000137770548, 'control_compute_ms': nan}, {'controller': 'C3_arbitration_MPC', 'scenario': 'sensor_bias_5', 'seed': 19029, 'step': 27, 'time_s': 0.27, 'aux_inference_ms': 0.24250000205938704, 'reliability_update_ms': 0.005599998985417187, 'arbitration_ms': 0.0017000020307023078, 'extension_ms': 0.24980000307550654, 'control_compute_ms': nan}, {'controller': 'C3_arbitration_MPC', 'scenario': 'sensor_bias_5', 'seed': 19029, 'step': 28, 'time_s': 0.28, 'aux_inference_ms': 0.1878000002761837, 'reliability_update_ms': 0.0039000005926936865, 'arbitration_ms': 0.0012000018614344299, 'extension_ms': 0.19290000273031183, 'control_compute_ms': nan}, {'controller': 'C3_arbitration_MPC', 'scenario': 'sensor_bias_5', 'seed': 19029, 'step': 29, 'time_s': 0.29, 'aux_inference_ms': 0.21009999909438193, 'reliability_update_ms': 0.00540000110049732, 'arbitration_ms': 0.0015999976312741637, 'extension_ms': 0.2170999978261534, 'control_compute_ms': nan}, {'controller': 'C3_arbitration_MPC', 'scenario': 'sensor_bias_5', 'seed': 19029, 'step': 30, 'time_s': 0.3, 'aux_inference_ms': 0.21580000247922726, 'reliability_update_ms': 0.004399997123982757, 'arbitration_ms': 0.0013999997463542968, 'extension_ms': 0.22159999934956431, 'control_compute_ms': 16.43759999933536}, {'controller': 'C3_arbitration_MPC', 'scenario': 'sensor_bias_5', 'seed': 19029, 'step': 31, 'time_s': 0.31, 'aux_inference_ms': 0.20429999858606607, 'reliability_update_ms': 0.004699999408330768, 'arbitration_ms': 0.0015000005078036338, 'extension_ms': 0.21049999850220047, 'control_compute_ms': nan}, {'controller': 'C3_arbitration_MPC', 'scenario': 'sensor_bias_5', 'seed': 19029, 'step': 32, 'time_s': 0.32, 'aux_inference_ms': 0.16490000052726828, 'reliability_update_ms': 0.004300000000512227, 'arbitration_ms': 0.0012999989849049598, 'extension_ms': 0.17049999951268546, 'control_compute_ms': nan}, {'controller': 'C3_arbitration_MPC', 'scenario': 'sensor_bias_5', 'seed': 19029, 'step': 33, 'time_s': 0.33, 'aux_inference_ms': 0.20600000061676838, 'reliability_update_ms': 0.005500001861946657, 'arbitration_ms': 0.0016999983927235007, 'extension_ms': 0.21320000087143853, 'control_compute_ms': nan}, {'controller': 'C3_arbitration_MPC', 'scenario': 'sensor_bias_5', 'seed': 19029, 'step': 34, 'time_s': 0.34, 'aux_inference_ms': 0.16709999908925965, 'reliability_update_ms': 0.004300000000512227, 'arbitration_ms': 0.0013999997463542968, 'extension_ms': 0.17279999883612618, 'control_compute_ms': nan}, {'controller': 'C3_arbitration_MPC', 'scenario': 'sensor_bias_5', 'seed': 19029, 'step': 35, 'time_s': 0.35000000000000003, 'aux_inference_ms': 0.2060999977402389, 'reliability_update_ms': 0.005800000508315861, 'arbitration_ms': 0.0017000020307023078, 'extension_ms': 0.21360000027925707, 'control_compute_ms': 16.75769999928889}, {'controller': 'C3_arbitration_MPC', 'scenario': 'sensor_bias_5', 'seed': 19029, 'step': 36, 'time_s': 0.36, 'aux_inference_ms': 0.22600000011152588, 'reliability_update_ms': 0.006199999916134402, 'arbitration_ms': 0.0018999999156221747, 'extension_ms': 0.23409999994328246, 'control_compute_ms': nan}, {'controller': 'C3_arbitration_MPC', 'scenario': 'sensor_bias_5', 'seed': 19029, 'step': 37, 'time_s': 0.37, 'aux_inference_ms': 0.18229999841423705, 'reliability_update_ms': 0.004599998646881431, 'arbitration_ms': 0.0013999997463542968, 'extension_ms': 0.18829999680747278, 'control_compute_ms': nan}, {'controller': 'C3_arbitration_MPC', 'scenario': 'sensor_bias_5', 'seed': 19029, 'step': 38, 'time_s': 0.38, 'aux_inference_ms': 0.2113999980792869, 'reliability_update_ms': 0.00549999822396785, 'arbitration_ms': 0.0016000012692529708, 'extension_ms': 0.2184999975725077, 'control_compute_ms': nan}, {'controller': 'C3_arbitration_MPC', 'scenario': 'sensor_bias_5', 'seed': 19029, 'step': 39, 'time_s': 0.39, 'aux_inference_ms': 0.1726000009512063, 'reliability_update_ms': 0.005199999577598646, 'arbitration_ms': 0.0013999997463542968, 'extension_ms': 0.17920000027515925, 'control_compute_ms': nan}, {'controller': 'C3_arbitration_MPC', 'scenario': 'sensor_bias_5', 'seed': 19029, 'step': 40, 'time_s': 0.4, 'aux_inference_ms': 0.1970999983313959, 'reliability_update_ms': 0.005000001692678779, 'arbitration_ms': 0.0016999983927235007, 'extension_ms': 0.2037999984167982, 'control_compute_ms': 16.58260000112932}, {'controller': 'C3_arbitration_MPC', 'scenario': 'sensor_bias_5', 'seed': 19029, 'step': 41, 'time_s': 0.41000000000000003, 'aux_inference_ms': 0.2249000026495196, 'reliability_update_ms': 0.005800000508315861, 'arbitration_ms': 0.0017999991541728377, 'extension_ms': 0.2325000023120083, 'control_compute_ms': nan}, {'controller': 'C3_arbitration_MPC', 'scenario': 'sensor_bias_5', 'seed': 19029, 'step': 42, 'time_s': 0.42, 'aux_inference_ms': 0.9471999983361457, 'reliability_update_ms': 0.005500001861946657, 'arbitration_ms': 0.0015999976312741637, 'extension_ms': 0.9542999978293665, 'control_compute_ms': nan}, {'controller': 'C3_arbitration_MPC', 'scenario': 'sensor_bias_5', 'seed': 19029, 'step': 43, 'time_s': 0.43, 'aux_inference_ms': 0.1928000019688625, 'reliability_update_ms': 0.004599998646881431, 'arbitration_ms': 0.0013999997463542968, 'extension_ms': 0.19880000036209822, 'control_compute_ms': nan}, {'controller': 'C3_arbitration_MPC', 'scenario': 'sensor_bias_5', 'seed': 19029, 'step': 44, 'time_s': 0.44, 'aux_inference_ms': 0.1650000012887176, 'reliability_update_ms': 0.0040000013541430235, 'arbitration_ms': 0.0012999989849049598, 'extension_ms': 0.1703000016277656, 'control_compute_ms': nan}, {'controller': 'C3_arbitration_MPC', 'scenario': 'sensor_bias_5', 'seed': 19029, 'step': 45, 'time_s': 0.45, 'aux_inference_ms': 0.15899999925750308, 'reliability_update_ms': 0.0040000013541430235, 'arbitration_ms': 0.0013000026228837669, 'extension_ms': 0.16430000323452987, 'control_compute_ms': 16.72129999860772}, {'controller': 'C3_arbitration_MPC', 'scenario': 'sensor_bias_5', 'seed': 19029, 'step': 46, 'time_s': 0.46, 'aux_inference_ms': 0.20090000180061907, 'reliability_update_ms': 0.004699999408330768, 'arbitration_ms': 0.0013999997463542968, 'extension_ms': 0.20700000095530413, 'control_compute_ms': nan}, {'controller': 'C3_arbitration_MPC', 'scenario': 'sensor_bias_5', 'seed': 19029, 'step': 47, 'time_s': 0.47000000000000003, 'aux_inference_ms': 0.16400000095018186, 'reliability_update_ms': 0.004399997123982757, 'arbitration_ms': 0.0013999997463542968, 'extension_ms': 0.1697999978205189, 'control_compute_ms': nan}, {'controller': 'C3_arbitration_MPC', 'scenario': 'sensor_bias_5', 'seed': 19029, 'step': 48, 'time_s': 0.48, 'aux_inference_ms': 0.19249999968451448, 'reliability_update_ms': 0.005300000339047983, 'arbitration_ms': 0.0017999991541728377, 'extension_ms': 0.1995999991777353, 'control_compute_ms': nan}, {'controller': 'C3_arbitration_MPC', 'scenario': 'sensor_bias_5', 'seed': 19029, 'step': 49, 'time_s': 0.49, 'aux_inference_ms': 0.2356000004510861, 'reliability_update_ms': 0.005500001861946657, 'arbitration_ms': 0.0017999991541728377, 'extension_ms': 0.24290000146720558, 'control_compute_ms': nan}, {'controller': 'C3_arbitration_MPC', 'scenario': 'sensor_bias_5', 'seed': 19029, 'step': 50, 'time_s': 0.5, 'aux_inference_ms': 0.19559999782359228, 'reliability_update_ms': 0.0042000028770416975, 'arbitration_ms': 0.0011000010999850929, 'extension_ms': 0.20090000180061907, 'control_compute_ms': 16.86830000107875}, {'controller': 'C3_arbitration_MPC', 'scenario': 'sensor_bias_5', 'seed': 19029, 'step': 51, 'time_s': 0.51, 'aux_inference_ms': 0.1931000006152317, 'reliability_update_ms': 0.005500001861946657, 'arbitration_ms': 0.0015000005078036338, 'extension_ms': 0.20010000298498198, 'control_compute_ms': nan}, {'controller': 'C3_arbitration_MPC', 'scenario': 'sensor_bias_5', 'seed': 19029, 'step': 52, 'time_s': 0.52, 'aux_inference_ms': 0.21279999782564119, 'reliability_update_ms': 0.005599998985417187, 'arbitration_ms': 0.0017999991541728377, 'extension_ms': 0.2201999959652312, 'control_compute_ms': nan}, {'controller': 'C3_arbitration_MPC', 'scenario': 'sensor_bias_5', 'seed': 19029, 'step': 53, 'time_s': 0.53, 'aux_inference_ms': 0.20199999926262535, 'reliability_update_ms': 0.005300000339047983, 'arbitration_ms': 0.0016000012692529708, 'extension_ms': 0.2089000008709263, 'control_compute_ms': nan}, {'controller': 'C3_arbitration_MPC', 'scenario': 'sensor_bias_5', 'seed': 19029, 'step': 54, 'time_s': 0.54, 'aux_inference_ms': 0.2080000012938399, 'reliability_update_ms': 0.00540000110049732, 'arbitration_ms': 0.0018999999156221747, 'extension_ms': 0.21530000230995938, 'control_compute_ms': nan}, {'controller': 'C3_arbitration_MPC', 'scenario': 'sensor_bias_5', 'seed': 19029, 'step': 55, 'time_s': 0.55, 'aux_inference_ms': 0.20640000002458692, 'reliability_update_ms': 0.005099998816149309, 'arbitration_ms': 0.0017000020307023078, 'extension_ms': 0.21320000087143853, 'control_compute_ms': 16.68529999733437}, {'controller': 'C3_arbitration_MPC', 'scenario': 'sensor_bias_5', 'seed': 19029, 'step': 56, 'time_s': 0.56, 'aux_inference_ms': 0.22489999901154079, 'reliability_update_ms': 0.005699999746866524, 'arbitration_ms': 0.0018999999156221747, 'extension_ms': 0.23249999867402948, 'control_compute_ms': nan}, {'controller': 'C3_arbitration_MPC', 'scenario': 'sensor_bias_5', 'seed': 19029, 'step': 57, 'time_s': 0.5700000000000001, 'aux_inference_ms': 0.22570000146515667, 'reliability_update_ms': 0.00549999822396785, 'arbitration_ms': 0.0018000027921516448, 'extension_ms': 0.23300000248127617, 'control_compute_ms': nan}, {'controller': 'C3_arbitration_MPC', 'scenario': 'sensor_bias_5', 'seed': 19029, 'step': 58, 'time_s': 0.58, 'aux_inference_ms': 0.20260000019334257, 'reliability_update_ms': 0.005199999577598646, 'arbitration_ms': 0.0017000020307023078, 'extension_ms': 0.20950000180164352, 'control_compute_ms': nan}, {'controller': 'C3_arbitration_MPC', 'scenario': 'sensor_bias_5', 'seed': 19029, 'step': 59, 'time_s': 0.59, 'aux_inference_ms': 0.19840000095427968, 'reliability_update_ms': 0.005000001692678779, 'arbitration_ms': 0.0013999997463542968, 'extension_ms': 0.20480000239331275, 'control_compute_ms': nan}, {'controller': 'C3_arbitration_MPC', 'scenario': 'sensor_bias_5', 'seed': 19029, 'step': 60, 'time_s': 0.6, 'aux_inference_ms': 0.20249999943189323, 'reliability_update_ms': 0.004600002284860238, 'arbitration_ms': 0.0012999989849049598, 'extension_ms': 0.20840000070165843, 'control_compute_ms': 17.041200000676326}, {'controller': 'C3_arbitration_MPC', 'scenario': 'sensor_bias_5', 'seed': 19029, 'step': 61, 'time_s': 0.61, 'aux_inference_ms': 0.20819999917875975, 'reliability_update_ms': 0.005099998816149309, 'arbitration_ms': 0.0013999997463542968, 'extension_ms': 0.21469999774126336, 'control_compute_ms': nan}, {'controller': 'C3_arbitration_MPC', 'scenario': 'sensor_bias_5', 'seed': 19029, 'step': 62, 'time_s': 0.62, 'aux_inference_ms': 0.21120000019436702, 'reliability_update_ms': 0.005199999577598646, 'arbitration_ms': 0.0013999997463542968, 'extension_ms': 0.21779999951831996, 'control_compute_ms': nan}, {'controller': 'C3_arbitration_MPC', 'scenario': 'sensor_bias_5', 'seed': 19029, 'step': 63, 'time_s': 0.63, 'aux_inference_ms': 0.2057999990938697, 'reliability_update_ms': 0.005800000508315861, 'arbitration_ms': 0.0016999983927235007, 'extension_ms': 0.21329999799490906, 'control_compute_ms': nan}, {'controller': 'C3_arbitration_MPC', 'scenario': 'sensor_bias_5', 'seed': 19029, 'step': 64, 'time_s': 0.64, 'aux_inference_ms': 0.20059999951627105, 'reliability_update_ms': 0.005099998816149309, 'arbitration_ms': 0.0016000012692529708, 'extension_ms': 0.20729999960167333, 'control_compute_ms': nan}, {'controller': 'C3_arbitration_MPC', 'scenario': 'sensor_bias_5', 'seed': 19029, 'step': 65, 'time_s': 0.65, 'aux_inference_ms': 0.2499999973224476, 'reliability_update_ms': 0.005199999577598646, 'arbitration_ms': 0.0015999976312741637, 'extension_ms': 0.2567999945313204, 'control_compute_ms': 17.985400001634844}, {'controller': 'C3_arbitration_MPC', 'scenario': 'sensor_bias_5', 'seed': 19029, 'step': 66, 'time_s': 0.66, 'aux_inference_ms': 0.2586999980849214, 'reliability_update_ms': 0.00660000296193175, 'arbitration_ms': 0.0017999991541728377, 'extension_ms': 0.267100000201026, 'control_compute_ms': nan}, {'controller': 'C3_arbitration_MPC', 'scenario': 'sensor_bias_5', 'seed': 19029, 'step': 67, 'time_s': 0.67, 'aux_inference_ms': 0.21329999799490906, 'reliability_update_ms': 0.005599998985417187, 'arbitration_ms': 0.0018999999156221747, 'extension_ms': 0.22079999689594842, 'control_compute_ms': nan}, {'controller': 'C3_arbitration_MPC', 'scenario': 'sensor_bias_5', 'seed': 19029, 'step': 68, 'time_s': 0.68, 'aux_inference_ms': 0.18669999917619862, 'reliability_update_ms': 0.004900000931229442, 'arbitration_ms': 0.0013999997463542968, 'extension_ms': 0.19299999985378236, 'control_compute_ms': nan}, {'controller': 'C3_arbitration_MPC', 'scenario': 'sensor_bias_5', 'seed': 19029, 'step': 69, 'time_s': 0.6900000000000001, 'aux_inference_ms': 0.21180000112508424, 'reliability_update_ms': 0.005300000339047983, 'arbitration_ms': 0.0016999983927235007, 'extension_ms': 0.21879999985685572, 'control_compute_ms': nan}, {'controller': 'C3_arbitration_MPC', 'scenario': 'sensor_bias_5', 'seed': 19029, 'step': 70, 'time_s': 0.7000000000000001, 'aux_inference_ms': 0.2040999970631674, 'reliability_update_ms': 0.005300000339047983, 'arbitration_ms': 0.0017999991541728377, 'extension_ms': 0.21119999655638821, 'control_compute_ms': 19.792499999311985}, {'controller': 'C3_arbitration_MPC', 'scenario': 'sensor_bias_5', 'seed': 19029, 'step': 71, 'time_s': 0.71, 'aux_inference_ms': 0.25919999825418927, 'reliability_update_ms': 0.006300000677583739, 'arbitration_ms': 0.0024000000848900527, 'extension_ms': 0.26789999901666306, 'control_compute_ms': nan}, {'controller': 'C3_arbitration_MPC', 'scenario': 'sensor_bias_5', 'seed': 19029, 'step': 72, 'time_s': 0.72, 'aux_inference_ms': 0.21319999723345973, 'reliability_update_ms': 0.005599998985417187, 'arbitration_ms': 0.0016000012692529708, 'extension_ms': 0.22039999748812988, 'control_compute_ms': nan}, {'controller': 'C3_arbitration_MPC', 'scenario': 'sensor_bias_5', 'seed': 19029, 'step': 73, 'time_s': 0.73, 'aux_inference_ms': 0.20930000027874485, 'reliability_update_ms': 0.00540000110049732, 'arbitration_ms': 0.0016999983927235007, 'extension_ms': 0.21639999977196567, 'control_compute_ms': nan}, {'controller': 'C3_arbitration_MPC', 'scenario': 'sensor_bias_5', 'seed': 19029, 'step': 74, 'time_s': 0.74, 'aux_inference_ms': 0.21379999816417694, 'reliability_update_ms': 0.005699999746866524, 'arbitration_ms': 0.0015999976312741637, 'extension_ms': 0.22109999554231763, 'control_compute_ms': nan}, {'controller': 'C3_arbitration_MPC', 'scenario': 'sensor_bias_5', 'seed': 19029, 'step': 75, 'time_s': 0.75, 'aux_inference_ms': 0.20049999875482172, 'reliability_update_ms': 0.005199999577598646, 'arbitration_ms': 0.0014999968698248267, 'extension_ms': 0.2071999952022452, 'control_compute_ms': 17.690699998638593}, {'controller': 'C3_arbitration_MPC', 'scenario': 'sensor_bias_5', 'seed': 19029, 'step': 76, 'time_s': 0.76, 'aux_inference_ms': 0.30499999775202014, 'reliability_update_ms': 0.004600002284860238, 'arbitration_ms': 0.0015000005078036338, 'extension_ms': 0.311100000544684, 'control_compute_ms': nan}, {'controller': 'C3_arbitration_MPC', 'scenario': 'sensor_bias_5', 'seed': 19029, 'step': 77, 'time_s': 0.77, 'aux_inference_ms': 0.442300002760021, 'reliability_update_ms': 0.010000003385357559, 'arbitration_ms': 0.0030000010156072676, 'extension_ms': 0.45530000716098584, 'control_compute_ms': nan}, {'controller': 'C3_arbitration_MPC', 'scenario': 'sensor_bias_5', 'seed': 19029, 'step': 78, 'time_s': 0.78, 'aux_inference_ms': 0.3857000010611955, 'reliability_update_ms': 0.00960000033956021, 'arbitration_ms': 0.0029999973776284605, 'extension_ms': 0.3982999987783842, 'control_compute_ms': nan}, {'controller': 'C3_arbitration_MPC', 'scenario': 'sensor_bias_5', 'seed': 19029, 'step': 79, 'time_s': 0.79, 'aux_inference_ms': 0.3785999979299959, 'reliability_update_ms': 0.008499999239575118, 'arbitration_ms': 0.0025999979698099196, 'extension_ms': 0.3896999951393809, 'control_compute_ms': nan}, {'controller': 'C3_arbitration_MPC', 'scenario': 'sensor_bias_5', 'seed': 19029, 'step': 80, 'time_s': 0.8, 'aux_inference_ms': 0.302100001135841, 'reliability_update_ms': 0.007599999662488699, 'arbitration_ms': 0.0022999993234407157, 'extension_ms': 0.3120000001217704, 'control_compute_ms': 17.63010000286158}, {'controller': 'C3_arbitration_MPC', 'scenario': 'sensor_bias_5', 'seed': 19029, 'step': 81, 'time_s': 0.81, 'aux_inference_ms': 0.21750000087195076, 'reliability_update_ms': 0.005999998393235728, 'arbitration_ms': 0.0017999991541728377, 'extension_ms': 0.22529999841935933, 'control_compute_ms': nan}, {'controller': 'C3_arbitration_MPC', 'scenario': 'sensor_bias_5', 'seed': 19029, 'step': 82, 'time_s': 0.8200000000000001, 'aux_inference_ms': 0.1939999965543393, 'reliability_update_ms': 0.004300000000512227, 'arbitration_ms': 0.001400003384333104, 'extension_ms': 0.19969999993918464, 'control_compute_ms': nan}, {'controller': 'C3_arbitration_MPC', 'scenario': 'sensor_bias_5', 'seed': 19029, 'step': 83, 'time_s': 0.8300000000000001, 'aux_inference_ms': 0.21179999748710543, 'reliability_update_ms': 0.005500001861946657, 'arbitration_ms': 0.0016999983927235007, 'extension_ms': 0.2189999977417756, 'control_compute_ms': nan}, {'controller': 'C3_arbitration_MPC', 'scenario': 'sensor_bias_5', 'seed': 19029, 'step': 84, 'time_s': 0.84, 'aux_inference_ms': 0.2015999998548068, 'reliability_update_ms': 0.005199999577598646, 'arbitration_ms': 0.0016000012692529708, 'extension_ms': 0.20840000070165843, 'control_compute_ms': nan}, {'controller': 'C3_arbitration_MPC', 'scenario': 'sensor_bias_5', 'seed': 19029, 'step': 85, 'time_s': 0.85, 'aux_inference_ms': 0.2535999992687721, 'reliability_update_ms': 0.00549999822396785, 'arbitration_ms': 0.0017000020307023078, 'extension_ms': 0.26079999952344224, 'control_compute_ms': 16.865399997186614}, {'controller': 'C3_arbitration_MPC', 'scenario': 'sensor_bias_5', 'seed': 19029, 'step': 86, 'time_s': 0.86, 'aux_inference_ms': 0.22460000036517158, 'reliability_update_ms': 0.005600002623395994, 'arbitration_ms': 0.0016999983927235007, 'extension_ms': 0.23190000138129108, 'control_compute_ms': nan}, {'controller': 'C3_arbitration_MPC', 'scenario': 'sensor_bias_5', 'seed': 19029, 'step': 87, 'time_s': 0.87, 'aux_inference_ms': 0.20370000129332766, 'reliability_update_ms': 0.005399997462518513, 'arbitration_ms': 0.0016000012692529708, 'extension_ms': 0.21070000002509914, 'control_compute_ms': nan}, {'controller': 'C3_arbitration_MPC', 'scenario': 'sensor_bias_5', 'seed': 19029, 'step': 88, 'time_s': 0.88, 'aux_inference_ms': 0.2043999993475154, 'reliability_update_ms': 0.005600002623395994, 'arbitration_ms': 0.0015000005078036338, 'extension_ms': 0.21150000247871503, 'control_compute_ms': nan}, {'controller': 'C3_arbitration_MPC', 'scenario': 'sensor_bias_5', 'seed': 19029, 'step': 89, 'time_s': 0.89, 'aux_inference_ms': 0.22779999926569872, 'reliability_update_ms': 0.006099999154685065, 'arbitration_ms': 0.0018999999156221747, 'extension_ms': 0.23579999833600596, 'control_compute_ms': nan}, {'controller': 'C3_arbitration_MPC', 'scenario': 'sensor_bias_5', 'seed': 19029, 'step': 90, 'time_s': 0.9, 'aux_inference_ms': 0.16800000230432488, 'reliability_update_ms': 0.004300000000512227, 'arbitration_ms': 0.0015000005078036338, 'extension_ms': 0.17380000281264074, 'control_compute_ms': 16.905700002098456}, {'controller': 'C3_arbitration_MPC', 'scenario': 'sensor_bias_5', 'seed': 19029, 'step': 91, 'time_s': 0.91, 'aux_inference_ms': 0.2325000023120083, 'reliability_update_ms': 0.005900001269765198, 'arbitration_ms': 0.0017000020307023078, 'extension_ms': 0.2401000056124758, 'control_compute_ms': nan}, {'controller': 'C3_arbitration_MPC', 'scenario': 'sensor_bias_5', 'seed': 19029, 'step': 92, 'time_s': 0.92, 'aux_inference_ms': 0.19350000002305023, 'reliability_update_ms': 0.00549999822396785, 'arbitration_ms': 0.0018999999156221747, 'extension_ms': 0.20089999816264026, 'control_compute_ms': nan}, {'controller': 'C3_arbitration_MPC', 'scenario': 'sensor_bias_5', 'seed': 19029, 'step': 93, 'time_s': 0.93, 'aux_inference_ms': 0.20039999799337238, 'reliability_update_ms': 0.005300000339047983, 'arbitration_ms': 0.0016000012692529708, 'extension_ms': 0.20729999960167333, 'control_compute_ms': nan}, {'controller': 'C3_arbitration_MPC', 'scenario': 'sensor_bias_5', 'seed': 19029, 'step': 94, 'time_s': 0.9400000000000001, 'aux_inference_ms': 0.20539999968605116, 'reliability_update_ms': 0.005199999577598646, 'arbitration_ms': 0.0017000020307023078, 'extension_ms': 0.21230000129435211, 'control_compute_ms': nan}, {'controller': 'C3_arbitration_MPC', 'scenario': 'sensor_bias_5', 'seed': 19029, 'step': 95, 'time_s': 0.9500000000000001, 'aux_inference_ms': 0.19559999782359228, 'reliability_update_ms': 0.004400000761961564, 'arbitration_ms': 0.0013999997463542968, 'extension_ms': 0.20139999833190814, 'control_compute_ms': 19.429899999522604}, {'controller': 'C3_arbitration_MPC', 'scenario': 'sensor_bias_5', 'seed': 19029, 'step': 96, 'time_s': 0.96, 'aux_inference_ms': 0.2783999989333097, 'reliability_update_ms': 0.007099999493220821, 'arbitration_ms': 0.0030999981390777975, 'extension_ms': 0.2885999965656083, 'control_compute_ms': nan}, {'controller': 'C3_arbitration_MPC', 'scenario': 'sensor_bias_5', 'seed': 19029, 'step': 97, 'time_s': 0.97, 'aux_inference_ms': 0.21380000180215575, 'reliability_update_ms': 0.00549999822396785, 'arbitration_ms': 0.0017000020307023078, 'extension_ms': 0.2210000020568259, 'control_compute_ms': nan}, {'controller': 'C3_arbitration_MPC', 'scenario': 'sensor_bias_5', 'seed': 19029, 'step': 98, 'time_s': 0.98, 'aux_inference_ms': 0.20489999951678328, 'reliability_update_ms': 0.005100002454128116, 'arbitration_ms': 0.0017000020307023078, 'extension_ms': 0.2117000040016137, 'control_compute_ms': nan}, {'controller': 'C3_arbitration_MPC', 'scenario': 'sensor_bias_5', 'seed': 19029, 'step': 99, 'time_s': 0.99, 'aux_inference_ms': 0.21879999985685572, 'reliability_update_ms': 0.005600002623395994, 'arbitration_ms': 0.0016999983927235007, 'extension_ms': 0.22610000087297522, 'control_compute_ms': nan}, {'controller': 'C3_arbitration_MPC', 'scenario': 'sensor_bias_5', 'seed': 19029, 'step': 100, 'time_s': 1.0, 'aux_inference_ms': 0.19460000112303533, 'reliability_update_ms': 0.00419999923906289, 'arbitration_ms': 0.0030999981390777975, 'extension_ms': 0.20189999850117601, 'control_compute_ms': 17.063999999663793}, {'controller': 'C3_arbitration_MPC', 'scenario': 'sensor_bias_5', 'seed': 19029, 'step': 101, 'time_s': 1.01, 'aux_inference_ms': 0.22810000155004673, 'reliability_update_ms': 0.005999998393235728, 'arbitration_ms': 0.0036999990697950125, 'extension_ms': 0.23779999901307747, 'control_compute_ms': nan}, {'controller': 'C3_arbitration_MPC', 'scenario': 'sensor_bias_5', 'seed': 19029, 'step': 102, 'time_s': 1.02, 'aux_inference_ms': 0.20530000256258063, 'reliability_update_ms': 0.005399997462518513, 'arbitration_ms': 0.0032999996619764715, 'extension_ms': 0.21399999968707561, 'control_compute_ms': nan}, {'controller': 'C3_arbitration_MPC', 'scenario': 'sensor_bias_5', 'seed': 19029, 'step': 103, 'time_s': 1.03, 'aux_inference_ms': 0.24059999850578606, 'reliability_update_ms': 0.005300000339047983, 'arbitration_ms': 0.0034000004234258085, 'extension_ms': 0.24929999926825985, 'control_compute_ms': nan}, {'controller': 'C3_arbitration_MPC', 'scenario': 'sensor_bias_5', 'seed': 19029, 'step': 104, 'time_s': 1.04, 'aux_inference_ms': 0.23839999994379468, 'reliability_update_ms': 0.004400000761961564, 'arbitration_ms': 0.0030000010156072676, 'extension_ms': 0.24580000172136351, 'control_compute_ms': nan}, {'controller': 'C3_arbitration_MPC', 'scenario': 'sensor_bias_5', 'seed': 19029, 'step': 105, 'time_s': 1.05, 'aux_inference_ms': 0.1678000007814262, 'reliability_update_ms': 0.004400000761961564, 'arbitration_ms': 0.0028000031306874007, 'extension_ms': 0.17500000467407517, 'control_compute_ms': 39.970699999685166}, {'controller': 'C3_arbitration_MPC', 'scenario': 'sensor_bias_5', 'seed': 19029, 'step': 106, 'time_s': 1.06, 'aux_inference_ms': 0.27010000121663325, 'reliability_update_ms': 0.007599999662488699, 'arbitration_ms': 0.005000001692678779, 'extension_ms': 0.2827000025718007, 'control_compute_ms': nan}, {'controller': 'C3_arbitration_MPC', 'scenario': 'sensor_bias_5', 'seed': 19029, 'step': 107, 'time_s': 1.07, 'aux_inference_ms': 0.22000000171829015, 'reliability_update_ms': 0.005699999746866524, 'arbitration_ms': 0.0041000021155923605, 'extension_ms': 0.22980000358074903, 'control_compute_ms': nan}, {'controller': 'C3_arbitration_MPC', 'scenario': 'sensor_bias_5', 'seed': 19029, 'step': 108, 'time_s': 1.08, 'aux_inference_ms': 0.20010000298498198, 'reliability_update_ms': 0.00540000110049732, 'arbitration_ms': 0.0034000004234258085, 'extension_ms': 0.2089000045089051, 'control_compute_ms': nan}, {'controller': 'C3_arbitration_MPC', 'scenario': 'sensor_bias_5', 'seed': 19029, 'step': 109, 'time_s': 1.09, 'aux_inference_ms': 0.20880000010947697, 'reliability_update_ms': 0.005699999746866524, 'arbitration_ms': 0.0034000004234258085, 'extension_ms': 0.2179000002797693, 'control_compute_ms': nan}, {'controller': 'C3_arbitration_MPC', 'scenario': 'sensor_bias_5', 'seed': 19029, 'step': 110, 'time_s': 1.1, 'aux_inference_ms': 0.2086000022245571, 'reliability_update_ms': 0.005300000339047983, 'arbitration_ms': 0.0032999996619764715, 'extension_ms': 0.21720000222558156, 'control_compute_ms': 75.40189999781433}, {'controller': 'C3_arbitration_MPC', 'scenario': 'sensor_bias_5', 'seed': 19029, 'step': 111, 'time_s': 1.11, 'aux_inference_ms': 0.5243000014161225, 'reliability_update_ms': 0.012600001355167478, 'arbitration_ms': 0.008899998647393659, 'extension_ms': 0.5458000014186837, 'control_compute_ms': nan}, {'controller': 'C3_arbitration_MPC', 'scenario': 'sensor_bias_5', 'seed': 19029, 'step': 112, 'time_s': 1.12, 'aux_inference_ms': 0.4937999983667396, 'reliability_update_ms': 0.009899998985929415, 'arbitration_ms': 0.006899997970322147, 'extension_ms': 0.5105999953229912, 'control_compute_ms': nan}, {'controller': 'C3_arbitration_MPC', 'scenario': 'sensor_bias_5', 'seed': 19029, 'step': 113, 'time_s': 1.1300000000000001, 'aux_inference_ms': 0.4608999988704454, 'reliability_update_ms': 0.009799998224480078, 'arbitration_ms': 0.006899997970322147, 'extension_ms': 0.47759999506524764, 'control_compute_ms': nan}, {'controller': 'C3_arbitration_MPC', 'scenario': 'sensor_bias_5', 'seed': 19029, 'step': 114, 'time_s': 1.1400000000000001, 'aux_inference_ms': 0.4579999986162875, 'reliability_update_ms': 0.009499999578110874, 'arbitration_ms': 0.006800000846851617, 'extension_ms': 0.47429999904125, 'control_compute_ms': nan}, {'controller': 'C3_arbitration_MPC', 'scenario': 'sensor_bias_5', 'seed': 19029, 'step': 115, 'time_s': 1.1500000000000001, 'aux_inference_ms': 0.4576999999699183, 'reliability_update_ms': 0.009499999578110874, 'arbitration_ms': 0.006800000846851617, 'extension_ms': 0.47400000039488077, 'control_compute_ms': 77.35879999745521}, {'controller': 'C3_arbitration_MPC', 'scenario': 'sensor_bias_5', 'seed': 19029, 'step': 116, 'time_s': 1.16, 'aux_inference_ms': 0.23940000028233044, 'reliability_update_ms': 0.006400001439033076, 'arbitration_ms': 0.004300000000512227, 'extension_ms': 0.25010000172187574, 'control_compute_ms': nan}, {'controller': 'C3_arbitration_MPC', 'scenario': 'sensor_bias_5', 'seed': 19029, 'step': 117, 'time_s': 1.17, 'aux_inference_ms': 0.2153999994334299, 'reliability_update_ms': 0.005900001269765198, 'arbitration_ms': 0.0035999983083456755, 'extension_ms': 0.22489999901154079, 'control_compute_ms': nan}, {'controller': 'C3_arbitration_MPC', 'scenario': 'sensor_bias_5', 'seed': 19029, 'step': 118, 'time_s': 1.18, 'aux_inference_ms': 0.20029999723192304, 'reliability_update_ms': 0.005099998816149309, 'arbitration_ms': 0.00799999907030724, 'extension_ms': 0.2133999951183796, 'control_compute_ms': nan}, {'controller': 'C3_arbitration_MPC', 'scenario': 'sensor_bias_5', 'seed': 19029, 'step': 119, 'time_s': 1.19, 'aux_inference_ms': 0.20430000222404487, 'reliability_update_ms': 0.00540000110049732, 'arbitration_ms': 0.0034999975468963385, 'extension_ms': 0.21320000087143853, 'control_compute_ms': nan}, {'controller': 'C3_arbitration_MPC', 'scenario': 'sensor_bias_5', 'seed': 19029, 'step': 120, 'time_s': 1.2, 'aux_inference_ms': 0.2052000018011313, 'reliability_update_ms': 0.005199999577598646, 'arbitration_ms': 0.0034000004234258085, 'extension_ms': 0.21380000180215575, 'control_compute_ms': 84.5571000027121}, {'controller': 'C3_arbitration_MPC', 'scenario': 'sensor_bias_5', 'seed': 19029, 'step': 121, 'time_s': 1.21, 'aux_inference_ms': 0.4549999976006802, 'reliability_update_ms': 0.009999999747378752, 'arbitration_ms': 0.006300000677583739, 'extension_ms': 0.4712999980256427, 'control_compute_ms': nan}, {'controller': 'C3_arbitration_MPC', 'scenario': 'sensor_bias_5', 'seed': 19029, 'step': 122, 'time_s': 1.22, 'aux_inference_ms': 0.2119999990100041, 'reliability_update_ms': 0.00540000110049732, 'arbitration_ms': 0.0036999990697950125, 'extension_ms': 0.22109999918029644, 'control_compute_ms': nan}, {'controller': 'C3_arbitration_MPC', 'scenario': 'sensor_bias_5', 'seed': 19029, 'step': 123, 'time_s': 1.23, 'aux_inference_ms': 0.20420000146259554, 'reliability_update_ms': 0.005199999577598646, 'arbitration_ms': 0.0034000004234258085, 'extension_ms': 0.21280000146362, 'control_compute_ms': nan}, {'controller': 'C3_arbitration_MPC', 'scenario': 'sensor_bias_5', 'seed': 19029, 'step': 124, 'time_s': 1.24, 'aux_inference_ms': 0.20179999773972668, 'reliability_update_ms': 0.005200003215577453, 'arbitration_ms': 0.0032999996619764715, 'extension_ms': 0.2103000006172806, 'control_compute_ms': nan}, {'controller': 'C3_arbitration_MPC', 'scenario': 'sensor_bias_5', 'seed': 19029, 'step': 125, 'time_s': 1.25, 'aux_inference_ms': 0.19270000120741315, 'reliability_update_ms': 0.004899997293250635, 'arbitration_ms': 0.0031999989005271345, 'extension_ms': 0.20079999740119092, 'control_compute_ms': 46.859000001859386}, {'controller': 'C3_arbitration_MPC', 'scenario': 'sensor_bias_5', 'seed': 19029, 'step': 126, 'time_s': 1.26, 'aux_inference_ms': 0.22140000146464445, 'reliability_update_ms': 0.005299996701069176, 'arbitration_ms': 0.0037999998312443495, 'extension_ms': 0.23049999799695797, 'control_compute_ms': nan}, {'controller': 'C3_arbitration_MPC', 'scenario': 'sensor_bias_5', 'seed': 19029, 'step': 127, 'time_s': 1.27, 'aux_inference_ms': 0.18569999883766286, 'reliability_update_ms': 0.005099998816149309, 'arbitration_ms': 0.0034000004234258085, 'extension_ms': 0.19419999807723798, 'control_compute_ms': nan}, {'controller': 'C3_arbitration_MPC', 'scenario': 'sensor_bias_5', 'seed': 19029, 'step': 128, 'time_s': 1.28, 'aux_inference_ms': 0.203800002054777, 'reliability_update_ms': 0.007300001016119495, 'arbitration_ms': 0.0027999994927085936, 'extension_ms': 0.21390000256360509, 'control_compute_ms': nan}, {'controller': 'C3_arbitration_MPC', 'scenario': 'sensor_bias_5', 'seed': 19029, 'step': 129, 'time_s': 1.29, 'aux_inference_ms': 0.26530000104685314, 'reliability_update_ms': 0.005699999746866524, 'arbitration_ms': 0.0037999998312443495, 'extension_ms': 0.274800000624964, 'control_compute_ms': nan}, {'controller': 'C3_arbitration_MPC', 'scenario': 'sensor_bias_5', 'seed': 19029, 'step': 130, 'time_s': 1.3, 'aux_inference_ms': 0.20169999697827734, 'reliability_update_ms': 0.005000001692678779, 'arbitration_ms': 0.0032999996619764715, 'extension_ms': 0.2099999983329326, 'control_compute_ms': 36.1925000033807}, {'controller': 'C3_arbitration_MPC', 'scenario': 'sensor_bias_5', 'seed': 19029, 'step': 131, 'time_s': 1.31, 'aux_inference_ms': 0.2719000003708061, 'reliability_update_ms': 0.00790000194683671, 'arbitration_ms': 0.004400000761961564, 'extension_ms': 0.28420000307960436, 'control_compute_ms': nan}, {'controller': 'C3_arbitration_MPC', 'scenario': 'sensor_bias_5', 'seed': 19029, 'step': 132, 'time_s': 1.32, 'aux_inference_ms': 0.2184999975725077, 'reliability_update_ms': 0.009700001101009548, 'arbitration_ms': 0.0035000011848751456, 'extension_ms': 0.2316999998583924, 'control_compute_ms': nan}, {'controller': 'C3_arbitration_MPC', 'scenario': 'sensor_bias_5', 'seed': 19029, 'step': 133, 'time_s': 1.33, 'aux_inference_ms': 0.2485999975760933, 'reliability_update_ms': 0.005600002623395994, 'arbitration_ms': 0.0034000004234258085, 'extension_ms': 0.2576000006229151, 'control_compute_ms': nan}, {'controller': 'C3_arbitration_MPC', 'scenario': 'sensor_bias_5', 'seed': 19029, 'step': 134, 'time_s': 1.34, 'aux_inference_ms': 0.20659999790950678, 'reliability_update_ms': 0.004999998054699972, 'arbitration_ms': 0.0032999996619764715, 'extension_ms': 0.21489999562618323, 'control_compute_ms': nan}, {'controller': 'C3_arbitration_MPC', 'scenario': 'sensor_bias_5', 'seed': 19029, 'step': 135, 'time_s': 1.35, 'aux_inference_ms': 0.18450000061420724, 'reliability_update_ms': 0.0041000021155923605, 'arbitration_ms': 0.0026999987312592566, 'extension_ms': 0.19130000146105886, 'control_compute_ms': 18.311999996512895}, {'controller': 'C3_arbitration_MPC', 'scenario': 'sensor_bias_5', 'seed': 19029, 'step': 136, 'time_s': 1.36, 'aux_inference_ms': 0.24029999985941686, 'reliability_update_ms': 0.005800000508315861, 'arbitration_ms': 0.0037999998312443495, 'extension_ms': 0.24990000019897707, 'control_compute_ms': nan}, {'controller': 'C3_arbitration_MPC', 'scenario': 'sensor_bias_5', 'seed': 19029, 'step': 137, 'time_s': 1.37, 'aux_inference_ms': 0.2041000007011462, 'reliability_update_ms': 0.005199999577598646, 'arbitration_ms': 0.0035000011848751456, 'extension_ms': 0.21280000146362, 'control_compute_ms': nan}, {'controller': 'C3_arbitration_MPC', 'scenario': 'sensor_bias_5', 'seed': 19029, 'step': 138, 'time_s': 1.3800000000000001, 'aux_inference_ms': 0.1975999985006638, 'reliability_update_ms': 0.005300000339047983, 'arbitration_ms': 0.0034000004234258085, 'extension_ms': 0.20629999926313758, 'control_compute_ms': nan}, {'controller': 'C3_arbitration_MPC', 'scenario': 'sensor_bias_5', 'seed': 19029, 'step': 139, 'time_s': 1.3900000000000001, 'aux_inference_ms': 0.21019999985583127, 'reliability_update_ms': 0.005399997462518513, 'arbitration_ms': 0.0034000004234258085, 'extension_ms': 0.2189999977417756, 'control_compute_ms': nan}, {'controller': 'C3_arbitration_MPC', 'scenario': 'sensor_bias_5', 'seed': 19029, 'step': 140, 'time_s': 1.4000000000000001, 'aux_inference_ms': 0.19769999926211312, 'reliability_update_ms': 0.005199999577598646, 'arbitration_ms': 0.0032999996619764715, 'extension_ms': 0.20619999850168824, 'control_compute_ms': 17.184100001031766}, {'controller': 'C3_arbitration_MPC', 'scenario': 'sensor_bias_5', 'seed': 19029, 'step': 141, 'time_s': 1.41, 'aux_inference_ms': 0.19629999951575883, 'reliability_update_ms': 0.004999998054699972, 'arbitration_ms': 0.0029999973776284605, 'extension_ms': 0.20429999494808726, 'control_compute_ms': nan}, {'controller': 'C3_arbitration_MPC', 'scenario': 'sensor_bias_5', 'seed': 19029, 'step': 142, 'time_s': 1.42, 'aux_inference_ms': 0.20930000027874485, 'reliability_update_ms': 0.005599998985417187, 'arbitration_ms': 0.0036999990697950125, 'extension_ms': 0.21859999833395705, 'control_compute_ms': nan}, {'controller': 'C3_arbitration_MPC', 'scenario': 'sensor_bias_5', 'seed': 19029, 'step': 143, 'time_s': 1.43, 'aux_inference_ms': 0.1967999996850267, 'reliability_update_ms': 0.004099998477613553, 'arbitration_ms': 0.0027000023692380637, 'extension_ms': 0.20360000053187832, 'control_compute_ms': nan}, {'controller': 'C3_arbitration_MPC', 'scenario': 'sensor_bias_5', 'seed': 19029, 'step': 144, 'time_s': 1.44, 'aux_inference_ms': 0.20009999934700318, 'reliability_update_ms': 0.005000001692678779, 'arbitration_ms': 0.0034000004234258085, 'extension_ms': 0.20850000146310776, 'control_compute_ms': nan}, {'controller': 'C3_arbitration_MPC', 'scenario': 'sensor_bias_5', 'seed': 19029, 'step': 145, 'time_s': 1.45, 'aux_inference_ms': 0.2365000000281725, 'reliability_update_ms': 0.005500001861946657, 'arbitration_ms': 0.0034999975468963385, 'extension_ms': 0.2454999994370155, 'control_compute_ms': 16.46719999916968}, {'controller': 'C3_arbitration_MPC', 'scenario': 'sensor_bias_5', 'seed': 19029, 'step': 146, 'time_s': 1.46, 'aux_inference_ms': 0.22009999884176068, 'reliability_update_ms': 0.005800000508315861, 'arbitration_ms': 0.0036999990697950125, 'extension_ms': 0.22959999841987155, 'control_compute_ms': nan}, {'controller': 'C3_arbitration_MPC', 'scenario': 'sensor_bias_5', 'seed': 19029, 'step': 147, 'time_s': 1.47, 'aux_inference_ms': 0.18419999832985923, 'reliability_update_ms': 0.004500001523410901, 'arbitration_ms': 0.0029000002541579306, 'extension_ms': 0.19160000010742806, 'control_compute_ms': nan}, {'controller': 'C3_arbitration_MPC', 'scenario': 'sensor_bias_5', 'seed': 19029, 'step': 148, 'time_s': 1.48, 'aux_inference_ms': 0.21379999816417694, 'reliability_update_ms': 0.00540000110049732, 'arbitration_ms': 0.0032999996619764715, 'extension_ms': 0.22249999892665073, 'control_compute_ms': nan}, {'controller': 'C3_arbitration_MPC', 'scenario': 'sensor_bias_5', 'seed': 19029, 'step': 149, 'time_s': 1.49, 'aux_inference_ms': 0.20039999799337238, 'reliability_update_ms': 0.005099998816149309, 'arbitration_ms': 0.0035000011848751456, 'extension_ms': 0.20899999799439684, 'control_compute_ms': nan}, {'controller': 'C3_arbitration_MPC', 'scenario': 'sensor_bias_5', 'seed': 19029, 'step': 150, 'time_s': 1.5, 'aux_inference_ms': 0.19520000205375254, 'reliability_update_ms': 0.004900000931229442, 'arbitration_ms': 0.0031999989005271345, 'extension_ms': 0.20330000188550912, 'control_compute_ms': 20.085299998754635}, {'controller': 'C3_arbitration_MPC', 'scenario': 'sensor_bias_5', 'seed': 19029, 'step': 151, 'time_s': 1.51, 'aux_inference_ms': 0.24850000045262277, 'reliability_update_ms': 0.005999998393235728, 'arbitration_ms': 0.004300000000512227, 'extension_ms': 0.2587999988463707, 'control_compute_ms': nan}, {'controller': 'C3_arbitration_MPC', 'scenario': 'sensor_bias_5', 'seed': 19029, 'step': 152, 'time_s': 1.52, 'aux_inference_ms': 0.216199998249067, 'reliability_update_ms': 0.005300000339047983, 'arbitration_ms': 0.0032999996619764715, 'extension_ms': 0.22479999825009145, 'control_compute_ms': nan}, {'controller': 'C3_arbitration_MPC', 'scenario': 'sensor_bias_5', 'seed': 19029, 'step': 153, 'time_s': 1.53, 'aux_inference_ms': 0.2021000000240747, 'reliability_update_ms': 0.00540000110049732, 'arbitration_ms': 0.0031999989005271345, 'extension_ms': 0.21070000002509914, 'control_compute_ms': nan}, {'controller': 'C3_arbitration_MPC', 'scenario': 'sensor_bias_5', 'seed': 19029, 'step': 154, 'time_s': 1.54, 'aux_inference_ms': 0.21529999867198057, 'reliability_update_ms': 0.005300000339047983, 'arbitration_ms': 0.0031999989005271345, 'extension_ms': 0.2237999979115557, 'control_compute_ms': nan}, {'controller': 'C3_arbitration_MPC', 'scenario': 'sensor_bias_5', 'seed': 19029, 'step': 155, 'time_s': 1.55, 'aux_inference_ms': 0.20399999993969686, 'reliability_update_ms': 0.004800000169780105, 'arbitration_ms': 0.0032999996619764715, 'extension_ms': 0.21209999977145344, 'control_compute_ms': 31.524500001978595}, {'controller': 'C3_arbitration_MPC', 'scenario': 'sensor_bias_5', 'seed': 19029, 'step': 156, 'time_s': 1.56, 'aux_inference_ms': 0.5156000006536487, 'reliability_update_ms': 0.011500000255182385, 'arbitration_ms': 0.007400001777568832, 'extension_ms': 0.5345000026864, 'control_compute_ms': nan}, {'controller': 'C3_arbitration_MPC', 'scenario': 'sensor_bias_5', 'seed': 19029, 'step': 157, 'time_s': 1.57, 'aux_inference_ms': 0.46570000267820433, 'reliability_update_ms': 0.009900002623908222, 'arbitration_ms': 0.006900001608300954, 'extension_ms': 0.4825000069104135, 'control_compute_ms': nan}, {'controller': 'C3_arbitration_MPC', 'scenario': 'sensor_bias_5', 'seed': 19029, 'step': 158, 'time_s': 1.58, 'aux_inference_ms': 0.4592000004777219, 'reliability_update_ms': 0.009499999578110874, 'arbitration_ms': 0.006800000846851617, 'extension_ms': 0.4755000009026844, 'control_compute_ms': nan}, {'controller': 'C3_arbitration_MPC', 'scenario': 'sensor_bias_5', 'seed': 19029, 'step': 159, 'time_s': 1.59, 'aux_inference_ms': 0.45760000284644775, 'reliability_update_ms': 0.009300001693191007, 'arbitration_ms': 0.006899997970322147, 'extension_ms': 0.4738000025099609, 'control_compute_ms': nan}, {'controller': 'C3_arbitration_MPC', 'scenario': 'sensor_bias_5', 'seed': 19029, 'step': 160, 'time_s': 1.6, 'aux_inference_ms': 0.4594000020006206, 'reliability_update_ms': 0.009199997293762863, 'arbitration_ms': 0.00670000008540228, 'extension_ms': 0.47529999937978573, 'control_compute_ms': 103.64060000210884}, {'controller': 'C3_arbitration_MPC', 'scenario': 'sensor_bias_5', 'seed': 19029, 'step': 161, 'time_s': 1.61, 'aux_inference_ms': 0.2413000001979526, 'reliability_update_ms': 0.005800000508315861, 'arbitration_ms': 0.0039000005926936865, 'extension_ms': 0.25100000129896216, 'control_compute_ms': nan}, {'controller': 'C3_arbitration_MPC', 'scenario': 'sensor_bias_5', 'seed': 19029, 'step': 162, 'time_s': 1.62, 'aux_inference_ms': 0.20880000010947697, 'reliability_update_ms': 0.005000001692678779, 'arbitration_ms': 0.0033999967854470015, 'extension_ms': 0.21719999858760275, 'control_compute_ms': nan}, {'controller': 'C3_arbitration_MPC', 'scenario': 'sensor_bias_5', 'seed': 19029, 'step': 163, 'time_s': 1.6300000000000001, 'aux_inference_ms': 0.20140000196988694, 'reliability_update_ms': 0.004099998477613553, 'arbitration_ms': 0.0028999966161791235, 'extension_ms': 0.20839999706367962, 'control_compute_ms': nan}, {'controller': 'C3_arbitration_MPC', 'scenario': 'sensor_bias_5', 'seed': 19029, 'step': 164, 'time_s': 1.6400000000000001, 'aux_inference_ms': 0.19999999858555384, 'reliability_update_ms': 0.004800000169780105, 'arbitration_ms': 0.0032999996619764715, 'extension_ms': 0.20809999841731042, 'control_compute_ms': nan}, {'controller': 'C3_arbitration_MPC', 'scenario': 'sensor_bias_5', 'seed': 19029, 'step': 165, 'time_s': 1.6500000000000001, 'aux_inference_ms': 0.19909999900846742, 'reliability_update_ms': 0.005000001692678779, 'arbitration_ms': 0.0031999989005271345, 'extension_ms': 0.20729999960167333, 'control_compute_ms': 36.10130000015488}, {'controller': 'C3_arbitration_MPC', 'scenario': 'sensor_bias_5', 'seed': 19029, 'step': 166, 'time_s': 1.6600000000000001, 'aux_inference_ms': 0.2440999996906612, 'reliability_update_ms': 0.006199999916134402, 'arbitration_ms': 0.004399997123982757, 'extension_ms': 0.25469999673077837, 'control_compute_ms': nan}, {'controller': 'C3_arbitration_MPC', 'scenario': 'sensor_bias_5', 'seed': 19029, 'step': 167, 'time_s': 1.67, 'aux_inference_ms': 0.20529999892460182, 'reliability_update_ms': 0.005199999577598646, 'arbitration_ms': 0.0034999975468963385, 'extension_ms': 0.2139999960490968, 'control_compute_ms': nan}, {'controller': 'C3_arbitration_MPC', 'scenario': 'sensor_bias_5', 'seed': 19029, 'step': 168, 'time_s': 1.68, 'aux_inference_ms': 0.5444000016723294, 'reliability_update_ms': 0.00799999907030724, 'arbitration_ms': 0.005699999746866524, 'extension_ms': 0.5581000004895031, 'control_compute_ms': nan}, {'controller': 'C3_arbitration_MPC', 'scenario': 'sensor_bias_5', 'seed': 19029, 'step': 169, 'time_s': 1.69, 'aux_inference_ms': 0.3644999997050036, 'reliability_update_ms': 0.007300001016119495, 'arbitration_ms': 0.005300000339047983, 'extension_ms': 0.37710000106017105, 'control_compute_ms': nan}, {'controller': 'C3_arbitration_MPC', 'scenario': 'sensor_bias_5', 'seed': 19029, 'step': 170, 'time_s': 1.7, 'aux_inference_ms': 0.6107999979576562, 'reliability_update_ms': 0.012500000593718141, 'arbitration_ms': 0.00920000093174167, 'extension_ms': 0.632499999483116, 'control_compute_ms': 88.7360999986413}, {'controller': 'C3_arbitration_MPC', 'scenario': 'sensor_bias_5', 'seed': 19029, 'step': 171, 'time_s': 1.71, 'aux_inference_ms': 0.38359999962267466, 'reliability_update_ms': 0.008800001523923129, 'arbitration_ms': 0.009499999578110874, 'extension_ms': 0.40190000072470866, 'control_compute_ms': nan}, {'controller': 'C3_arbitration_MPC', 'scenario': 'sensor_bias_5', 'seed': 19029, 'step': 172, 'time_s': 1.72, 'aux_inference_ms': 0.5614000001514796, 'reliability_update_ms': 0.020200001017656177, 'arbitration_ms': 0.011200001608813182, 'extension_ms': 0.592800002777949, 'control_compute_ms': nan}, {'controller': 'C3_arbitration_MPC', 'scenario': 'sensor_bias_5', 'seed': 19029, 'step': 173, 'time_s': 1.73, 'aux_inference_ms': 0.381799996830523, 'reliability_update_ms': 0.008099999831756577, 'arbitration_ms': 0.005599998985417187, 'extension_ms': 0.3954999956476968, 'control_compute_ms': nan}, {'controller': 'C3_arbitration_MPC', 'scenario': 'sensor_bias_5', 'seed': 19029, 'step': 174, 'time_s': 1.74, 'aux_inference_ms': 0.43450000157463364, 'reliability_update_ms': 0.00960000033956021, 'arbitration_ms': 0.006800000846851617, 'extension_ms': 0.45090000276104547, 'control_compute_ms': nan}, {'controller': 'C3_arbitration_MPC', 'scenario': 'sensor_bias_5', 'seed': 19029, 'step': 175, 'time_s': 1.75, 'aux_inference_ms': 0.4541000016615726, 'reliability_update_ms': 0.008800001523923129, 'arbitration_ms': 0.006499998562503606, 'extension_ms': 0.46940000174799934, 'control_compute_ms': 39.32880000138539}, {'controller': 'C3_arbitration_MPC', 'scenario': 'sensor_bias_5', 'seed': 19029, 'step': 176, 'time_s': 1.76, 'aux_inference_ms': 0.25349999850732274, 'reliability_update_ms': 0.006899997970322147, 'arbitration_ms': 0.004500001523410901, 'extension_ms': 0.2648999980010558, 'control_compute_ms': nan}, {'controller': 'C3_arbitration_MPC', 'scenario': 'sensor_bias_5', 'seed': 19029, 'step': 177, 'time_s': 1.77, 'aux_inference_ms': 0.2241000001959037, 'reliability_update_ms': 0.005599998985417187, 'arbitration_ms': 0.0032000025385059416, 'extension_ms': 0.23290000171982683, 'control_compute_ms': nan}, {'controller': 'C3_arbitration_MPC', 'scenario': 'sensor_bias_5', 'seed': 19029, 'step': 178, 'time_s': 1.78, 'aux_inference_ms': 0.23019999935058877, 'reliability_update_ms': 0.005699999746866524, 'arbitration_ms': 0.0033999967854470015, 'extension_ms': 0.2392999958829023, 'control_compute_ms': nan}, {'controller': 'C3_arbitration_MPC', 'scenario': 'sensor_bias_5', 'seed': 19029, 'step': 179, 'time_s': 1.79, 'aux_inference_ms': 0.20760000188602135, 'reliability_update_ms': 0.005099998816149309, 'arbitration_ms': 0.0034000004234258085, 'extension_ms': 0.21610000112559646, 'control_compute_ms': nan}, {'controller': 'C3_arbitration_MPC', 'scenario': 'sensor_bias_5', 'seed': 19029, 'step': 180, 'time_s': 1.8, 'aux_inference_ms': 0.3622999975050334, 'reliability_update_ms': 0.008300001354655251, 'arbitration_ms': 0.0029999973776284605, 'extension_ms': 0.3735999962373171, 'control_compute_ms': 85.50380000087898}, {'controller': 'C3_arbitration_MPC', 'scenario': 'sensor_bias_5', 'seed': 19029, 'step': 181, 'time_s': 1.81, 'aux_inference_ms': 0.2514000007067807, 'reliability_update_ms': 0.007099999493220821, 'arbitration_ms': 0.004499997885432094, 'extension_ms': 0.2629999980854336, 'control_compute_ms': nan}, {'controller': 'C3_arbitration_MPC', 'scenario': 'sensor_bias_5', 'seed': 19029, 'step': 182, 'time_s': 1.82, 'aux_inference_ms': 0.21380000180215575, 'reliability_update_ms': 0.005500001861946657, 'arbitration_ms': 0.0034000004234258085, 'extension_ms': 0.2227000040875282, 'control_compute_ms': nan}, {'controller': 'C3_arbitration_MPC', 'scenario': 'sensor_bias_5', 'seed': 19029, 'step': 183, 'time_s': 1.83, 'aux_inference_ms': 0.19919999976991676, 'reliability_update_ms': 0.005199999577598646, 'arbitration_ms': 0.0032999996619764715, 'extension_ms': 0.20769999900949188, 'control_compute_ms': nan}, {'controller': 'C3_arbitration_MPC', 'scenario': 'sensor_bias_5', 'seed': 19029, 'step': 184, 'time_s': 1.84, 'aux_inference_ms': 0.20650000078603625, 'reliability_update_ms': 0.00540000110049732, 'arbitration_ms': 0.0034000004234258085, 'extension_ms': 0.21530000230995938, 'control_compute_ms': nan}, {'controller': 'C3_arbitration_MPC', 'scenario': 'sensor_bias_5', 'seed': 19029, 'step': 185, 'time_s': 1.85, 'aux_inference_ms': 0.20679999943240546, 'reliability_update_ms': 0.005000001692678779, 'arbitration_ms': 0.0034000004234258085, 'extension_ms': 0.21520000154851004, 'control_compute_ms': 61.67079999795533}, {'controller': 'C3_arbitration_MPC', 'scenario': 'sensor_bias_5', 'seed': 19029, 'step': 186, 'time_s': 1.86, 'aux_inference_ms': 0.23330000112764537, 'reliability_update_ms': 0.005899997631786391, 'arbitration_ms': 0.0037999998312443495, 'extension_ms': 0.24299999859067611, 'control_compute_ms': nan}, {'controller': 'C3_arbitration_MPC', 'scenario': 'sensor_bias_5', 'seed': 19029, 'step': 187, 'time_s': 1.87, 'aux_inference_ms': 0.22499999977299012, 'reliability_update_ms': 0.005599998985417187, 'arbitration_ms': 0.0032999996619764715, 'extension_ms': 0.23389999842038378, 'control_compute_ms': nan}, {'controller': 'C3_arbitration_MPC', 'scenario': 'sensor_bias_5', 'seed': 19029, 'step': 188, 'time_s': 1.8800000000000001, 'aux_inference_ms': 0.2057999990938697, 'reliability_update_ms': 0.005099998816149309, 'arbitration_ms': 0.007799997547408566, 'extension_ms': 0.21869999545742758, 'control_compute_ms': nan}, {'controller': 'C3_arbitration_MPC', 'scenario': 'sensor_bias_5', 'seed': 19029, 'step': 189, 'time_s': 1.8900000000000001, 'aux_inference_ms': 0.21100000230944715, 'reliability_update_ms': 0.006000002031214535, 'arbitration_ms': 0.0037999998312443495, 'extension_ms': 0.22080000417190604, 'control_compute_ms': nan}, {'controller': 'C3_arbitration_MPC', 'scenario': 'sensor_bias_5', 'seed': 19029, 'step': 190, 'time_s': 1.9000000000000001, 'aux_inference_ms': 0.2125000028172508, 'reliability_update_ms': 0.00549999822396785, 'arbitration_ms': 0.0034999975468963385, 'extension_ms': 0.22149999858811498, 'control_compute_ms': 72.7891999995336}, {'controller': 'C3_arbitration_MPC', 'scenario': 'sensor_bias_5', 'seed': 19029, 'step': 191, 'time_s': 1.9100000000000001, 'aux_inference_ms': 0.2533000006224029, 'reliability_update_ms': 0.005599998985417187, 'arbitration_ms': 0.0036999990697950125, 'extension_ms': 0.2625999986776151, 'control_compute_ms': nan}, {'controller': 'C3_arbitration_MPC', 'scenario': 'sensor_bias_5', 'seed': 19029, 'step': 192, 'time_s': 1.92, 'aux_inference_ms': 0.19070000053034164, 'reliability_update_ms': 0.005199999577598646, 'arbitration_ms': 0.0031999989005271345, 'extension_ms': 0.19909999900846742, 'control_compute_ms': nan}, {'controller': 'C3_arbitration_MPC', 'scenario': 'sensor_bias_5', 'seed': 19029, 'step': 193, 'time_s': 1.93, 'aux_inference_ms': 0.2103000006172806, 'reliability_update_ms': 0.005099998816149309, 'arbitration_ms': 0.0036000019463244826, 'extension_ms': 0.2190000013797544, 'control_compute_ms': nan}, {'controller': 'C3_arbitration_MPC', 'scenario': 'sensor_bias_5', 'seed': 19029, 'step': 194, 'time_s': 1.94, 'aux_inference_ms': 0.19859999883919954, 'reliability_update_ms': 0.005099998816149309, 'arbitration_ms': 0.0032999996619764715, 'extension_ms': 0.20699999731732532, 'control_compute_ms': nan}, {'controller': 'C3_arbitration_MPC', 'scenario': 'sensor_bias_5', 'seed': 19029, 'step': 195, 'time_s': 1.95, 'aux_inference_ms': 0.20030000086990185, 'reliability_update_ms': 0.005300000339047983, 'arbitration_ms': 0.0032999996619764715, 'extension_ms': 0.2089000008709263, 'control_compute_ms': 102.33929999958491}, {'controller': 'C3_arbitration_MPC', 'scenario': 'sensor_bias_5', 'seed': 19029, 'step': 196, 'time_s': 1.96, 'aux_inference_ms': 0.2505999982531648, 'reliability_update_ms': 0.007400001777568832, 'arbitration_ms': 0.004500001523410901, 'extension_ms': 0.26250000155414455, 'control_compute_ms': nan}, {'controller': 'C3_arbitration_MPC', 'scenario': 'sensor_bias_5', 'seed': 19029, 'step': 197, 'time_s': 1.97, 'aux_inference_ms': 0.2316999998583924, 'reliability_update_ms': 0.006000002031214535, 'arbitration_ms': 0.004300000000512227, 'extension_ms': 0.24200000189011917, 'control_compute_ms': nan}, {'controller': 'C3_arbitration_MPC', 'scenario': 'sensor_bias_5', 'seed': 19029, 'step': 198, 'time_s': 1.98, 'aux_inference_ms': 0.21100000230944715, 'reliability_update_ms': 0.005199999577598646, 'arbitration_ms': 0.0032999996619764715, 'extension_ms': 0.21950000154902227, 'control_compute_ms': nan}, {'controller': 'C3_arbitration_MPC', 'scenario': 'sensor_bias_5', 'seed': 19029, 'step': 199, 'time_s': 1.99, 'aux_inference_ms': 0.20460000087041408, 'reliability_update_ms': 0.005199999577598646, 'arbitration_ms': 0.0032999996619764715, 'extension_ms': 0.2131000001099892, 'control_compute_ms': nan}, {'controller': 'C3_arbitration_MPC', 'scenario': 'sensor_bias_5', 'seed': 19029, 'step': 200, 'time_s': 2.0, 'aux_inference_ms': 0.2105999992636498, 'reliability_update_ms': 0.005300000339047983, 'arbitration_ms': 0.004999998054699972, 'extension_ms': 0.22089999765739776, 'control_compute_ms': 53.09629999828758}, {'controller': 'C3_arbitration_MPC', 'scenario': 'sensor_bias_5', 'seed': 19029, 'step': 201, 'time_s': 2.0100000000000002, 'aux_inference_ms': 0.25240000104531646, 'reliability_update_ms': 0.006199999916134402, 'arbitration_ms': 0.005000001692678779, 'extension_ms': 0.26360000265412964, 'control_compute_ms': nan}, {'controller': 'C3_arbitration_MPC', 'scenario': 'sensor_bias_5', 'seed': 19029, 'step': 202, 'time_s': 2.02, 'aux_inference_ms': 0.22519999765791, 'reliability_update_ms': 0.00540000110049732, 'arbitration_ms': 0.004800000169780105, 'extension_ms': 0.23539999892818742, 'control_compute_ms': nan}, {'controller': 'C3_arbitration_MPC', 'scenario': 'sensor_bias_5', 'seed': 19029, 'step': 203, 'time_s': 2.0300000000000002, 'aux_inference_ms': 0.2021000000240747, 'reliability_update_ms': 0.005300000339047983, 'arbitration_ms': 0.004699999408330768, 'extension_ms': 0.21209999977145344, 'control_compute_ms': nan}, {'controller': 'C3_arbitration_MPC', 'scenario': 'sensor_bias_5', 'seed': 19029, 'step': 204, 'time_s': 2.04, 'aux_inference_ms': 0.21080000078654848, 'reliability_update_ms': 0.005600002623395994, 'arbitration_ms': 0.004799996531801298, 'extension_ms': 0.22119999994174577, 'control_compute_ms': nan}, {'controller': 'C3_arbitration_MPC', 'scenario': 'sensor_bias_5', 'seed': 19029, 'step': 205, 'time_s': 2.05, 'aux_inference_ms': 0.22199999875738285, 'reliability_update_ms': 0.005100002454128116, 'arbitration_ms': 0.004400000761961564, 'extension_ms': 0.23150000197347254, 'control_compute_ms': 76.79319999806467}, {'controller': 'C3_arbitration_MPC', 'scenario': 'sensor_bias_5', 'seed': 19029, 'step': 206, 'time_s': 2.06, 'aux_inference_ms': 0.2516999993531499, 'reliability_update_ms': 0.006400001439033076, 'arbitration_ms': 0.006099999154685065, 'extension_ms': 0.26419999994686805, 'control_compute_ms': nan}, {'controller': 'C3_arbitration_MPC', 'scenario': 'sensor_bias_5', 'seed': 19029, 'step': 207, 'time_s': 2.07, 'aux_inference_ms': 0.20650000078603625, 'reliability_update_ms': 0.006000002031214535, 'arbitration_ms': 0.004900000931229442, 'extension_ms': 0.21740000374848023, 'control_compute_ms': nan}, {'controller': 'C3_arbitration_MPC', 'scenario': 'sensor_bias_5', 'seed': 19029, 'step': 208, 'time_s': 2.08, 'aux_inference_ms': 0.194500000361586, 'reliability_update_ms': 0.005200003215577453, 'arbitration_ms': 0.004499997885432094, 'extension_ms': 0.20420000146259554, 'control_compute_ms': nan}, {'controller': 'C3_arbitration_MPC', 'scenario': 'sensor_bias_5', 'seed': 19029, 'step': 209, 'time_s': 2.09, 'aux_inference_ms': 0.2069000001938548, 'reliability_update_ms': 0.005399997462518513, 'arbitration_ms': 0.004699999408330768, 'extension_ms': 0.21699999706470408, 'control_compute_ms': nan}, {'controller': 'C3_arbitration_MPC', 'scenario': 'sensor_bias_5', 'seed': 19029, 'step': 210, 'time_s': 2.1, 'aux_inference_ms': 0.15619999976479448, 'reliability_update_ms': 0.0039000005926936865, 'arbitration_ms': 0.0036000019463244826, 'extension_ms': 0.16370000230381265, 'control_compute_ms': 38.51740000027348}, {'controller': 'C3_arbitration_MPC', 'scenario': 'sensor_bias_5', 'seed': 19029, 'step': 211, 'time_s': 2.11, 'aux_inference_ms': 0.2286000017193146, 'reliability_update_ms': 0.006300000677583739, 'arbitration_ms': 0.004900000931229442, 'extension_ms': 0.2398000033281278, 'control_compute_ms': nan}, {'controller': 'C3_arbitration_MPC', 'scenario': 'sensor_bias_5', 'seed': 19029, 'step': 212, 'time_s': 2.12, 'aux_inference_ms': 0.20729999960167333, 'reliability_update_ms': 0.00549999822396785, 'arbitration_ms': 0.0047000030463095754, 'extension_ms': 0.21750000087195076, 'control_compute_ms': nan}, {'controller': 'C3_arbitration_MPC', 'scenario': 'sensor_bias_5', 'seed': 19029, 'step': 213, 'time_s': 2.13, 'aux_inference_ms': 0.19309999697725289, 'reliability_update_ms': 0.005000001692678779, 'arbitration_ms': 0.004500001523410901, 'extension_ms': 0.20260000019334257, 'control_compute_ms': nan}, {'controller': 'C3_arbitration_MPC', 'scenario': 'sensor_bias_5', 'seed': 19029, 'step': 214, 'time_s': 2.14, 'aux_inference_ms': 0.20060000315424986, 'reliability_update_ms': 0.005199999577598646, 'arbitration_ms': 0.004499997885432094, 'extension_ms': 0.2103000006172806, 'control_compute_ms': nan}, {'controller': 'C3_arbitration_MPC', 'scenario': 'sensor_bias_5', 'seed': 19029, 'step': 215, 'time_s': 2.15, 'aux_inference_ms': 0.1641000017116312, 'reliability_update_ms': 0.005299996701069176, 'arbitration_ms': 0.004600002284860238, 'extension_ms': 0.1740000006975606, 'control_compute_ms': 69.57239999974263}, {'controller': 'C3_arbitration_MPC', 'scenario': 'sensor_bias_5', 'seed': 19029, 'step': 216, 'time_s': 2.16, 'aux_inference_ms': 0.511399997776607, 'reliability_update_ms': 0.011800002539530396, 'arbitration_ms': 0.01049999991664663, 'extension_ms': 0.5337000002327841, 'control_compute_ms': nan}, {'controller': 'C3_arbitration_MPC', 'scenario': 'sensor_bias_5', 'seed': 19029, 'step': 217, 'time_s': 2.17, 'aux_inference_ms': 0.4638999998860527, 'reliability_update_ms': 0.00960000033956021, 'arbitration_ms': 0.009499999578110874, 'extension_ms': 0.48299999980372377, 'control_compute_ms': nan}, {'controller': 'C3_arbitration_MPC', 'scenario': 'sensor_bias_5', 'seed': 19029, 'step': 218, 'time_s': 2.18, 'aux_inference_ms': 0.44539999726112, 'reliability_update_ms': 0.008899998647393659, 'arbitration_ms': 0.009499999578110874, 'extension_ms': 0.46379999548662454, 'control_compute_ms': nan}, {'controller': 'C3_arbitration_MPC', 'scenario': 'sensor_bias_5', 'seed': 19029, 'step': 219, 'time_s': 2.19, 'aux_inference_ms': 0.4440000011527445, 'reliability_update_ms': 0.008900002285372466, 'arbitration_ms': 0.009499999578110874, 'extension_ms': 0.46240000301622786, 'control_compute_ms': nan}, {'controller': 'C3_arbitration_MPC', 'scenario': 'sensor_bias_5', 'seed': 19029, 'step': 220, 'time_s': 2.2, 'aux_inference_ms': 0.44239999988349155, 'reliability_update_ms': 0.008999999408842996, 'arbitration_ms': 0.00950000321608968, 'extension_ms': 0.4609000025084242, 'control_compute_ms': 64.89860000147019}, {'controller': 'C3_arbitration_MPC', 'scenario': 'sensor_bias_5', 'seed': 19029, 'step': 221, 'time_s': 2.21, 'aux_inference_ms': 0.2539000015531201, 'reliability_update_ms': 0.006899997970322147, 'arbitration_ms': 0.005899997631786391, 'extension_ms': 0.26669999715522863, 'control_compute_ms': nan}, {'controller': 'C3_arbitration_MPC', 'scenario': 'sensor_bias_5', 'seed': 19029, 'step': 222, 'time_s': 2.22, 'aux_inference_ms': 0.23349999901256524, 'reliability_update_ms': 0.006100002792663872, 'arbitration_ms': 0.005399997462518513, 'extension_ms': 0.24499999926774763, 'control_compute_ms': nan}, {'controller': 'C3_arbitration_MPC', 'scenario': 'sensor_bias_5', 'seed': 19029, 'step': 223, 'time_s': 2.23, 'aux_inference_ms': 0.1951000012923032, 'reliability_update_ms': 0.005699999746866524, 'arbitration_ms': 0.005399997462518513, 'extension_ms': 0.20619999850168824, 'control_compute_ms': nan}, {'controller': 'C3_arbitration_MPC', 'scenario': 'sensor_bias_5', 'seed': 19029, 'step': 224, 'time_s': 2.24, 'aux_inference_ms': 0.19320000137668103, 'reliability_update_ms': 0.00540000110049732, 'arbitration_ms': 0.004699999408330768, 'extension_ms': 0.20330000188550912, 'control_compute_ms': nan}, {'controller': 'C3_arbitration_MPC', 'scenario': 'sensor_bias_5', 'seed': 19029, 'step': 225, 'time_s': 2.25, 'aux_inference_ms': 0.24510000002919696, 'reliability_update_ms': 0.005100002454128116, 'arbitration_ms': 0.004599998646881431, 'extension_ms': 0.2548000011302065, 'control_compute_ms': 73.09750000058557}, {'controller': 'C3_arbitration_MPC', 'scenario': 'sensor_bias_5', 'seed': 19029, 'step': 226, 'time_s': 2.2600000000000002, 'aux_inference_ms': 0.24249999842140824, 'reliability_update_ms': 0.006399997801054269, 'arbitration_ms': 0.005600002623395994, 'extension_ms': 0.2544999988458585, 'control_compute_ms': nan}, {'controller': 'C3_arbitration_MPC', 'scenario': 'sensor_bias_5', 'seed': 19029, 'step': 227, 'time_s': 2.27, 'aux_inference_ms': 0.2096999996865634, 'reliability_update_ms': 0.005599998985417187, 'arbitration_ms': 0.004900000931229442, 'extension_ms': 0.22019999960321002, 'control_compute_ms': nan}, {'controller': 'C3_arbitration_MPC', 'scenario': 'sensor_bias_5', 'seed': 19029, 'step': 228, 'time_s': 2.2800000000000002, 'aux_inference_ms': 0.2052000018011313, 'reliability_update_ms': 0.005300000339047983, 'arbitration_ms': 0.004599998646881431, 'extension_ms': 0.2151000007870607, 'control_compute_ms': nan}, {'controller': 'C3_arbitration_MPC', 'scenario': 'sensor_bias_5', 'seed': 19029, 'step': 229, 'time_s': 2.29, 'aux_inference_ms': 0.20260000019334257, 'reliability_update_ms': 0.00540000110049732, 'arbitration_ms': 0.004699999408330768, 'extension_ms': 0.21270000070217066, 'control_compute_ms': nan}, {'controller': 'C3_arbitration_MPC', 'scenario': 'sensor_bias_5', 'seed': 19029, 'step': 230, 'time_s': 2.3000000000000003, 'aux_inference_ms': 0.1950999976543244, 'reliability_update_ms': 0.005099998816149309, 'arbitration_ms': 0.004600002284860238, 'extension_ms': 0.20479999875533395, 'control_compute_ms': 62.28399999963585}, {'controller': 'C3_arbitration_MPC', 'scenario': 'sensor_bias_5', 'seed': 19029, 'step': 231, 'time_s': 2.31, 'aux_inference_ms': 0.5263999992166646, 'reliability_update_ms': 0.01170000177808106, 'arbitration_ms': 0.011200001608813182, 'extension_ms': 0.5493000026035588, 'control_compute_ms': nan}, {'controller': 'C3_arbitration_MPC', 'scenario': 'sensor_bias_5', 'seed': 19029, 'step': 232, 'time_s': 2.32, 'aux_inference_ms': 0.4659000005631242, 'reliability_update_ms': 0.009900002623908222, 'arbitration_ms': 0.010399999155197293, 'extension_ms': 0.4862000023422297, 'control_compute_ms': nan}, {'controller': 'C3_arbitration_MPC', 'scenario': 'sensor_bias_5', 'seed': 19029, 'step': 233, 'time_s': 2.33, 'aux_inference_ms': 0.46329999895533547, 'reliability_update_ms': 0.009899998985929415, 'arbitration_ms': 0.009899998985929415, 'extension_ms': 0.4830999969271943, 'control_compute_ms': nan}, {'controller': 'C3_arbitration_MPC', 'scenario': 'sensor_bias_5', 'seed': 19029, 'step': 234, 'time_s': 2.34, 'aux_inference_ms': 0.1923000017995946, 'reliability_update_ms': 0.004999998054699972, 'arbitration_ms': 0.0039000005926936865, 'extension_ms': 0.20120000044698827, 'control_compute_ms': nan}, {'controller': 'C3_arbitration_MPC', 'scenario': 'sensor_bias_5', 'seed': 19029, 'step': 235, 'time_s': 2.35, 'aux_inference_ms': 0.16319999849656597, 'reliability_update_ms': 0.004300000000512227, 'arbitration_ms': 0.0036999990697950125, 'extension_ms': 0.1711999975668732, 'control_compute_ms': 82.53759999934118}, {'controller': 'C3_arbitration_MPC', 'scenario': 'sensor_bias_5', 'seed': 19029, 'step': 236, 'time_s': 2.36, 'aux_inference_ms': 0.51299999904586, 'reliability_update_ms': 0.011899999663000926, 'arbitration_ms': 0.011399999493733048, 'extension_ms': 0.536299998202594, 'control_compute_ms': nan}, {'controller': 'C3_arbitration_MPC', 'scenario': 'sensor_bias_5', 'seed': 19029, 'step': 237, 'time_s': 2.37, 'aux_inference_ms': 0.49030000081984326, 'reliability_update_ms': 0.010200001270277426, 'arbitration_ms': 0.009899998985929415, 'extension_ms': 0.5104000010760501, 'control_compute_ms': nan}, {'controller': 'C3_arbitration_MPC', 'scenario': 'sensor_bias_5', 'seed': 19029, 'step': 238, 'time_s': 2.38, 'aux_inference_ms': 0.45899999895482324, 'reliability_update_ms': 0.009799998224480078, 'arbitration_ms': 0.009800001862458885, 'extension_ms': 0.4785999990417622, 'control_compute_ms': nan}, {'controller': 'C3_arbitration_MPC', 'scenario': 'sensor_bias_5', 'seed': 19029, 'step': 239, 'time_s': 2.39, 'aux_inference_ms': 0.4554999977699481, 'reliability_update_ms': 0.009900002623908222, 'arbitration_ms': 0.009700001101009548, 'extension_ms': 0.47510000149486586, 'control_compute_ms': nan}, {'controller': 'C3_arbitration_MPC', 'scenario': 'sensor_bias_5', 'seed': 19029, 'step': 240, 'time_s': 2.4, 'aux_inference_ms': 0.4554999977699481, 'reliability_update_ms': 0.00960000033956021, 'arbitration_ms': 0.009999999747378752, 'extension_ms': 0.47509999785688706, 'control_compute_ms': 85.14009999998962}, {'controller': 'C3_arbitration_MPC', 'scenario': 'sensor_bias_5', 'seed': 19029, 'step': 241, 'time_s': 2.41, 'aux_inference_ms': 0.2629000009619631, 'reliability_update_ms': 0.00790000194683671, 'arbitration_ms': 0.006400001439033076, 'extension_ms': 0.2772000043478329, 'control_compute_ms': nan}, {'controller': 'C3_arbitration_MPC', 'scenario': 'sensor_bias_5', 'seed': 19029, 'step': 242, 'time_s': 2.42, 'aux_inference_ms': 0.23490000239689834, 'reliability_update_ms': 0.005800000508315861, 'arbitration_ms': 0.005399997462518513, 'extension_ms': 0.24610000036773272, 'control_compute_ms': nan}, {'controller': 'C3_arbitration_MPC', 'scenario': 'sensor_bias_5', 'seed': 19029, 'step': 243, 'time_s': 2.43, 'aux_inference_ms': 0.20479999875533395, 'reliability_update_ms': 0.005699999746866524, 'arbitration_ms': 0.005099998816149309, 'extension_ms': 0.21559999731834978, 'control_compute_ms': nan}, {'controller': 'C3_arbitration_MPC', 'scenario': 'sensor_bias_5', 'seed': 19029, 'step': 244, 'time_s': 2.44, 'aux_inference_ms': 0.20530000256258063, 'reliability_update_ms': 0.00540000110049732, 'arbitration_ms': 0.004800000169780105, 'extension_ms': 0.21550000383285806, 'control_compute_ms': nan}, {'controller': 'C3_arbitration_MPC', 'scenario': 'sensor_bias_5', 'seed': 19029, 'step': 245, 'time_s': 2.45, 'aux_inference_ms': 0.21579999884124845, 'reliability_update_ms': 0.004999998054699972, 'arbitration_ms': 0.004600002284860238, 'extension_ms': 0.22539999918080866, 'control_compute_ms': 62.96719999954803}, {'controller': 'C3_arbitration_MPC', 'scenario': 'sensor_bias_5', 'seed': 19029, 'step': 246, 'time_s': 2.46, 'aux_inference_ms': 0.32890000147745013, 'reliability_update_ms': 0.007599999662488699, 'arbitration_ms': 0.006999998731771484, 'extension_ms': 0.3434999998717103, 'control_compute_ms': nan}, {'controller': 'C3_arbitration_MPC', 'scenario': 'sensor_bias_5', 'seed': 19029, 'step': 247, 'time_s': 2.47, 'aux_inference_ms': 0.2322999971511308, 'reliability_update_ms': 0.006499998562503606, 'arbitration_ms': 0.005999998393235728, 'extension_ms': 0.24479999410687014, 'control_compute_ms': nan}, {'controller': 'C3_arbitration_MPC', 'scenario': 'sensor_bias_5', 'seed': 19029, 'step': 248, 'time_s': 2.48, 'aux_inference_ms': 0.16549999782000668, 'reliability_update_ms': 0.00419999923906289, 'arbitration_ms': 0.0037999998312443495, 'extension_ms': 0.17349999689031392, 'control_compute_ms': nan}, {'controller': 'C3_arbitration_MPC', 'scenario': 'sensor_bias_5', 'seed': 19029, 'step': 249, 'time_s': 2.49, 'aux_inference_ms': 0.26190000062342733, 'reliability_update_ms': 0.00549999822396785, 'arbitration_ms': 0.004900000931229442, 'extension_ms': 0.2722999997786246, 'control_compute_ms': nan}, {'controller': 'C3_arbitration_MPC', 'scenario': 'sensor_bias_5', 'seed': 19029, 'step': 250, 'time_s': 2.5, 'aux_inference_ms': 0.21159999960218556, 'reliability_update_ms': 0.005199999577598646, 'arbitration_ms': 0.004699999408330768, 'extension_ms': 0.22149999858811498, 'control_compute_ms': 34.29689999757102}, {'controller': 'C3_arbitration_MPC', 'scenario': 'sensor_bias_5', 'seed': 19029, 'step': 251, 'time_s': 2.5100000000000002, 'aux_inference_ms': 0.2559000022301916, 'reliability_update_ms': 0.00670000008540228, 'arbitration_ms': 0.006199999916134402, 'extension_ms': 0.2688000022317283, 'control_compute_ms': nan}, {'controller': 'C3_arbitration_MPC', 'scenario': 'sensor_bias_5', 'seed': 19029, 'step': 252, 'time_s': 2.52, 'aux_inference_ms': 0.2151000007870607, 'reliability_update_ms': 0.005899997631786391, 'arbitration_ms': 0.004900000931229442, 'extension_ms': 0.22589999935007654, 'control_compute_ms': nan}, {'controller': 'C3_arbitration_MPC', 'scenario': 'sensor_bias_5', 'seed': 19029, 'step': 253, 'time_s': 2.5300000000000002, 'aux_inference_ms': 0.2365000000281725, 'reliability_update_ms': 0.006000002031214535, 'arbitration_ms': 0.004900000931229442, 'extension_ms': 0.24740000299061649, 'control_compute_ms': nan}, {'controller': 'C3_arbitration_MPC', 'scenario': 'sensor_bias_5', 'seed': 19029, 'step': 254, 'time_s': 2.54, 'aux_inference_ms': 0.20429999858606607, 'reliability_update_ms': 0.005300000339047983, 'arbitration_ms': 0.004500001523410901, 'extension_ms': 0.21410000044852495, 'control_compute_ms': nan}, {'controller': 'C3_arbitration_MPC', 'scenario': 'sensor_bias_5', 'seed': 19029, 'step': 255, 'time_s': 2.5500000000000003, 'aux_inference_ms': 0.36750000072061084, 'reliability_update_ms': 0.008099999831756577, 'arbitration_ms': 0.007800001185387373, 'extension_ms': 0.3834000017377548, 'control_compute_ms': 73.18089999898802}, {'controller': 'C3_arbitration_MPC', 'scenario': 'sensor_bias_5', 'seed': 19029, 'step': 256, 'time_s': 2.56, 'aux_inference_ms': 0.2571000004536472, 'reliability_update_ms': 0.007200000254670158, 'arbitration_ms': 0.006499998562503606, 'extension_ms': 0.270799999270821, 'control_compute_ms': nan}, {'controller': 'C3_arbitration_MPC', 'scenario': 'sensor_bias_5', 'seed': 19029, 'step': 257, 'time_s': 2.57, 'aux_inference_ms': 0.21239999841782264, 'reliability_update_ms': 0.005800000508315861, 'arbitration_ms': 0.005500001861946657, 'extension_ms': 0.22370000078808516, 'control_compute_ms': nan}, {'controller': 'C3_arbitration_MPC', 'scenario': 'sensor_bias_5', 'seed': 19029, 'step': 258, 'time_s': 2.58, 'aux_inference_ms': 0.20500000027823262, 'reliability_update_ms': 0.004999998054699972, 'arbitration_ms': 0.004699999408330768, 'extension_ms': 0.21469999774126336, 'control_compute_ms': nan}, {'controller': 'C3_arbitration_MPC', 'scenario': 'sensor_bias_5', 'seed': 19029, 'step': 259, 'time_s': 2.59, 'aux_inference_ms': 0.1998999978241045, 'reliability_update_ms': 0.004999998054699972, 'arbitration_ms': 0.004499997885432094, 'extension_ms': 0.20939999376423657, 'control_compute_ms': nan}, {'controller': 'C3_arbitration_MPC', 'scenario': 'sensor_bias_5', 'seed': 19029, 'step': 260, 'time_s': 2.6, 'aux_inference_ms': 0.19190000239177607, 'reliability_update_ms': 0.004800000169780105, 'arbitration_ms': 0.004400000761961564, 'extension_ms': 0.20110000332351774, 'control_compute_ms': 77.22159999684663}, {'controller': 'C3_arbitration_MPC', 'scenario': 'sensor_bias_5', 'seed': 19029, 'step': 261, 'time_s': 2.61, 'aux_inference_ms': 0.7578999975521583, 'reliability_update_ms': 0.012699998478638008, 'arbitration_ms': 0.01309999788645655, 'extension_ms': 0.7836999939172529, 'control_compute_ms': nan}, {'controller': 'C3_arbitration_MPC', 'scenario': 'sensor_bias_5', 'seed': 19029, 'step': 262, 'time_s': 2.62, 'aux_inference_ms': 0.6332000011752825, 'reliability_update_ms': 0.01080000220099464, 'arbitration_ms': 0.010699997801566496, 'extension_ms': 0.6547000011778437, 'control_compute_ms': nan}, {'controller': 'C3_arbitration_MPC', 'scenario': 'sensor_bias_5', 'seed': 19029, 'step': 263, 'time_s': 2.63, 'aux_inference_ms': 0.5920000003243331, 'reliability_update_ms': 0.00960000033956021, 'arbitration_ms': 0.009999999747378752, 'extension_ms': 0.611600000411272, 'control_compute_ms': nan}, {'controller': 'C3_arbitration_MPC', 'scenario': 'sensor_bias_5', 'seed': 19029, 'step': 264, 'time_s': 2.64, 'aux_inference_ms': 0.47199999971780926, 'reliability_update_ms': 0.00960000033956021, 'arbitration_ms': 0.010300002031726763, 'extension_ms': 0.49190000208909623, 'control_compute_ms': nan}, {'controller': 'C3_arbitration_MPC', 'scenario': 'sensor_bias_5', 'seed': 19029, 'step': 265, 'time_s': 2.65, 'aux_inference_ms': 0.47190000259433873, 'reliability_update_ms': 0.009899998985929415, 'arbitration_ms': 0.00969999746303074, 'extension_ms': 0.4914999990432989, 'control_compute_ms': 80.81890000175918}, {'controller': 'C3_arbitration_MPC', 'scenario': 'sensor_bias_5', 'seed': 19029, 'step': 266, 'time_s': 2.66, 'aux_inference_ms': 0.5383999996411148, 'reliability_update_ms': 0.013299999409355223, 'arbitration_ms': 0.012200001947348937, 'extension_ms': 0.563900000997819, 'control_compute_ms': nan}, {'controller': 'C3_arbitration_MPC', 'scenario': 'sensor_bias_5', 'seed': 19029, 'step': 267, 'time_s': 2.67, 'aux_inference_ms': 0.47450000056414865, 'reliability_update_ms': 0.010100000508828089, 'arbitration_ms': 0.009700001101009548, 'extension_ms': 0.4943000021739863, 'control_compute_ms': nan}, {'controller': 'C3_arbitration_MPC', 'scenario': 'sensor_bias_5', 'seed': 19029, 'step': 268, 'time_s': 2.68, 'aux_inference_ms': 0.4687000000558328, 'reliability_update_ms': 0.009999999747378752, 'arbitration_ms': 0.009499999578110874, 'extension_ms': 0.4881999993813224, 'control_compute_ms': nan}, {'controller': 'C3_arbitration_MPC', 'scenario': 'sensor_bias_5', 'seed': 19029, 'step': 269, 'time_s': 2.69, 'aux_inference_ms': 0.4861999987042509, 'reliability_update_ms': 0.009900002623908222, 'arbitration_ms': 0.009899998985929415, 'extension_ms': 0.5060000003140885, 'control_compute_ms': nan}, {'controller': 'C3_arbitration_MPC', 'scenario': 'sensor_bias_5', 'seed': 19029, 'step': 270, 'time_s': 2.7, 'aux_inference_ms': 0.45870000030845404, 'reliability_update_ms': 0.009499999578110874, 'arbitration_ms': 0.009499999578110874, 'extension_ms': 0.4776999994646758, 'control_compute_ms': 87.81459999954677}, {'controller': 'C3_arbitration_MPC', 'scenario': 'sensor_bias_5', 'seed': 19029, 'step': 271, 'time_s': 2.71, 'aux_inference_ms': 0.26250000155414455, 'reliability_update_ms': 0.007200000254670158, 'arbitration_ms': 0.005900001269765198, 'extension_ms': 0.2756000030785799, 'control_compute_ms': nan}, {'controller': 'C3_arbitration_MPC', 'scenario': 'sensor_bias_5', 'seed': 19029, 'step': 272, 'time_s': 2.72, 'aux_inference_ms': 0.22539999918080866, 'reliability_update_ms': 0.00540000110049732, 'arbitration_ms': 0.004699999408330768, 'extension_ms': 0.23549999968963675, 'control_compute_ms': nan}, {'controller': 'C3_arbitration_MPC', 'scenario': 'sensor_bias_5', 'seed': 19029, 'step': 273, 'time_s': 2.73, 'aux_inference_ms': 0.18529999942984432, 'reliability_update_ms': 0.0040000013541430235, 'arbitration_ms': 0.0035999983083456755, 'extension_ms': 0.19289999909233302, 'control_compute_ms': nan}, {'controller': 'C3_arbitration_MPC', 'scenario': 'sensor_bias_5', 'seed': 19029, 'step': 274, 'time_s': 2.74, 'aux_inference_ms': 0.22370000078808516, 'reliability_update_ms': 0.005699999746866524, 'arbitration_ms': 0.004800000169780105, 'extension_ms': 0.2342000007047318, 'control_compute_ms': nan}, {'controller': 'C3_arbitration_MPC', 'scenario': 'sensor_bias_5', 'seed': 19029, 'step': 275, 'time_s': 2.75, 'aux_inference_ms': 0.20809999841731042, 'reliability_update_ms': 0.00540000110049732, 'arbitration_ms': 0.004699999408330768, 'extension_ms': 0.2181999989261385, 'control_compute_ms': 92.99749999991036}, {'controller': 'C3_arbitration_MPC', 'scenario': 'sensor_bias_5', 'seed': 19029, 'step': 276, 'time_s': 2.7600000000000002, 'aux_inference_ms': 0.22990000070421956, 'reliability_update_ms': 0.007599999662488699, 'arbitration_ms': 0.006199999916134402, 'extension_ms': 0.24370000028284267, 'control_compute_ms': nan}, {'controller': 'C3_arbitration_MPC', 'scenario': 'sensor_bias_5', 'seed': 19029, 'step': 277, 'time_s': 2.77, 'aux_inference_ms': 0.23920000239741057, 'reliability_update_ms': 0.006199999916134402, 'arbitration_ms': 0.00549999822396785, 'extension_ms': 0.2509000005375128, 'control_compute_ms': nan}, {'controller': 'C3_arbitration_MPC', 'scenario': 'sensor_bias_5', 'seed': 19029, 'step': 278, 'time_s': 2.7800000000000002, 'aux_inference_ms': 0.20320000112405978, 'reliability_update_ms': 0.005099998816149309, 'arbitration_ms': 0.004599998646881431, 'extension_ms': 0.21289999858709052, 'control_compute_ms': nan}, {'controller': 'C3_arbitration_MPC', 'scenario': 'sensor_bias_5', 'seed': 19029, 'step': 279, 'time_s': 2.79, 'aux_inference_ms': 0.21259999994072132, 'reliability_update_ms': 0.005300000339047983, 'arbitration_ms': 0.004699999408330768, 'extension_ms': 0.22259999968810007, 'control_compute_ms': nan}, {'controller': 'C3_arbitration_MPC', 'scenario': 'sensor_bias_5', 'seed': 19029, 'step': 280, 'time_s': 2.8000000000000003, 'aux_inference_ms': 0.20669999867095612, 'reliability_update_ms': 0.005199999577598646, 'arbitration_ms': 0.004600002284860238, 'extension_ms': 0.216500000533415, 'control_compute_ms': 17.840299999079434}, {'controller': 'C3_arbitration_MPC', 'scenario': 'sensor_bias_5', 'seed': 19029, 'step': 281, 'time_s': 2.81, 'aux_inference_ms': 0.26960000104736537, 'reliability_update_ms': 0.00670000008540228, 'arbitration_ms': 0.005599998985417187, 'extension_ms': 0.28190000011818483, 'control_compute_ms': nan}, {'controller': 'C3_arbitration_MPC', 'scenario': 'sensor_bias_5', 'seed': 19029, 'step': 282, 'time_s': 2.82, 'aux_inference_ms': 0.20530000256258063, 'reliability_update_ms': 0.005199999577598646, 'arbitration_ms': 0.004599998646881431, 'extension_ms': 0.2151000007870607, 'control_compute_ms': nan}, {'controller': 'C3_arbitration_MPC', 'scenario': 'sensor_bias_5', 'seed': 19029, 'step': 283, 'time_s': 2.83, 'aux_inference_ms': 0.19910000264644623, 'reliability_update_ms': 0.005099998816149309, 'arbitration_ms': 0.004499997885432094, 'extension_ms': 0.20869999934802763, 'control_compute_ms': nan}, {'controller': 'C3_arbitration_MPC', 'scenario': 'sensor_bias_5', 'seed': 19029, 'step': 284, 'time_s': 2.84, 'aux_inference_ms': 0.23299999884329736, 'reliability_update_ms': 0.00549999822396785, 'arbitration_ms': 0.004699999408330768, 'extension_ms': 0.24319999647559598, 'control_compute_ms': nan}, {'controller': 'C3_arbitration_MPC', 'scenario': 'sensor_bias_5', 'seed': 19029, 'step': 285, 'time_s': 2.85, 'aux_inference_ms': 0.20190000213915482, 'reliability_update_ms': 0.005199999577598646, 'arbitration_ms': 0.004600002284860238, 'extension_ms': 0.2117000040016137, 'control_compute_ms': 24.559500001487322}, {'controller': 'C3_arbitration_MPC', 'scenario': 'sensor_bias_5', 'seed': 19029, 'step': 286, 'time_s': 2.86, 'aux_inference_ms': 0.2759000017249491, 'reliability_update_ms': 0.00670000008540228, 'arbitration_ms': 0.005699999746866524, 'extension_ms': 0.2883000015572179, 'control_compute_ms': nan}, {'controller': 'C3_arbitration_MPC', 'scenario': 'sensor_bias_5', 'seed': 19029, 'step': 287, 'time_s': 2.87, 'aux_inference_ms': 0.19740000061574392, 'reliability_update_ms': 0.005099998816149309, 'arbitration_ms': 0.004900000931229442, 'extension_ms': 0.20740000036312267, 'control_compute_ms': nan}, {'controller': 'C3_arbitration_MPC', 'scenario': 'sensor_bias_5', 'seed': 19029, 'step': 288, 'time_s': 2.88, 'aux_inference_ms': 0.16449999748147093, 'reliability_update_ms': 0.004300000000512227, 'arbitration_ms': 0.0037999998312443495, 'extension_ms': 0.1725999973132275, 'control_compute_ms': nan}, {'controller': 'C3_arbitration_MPC', 'scenario': 'sensor_bias_5', 'seed': 19029, 'step': 289, 'time_s': 2.89, 'aux_inference_ms': 0.1869000006990973, 'reliability_update_ms': 0.008000002708286047, 'arbitration_ms': 0.007000002369750291, 'extension_ms': 0.20190000577713363, 'control_compute_ms': nan}, {'controller': 'C3_arbitration_MPC', 'scenario': 'sensor_bias_5', 'seed': 19029, 'step': 290, 'time_s': 2.9, 'aux_inference_ms': 0.33940000139409676, 'reliability_update_ms': 0.007499998901039362, 'arbitration_ms': 0.006499998562503606, 'extension_ms': 0.35339999885763973, 'control_compute_ms': 102.05470000073547}, {'controller': 'C3_arbitration_MPC', 'scenario': 'sensor_bias_5', 'seed': 19029, 'step': 291, 'time_s': 2.91, 'aux_inference_ms': 0.27159999808645807, 'reliability_update_ms': 0.007599999662488699, 'arbitration_ms': 0.006400001439033076, 'extension_ms': 0.28559999918797985, 'control_compute_ms': nan}, {'controller': 'C3_arbitration_MPC', 'scenario': 'sensor_bias_5', 'seed': 19029, 'step': 292, 'time_s': 2.92, 'aux_inference_ms': 0.23850000070524402, 'reliability_update_ms': 0.005900001269765198, 'arbitration_ms': 0.004900000931229442, 'extension_ms': 0.24930000290623866, 'control_compute_ms': nan}, {'controller': 'C3_arbitration_MPC', 'scenario': 'sensor_bias_5', 'seed': 19029, 'step': 293, 'time_s': 2.93, 'aux_inference_ms': 0.21109999943291768, 'reliability_update_ms': 0.006000002031214535, 'arbitration_ms': 0.004999998054699972, 'extension_ms': 0.2220999995188322, 'control_compute_ms': nan}, {'controller': 'C3_arbitration_MPC', 'scenario': 'sensor_bias_5', 'seed': 19029, 'step': 294, 'time_s': 2.94, 'aux_inference_ms': 0.19859999883919954, 'reliability_update_ms': 0.005199999577598646, 'arbitration_ms': 0.004500001523410901, 'extension_ms': 0.2082999999402091, 'control_compute_ms': nan}, {'controller': 'C3_arbitration_MPC', 'scenario': 'sensor_bias_5', 'seed': 19029, 'step': 295, 'time_s': 2.95, 'aux_inference_ms': 0.21489999926416203, 'reliability_update_ms': 0.00549999822396785, 'arbitration_ms': 0.004800000169780105, 'extension_ms': 0.22519999765791, 'control_compute_ms': 57.65830000018468}, {'controller': 'C3_arbitration_MPC', 'scenario': 'sensor_bias_5', 'seed': 19029, 'step': 296, 'time_s': 2.96, 'aux_inference_ms': 0.24290000146720558, 'reliability_update_ms': 0.005699999746866524, 'arbitration_ms': 0.005099998816149309, 'extension_ms': 0.2537000000302214, 'control_compute_ms': nan}, {'controller': 'C3_arbitration_MPC', 'scenario': 'sensor_bias_5', 'seed': 19029, 'step': 297, 'time_s': 2.97, 'aux_inference_ms': 0.1666999996814411, 'reliability_update_ms': 0.004300000000512227, 'arbitration_ms': 0.0036000019463244826, 'extension_ms': 0.17460000162827782, 'control_compute_ms': nan}, {'controller': 'C3_arbitration_MPC', 'scenario': 'sensor_bias_5', 'seed': 19029, 'step': 298, 'time_s': 2.98, 'aux_inference_ms': 0.16930000128922984, 'reliability_update_ms': 0.00419999923906289, 'arbitration_ms': 0.0037999998312443495, 'extension_ms': 0.17730000035953708, 'control_compute_ms': nan}, {'controller': 'C3_arbitration_MPC', 'scenario': 'sensor_bias_5', 'seed': 19029, 'step': 299, 'time_s': 2.99, 'aux_inference_ms': 0.38720000156899914, 'reliability_update_ms': 0.009399998816661537, 'arbitration_ms': 0.008000002708286047, 'extension_ms': 0.4046000030939467, 'control_compute_ms': nan}, {'controller': 'C3_arbitration_MPC', 'scenario': 'sensor_bias_5', 'seed': 19029, 'step': 300, 'time_s': 3.0, 'aux_inference_ms': 0.34890000097220764, 'reliability_update_ms': 0.00799999907030724, 'arbitration_ms': 0.007099999493220821, 'extension_ms': 0.3639999995357357, 'control_compute_ms': 50.57940000187955}, {'controller': 'C3_arbitration_MPC', 'scenario': 'sensor_bias_5', 'seed': 19029, 'step': 301, 'time_s': 3.0100000000000002, 'aux_inference_ms': 0.35090000164927915, 'reliability_update_ms': 0.007200000254670158, 'arbitration_ms': 0.005900001269765198, 'extension_ms': 0.3640000031737145, 'control_compute_ms': nan}, {'controller': 'C3_arbitration_MPC', 'scenario': 'sensor_bias_5', 'seed': 19029, 'step': 302, 'time_s': 3.02, 'aux_inference_ms': 0.18310000086785294, 'reliability_update_ms': 0.004600002284860238, 'arbitration_ms': 0.004400000761961564, 'extension_ms': 0.19210000391467474, 'control_compute_ms': nan}, {'controller': 'C3_arbitration_MPC', 'scenario': 'sensor_bias_5', 'seed': 19029, 'step': 303, 'time_s': 3.0300000000000002, 'aux_inference_ms': 0.167199999850709, 'reliability_update_ms': 0.0047000030463095754, 'arbitration_ms': 0.004099998477613553, 'extension_ms': 0.17600000137463212, 'control_compute_ms': nan}, {'controller': 'C3_arbitration_MPC', 'scenario': 'sensor_bias_5', 'seed': 19029, 'step': 304, 'time_s': 3.04, 'aux_inference_ms': 0.16419999883510172, 'reliability_update_ms': 0.005300000339047983, 'arbitration_ms': 0.004699999408330768, 'extension_ms': 0.17419999858248048, 'control_compute_ms': nan}, {'controller': 'C3_arbitration_MPC', 'scenario': 'sensor_bias_5', 'seed': 19029, 'step': 305, 'time_s': 3.0500000000000003, 'aux_inference_ms': 0.25829999867710285, 'reliability_update_ms': 0.007200000254670158, 'arbitration_ms': 0.005100002454128116, 'extension_ms': 0.2706000013859011, 'control_compute_ms': 83.82269999856362}, {'controller': 'C3_arbitration_MPC', 'scenario': 'sensor_bias_5', 'seed': 19029, 'step': 306, 'time_s': 3.06, 'aux_inference_ms': 0.24670000129844993, 'reliability_update_ms': 0.006199999916134402, 'arbitration_ms': 0.005300000339047983, 'extension_ms': 0.2582000015536323, 'control_compute_ms': nan}, {'controller': 'C3_arbitration_MPC', 'scenario': 'sensor_bias_5', 'seed': 19029, 'step': 307, 'time_s': 3.0700000000000003, 'aux_inference_ms': 0.18350000027567148, 'reliability_update_ms': 0.004500001523410901, 'arbitration_ms': 0.004400000761961564, 'extension_ms': 0.19240000256104395, 'control_compute_ms': nan}, {'controller': 'C3_arbitration_MPC', 'scenario': 'sensor_bias_5', 'seed': 19029, 'step': 308, 'time_s': 3.08, 'aux_inference_ms': 0.18929999714600854, 'reliability_update_ms': 0.004300000000512227, 'arbitration_ms': 0.0039000005926936865, 'extension_ms': 0.19749999773921445, 'control_compute_ms': nan}, {'controller': 'C3_arbitration_MPC', 'scenario': 'sensor_bias_5', 'seed': 19029, 'step': 309, 'time_s': 3.09, 'aux_inference_ms': 0.3690000012284145, 'reliability_update_ms': 0.008799997885944322, 'arbitration_ms': 0.007700000423938036, 'extension_ms': 0.38549999953829683, 'control_compute_ms': nan}, {'controller': 'C3_arbitration_MPC', 'scenario': 'sensor_bias_5', 'seed': 19029, 'step': 310, 'time_s': 3.1, 'aux_inference_ms': 0.3298999981780071, 'reliability_update_ms': 0.008300001354655251, 'arbitration_ms': 0.007400001777568832, 'extension_ms': 0.34560000131023116, 'control_compute_ms': 21.745799997006543}, {'controller': 'C3_arbitration_MPC', 'scenario': 'sensor_bias_5', 'seed': 19029, 'step': 311, 'time_s': 3.11, 'aux_inference_ms': 0.22309999985736795, 'reliability_update_ms': 0.00549999822396785, 'arbitration_ms': 0.004699999408330768, 'extension_ms': 0.23329999748966657, 'control_compute_ms': nan}, {'controller': 'C3_arbitration_MPC', 'scenario': 'sensor_bias_5', 'seed': 19029, 'step': 312, 'time_s': 3.12, 'aux_inference_ms': 0.17890000162879005, 'reliability_update_ms': 0.004599998646881431, 'arbitration_ms': 0.0041000021155923605, 'extension_ms': 0.18760000239126384, 'control_compute_ms': nan}, {'controller': 'C3_arbitration_MPC', 'scenario': 'sensor_bias_5', 'seed': 19029, 'step': 313, 'time_s': 3.13, 'aux_inference_ms': 0.17070000103558414, 'reliability_update_ms': 0.004300000000512227, 'arbitration_ms': 0.0042000028770416975, 'extension_ms': 0.17920000391313806, 'control_compute_ms': nan}, {'controller': 'C3_arbitration_MPC', 'scenario': 'sensor_bias_5', 'seed': 19029, 'step': 314, 'time_s': 3.14, 'aux_inference_ms': 0.43799999912153, 'reliability_update_ms': 0.011100000847363845, 'arbitration_ms': 0.009999999747378752, 'extension_ms': 0.4590999997162726, 'control_compute_ms': nan}, {'controller': 'C3_arbitration_MPC', 'scenario': 'sensor_bias_5', 'seed': 19029, 'step': 315, 'time_s': 3.15, 'aux_inference_ms': 0.41000000055646524, 'reliability_update_ms': 0.00960000033956021, 'arbitration_ms': 0.008799997885944322, 'extension_ms': 0.42839999878196977, 'control_compute_ms': 19.236199997976655}, {'controller': 'C3_arbitration_MPC', 'scenario': 'sensor_bias_5', 'seed': 19029, 'step': 316, 'time_s': 3.16, 'aux_inference_ms': 0.25739999910001643, 'reliability_update_ms': 0.007300001016119495, 'arbitration_ms': 0.006099999154685065, 'extension_ms': 0.270799999270821, 'control_compute_ms': nan}, {'controller': 'C3_arbitration_MPC', 'scenario': 'sensor_bias_5', 'seed': 19029, 'step': 317, 'time_s': 3.17, 'aux_inference_ms': 0.2193000000261236, 'reliability_update_ms': 0.006099999154685065, 'arbitration_ms': 0.005099998816149309, 'extension_ms': 0.23049999799695797, 'control_compute_ms': nan}, {'controller': 'C3_arbitration_MPC', 'scenario': 'sensor_bias_5', 'seed': 19029, 'step': 318, 'time_s': 3.18, 'aux_inference_ms': 0.2111000030708965, 'reliability_update_ms': 0.005699999746866524, 'arbitration_ms': 0.005200003215577453, 'extension_ms': 0.22200000603334047, 'control_compute_ms': nan}, {'controller': 'C3_arbitration_MPC', 'scenario': 'sensor_bias_5', 'seed': 19029, 'step': 319, 'time_s': 3.19, 'aux_inference_ms': 0.4607999981089961, 'reliability_update_ms': 0.07700000060140155, 'arbitration_ms': 0.006399997801054269, 'extension_ms': 0.5441999965114519, 'control_compute_ms': nan}, {'controller': 'C3_arbitration_MPC', 'scenario': 'sensor_bias_5', 'seed': 19029, 'step': 320, 'time_s': 3.2, 'aux_inference_ms': 0.19320000137668103, 'reliability_update_ms': 0.004800000169780105, 'arbitration_ms': 0.0039000005926936865, 'extension_ms': 0.20190000213915482, 'control_compute_ms': 17.73980000143638}, {'controller': 'C3_arbitration_MPC', 'scenario': 'sensor_bias_5', 'seed': 19029, 'step': 321, 'time_s': 3.21, 'aux_inference_ms': 0.2722000026551541, 'reliability_update_ms': 0.014299999747890979, 'arbitration_ms': 0.011000000085914508, 'extension_ms': 0.2975000024889596, 'control_compute_ms': nan}, {'controller': 'C3_arbitration_MPC', 'scenario': 'sensor_bias_5', 'seed': 19029, 'step': 322, 'time_s': 3.22, 'aux_inference_ms': 0.2133999987563584, 'reliability_update_ms': 0.005699999746866524, 'arbitration_ms': 0.004400000761961564, 'extension_ms': 0.2234999992651865, 'control_compute_ms': nan}, {'controller': 'C3_arbitration_MPC', 'scenario': 'sensor_bias_5', 'seed': 19029, 'step': 323, 'time_s': 3.23, 'aux_inference_ms': 0.2237999979115557, 'reliability_update_ms': 0.005000001692678779, 'arbitration_ms': 0.00419999923906289, 'extension_ms': 0.23299999884329736, 'control_compute_ms': nan}, {'controller': 'C3_arbitration_MPC', 'scenario': 'sensor_bias_5', 'seed': 19029, 'step': 324, 'time_s': 3.24, 'aux_inference_ms': 0.1799000019673258, 'reliability_update_ms': 0.004600002284860238, 'arbitration_ms': 0.0039000005926936865, 'extension_ms': 0.18840000484487973, 'control_compute_ms': nan}, {'controller': 'C3_arbitration_MPC', 'scenario': 'sensor_bias_5', 'seed': 19029, 'step': 325, 'time_s': 3.25, 'aux_inference_ms': 0.17250000018975697, 'reliability_update_ms': 0.004800000169780105, 'arbitration_ms': 0.004300000000512227, 'extension_ms': 0.1816000003600493, 'control_compute_ms': 46.07430000032764}, {'controller': 'C3_arbitration_MPC', 'scenario': 'sensor_bias_5', 'seed': 19029, 'step': 326, 'time_s': 3.2600000000000002, 'aux_inference_ms': 0.37460000021383166, 'reliability_update_ms': 0.00790000194683671, 'arbitration_ms': 0.006499998562503606, 'extension_ms': 0.389000000723172, 'control_compute_ms': nan}, {'controller': 'C3_arbitration_MPC', 'scenario': 'sensor_bias_5', 'seed': 19029, 'step': 327, 'time_s': 3.27, 'aux_inference_ms': 0.23080000028130598, 'reliability_update_ms': 0.006299997039604932, 'arbitration_ms': 0.006300000677583739, 'extension_ms': 0.24339999799849465, 'control_compute_ms': nan}, {'controller': 'C3_arbitration_MPC', 'scenario': 'sensor_bias_5', 'seed': 19029, 'step': 328, 'time_s': 3.2800000000000002, 'aux_inference_ms': 0.2080000012938399, 'reliability_update_ms': 0.005300000339047983, 'arbitration_ms': 0.004900000931229442, 'extension_ms': 0.2182000025641173, 'control_compute_ms': nan}, {'controller': 'C3_arbitration_MPC', 'scenario': 'sensor_bias_5', 'seed': 19029, 'step': 329, 'time_s': 3.29, 'aux_inference_ms': 0.1818999990064185, 'reliability_update_ms': 0.004699999408330768, 'arbitration_ms': 0.0042000028770416975, 'extension_ms': 0.19080000129179098, 'control_compute_ms': nan}, {'controller': 'C3_arbitration_MPC', 'scenario': 'sensor_bias_5', 'seed': 19029, 'step': 330, 'time_s': 3.3000000000000003, 'aux_inference_ms': 0.20360000053187832, 'reliability_update_ms': 0.007400001777568832, 'arbitration_ms': 0.004599998646881431, 'extension_ms': 0.21560000095632859, 'control_compute_ms': 75.22640000024694}, {'controller': 'C3_arbitration_MPC', 'scenario': 'sensor_bias_5', 'seed': 19029, 'step': 331, 'time_s': 3.31, 'aux_inference_ms': 0.2806000011332799, 'reliability_update_ms': 0.007099999493220821, 'arbitration_ms': 0.005800000508315861, 'extension_ms': 0.29350000113481656, 'control_compute_ms': nan}, {'controller': 'C3_arbitration_MPC', 'scenario': 'sensor_bias_5', 'seed': 19029, 'step': 332, 'time_s': 3.3200000000000003, 'aux_inference_ms': 0.23519999740528874, 'reliability_update_ms': 0.006199999916134402, 'arbitration_ms': 0.005600002623395994, 'extension_ms': 0.24699999994481914, 'control_compute_ms': nan}, {'controller': 'C3_arbitration_MPC', 'scenario': 'sensor_bias_5', 'seed': 19029, 'step': 333, 'time_s': 3.33, 'aux_inference_ms': 0.2613000033306889, 'reliability_update_ms': 0.006000002031214535, 'arbitration_ms': 0.005299996701069176, 'extension_ms': 0.27260000206297264, 'control_compute_ms': nan}, {'controller': 'C3_arbitration_MPC', 'scenario': 'sensor_bias_5', 'seed': 19029, 'step': 334, 'time_s': 3.34, 'aux_inference_ms': 0.22899999748915434, 'reliability_update_ms': 0.005999998393235728, 'arbitration_ms': 0.005099998816149309, 'extension_ms': 0.24009999469853938, 'control_compute_ms': nan}, {'controller': 'C3_arbitration_MPC', 'scenario': 'sensor_bias_5', 'seed': 19029, 'step': 335, 'time_s': 3.35, 'aux_inference_ms': 0.22540000281878747, 'reliability_update_ms': 0.005699999746866524, 'arbitration_ms': 0.005300000339047983, 'extension_ms': 0.23640000290470198, 'control_compute_ms': 39.297200000874}, {'controller': 'C3_arbitration_MPC', 'scenario': 'sensor_bias_5', 'seed': 19029, 'step': 336, 'time_s': 3.36, 'aux_inference_ms': 0.32869999995455146, 'reliability_update_ms': 0.008999999408842996, 'arbitration_ms': 0.00679999720887281, 'extension_ms': 0.34449999657226726, 'control_compute_ms': nan}, {'controller': 'C3_arbitration_MPC', 'scenario': 'sensor_bias_5', 'seed': 19029, 'step': 337, 'time_s': 3.37, 'aux_inference_ms': 0.24370000028284267, 'reliability_update_ms': 0.006100002792663872, 'arbitration_ms': 0.005599998985417187, 'extension_ms': 0.2554000020609237, 'control_compute_ms': nan}, {'controller': 'C3_arbitration_MPC', 'scenario': 'sensor_bias_5', 'seed': 19029, 'step': 338, 'time_s': 3.38, 'aux_inference_ms': 0.2539000015531201, 'reliability_update_ms': 0.006099999154685065, 'arbitration_ms': 0.005200003215577453, 'extension_ms': 0.2652000039233826, 'control_compute_ms': nan}, {'controller': 'C3_arbitration_MPC', 'scenario': 'sensor_bias_5', 'seed': 19029, 'step': 339, 'time_s': 3.39, 'aux_inference_ms': 0.22309999985736795, 'reliability_update_ms': 0.005800000508315861, 'arbitration_ms': 0.005000001692678779, 'extension_ms': 0.2339000020583626, 'control_compute_ms': nan}, {'controller': 'C3_arbitration_MPC', 'scenario': 'sensor_bias_5', 'seed': 19029, 'step': 340, 'time_s': 3.4, 'aux_inference_ms': 0.2234999992651865, 'reliability_update_ms': 0.005900001269765198, 'arbitration_ms': 0.005099998816149309, 'extension_ms': 0.234499999351101, 'control_compute_ms': 19.3102999983239}, {'controller': 'C3_arbitration_MPC', 'scenario': 'sensor_bias_5', 'seed': 19029, 'step': 341, 'time_s': 3.41, 'aux_inference_ms': 0.25910000113071874, 'reliability_update_ms': 0.006999998731771484, 'arbitration_ms': 0.005599998985417187, 'extension_ms': 0.2716999988479074, 'control_compute_ms': nan}, {'controller': 'C3_arbitration_MPC', 'scenario': 'sensor_bias_5', 'seed': 19029, 'step': 342, 'time_s': 3.42, 'aux_inference_ms': 0.26029999935417436, 'reliability_update_ms': 0.006199999916134402, 'arbitration_ms': 0.005300000339047983, 'extension_ms': 0.27179999960935675, 'control_compute_ms': nan}, {'controller': 'C3_arbitration_MPC', 'scenario': 'sensor_bias_5', 'seed': 19029, 'step': 343, 'time_s': 3.43, 'aux_inference_ms': 0.22049999824957922, 'reliability_update_ms': 0.005700003384845331, 'arbitration_ms': 0.005199999577598646, 'extension_ms': 0.2314000012120232, 'control_compute_ms': nan}, {'controller': 'C3_arbitration_MPC', 'scenario': 'sensor_bias_5', 'seed': 19029, 'step': 344, 'time_s': 3.44, 'aux_inference_ms': 0.22499999977299012, 'reliability_update_ms': 0.005599998985417187, 'arbitration_ms': 0.005199999577598646, 'extension_ms': 0.23579999833600596, 'control_compute_ms': nan}, {'controller': 'C3_arbitration_MPC', 'scenario': 'sensor_bias_5', 'seed': 19029, 'step': 345, 'time_s': 3.45, 'aux_inference_ms': 0.25459999960730784, 'reliability_update_ms': 0.005800000508315861, 'arbitration_ms': 0.005300000339047983, 'extension_ms': 0.2657000004546717, 'control_compute_ms': 38.449300001957454}, {'controller': 'C3_arbitration_MPC', 'scenario': 'sensor_bias_5', 'seed': 19029, 'step': 346, 'time_s': 3.46, 'aux_inference_ms': 0.361700000212295, 'reliability_update_ms': 0.008799997885944322, 'arbitration_ms': 0.007700000423938036, 'extension_ms': 0.37819999852217734, 'control_compute_ms': nan}, {'controller': 'C3_arbitration_MPC', 'scenario': 'sensor_bias_5', 'seed': 19029, 'step': 347, 'time_s': 3.47, 'aux_inference_ms': 0.261799999861978, 'reliability_update_ms': 0.007099999493220821, 'arbitration_ms': 0.005999998393235728, 'extension_ms': 0.27489999774843454, 'control_compute_ms': nan}, {'controller': 'C3_arbitration_MPC', 'scenario': 'sensor_bias_5', 'seed': 19029, 'step': 348, 'time_s': 3.48, 'aux_inference_ms': 0.17590000061318278, 'reliability_update_ms': 0.005300000339047983, 'arbitration_ms': 0.004500001523410901, 'extension_ms': 0.18570000247564167, 'control_compute_ms': nan}, {'controller': 'C3_arbitration_MPC', 'scenario': 'sensor_bias_5', 'seed': 19029, 'step': 349, 'time_s': 3.49, 'aux_inference_ms': 0.21489999926416203, 'reliability_update_ms': 0.005699999746866524, 'arbitration_ms': 0.005100002454128116, 'extension_ms': 0.22570000146515667, 'control_compute_ms': nan}, {'controller': 'C3_arbitration_MPC', 'scenario': 'sensor_bias_5', 'seed': 19029, 'step': 350, 'time_s': 3.5, 'aux_inference_ms': 0.24109999867505394, 'reliability_update_ms': 0.006300000677583739, 'arbitration_ms': 0.00540000110049732, 'extension_ms': 0.252800000453135, 'control_compute_ms': 19.092899998213397}, {'controller': 'C3_arbitration_MPC', 'scenario': 'sensor_bias_5', 'seed': 19029, 'step': 351, 'time_s': 3.5100000000000002, 'aux_inference_ms': 0.22280000121099874, 'reliability_update_ms': 0.006999998731771484, 'arbitration_ms': 0.006499998562503606, 'extension_ms': 0.23629999850527383, 'control_compute_ms': nan}, {'controller': 'C3_arbitration_MPC', 'scenario': 'sensor_bias_5', 'seed': 19029, 'step': 352, 'time_s': 3.52, 'aux_inference_ms': 0.21330000163288787, 'reliability_update_ms': 0.005600002623395994, 'arbitration_ms': 0.005199999577598646, 'extension_ms': 0.2241000038338825, 'control_compute_ms': nan}, {'controller': 'C3_arbitration_MPC', 'scenario': 'sensor_bias_5', 'seed': 19029, 'step': 353, 'time_s': 3.5300000000000002, 'aux_inference_ms': 0.22119999994174577, 'reliability_update_ms': 0.005500001861946657, 'arbitration_ms': 0.005099998816149309, 'extension_ms': 0.23180000061984174, 'control_compute_ms': nan}, {'controller': 'C3_arbitration_MPC', 'scenario': 'sensor_bias_5', 'seed': 19029, 'step': 354, 'time_s': 3.54, 'aux_inference_ms': 0.24219999977503903, 'reliability_update_ms': 0.006400001439033076, 'arbitration_ms': 0.005200003215577453, 'extension_ms': 0.25380000442964956, 'control_compute_ms': nan}, {'controller': 'C3_arbitration_MPC', 'scenario': 'sensor_bias_5', 'seed': 19029, 'step': 355, 'time_s': 3.5500000000000003, 'aux_inference_ms': 0.2220999995188322, 'reliability_update_ms': 0.005900001269765198, 'arbitration_ms': 0.005199999577598646, 'extension_ms': 0.23320000036619604, 'control_compute_ms': 19.37249999900814}, {'controller': 'C3_arbitration_MPC', 'scenario': 'sensor_bias_5', 'seed': 19029, 'step': 356, 'time_s': 3.56, 'aux_inference_ms': 0.26500000240048394, 'reliability_update_ms': 0.007099999493220821, 'arbitration_ms': 0.009899998985929415, 'extension_ms': 0.28200000087963417, 'control_compute_ms': nan}, {'controller': 'C3_arbitration_MPC', 'scenario': 'sensor_bias_5', 'seed': 19029, 'step': 357, 'time_s': 3.5700000000000003, 'aux_inference_ms': 0.2210000020568259, 'reliability_update_ms': 0.005800000508315861, 'arbitration_ms': 0.0038999969547148794, 'extension_ms': 0.23069999951985665, 'control_compute_ms': nan}, {'controller': 'C3_arbitration_MPC', 'scenario': 'sensor_bias_5', 'seed': 19029, 'step': 358, 'time_s': 3.58, 'aux_inference_ms': 0.20390000281622633, 'reliability_update_ms': 0.005300000339047983, 'arbitration_ms': 0.004500001523410901, 'extension_ms': 0.21370000467868522, 'control_compute_ms': nan}, {'controller': 'C3_arbitration_MPC', 'scenario': 'sensor_bias_5', 'seed': 19029, 'step': 359, 'time_s': 3.59, 'aux_inference_ms': 0.20869999934802763, 'reliability_update_ms': 0.004999998054699972, 'arbitration_ms': 0.004400000761961564, 'extension_ms': 0.21809999816468917, 'control_compute_ms': nan}, {'controller': 'C3_arbitration_MPC', 'scenario': 'sensor_bias_5', 'seed': 19029, 'step': 360, 'time_s': 3.6, 'aux_inference_ms': 0.2542000001994893, 'reliability_update_ms': 0.005399997462518513, 'arbitration_ms': 0.005100002454128116, 'extension_ms': 0.2647000001161359, 'control_compute_ms': 19.277200000942685}, {'controller': 'C3_arbitration_MPC', 'scenario': 'sensor_bias_5', 'seed': 19029, 'step': 361, 'time_s': 3.61, 'aux_inference_ms': 0.30899999910616316, 'reliability_update_ms': 0.007800001185387373, 'arbitration_ms': 0.006500002200482413, 'extension_ms': 0.32330000249203295, 'control_compute_ms': nan}, {'controller': 'C3_arbitration_MPC', 'scenario': 'sensor_bias_5', 'seed': 19029, 'step': 362, 'time_s': 3.62, 'aux_inference_ms': 0.24080000002868474, 'reliability_update_ms': 0.00670000008540228, 'arbitration_ms': 0.005300000339047983, 'extension_ms': 0.252800000453135, 'control_compute_ms': nan}, {'controller': 'C3_arbitration_MPC', 'scenario': 'sensor_bias_5', 'seed': 19029, 'step': 363, 'time_s': 3.63, 'aux_inference_ms': 0.23010000222711824, 'reliability_update_ms': 0.006199999916134402, 'arbitration_ms': 0.005000001692678779, 'extension_ms': 0.24130000383593142, 'control_compute_ms': nan}, {'controller': 'C3_arbitration_MPC', 'scenario': 'sensor_bias_5', 'seed': 19029, 'step': 364, 'time_s': 3.64, 'aux_inference_ms': 0.3150999982608482, 'reliability_update_ms': 0.006099999154685065, 'arbitration_ms': 0.005300000339047983, 'extension_ms': 0.3264999977545813, 'control_compute_ms': nan}, {'controller': 'C3_arbitration_MPC', 'scenario': 'sensor_bias_5', 'seed': 19029, 'step': 365, 'time_s': 3.65, 'aux_inference_ms': 0.225800002226606, 'reliability_update_ms': 0.006000002031214535, 'arbitration_ms': 0.005099998816149309, 'extension_ms': 0.23690000307396986, 'control_compute_ms': 148.44689999881666}, {'controller': 'C3_arbitration_MPC', 'scenario': 'sensor_bias_5', 'seed': 19029, 'step': 366, 'time_s': 3.66, 'aux_inference_ms': 0.26820000130101107, 'reliability_update_ms': 0.007400001777568832, 'arbitration_ms': 0.006099999154685065, 'extension_ms': 0.28170000223326497, 'control_compute_ms': nan}, {'controller': 'C3_arbitration_MPC', 'scenario': 'sensor_bias_5', 'seed': 19029, 'step': 367, 'time_s': 3.67, 'aux_inference_ms': 0.3083000010519754, 'reliability_update_ms': 0.00960000033956021, 'arbitration_ms': 0.008200000593205914, 'extension_ms': 0.32610000198474154, 'control_compute_ms': nan}, {'controller': 'C3_arbitration_MPC', 'scenario': 'sensor_bias_5', 'seed': 19029, 'step': 368, 'time_s': 3.68, 'aux_inference_ms': 0.19949999841628596, 'reliability_update_ms': 0.005199999577598646, 'arbitration_ms': 0.004599998646881431, 'extension_ms': 0.20929999664076604, 'control_compute_ms': nan}, {'controller': 'C3_arbitration_MPC', 'scenario': 'sensor_bias_5', 'seed': 19029, 'step': 369, 'time_s': 3.69, 'aux_inference_ms': 0.2023999986704439, 'reliability_update_ms': 0.005900001269765198, 'arbitration_ms': 0.005099998816149309, 'extension_ms': 0.2133999987563584, 'control_compute_ms': nan}, {'controller': 'C3_arbitration_MPC', 'scenario': 'sensor_bias_5', 'seed': 19029, 'step': 370, 'time_s': 3.7, 'aux_inference_ms': 0.2144999998563435, 'reliability_update_ms': 0.006099999154685065, 'arbitration_ms': 0.005199999577598646, 'extension_ms': 0.2257999985886272, 'control_compute_ms': 16.777599998022197}, {'controller': 'C3_arbitration_MPC', 'scenario': 'sensor_bias_5', 'seed': 19029, 'step': 371, 'time_s': 3.71, 'aux_inference_ms': 0.24019999909796752, 'reliability_update_ms': 0.005800000508315861, 'arbitration_ms': 0.004800000169780105, 'extension_ms': 0.2507999997760635, 'control_compute_ms': nan}, {'controller': 'C3_arbitration_MPC', 'scenario': 'sensor_bias_5', 'seed': 19029, 'step': 372, 'time_s': 3.72, 'aux_inference_ms': 0.20699999731732532, 'reliability_update_ms': 0.005399997462518513, 'arbitration_ms': 0.004600002284860238, 'extension_ms': 0.21699999706470408, 'control_compute_ms': nan}, {'controller': 'C3_arbitration_MPC', 'scenario': 'sensor_bias_5', 'seed': 19029, 'step': 373, 'time_s': 3.73, 'aux_inference_ms': 0.19640000027720816, 'reliability_update_ms': 0.005199999577598646, 'arbitration_ms': 0.004500001523410901, 'extension_ms': 0.2061000013782177, 'control_compute_ms': nan}, {'controller': 'C3_arbitration_MPC', 'scenario': 'sensor_bias_5', 'seed': 19029, 'step': 374, 'time_s': 3.74, 'aux_inference_ms': 0.19859999883919954, 'reliability_update_ms': 0.005300000339047983, 'arbitration_ms': 0.004800000169780105, 'extension_ms': 0.20869999934802763, 'control_compute_ms': nan}, {'controller': 'C3_arbitration_MPC', 'scenario': 'sensor_bias_5', 'seed': 19029, 'step': 375, 'time_s': 3.75, 'aux_inference_ms': 0.19629999951575883, 'reliability_update_ms': 0.005199999577598646, 'arbitration_ms': 0.004600002284860238, 'extension_ms': 0.2061000013782177, 'control_compute_ms': 97.89459999956307}, {'controller': 'C3_arbitration_MPC', 'scenario': 'sensor_bias_5', 'seed': 19029, 'step': 376, 'time_s': 3.7600000000000002, 'aux_inference_ms': 0.24419999681413174, 'reliability_update_ms': 0.006800000846851617, 'arbitration_ms': 0.005700003384845331, 'extension_ms': 0.2567000010458287, 'control_compute_ms': nan}, {'controller': 'C3_arbitration_MPC', 'scenario': 'sensor_bias_5', 'seed': 19029, 'step': 377, 'time_s': 3.77, 'aux_inference_ms': 0.20450000010896474, 'reliability_update_ms': 0.005599998985417187, 'arbitration_ms': 0.004800000169780105, 'extension_ms': 0.21489999926416203, 'control_compute_ms': nan}, {'controller': 'C3_arbitration_MPC', 'scenario': 'sensor_bias_5', 'seed': 19029, 'step': 378, 'time_s': 3.7800000000000002, 'aux_inference_ms': 0.19700000120792538, 'reliability_update_ms': 0.005300000339047983, 'arbitration_ms': 0.004499997885432094, 'extension_ms': 0.20679999943240546, 'control_compute_ms': nan}, {'controller': 'C3_arbitration_MPC', 'scenario': 'sensor_bias_5', 'seed': 19029, 'step': 379, 'time_s': 3.79, 'aux_inference_ms': 0.20840000070165843, 'reliability_update_ms': 0.00540000110049732, 'arbitration_ms': 0.004899997293250635, 'extension_ms': 0.21869999909540638, 'control_compute_ms': nan}, {'controller': 'C3_arbitration_MPC', 'scenario': 'sensor_bias_5', 'seed': 19029, 'step': 380, 'time_s': 3.8000000000000003, 'aux_inference_ms': 0.18220000129076652, 'reliability_update_ms': 0.00419999923906289, 'arbitration_ms': 0.0036000019463244826, 'extension_ms': 0.1900000024761539, 'control_compute_ms': 16.650499997922452}, {'controller': 'C3_arbitration_MPC', 'scenario': 'sensor_bias_5', 'seed': 19029, 'step': 381, 'time_s': 3.81, 'aux_inference_ms': 0.18679999993764795, 'reliability_update_ms': 0.004699999408330768, 'arbitration_ms': 0.004099998477613553, 'extension_ms': 0.19559999782359228, 'control_compute_ms': nan}, {'controller': 'C3_arbitration_MPC', 'scenario': 'sensor_bias_5', 'seed': 19029, 'step': 382, 'time_s': 3.8200000000000003, 'aux_inference_ms': 0.21149999884073623, 'reliability_update_ms': 0.005399997462518513, 'arbitration_ms': 0.004699999408330768, 'extension_ms': 0.2215999957115855, 'control_compute_ms': nan}, {'controller': 'C3_arbitration_MPC', 'scenario': 'sensor_bias_5', 'seed': 19029, 'step': 383, 'time_s': 3.83, 'aux_inference_ms': 0.19049999900744297, 'reliability_update_ms': 0.0041000021155923605, 'arbitration_ms': 0.0036999990697950125, 'extension_ms': 0.19830000019283034, 'control_compute_ms': nan}, {'controller': 'C3_arbitration_MPC', 'scenario': 'sensor_bias_5', 'seed': 19029, 'step': 384, 'time_s': 3.84, 'aux_inference_ms': 0.22369999715010636, 'reliability_update_ms': 0.00540000110049732, 'arbitration_ms': 0.004599998646881431, 'extension_ms': 0.2336999968974851, 'control_compute_ms': nan}, {'controller': 'C3_arbitration_MPC', 'scenario': 'sensor_bias_5', 'seed': 19029, 'step': 385, 'time_s': 3.85, 'aux_inference_ms': 0.19830000019283034, 'reliability_update_ms': 0.005300000339047983, 'arbitration_ms': 0.004600002284860238, 'extension_ms': 0.20820000281673856, 'control_compute_ms': 19.567700001061894}, {'controller': 'C3_arbitration_MPC', 'scenario': 'sensor_bias_5', 'seed': 19029, 'step': 386, 'time_s': 3.86, 'aux_inference_ms': 0.3189000017300714, 'reliability_update_ms': 0.007899998308857903, 'arbitration_ms': 0.006199999916134402, 'extension_ms': 0.3329999999550637, 'control_compute_ms': nan}, {'controller': 'C3_arbitration_MPC', 'scenario': 'sensor_bias_5', 'seed': 19029, 'step': 387, 'time_s': 3.87, 'aux_inference_ms': 0.23190000138129108, 'reliability_update_ms': 0.006099999154685065, 'arbitration_ms': 0.00540000110049732, 'extension_ms': 0.24340000163647346, 'control_compute_ms': nan}, {'controller': 'C3_arbitration_MPC', 'scenario': 'sensor_bias_5', 'seed': 19029, 'step': 388, 'time_s': 3.88, 'aux_inference_ms': 0.1785000022209715, 'reliability_update_ms': 0.004500001523410901, 'arbitration_ms': 0.004099998477613553, 'extension_ms': 0.18710000222199596, 'control_compute_ms': nan}, {'controller': 'C3_arbitration_MPC', 'scenario': 'sensor_bias_5', 'seed': 19029, 'step': 389, 'time_s': 3.89, 'aux_inference_ms': 0.2334000018890947, 'reliability_update_ms': 0.005300000339047983, 'arbitration_ms': 0.004699999408330768, 'extension_ms': 0.24340000163647346, 'control_compute_ms': nan}, {'controller': 'C3_arbitration_MPC', 'scenario': 'sensor_bias_5', 'seed': 19029, 'step': 390, 'time_s': 3.9, 'aux_inference_ms': 0.20319999748608097, 'reliability_update_ms': 0.005200003215577453, 'arbitration_ms': 0.004599998646881431, 'extension_ms': 0.21299999934853986, 'control_compute_ms': 17.91830000001937}, {'controller': 'C3_arbitration_MPC', 'scenario': 'sensor_bias_5', 'seed': 19029, 'step': 391, 'time_s': 3.91, 'aux_inference_ms': 0.24929999926825985, 'reliability_update_ms': 0.006900001608300954, 'arbitration_ms': 0.005999998393235728, 'extension_ms': 0.26219999926979654, 'control_compute_ms': nan}, {'controller': 'C3_arbitration_MPC', 'scenario': 'sensor_bias_5', 'seed': 19029, 'step': 392, 'time_s': 3.92, 'aux_inference_ms': 0.21070000002509914, 'reliability_update_ms': 0.005900001269765198, 'arbitration_ms': 0.005000001692678779, 'extension_ms': 0.22160000298754312, 'control_compute_ms': nan}, {'controller': 'C3_arbitration_MPC', 'scenario': 'sensor_bias_5', 'seed': 19029, 'step': 393, 'time_s': 3.93, 'aux_inference_ms': 0.1776000026438851, 'reliability_update_ms': 0.004400000761961564, 'arbitration_ms': 0.0041000021155923605, 'extension_ms': 0.18610000552143902, 'control_compute_ms': nan}, {'controller': 'C3_arbitration_MPC', 'scenario': 'sensor_bias_5', 'seed': 19029, 'step': 394, 'time_s': 3.94, 'aux_inference_ms': 0.20419999782461673, 'reliability_update_ms': 0.005500001861946657, 'arbitration_ms': 0.004699999408330768, 'extension_ms': 0.21439999909489416, 'control_compute_ms': nan}, {'controller': 'C3_arbitration_MPC', 'scenario': 'sensor_bias_5', 'seed': 19029, 'step': 395, 'time_s': 3.95, 'aux_inference_ms': 0.2413000001979526, 'reliability_update_ms': 0.005500001861946657, 'arbitration_ms': 0.004600002284860238, 'extension_ms': 0.2514000043447595, 'control_compute_ms': 36.165199999231845}, {'controller': 'C3_arbitration_MPC', 'scenario': 'sensor_bias_5', 'seed': 19029, 'step': 396, 'time_s': 3.96, 'aux_inference_ms': 0.2539999986765906, 'reliability_update_ms': 0.006599999323952943, 'arbitration_ms': 0.005900001269765198, 'extension_ms': 0.26649999927030876, 'control_compute_ms': nan}, {'controller': 'C3_arbitration_MPC', 'scenario': 'sensor_bias_5', 'seed': 19029, 'step': 397, 'time_s': 3.97, 'aux_inference_ms': 0.20679999943240546, 'reliability_update_ms': 0.00540000110049732, 'arbitration_ms': 0.004800000169780105, 'extension_ms': 0.21700000070268288, 'control_compute_ms': nan}, {'controller': 'C3_arbitration_MPC', 'scenario': 'sensor_bias_5', 'seed': 19029, 'step': 398, 'time_s': 3.98, 'aux_inference_ms': 0.1993000005313661, 'reliability_update_ms': 0.005199999577598646, 'arbitration_ms': 0.004500001523410901, 'extension_ms': 0.20900000163237564, 'control_compute_ms': nan}, {'controller': 'C3_arbitration_MPC', 'scenario': 'sensor_bias_5', 'seed': 19029, 'step': 399, 'time_s': 3.99, 'aux_inference_ms': 0.2175999979954213, 'reliability_update_ms': 0.00549999822396785, 'arbitration_ms': 0.0047000030463095754, 'extension_ms': 0.22779999926569872, 'control_compute_ms': nan}, {'controller': 'C3_arbitration_MPC', 'scenario': 'sensor_bias_5', 'seed': 19029, 'step': 400, 'time_s': 4.0, 'aux_inference_ms': 0.19780000002356246, 'reliability_update_ms': 0.009099996532313526, 'arbitration_ms': 0.004600002284860238, 'extension_ms': 0.21149999884073623, 'control_compute_ms': 34.358199998678174}, {'controller': 'C3_arbitration_MPC', 'scenario': 'sensor_bias_5', 'seed': 19029, 'step': 401, 'time_s': 4.01, 'aux_inference_ms': 0.23710000095888972, 'reliability_update_ms': 0.006599999323952943, 'arbitration_ms': 0.005599998985417187, 'extension_ms': 0.24929999926825985, 'control_compute_ms': nan}, {'controller': 'C3_arbitration_MPC', 'scenario': 'sensor_bias_5', 'seed': 19029, 'step': 402, 'time_s': 4.0200000000000005, 'aux_inference_ms': 0.21189999824855477, 'reliability_update_ms': 0.005999998393235728, 'arbitration_ms': 0.004800000169780105, 'extension_ms': 0.2226999968115706, 'control_compute_ms': nan}, {'controller': 'C3_arbitration_MPC', 'scenario': 'sensor_bias_5', 'seed': 19029, 'step': 403, 'time_s': 4.03, 'aux_inference_ms': 0.19919999976991676, 'reliability_update_ms': 0.005199999577598646, 'arbitration_ms': 0.004600002284860238, 'extension_ms': 0.20900000163237564, 'control_compute_ms': nan}, {'controller': 'C3_arbitration_MPC', 'scenario': 'sensor_bias_5', 'seed': 19029, 'step': 404, 'time_s': 4.04, 'aux_inference_ms': 0.20629999926313758, 'reliability_update_ms': 0.00540000110049732, 'arbitration_ms': 0.004500001523410901, 'extension_ms': 0.2162000018870458, 'control_compute_ms': nan}, {'controller': 'C3_arbitration_MPC', 'scenario': 'sensor_bias_5', 'seed': 19029, 'step': 405, 'time_s': 4.05, 'aux_inference_ms': 0.20850000146310776, 'reliability_update_ms': 0.005199999577598646, 'arbitration_ms': 0.004400000761961564, 'extension_ms': 0.21810000180266798, 'control_compute_ms': 44.31209999893326}, {'controller': 'C3_arbitration_MPC', 'scenario': 'sensor_bias_5', 'seed': 19029, 'step': 406, 'time_s': 4.0600000000000005, 'aux_inference_ms': 0.2553999984229449, 'reliability_update_ms': 0.006800000846851617, 'arbitration_ms': 0.005699999746866524, 'extension_ms': 0.26789999901666306, 'control_compute_ms': nan}, {'controller': 'C3_arbitration_MPC', 'scenario': 'sensor_bias_5', 'seed': 19029, 'step': 407, 'time_s': 4.07, 'aux_inference_ms': 0.1742999993439298, 'reliability_update_ms': 0.004499997885432094, 'arbitration_ms': 0.0037999998312443495, 'extension_ms': 0.18259999706060626, 'control_compute_ms': nan}, {'controller': 'C3_arbitration_MPC', 'scenario': 'sensor_bias_5', 'seed': 19029, 'step': 408, 'time_s': 4.08, 'aux_inference_ms': 0.16510000205016695, 'reliability_update_ms': 0.004300000000512227, 'arbitration_ms': 0.0036999990697950125, 'extension_ms': 0.1731000011204742, 'control_compute_ms': nan}, {'controller': 'C3_arbitration_MPC', 'scenario': 'sensor_bias_5', 'seed': 19029, 'step': 409, 'time_s': 4.09, 'aux_inference_ms': 0.17529999968246557, 'reliability_update_ms': 0.004999998054699972, 'arbitration_ms': 0.0037999998312443495, 'extension_ms': 0.1840999975684099, 'control_compute_ms': nan}, {'controller': 'C3_arbitration_MPC', 'scenario': 'sensor_bias_5', 'seed': 19029, 'step': 410, 'time_s': 4.1, 'aux_inference_ms': 0.24619999749120325, 'reliability_update_ms': 0.006300000677583739, 'arbitration_ms': 0.00540000110049732, 'extension_ms': 0.2578999992692843, 'control_compute_ms': 19.726599999557948}, {'controller': 'C3_arbitration_MPC', 'scenario': 'sensor_bias_5', 'seed': 19029, 'step': 411, 'time_s': 4.11, 'aux_inference_ms': 0.3083000010519754, 'reliability_update_ms': 0.008800001523923129, 'arbitration_ms': 0.00670000008540228, 'extension_ms': 0.3238000026613008, 'control_compute_ms': nan}, {'controller': 'C3_arbitration_MPC', 'scenario': 'sensor_bias_5', 'seed': 19029, 'step': 412, 'time_s': 4.12, 'aux_inference_ms': 0.2158999996026978, 'reliability_update_ms': 0.005899997631786391, 'arbitration_ms': 0.005799996870337054, 'extension_ms': 0.22759999410482123, 'control_compute_ms': nan}, {'controller': 'C3_arbitration_MPC', 'scenario': 'sensor_bias_5', 'seed': 19029, 'step': 413, 'time_s': 4.13, 'aux_inference_ms': 0.2131000001099892, 'reliability_update_ms': 0.005799996870337054, 'arbitration_ms': 0.005000001692678779, 'extension_ms': 0.22389999867300503, 'control_compute_ms': nan}, {'controller': 'C3_arbitration_MPC', 'scenario': 'sensor_bias_5', 'seed': 19029, 'step': 414, 'time_s': 4.14, 'aux_inference_ms': 0.23099999816622585, 'reliability_update_ms': 0.005599998985417187, 'arbitration_ms': 0.004800000169780105, 'extension_ms': 0.24139999732142314, 'control_compute_ms': nan}, {'controller': 'C3_arbitration_MPC', 'scenario': 'sensor_bias_5', 'seed': 19029, 'step': 415, 'time_s': 4.15, 'aux_inference_ms': 0.20300000323913991, 'reliability_update_ms': 0.005099998816149309, 'arbitration_ms': 0.004600002284860238, 'extension_ms': 0.21270000434014946, 'control_compute_ms': 19.98959999764338}, {'controller': 'C3_arbitration_MPC', 'scenario': 'sensor_bias_5', 'seed': 19029, 'step': 416, 'time_s': 4.16, 'aux_inference_ms': 0.2615999983390793, 'reliability_update_ms': 0.006999998731771484, 'arbitration_ms': 0.006300000677583739, 'extension_ms': 0.27489999774843454, 'control_compute_ms': nan}, {'controller': 'C3_arbitration_MPC', 'scenario': 'sensor_bias_5', 'seed': 19029, 'step': 417, 'time_s': 4.17, 'aux_inference_ms': 0.22460000036517158, 'reliability_update_ms': 0.006199999916134402, 'arbitration_ms': 0.004900000931229442, 'extension_ms': 0.23570000121253543, 'control_compute_ms': nan}, {'controller': 'C3_arbitration_MPC', 'scenario': 'sensor_bias_5', 'seed': 19029, 'step': 418, 'time_s': 4.18, 'aux_inference_ms': 0.28340000062598847, 'reliability_update_ms': 0.006000002031214535, 'arbitration_ms': 0.004899997293250635, 'extension_ms': 0.29429999995045364, 'control_compute_ms': nan}, {'controller': 'C3_arbitration_MPC', 'scenario': 'sensor_bias_5', 'seed': 19029, 'step': 419, 'time_s': 4.19, 'aux_inference_ms': 0.2246999974886421, 'reliability_update_ms': 0.005699999746866524, 'arbitration_ms': 0.004800000169780105, 'extension_ms': 0.23519999740528874, 'control_compute_ms': nan}, {'controller': 'C3_arbitration_MPC', 'scenario': 'sensor_bias_5', 'seed': 19029, 'step': 420, 'time_s': 4.2, 'aux_inference_ms': 0.2413000001979526, 'reliability_update_ms': 0.005399997462518513, 'arbitration_ms': 0.004600002284860238, 'extension_ms': 0.25129999994533136, 'control_compute_ms': 20.284599999286}, {'controller': 'C3_arbitration_MPC', 'scenario': 'sensor_bias_5', 'seed': 19029, 'step': 421, 'time_s': 4.21, 'aux_inference_ms': 0.28110000130254775, 'reliability_update_ms': 0.010699997801566496, 'arbitration_ms': 0.009499999578110874, 'extension_ms': 0.3012999986822251, 'control_compute_ms': nan}, {'controller': 'C3_arbitration_MPC', 'scenario': 'sensor_bias_5', 'seed': 19029, 'step': 422, 'time_s': 4.22, 'aux_inference_ms': 0.18970000019180588, 'reliability_update_ms': 0.005300000339047983, 'arbitration_ms': 0.004800000169780105, 'extension_ms': 0.19980000070063397, 'control_compute_ms': nan}, {'controller': 'C3_arbitration_MPC', 'scenario': 'sensor_bias_5', 'seed': 19029, 'step': 423, 'time_s': 4.23, 'aux_inference_ms': 0.17870000010589138, 'reliability_update_ms': 0.004800000169780105, 'arbitration_ms': 0.004300000000512227, 'extension_ms': 0.1878000002761837, 'control_compute_ms': nan}, {'controller': 'C3_arbitration_MPC', 'scenario': 'sensor_bias_5', 'seed': 19029, 'step': 424, 'time_s': 4.24, 'aux_inference_ms': 0.43340000047464855, 'reliability_update_ms': 0.00960000033956021, 'arbitration_ms': 0.020799998310394585, 'extension_ms': 0.46379999912460335, 'control_compute_ms': nan}, {'controller': 'C3_arbitration_MPC', 'scenario': 'sensor_bias_5', 'seed': 19029, 'step': 425, 'time_s': 4.25, 'aux_inference_ms': 0.5033000015828293, 'reliability_update_ms': 0.00670000008540228, 'arbitration_ms': 0.004600002284860238, 'extension_ms': 0.5146000039530918, 'control_compute_ms': 23.5095000025467}, {'controller': 'C3_arbitration_MPC', 'scenario': 'sensor_bias_5', 'seed': 19029, 'step': 426, 'time_s': 4.26, 'aux_inference_ms': 0.4245999989507254, 'reliability_update_ms': 0.011300002370262519, 'arbitration_ms': 0.008800001523923129, 'extension_ms': 0.44470000284491107, 'control_compute_ms': nan}, {'controller': 'C3_arbitration_MPC', 'scenario': 'sensor_bias_5', 'seed': 19029, 'step': 427, 'time_s': 4.2700000000000005, 'aux_inference_ms': 0.7623000019520987, 'reliability_update_ms': 0.00839999847812578, 'arbitration_ms': 0.010200001270277426, 'extension_ms': 0.7809000017005019, 'control_compute_ms': nan}, {'controller': 'C3_arbitration_MPC', 'scenario': 'sensor_bias_5', 'seed': 19029, 'step': 428, 'time_s': 4.28, 'aux_inference_ms': 0.21180000112508424, 'reliability_update_ms': 0.004799996531801298, 'arbitration_ms': 0.00419999923906289, 'extension_ms': 0.22079999689594842, 'control_compute_ms': nan}, {'controller': 'C3_arbitration_MPC', 'scenario': 'sensor_bias_5', 'seed': 19029, 'step': 429, 'time_s': 4.29, 'aux_inference_ms': 0.25119999918388203, 'reliability_update_ms': 0.00549999822396785, 'arbitration_ms': 0.004600002284860238, 'extension_ms': 0.2612999996927101, 'control_compute_ms': nan}, {'controller': 'C3_arbitration_MPC', 'scenario': 'sensor_bias_5', 'seed': 19029, 'step': 430, 'time_s': 4.3, 'aux_inference_ms': 0.19560000146157108, 'reliability_update_ms': 0.004900000931229442, 'arbitration_ms': 0.004099998477613553, 'extension_ms': 0.20460000087041408, 'control_compute_ms': 24.793699998554075}, {'controller': 'C3_arbitration_MPC', 'scenario': 'sensor_bias_5', 'seed': 19029, 'step': 431, 'time_s': 4.3100000000000005, 'aux_inference_ms': 0.37370000063674524, 'reliability_update_ms': 0.010100000508828089, 'arbitration_ms': 0.008400002116104588, 'extension_ms': 0.3922000032616779, 'control_compute_ms': nan}, {'controller': 'C3_arbitration_MPC', 'scenario': 'sensor_bias_5', 'seed': 19029, 'step': 432, 'time_s': 4.32, 'aux_inference_ms': 0.2975000024889596, 'reliability_update_ms': 0.00799999907030724, 'arbitration_ms': 0.00670000008540228, 'extension_ms': 0.3122000016446691, 'control_compute_ms': nan}, {'controller': 'C3_arbitration_MPC', 'scenario': 'sensor_bias_5', 'seed': 19029, 'step': 433, 'time_s': 4.33, 'aux_inference_ms': 0.2902999985963106, 'reliability_update_ms': 0.007200000254670158, 'arbitration_ms': 0.006800000846851617, 'extension_ms': 0.3042999996978324, 'control_compute_ms': nan}, {'controller': 'C3_arbitration_MPC', 'scenario': 'sensor_bias_5', 'seed': 19029, 'step': 434, 'time_s': 4.34, 'aux_inference_ms': 0.30669999978272244, 'reliability_update_ms': 0.007700000423938036, 'arbitration_ms': 0.006500002200482413, 'extension_ms': 0.3209000024071429, 'control_compute_ms': nan}, {'controller': 'C3_arbitration_MPC', 'scenario': 'sensor_bias_5', 'seed': 19029, 'step': 435, 'time_s': 4.3500000000000005, 'aux_inference_ms': 0.2815000007103663, 'reliability_update_ms': 0.007299997378140688, 'arbitration_ms': 0.006400001439033076, 'extension_ms': 0.29519999952754006, 'control_compute_ms': 25.05089999976917}, {'controller': 'C3_arbitration_MPC', 'scenario': 'sensor_bias_5', 'seed': 19029, 'step': 436, 'time_s': 4.36, 'aux_inference_ms': 0.3744999994523823, 'reliability_update_ms': 0.008299997716676444, 'arbitration_ms': 0.012800002878066152, 'extension_ms': 0.3956000000471249, 'control_compute_ms': nan}, {'controller': 'C3_arbitration_MPC', 'scenario': 'sensor_bias_5', 'seed': 19029, 'step': 437, 'time_s': 4.37, 'aux_inference_ms': 0.18590000036056153, 'reliability_update_ms': 0.005699999746866524, 'arbitration_ms': 0.005099998816149309, 'extension_ms': 0.19669999892357737, 'control_compute_ms': nan}, {'controller': 'C3_arbitration_MPC', 'scenario': 'sensor_bias_5', 'seed': 19029, 'step': 438, 'time_s': 4.38, 'aux_inference_ms': 0.25210000239894725, 'reliability_update_ms': 0.007200000254670158, 'arbitration_ms': 0.006500002200482413, 'extension_ms': 0.2658000048540998, 'control_compute_ms': nan}, {'controller': 'C3_arbitration_MPC', 'scenario': 'sensor_bias_5', 'seed': 19029, 'step': 439, 'time_s': 4.39, 'aux_inference_ms': 0.27409999893279746, 'reliability_update_ms': 0.006500002200482413, 'arbitration_ms': 0.00549999822396785, 'extension_ms': 0.2860999993572477, 'control_compute_ms': nan}, {'controller': 'C3_arbitration_MPC', 'scenario': 'sensor_bias_5', 'seed': 19029, 'step': 440, 'time_s': 4.4, 'aux_inference_ms': 0.2519000008760486, 'reliability_update_ms': 0.00660000296193175, 'arbitration_ms': 0.005599998985417187, 'extension_ms': 0.2641000028233975, 'control_compute_ms': 20.70860000094399}, {'controller': 'C3_arbitration_MPC', 'scenario': 'sensor_bias_5', 'seed': 19029, 'step': 441, 'time_s': 4.41, 'aux_inference_ms': 0.29120000181137584, 'reliability_update_ms': 0.005700003384845331, 'arbitration_ms': 0.004899997293250635, 'extension_ms': 0.3018000024894718, 'control_compute_ms': nan}, {'controller': 'C3_arbitration_MPC', 'scenario': 'sensor_bias_5', 'seed': 19029, 'step': 442, 'time_s': 4.42, 'aux_inference_ms': 0.20630000290111639, 'reliability_update_ms': 0.004600002284860238, 'arbitration_ms': 0.003999997716164216, 'extension_ms': 0.21490000290214084, 'control_compute_ms': nan}, {'controller': 'C3_arbitration_MPC', 'scenario': 'sensor_bias_5', 'seed': 19029, 'step': 443, 'time_s': 4.43, 'aux_inference_ms': 0.22560000070370734, 'reliability_update_ms': 0.00540000110049732, 'arbitration_ms': 0.004600002284860238, 'extension_ms': 0.2356000040890649, 'control_compute_ms': nan}, {'controller': 'C3_arbitration_MPC', 'scenario': 'sensor_bias_5', 'seed': 19029, 'step': 444, 'time_s': 4.44, 'aux_inference_ms': 0.18900000213761814, 'reliability_update_ms': 0.004500001523410901, 'arbitration_ms': 0.0037999998312443495, 'extension_ms': 0.1973000034922734, 'control_compute_ms': nan}, {'controller': 'C3_arbitration_MPC', 'scenario': 'sensor_bias_5', 'seed': 19029, 'step': 445, 'time_s': 4.45, 'aux_inference_ms': 0.17559999832883477, 'reliability_update_ms': 0.004499997885432094, 'arbitration_ms': 0.0037999998312443495, 'extension_ms': 0.18389999604551122, 'control_compute_ms': 32.787700001790654}, {'controller': 'C3_arbitration_MPC', 'scenario': 'sensor_bias_5', 'seed': 19029, 'step': 446, 'time_s': 4.46, 'aux_inference_ms': 0.4254000014043413, 'reliability_update_ms': 0.009899998985929415, 'arbitration_ms': 0.008700000762473792, 'extension_ms': 0.4440000011527445, 'control_compute_ms': nan}, {'controller': 'C3_arbitration_MPC', 'scenario': 'sensor_bias_5', 'seed': 19029, 'step': 447, 'time_s': 4.47, 'aux_inference_ms': 0.27039999986300245, 'reliability_update_ms': 0.005000001692678779, 'arbitration_ms': 0.0039000005926936865, 'extension_ms': 0.2793000021483749, 'control_compute_ms': nan}, {'controller': 'C3_arbitration_MPC', 'scenario': 'sensor_bias_5', 'seed': 19029, 'step': 448, 'time_s': 4.48, 'aux_inference_ms': 0.17440000010537915, 'reliability_update_ms': 0.004499997885432094, 'arbitration_ms': 0.0039000005926936865, 'extension_ms': 0.18279999858350493, 'control_compute_ms': nan}, {'controller': 'C3_arbitration_MPC', 'scenario': 'sensor_bias_5', 'seed': 19029, 'step': 449, 'time_s': 4.49, 'aux_inference_ms': 0.221800000872463, 'reliability_update_ms': 0.022399999579647556, 'arbitration_ms': 0.004900000931229442, 'extension_ms': 0.24910000138334, 'control_compute_ms': nan}, {'controller': 'C3_arbitration_MPC', 'scenario': 'sensor_bias_5', 'seed': 19029, 'step': 450, 'time_s': 4.5, 'aux_inference_ms': 0.2564000023994595, 'reliability_update_ms': 0.006099999154685065, 'arbitration_ms': 0.005399997462518513, 'extension_ms': 0.26789999901666306, 'control_compute_ms': 45.330000000831205}, {'controller': 'C3_arbitration_MPC', 'scenario': 'sensor_bias_5', 'seed': 19029, 'step': 451, 'time_s': 4.51, 'aux_inference_ms': 0.2325000023120083, 'reliability_update_ms': 0.006999998731771484, 'arbitration_ms': 0.005099998816149309, 'extension_ms': 0.24459999985992908, 'control_compute_ms': nan}, {'controller': 'C3_arbitration_MPC', 'scenario': 'sensor_bias_5', 'seed': 19029, 'step': 452, 'time_s': 4.5200000000000005, 'aux_inference_ms': 0.2012999975704588, 'reliability_update_ms': 0.005399997462518513, 'arbitration_ms': 0.004600002284860238, 'extension_ms': 0.21129999731783755, 'control_compute_ms': nan}, {'controller': 'C3_arbitration_MPC', 'scenario': 'sensor_bias_5', 'seed': 19029, 'step': 453, 'time_s': 4.53, 'aux_inference_ms': 0.25800000003073364, 'reliability_update_ms': 0.01340000017080456, 'arbitration_ms': 0.011099997209385037, 'extension_ms': 0.28249999741092324, 'control_compute_ms': nan}, {'controller': 'C3_arbitration_MPC', 'scenario': 'sensor_bias_5', 'seed': 19029, 'step': 454, 'time_s': 4.54, 'aux_inference_ms': 0.5115000021760352, 'reliability_update_ms': 0.01349999729427509, 'arbitration_ms': 0.010600000678095967, 'extension_ms': 0.5356000001484063, 'control_compute_ms': nan}, {'controller': 'C3_arbitration_MPC', 'scenario': 'sensor_bias_5', 'seed': 19029, 'step': 455, 'time_s': 4.55, 'aux_inference_ms': 0.44460000208346173, 'reliability_update_ms': 0.01179999890155159, 'arbitration_ms': 0.009800001862458885, 'extension_ms': 0.4662000028474722, 'control_compute_ms': 23.591199998918455}, {'controller': 'C3_arbitration_MPC', 'scenario': 'sensor_bias_5', 'seed': 19029, 'step': 456, 'time_s': 4.5600000000000005, 'aux_inference_ms': 0.29400000130408444, 'reliability_update_ms': 0.007300001016119495, 'arbitration_ms': 0.005599998985417187, 'extension_ms': 0.3069000013056211, 'control_compute_ms': nan}, {'controller': 'C3_arbitration_MPC', 'scenario': 'sensor_bias_5', 'seed': 19029, 'step': 457, 'time_s': 4.57, 'aux_inference_ms': 0.19120000069960952, 'reliability_update_ms': 0.004999998054699972, 'arbitration_ms': 0.004900000931229442, 'extension_ms': 0.20109999968553893, 'control_compute_ms': nan}, {'controller': 'C3_arbitration_MPC', 'scenario': 'sensor_bias_5', 'seed': 19029, 'step': 458, 'time_s': 4.58, 'aux_inference_ms': 0.16560000221943483, 'reliability_update_ms': 0.004599998646881431, 'arbitration_ms': 0.004099998477613553, 'extension_ms': 0.1742999993439298, 'control_compute_ms': nan}, {'controller': 'C3_arbitration_MPC', 'scenario': 'sensor_bias_5', 'seed': 19029, 'step': 459, 'time_s': 4.59, 'aux_inference_ms': 0.1951000012923032, 'reliability_update_ms': 0.00540000110049732, 'arbitration_ms': 0.004699999408330768, 'extension_ms': 0.2052000018011313, 'control_compute_ms': nan}, {'controller': 'C3_arbitration_MPC', 'scenario': 'sensor_bias_5', 'seed': 19029, 'step': 460, 'time_s': 4.6000000000000005, 'aux_inference_ms': 0.24259999918285757, 'reliability_update_ms': 0.006000002031214535, 'arbitration_ms': 0.004799996531801298, 'extension_ms': 0.2533999977458734, 'control_compute_ms': 22.46509999895352}, {'controller': 'C3_arbitration_MPC', 'scenario': 'sensor_bias_5', 'seed': 19029, 'step': 461, 'time_s': 4.61, 'aux_inference_ms': 0.2519000008760486, 'reliability_update_ms': 0.006599999323952943, 'arbitration_ms': 0.006000002031214535, 'extension_ms': 0.26450000223121606, 'control_compute_ms': nan}, {'controller': 'C3_arbitration_MPC', 'scenario': 'sensor_bias_5', 'seed': 19029, 'step': 462, 'time_s': 4.62, 'aux_inference_ms': 0.20399999993969686, 'reliability_update_ms': 0.00540000110049732, 'arbitration_ms': 0.004800000169780105, 'extension_ms': 0.2142000012099743, 'control_compute_ms': nan}, {'controller': 'C3_arbitration_MPC', 'scenario': 'sensor_bias_5', 'seed': 19029, 'step': 463, 'time_s': 4.63, 'aux_inference_ms': 0.21980000019539148, 'reliability_update_ms': 0.005699999746866524, 'arbitration_ms': 0.004500001523410901, 'extension_ms': 0.2300000014656689, 'control_compute_ms': nan}, {'controller': 'C3_arbitration_MPC', 'scenario': 'sensor_bias_5', 'seed': 19029, 'step': 464, 'time_s': 4.64, 'aux_inference_ms': 0.3713999976753257, 'reliability_update_ms': 0.006199999916134402, 'arbitration_ms': 0.004600002284860238, 'extension_ms': 0.38219999987632036, 'control_compute_ms': nan}, {'controller': 'C3_arbitration_MPC', 'scenario': 'sensor_bias_5', 'seed': 19029, 'step': 465, 'time_s': 4.65, 'aux_inference_ms': 0.18670000281417742, 'reliability_update_ms': 0.004500001523410901, 'arbitration_ms': 0.0037999998312443495, 'extension_ms': 0.19500000416883267, 'control_compute_ms': 23.792100000719074}, {'controller': 'C3_arbitration_MPC', 'scenario': 'sensor_bias_5', 'seed': 19029, 'step': 466, 'time_s': 4.66, 'aux_inference_ms': 0.5983000010019168, 'reliability_update_ms': 0.00920000093174167, 'arbitration_ms': 0.006999998731771484, 'extension_ms': 0.61450000066543, 'control_compute_ms': nan}, {'controller': 'C3_arbitration_MPC', 'scenario': 'sensor_bias_5', 'seed': 19029, 'step': 467, 'time_s': 4.67, 'aux_inference_ms': 0.41150000106426887, 'reliability_update_ms': 0.006499998562503606, 'arbitration_ms': 0.005000001692678779, 'extension_ms': 0.42300000131945126, 'control_compute_ms': nan}, {'controller': 'C3_arbitration_MPC', 'scenario': 'sensor_bias_5', 'seed': 19029, 'step': 468, 'time_s': 4.68, 'aux_inference_ms': 0.2134000023943372, 'reliability_update_ms': 0.00540000110049732, 'arbitration_ms': 0.004499997885432094, 'extension_ms': 0.22330000138026662, 'control_compute_ms': nan}, {'controller': 'C3_arbitration_MPC', 'scenario': 'sensor_bias_5', 'seed': 19029, 'step': 469, 'time_s': 4.69, 'aux_inference_ms': 0.2303000001120381, 'reliability_update_ms': 0.005399997462518513, 'arbitration_ms': 0.004400000761961564, 'extension_ms': 0.24009999833651818, 'control_compute_ms': nan}, {'controller': 'C3_arbitration_MPC', 'scenario': 'sensor_bias_5', 'seed': 19029, 'step': 470, 'time_s': 4.7, 'aux_inference_ms': 0.20360000053187832, 'reliability_update_ms': 0.005300000339047983, 'arbitration_ms': 0.004300000000512227, 'extension_ms': 0.21320000087143853, 'control_compute_ms': 53.12469999989844}, {'controller': 'C3_arbitration_MPC', 'scenario': 'sensor_bias_5', 'seed': 19029, 'step': 471, 'time_s': 4.71, 'aux_inference_ms': 0.6107000008341856, 'reliability_update_ms': 0.014599998394260183, 'arbitration_ms': 0.013299999409355223, 'extension_ms': 0.638599998637801, 'control_compute_ms': nan}, {'controller': 'C3_arbitration_MPC', 'scenario': 'sensor_bias_5', 'seed': 19029, 'step': 472, 'time_s': 4.72, 'aux_inference_ms': 0.5522999999811873, 'reliability_update_ms': 0.011399999493733048, 'arbitration_ms': 0.011299998732283711, 'extension_ms': 0.574999998207204, 'control_compute_ms': nan}, {'controller': 'C3_arbitration_MPC', 'scenario': 'sensor_bias_5', 'seed': 19029, 'step': 473, 'time_s': 4.73, 'aux_inference_ms': 0.6855999999970663, 'reliability_update_ms': 0.012800002878066152, 'arbitration_ms': 0.01599999814061448, 'extension_ms': 0.714400001015747, 'control_compute_ms': nan}, {'controller': 'C3_arbitration_MPC', 'scenario': 'sensor_bias_5', 'seed': 19029, 'step': 474, 'time_s': 4.74, 'aux_inference_ms': 0.5228999980317894, 'reliability_update_ms': 0.01089999932446517, 'arbitration_ms': 0.01089999932446517, 'extension_ms': 0.5446999966807198, 'control_compute_ms': nan}, {'controller': 'C3_arbitration_MPC', 'scenario': 'sensor_bias_5', 'seed': 19029, 'step': 475, 'time_s': 4.75, 'aux_inference_ms': 0.49809999836725183, 'reliability_update_ms': 0.010299998393747956, 'arbitration_ms': 0.01089999932446517, 'extension_ms': 0.519299996085465, 'control_compute_ms': 59.31449999843608}, {'controller': 'C3_arbitration_MPC', 'scenario': 'sensor_bias_5', 'seed': 19029, 'step': 476, 'time_s': 4.76, 'aux_inference_ms': 1.2135000033595134, 'reliability_update_ms': 0.02800000220304355, 'arbitration_ms': 0.022499996703118086, 'extension_ms': 1.264000002265675, 'control_compute_ms': nan}, {'controller': 'C3_arbitration_MPC', 'scenario': 'sensor_bias_5', 'seed': 19029, 'step': 477, 'time_s': 4.7700000000000005, 'aux_inference_ms': 0.23220000002766028, 'reliability_update_ms': 0.006299997039604932, 'arbitration_ms': 0.00540000110049732, 'extension_ms': 0.24389999816776253, 'control_compute_ms': nan}, {'controller': 'C3_arbitration_MPC', 'scenario': 'sensor_bias_5', 'seed': 19029, 'step': 478, 'time_s': 4.78, 'aux_inference_ms': 0.5287000021780841, 'reliability_update_ms': 0.018900002032751217, 'arbitration_ms': 0.015099998563528061, 'extension_ms': 0.5627000027743634, 'control_compute_ms': nan}, {'controller': 'C3_arbitration_MPC', 'scenario': 'sensor_bias_5', 'seed': 19029, 'step': 479, 'time_s': 4.79, 'aux_inference_ms': 0.7105000004230533, 'reliability_update_ms': 0.019899998733308166, 'arbitration_ms': 0.015800000255694613, 'extension_ms': 0.7461999994120561, 'control_compute_ms': nan}, {'controller': 'C3_arbitration_MPC', 'scenario': 'sensor_bias_5', 'seed': 19029, 'step': 480, 'time_s': 4.8, 'aux_inference_ms': 0.6071999996493105, 'reliability_update_ms': 0.013799999578623101, 'arbitration_ms': 0.012399999832268804, 'extension_ms': 0.6333999990602024, 'control_compute_ms': 33.293199998297496}, {'controller': 'C3_arbitration_MPC', 'scenario': 'sensor_bias_5', 'seed': 19029, 'step': 481, 'time_s': 4.8100000000000005, 'aux_inference_ms': 0.387399999453919, 'reliability_update_ms': 0.00960000033956021, 'arbitration_ms': 0.007800001185387373, 'extension_ms': 0.4048000009788666, 'control_compute_ms': nan}, {'controller': 'C3_arbitration_MPC', 'scenario': 'sensor_bias_5', 'seed': 19029, 'step': 482, 'time_s': 4.82, 'aux_inference_ms': 0.31599999783793464, 'reliability_update_ms': 0.008600000001024455, 'arbitration_ms': 0.007200000254670158, 'extension_ms': 0.33179999809362926, 'control_compute_ms': nan}, {'controller': 'C3_arbitration_MPC', 'scenario': 'sensor_bias_5', 'seed': 19029, 'step': 483, 'time_s': 4.83, 'aux_inference_ms': 0.3171999996993691, 'reliability_update_ms': 0.008400002116104588, 'arbitration_ms': 0.006800000846851617, 'extension_ms': 0.3324000026623253, 'control_compute_ms': nan}, {'controller': 'C3_arbitration_MPC', 'scenario': 'sensor_bias_5', 'seed': 19029, 'step': 484, 'time_s': 4.84, 'aux_inference_ms': 0.31149999995250255, 'reliability_update_ms': 0.00839999847812578, 'arbitration_ms': 0.007099999493220821, 'extension_ms': 0.32699999792384915, 'control_compute_ms': nan}, {'controller': 'C3_arbitration_MPC', 'scenario': 'sensor_bias_5', 'seed': 19029, 'step': 485, 'time_s': 4.8500000000000005, 'aux_inference_ms': 0.31230000240611844, 'reliability_update_ms': 0.00799999907030724, 'arbitration_ms': 0.006899997970322147, 'extension_ms': 0.3271999994467478, 'control_compute_ms': 22.62209999753395}, {'controller': 'C3_arbitration_MPC', 'scenario': 'sensor_bias_5', 'seed': 19029, 'step': 486, 'time_s': 4.86, 'aux_inference_ms': 0.2808999997796491, 'reliability_update_ms': 0.007499998901039362, 'arbitration_ms': 0.006199999916134402, 'extension_ms': 0.29459999859682284, 'control_compute_ms': nan}, {'controller': 'C3_arbitration_MPC', 'scenario': 'sensor_bias_5', 'seed': 19029, 'step': 487, 'time_s': 4.87, 'aux_inference_ms': 0.2808999997796491, 'reliability_update_ms': 0.006800000846851617, 'arbitration_ms': 0.005800000508315861, 'extension_ms': 0.29350000113481656, 'control_compute_ms': nan}, {'controller': 'C3_arbitration_MPC', 'scenario': 'sensor_bias_5', 'seed': 19029, 'step': 488, 'time_s': 4.88, 'aux_inference_ms': 0.24360000315937214, 'reliability_update_ms': 0.00660000296193175, 'arbitration_ms': 0.005599998985417187, 'extension_ms': 0.2558000051067211, 'control_compute_ms': nan}, {'controller': 'C3_arbitration_MPC', 'scenario': 'sensor_bias_5', 'seed': 19029, 'step': 489, 'time_s': 4.89, 'aux_inference_ms': 0.238199998420896, 'reliability_update_ms': 0.006099999154685065, 'arbitration_ms': 0.005199999577598646, 'extension_ms': 0.24949999715317972, 'control_compute_ms': nan}, {'controller': 'C3_arbitration_MPC', 'scenario': 'sensor_bias_5', 'seed': 19029, 'step': 490, 'time_s': 4.9, 'aux_inference_ms': 0.2410000015515834, 'reliability_update_ms': 0.005899997631786391, 'arbitration_ms': 0.005300000339047983, 'extension_ms': 0.2521999995224178, 'control_compute_ms': 21.220499998889863}, {'controller': 'C3_arbitration_MPC', 'scenario': 'sensor_bias_5', 'seed': 19029, 'step': 491, 'time_s': 4.91, 'aux_inference_ms': 0.20700000095530413, 'reliability_update_ms': 0.005199999577598646, 'arbitration_ms': 0.004800000169780105, 'extension_ms': 0.21700000070268288, 'control_compute_ms': nan}, {'controller': 'C3_arbitration_MPC', 'scenario': 'sensor_bias_5', 'seed': 19029, 'step': 492, 'time_s': 4.92, 'aux_inference_ms': 0.17159999697469175, 'reliability_update_ms': 0.004800000169780105, 'arbitration_ms': 0.004099998477613553, 'extension_ms': 0.1804999956220854, 'control_compute_ms': nan}, {'controller': 'C3_arbitration_MPC', 'scenario': 'sensor_bias_5', 'seed': 19029, 'step': 493, 'time_s': 4.93, 'aux_inference_ms': 0.20570000197039917, 'reliability_update_ms': 0.005299996701069176, 'arbitration_ms': 0.004600002284860238, 'extension_ms': 0.21560000095632859, 'control_compute_ms': nan}, {'controller': 'C3_arbitration_MPC', 'scenario': 'sensor_bias_5', 'seed': 19029, 'step': 494, 'time_s': 4.94, 'aux_inference_ms': 0.23010000222711824, 'reliability_update_ms': 0.006300000677583739, 'arbitration_ms': 0.005100002454128116, 'extension_ms': 0.2415000053588301, 'control_compute_ms': nan}, {'controller': 'C3_arbitration_MPC', 'scenario': 'sensor_bias_5', 'seed': 19029, 'step': 495, 'time_s': 4.95, 'aux_inference_ms': 0.2571000004536472, 'reliability_update_ms': 0.005899997631786391, 'arbitration_ms': 0.005100002454128116, 'extension_ms': 0.26810000053956173, 'control_compute_ms': 21.42950000052224}, {'controller': 'C3_arbitration_MPC', 'scenario': 'sensor_bias_5', 'seed': 19029, 'step': 496, 'time_s': 4.96, 'aux_inference_ms': 0.6733999980497174, 'reliability_update_ms': 0.009899998985929415, 'arbitration_ms': 0.007399998139590025, 'extension_ms': 0.6906999951752368, 'control_compute_ms': nan}, {'controller': 'C3_arbitration_MPC', 'scenario': 'sensor_bias_5', 'seed': 19029, 'step': 497, 'time_s': 4.97, 'aux_inference_ms': 0.21890000061830506, 'reliability_update_ms': 0.004999998054699972, 'arbitration_ms': 0.005900001269765198, 'extension_ms': 0.22979999994277023, 'control_compute_ms': nan}, {'controller': 'C3_arbitration_MPC', 'scenario': 'sensor_bias_5', 'seed': 19029, 'step': 498, 'time_s': 4.98, 'aux_inference_ms': 0.1736999984132126, 'reliability_update_ms': 0.004699999408330768, 'arbitration_ms': 0.0036000019463244826, 'extension_ms': 0.18199999976786785, 'control_compute_ms': nan}, {'controller': 'C3_arbitration_MPC', 'scenario': 'sensor_bias_5', 'seed': 19029, 'step': 499, 'time_s': 4.99, 'aux_inference_ms': 0.5568999986280687, 'reliability_update_ms': 0.013600001693703234, 'arbitration_ms': 0.012000000424450263, 'extension_ms': 0.5825000007462222, 'control_compute_ms': nan}, {'controller': 'C3_arbitration_MPC', 'scenario': 'sensor_bias_5', 'seed': 19029, 'step': 500, 'time_s': 5.0, 'aux_inference_ms': 0.6046999988029711, 'reliability_update_ms': 0.020399998902576044, 'arbitration_ms': 0.014700002793688327, 'extension_ms': 0.6398000004992355, 'control_compute_ms': 21.84829999896465}, {'controller': 'C3_arbitration_MPC', 'scenario': 'sensor_bias_5', 'seed': 19029, 'step': 501, 'time_s': 5.01, 'aux_inference_ms': 0.4532999992079567, 'reliability_update_ms': 0.007099999493220821, 'arbitration_ms': 0.006599999323952943, 'extension_ms': 0.4669999980251305, 'control_compute_ms': nan}, {'controller': 'C3_arbitration_MPC', 'scenario': 'sensor_bias_5', 'seed': 19029, 'step': 502, 'time_s': 5.0200000000000005, 'aux_inference_ms': 0.3845000028377399, 'reliability_update_ms': 0.01309999788645655, 'arbitration_ms': 0.011100000847363845, 'extension_ms': 0.4087000015715603, 'control_compute_ms': nan}, {'controller': 'C3_arbitration_MPC', 'scenario': 'sensor_bias_5', 'seed': 19029, 'step': 503, 'time_s': 5.03, 'aux_inference_ms': 0.5375000000640284, 'reliability_update_ms': 0.012000000424450263, 'arbitration_ms': 0.009800001862458885, 'extension_ms': 0.5593000023509376, 'control_compute_ms': nan}, {'controller': 'C3_arbitration_MPC', 'scenario': 'sensor_bias_5', 'seed': 19029, 'step': 504, 'time_s': 5.04, 'aux_inference_ms': 0.37000000156695023, 'reliability_update_ms': 0.009300001693191007, 'arbitration_ms': 0.00790000194683671, 'extension_ms': 0.38720000520697795, 'control_compute_ms': nan}, {'controller': 'C3_arbitration_MPC', 'scenario': 'sensor_bias_5', 'seed': 19029, 'step': 505, 'time_s': 5.05, 'aux_inference_ms': 0.24910000138334, 'reliability_update_ms': 0.005399997462518513, 'arbitration_ms': 0.004699999408330768, 'extension_ms': 0.25919999825418927, 'control_compute_ms': 26.89259999897331}, {'controller': 'C3_arbitration_MPC', 'scenario': 'sensor_bias_5', 'seed': 19029, 'step': 506, 'time_s': 5.0600000000000005, 'aux_inference_ms': 0.3775000004679896, 'reliability_update_ms': 0.008999999408842996, 'arbitration_ms': 0.007400001777568832, 'extension_ms': 0.3939000016544014, 'control_compute_ms': nan}, {'controller': 'C3_arbitration_MPC', 'scenario': 'sensor_bias_5', 'seed': 19029, 'step': 507, 'time_s': 5.07, 'aux_inference_ms': 0.3128000025753863, 'reliability_update_ms': 0.007599999662488699, 'arbitration_ms': 0.005800000508315861, 'extension_ms': 0.3262000027461909, 'control_compute_ms': nan}, {'controller': 'C3_arbitration_MPC', 'scenario': 'sensor_bias_5', 'seed': 19029, 'step': 508, 'time_s': 5.08, 'aux_inference_ms': 0.20139999833190814, 'reliability_update_ms': 0.005300000339047983, 'arbitration_ms': 0.004099998477613553, 'extension_ms': 0.21079999714856967, 'control_compute_ms': nan}, {'controller': 'C3_arbitration_MPC', 'scenario': 'sensor_bias_5', 'seed': 19029, 'step': 509, 'time_s': 5.09, 'aux_inference_ms': 0.1731000011204742, 'reliability_update_ms': 0.004800000169780105, 'arbitration_ms': 0.0036999990697950125, 'extension_ms': 0.1816000003600493, 'control_compute_ms': nan}, {'controller': 'C3_arbitration_MPC', 'scenario': 'sensor_bias_5', 'seed': 19029, 'step': 510, 'time_s': 5.1000000000000005, 'aux_inference_ms': 0.21239999841782264, 'reliability_update_ms': 0.005199999577598646, 'arbitration_ms': 0.0041000021155923605, 'extension_ms': 0.22170000011101365, 'control_compute_ms': 32.23559999969439}, {'controller': 'C3_arbitration_MPC', 'scenario': 'sensor_bias_5', 'seed': 19029, 'step': 511, 'time_s': 5.11, 'aux_inference_ms': 0.22289999833446927, 'reliability_update_ms': 0.006399997801054269, 'arbitration_ms': 0.005300000339047983, 'extension_ms': 0.23459999647457153, 'control_compute_ms': nan}, {'controller': 'C3_arbitration_MPC', 'scenario': 'sensor_bias_5', 'seed': 19029, 'step': 512, 'time_s': 5.12, 'aux_inference_ms': 0.18510000154492445, 'reliability_update_ms': 0.00540000110049732, 'arbitration_ms': 0.004699999408330768, 'extension_ms': 0.19520000205375254, 'control_compute_ms': nan}, {'controller': 'C3_arbitration_MPC', 'scenario': 'sensor_bias_5', 'seed': 19029, 'step': 513, 'time_s': 5.13, 'aux_inference_ms': 0.17630000002100132, 'reliability_update_ms': 0.004900000931229442, 'arbitration_ms': 0.0037999998312443495, 'extension_ms': 0.18500000078347512, 'control_compute_ms': nan}, {'controller': 'C3_arbitration_MPC', 'scenario': 'sensor_bias_5', 'seed': 19029, 'step': 514, 'time_s': 5.14, 'aux_inference_ms': 0.2963999977509957, 'reliability_update_ms': 0.007099999493220821, 'arbitration_ms': 0.005700003384845331, 'extension_ms': 0.30920000062906183, 'control_compute_ms': nan}, {'controller': 'C3_arbitration_MPC', 'scenario': 'sensor_bias_5', 'seed': 19029, 'step': 515, 'time_s': 5.15, 'aux_inference_ms': 0.2808999997796491, 'reliability_update_ms': 0.007100003131199628, 'arbitration_ms': 0.006099999154685065, 'extension_ms': 0.29410000206553377, 'control_compute_ms': 25.862800001050346}, {'controller': 'C3_arbitration_MPC', 'scenario': 'sensor_bias_5', 'seed': 19029, 'step': 516, 'time_s': 5.16, 'aux_inference_ms': 0.3572000023268629, 'reliability_update_ms': 0.007899998308857903, 'arbitration_ms': 0.007099999493220821, 'extension_ms': 0.3722000001289416, 'control_compute_ms': nan}, {'controller': 'C3_arbitration_MPC', 'scenario': 'sensor_bias_5', 'seed': 19029, 'step': 517, 'time_s': 5.17, 'aux_inference_ms': 0.7023999969533179, 'reliability_update_ms': 0.016599999071331695, 'arbitration_ms': 0.016599999071331695, 'extension_ms': 0.7355999950959813, 'control_compute_ms': nan}, {'controller': 'C3_arbitration_MPC', 'scenario': 'sensor_bias_5', 'seed': 19029, 'step': 518, 'time_s': 5.18, 'aux_inference_ms': 0.5016000031901058, 'reliability_update_ms': 0.009999999747378752, 'arbitration_ms': 0.011600001016631722, 'extension_ms': 0.5232000039541163, 'control_compute_ms': nan}, {'controller': 'C3_arbitration_MPC', 'scenario': 'sensor_bias_5', 'seed': 19029, 'step': 519, 'time_s': 5.19, 'aux_inference_ms': 0.7143000002542976, 'reliability_update_ms': 0.014599998394260183, 'arbitration_ms': 0.015499997971346602, 'extension_ms': 0.7443999966199044, 'control_compute_ms': nan}, {'controller': 'C3_arbitration_MPC', 'scenario': 'sensor_bias_5', 'seed': 19029, 'step': 520, 'time_s': 5.2, 'aux_inference_ms': 0.7154000013542827, 'reliability_update_ms': 0.01469999915570952, 'arbitration_ms': 0.014999997802078724, 'extension_ms': 0.745099998312071, 'control_compute_ms': 34.16070000093896}, {'controller': 'C3_arbitration_MPC', 'scenario': 'sensor_bias_5', 'seed': 19029, 'step': 521, 'time_s': 5.21, 'aux_inference_ms': 0.2558999985922128, 'reliability_update_ms': 0.007199996616691351, 'arbitration_ms': 0.006500002200482413, 'extension_ms': 0.26959999740938656, 'control_compute_ms': nan}, {'controller': 'C3_arbitration_MPC', 'scenario': 'sensor_bias_5', 'seed': 19029, 'step': 522, 'time_s': 5.22, 'aux_inference_ms': 0.2144999998563435, 'reliability_update_ms': 0.005500001861946657, 'arbitration_ms': 0.004800000169780105, 'extension_ms': 0.22480000188807026, 'control_compute_ms': nan}, {'controller': 'C3_arbitration_MPC', 'scenario': 'sensor_bias_5', 'seed': 19029, 'step': 523, 'time_s': 5.23, 'aux_inference_ms': 0.21360000027925707, 'reliability_update_ms': 0.00540000110049732, 'arbitration_ms': 0.004800000169780105, 'extension_ms': 0.2238000015495345, 'control_compute_ms': nan}, {'controller': 'C3_arbitration_MPC', 'scenario': 'sensor_bias_5', 'seed': 19029, 'step': 524, 'time_s': 5.24, 'aux_inference_ms': 0.21189999824855477, 'reliability_update_ms': 0.005699999746866524, 'arbitration_ms': 0.005199999577598646, 'extension_ms': 0.22279999757301994, 'control_compute_ms': nan}, {'controller': 'C3_arbitration_MPC', 'scenario': 'sensor_bias_5', 'seed': 19029, 'step': 525, 'time_s': 5.25, 'aux_inference_ms': 0.17940000179805793, 'reliability_update_ms': 0.004600002284860238, 'arbitration_ms': 0.0040000013541430235, 'extension_ms': 0.1880000054370612, 'control_compute_ms': 17.709699997794814}, {'controller': 'C3_arbitration_MPC', 'scenario': 'sensor_bias_5', 'seed': 19029, 'step': 526, 'time_s': 5.26, 'aux_inference_ms': 0.761799998144852, 'reliability_update_ms': 0.01590000101714395, 'arbitration_ms': 0.02719999974942766, 'extension_ms': 0.8048999989114236, 'control_compute_ms': nan}, {'controller': 'C3_arbitration_MPC', 'scenario': 'sensor_bias_5', 'seed': 19029, 'step': 527, 'time_s': 5.2700000000000005, 'aux_inference_ms': 0.6522999974549748, 'reliability_update_ms': 0.013799999578623101, 'arbitration_ms': 0.013700002455152571, 'extension_ms': 0.6797999994887505, 'control_compute_ms': nan}, {'controller': 'C3_arbitration_MPC', 'scenario': 'sensor_bias_5', 'seed': 19029, 'step': 528, 'time_s': 5.28, 'aux_inference_ms': 0.640199999907054, 'reliability_update_ms': 0.013299999409355223, 'arbitration_ms': 0.013599998055724427, 'extension_ms': 0.6670999973721337, 'control_compute_ms': nan}, {'controller': 'C3_arbitration_MPC', 'scenario': 'sensor_bias_5', 'seed': 19029, 'step': 529, 'time_s': 5.29, 'aux_inference_ms': 0.6036000013409648, 'reliability_update_ms': 0.012799999240087345, 'arbitration_ms': 0.013199998647905886, 'extension_ms': 0.629599999228958, 'control_compute_ms': nan}, {'controller': 'C3_arbitration_MPC', 'scenario': 'sensor_bias_5', 'seed': 19029, 'step': 530, 'time_s': 5.3, 'aux_inference_ms': 0.6008000018482562, 'reliability_update_ms': 0.012600001355167478, 'arbitration_ms': 0.01300000076298602, 'extension_ms': 0.6264000039664097, 'control_compute_ms': 26.358499999332707}, {'controller': 'C3_arbitration_MPC', 'scenario': 'sensor_bias_5', 'seed': 19029, 'step': 531, 'time_s': 5.3100000000000005, 'aux_inference_ms': 0.2674999996088445, 'reliability_update_ms': 0.007200000254670158, 'arbitration_ms': 0.005899997631786391, 'extension_ms': 0.28059999749530107, 'control_compute_ms': nan}, {'controller': 'C3_arbitration_MPC', 'scenario': 'sensor_bias_5', 'seed': 19029, 'step': 532, 'time_s': 5.32, 'aux_inference_ms': 0.21389999892562628, 'reliability_update_ms': 0.005699999746866524, 'arbitration_ms': 0.005099998816149309, 'extension_ms': 0.2246999974886421, 'control_compute_ms': nan}, {'controller': 'C3_arbitration_MPC', 'scenario': 'sensor_bias_5', 'seed': 19029, 'step': 533, 'time_s': 5.33, 'aux_inference_ms': 0.21329999799490906, 'reliability_update_ms': 0.005600002623395994, 'arbitration_ms': 0.004599998646881431, 'extension_ms': 0.2234999992651865, 'control_compute_ms': nan}, {'controller': 'C3_arbitration_MPC', 'scenario': 'sensor_bias_5', 'seed': 19029, 'step': 534, 'time_s': 5.34, 'aux_inference_ms': 0.22399999943445437, 'reliability_update_ms': 0.005300000339047983, 'arbitration_ms': 0.004699999408330768, 'extension_ms': 0.23399999918183312, 'control_compute_ms': nan}, {'controller': 'C3_arbitration_MPC', 'scenario': 'sensor_bias_5', 'seed': 19029, 'step': 535, 'time_s': 5.3500000000000005, 'aux_inference_ms': 0.1975999985006638, 'reliability_update_ms': 0.005099998816149309, 'arbitration_ms': 0.004400000761961564, 'extension_ms': 0.20709999807877466, 'control_compute_ms': 19.29579999705311}, {'controller': 'C3_arbitration_MPC', 'scenario': 'sensor_bias_5', 'seed': 19029, 'step': 536, 'time_s': 5.36, 'aux_inference_ms': 0.26649999927030876, 'reliability_update_ms': 0.005999998393235728, 'arbitration_ms': 0.005000001692678779, 'extension_ms': 0.27749999935622327, 'control_compute_ms': nan}, {'controller': 'C3_arbitration_MPC', 'scenario': 'sensor_bias_5', 'seed': 19029, 'step': 537, 'time_s': 5.37, 'aux_inference_ms': 0.2187000027333852, 'reliability_update_ms': 0.005800000508315861, 'arbitration_ms': 0.004499997885432094, 'extension_ms': 0.22900000112713315, 'control_compute_ms': nan}, {'controller': 'C3_arbitration_MPC', 'scenario': 'sensor_bias_5', 'seed': 19029, 'step': 538, 'time_s': 5.38, 'aux_inference_ms': 0.20139999833190814, 'reliability_update_ms': 0.005199999577598646, 'arbitration_ms': 0.004500001523410901, 'extension_ms': 0.21109999943291768, 'control_compute_ms': nan}, {'controller': 'C3_arbitration_MPC', 'scenario': 'sensor_bias_5', 'seed': 19029, 'step': 539, 'time_s': 5.39, 'aux_inference_ms': 0.325700002576923, 'reliability_update_ms': 0.005800000508315861, 'arbitration_ms': 0.004599998646881431, 'extension_ms': 0.3361000017321203, 'control_compute_ms': nan}, {'controller': 'C3_arbitration_MPC', 'scenario': 'sensor_bias_5', 'seed': 19029, 'step': 540, 'time_s': 5.4, 'aux_inference_ms': 0.18049999926006421, 'reliability_update_ms': 0.004300000000512227, 'arbitration_ms': 0.0036999990697950125, 'extension_ms': 0.18849999833037145, 'control_compute_ms': 30.747600001632236}, {'controller': 'C3_arbitration_MPC', 'scenario': 'sensor_bias_5', 'seed': 19029, 'step': 541, 'time_s': 5.41, 'aux_inference_ms': 0.20320000112405978, 'reliability_update_ms': 0.006400001439033076, 'arbitration_ms': 0.005199999577598646, 'extension_ms': 0.2148000021406915, 'control_compute_ms': nan}, {'controller': 'C3_arbitration_MPC', 'scenario': 'sensor_bias_5', 'seed': 19029, 'step': 542, 'time_s': 5.42, 'aux_inference_ms': 0.16390000018873252, 'reliability_update_ms': 0.004300000000512227, 'arbitration_ms': 0.0037000027077738196, 'extension_ms': 0.17190000289701857, 'control_compute_ms': nan}, {'controller': 'C3_arbitration_MPC', 'scenario': 'sensor_bias_5', 'seed': 19029, 'step': 543, 'time_s': 5.43, 'aux_inference_ms': 0.21299999934853986, 'reliability_update_ms': 0.005599998985417187, 'arbitration_ms': 0.004600002284860238, 'extension_ms': 0.22320000061881728, 'control_compute_ms': nan}, {'controller': 'C3_arbitration_MPC', 'scenario': 'sensor_bias_5', 'seed': 19029, 'step': 544, 'time_s': 5.44, 'aux_inference_ms': 0.27459999910206534, 'reliability_update_ms': 0.004900000931229442, 'arbitration_ms': 0.006400001439033076, 'extension_ms': 0.28590000147232786, 'control_compute_ms': nan}, {'controller': 'C3_arbitration_MPC', 'scenario': 'sensor_bias_5', 'seed': 19029, 'step': 545, 'time_s': 5.45, 'aux_inference_ms': 0.18009999985224567, 'reliability_update_ms': 0.004500001523410901, 'arbitration_ms': 0.0037999998312443495, 'extension_ms': 0.18840000120690092, 'control_compute_ms': 16.78669999819249}, {'controller': 'C3_arbitration_MPC', 'scenario': 'sensor_bias_5', 'seed': 19029, 'step': 546, 'time_s': 5.46, 'aux_inference_ms': 0.21610000112559646, 'reliability_update_ms': 0.005399997462518513, 'arbitration_ms': 0.004800000169780105, 'extension_ms': 0.22629999875789508, 'control_compute_ms': nan}, {'controller': 'C3_arbitration_MPC', 'scenario': 'sensor_bias_5', 'seed': 19029, 'step': 547, 'time_s': 5.47, 'aux_inference_ms': 0.17780000052880496, 'reliability_update_ms': 0.004900000931229442, 'arbitration_ms': 0.0039000005926936865, 'extension_ms': 0.1866000020527281, 'control_compute_ms': nan}, {'controller': 'C3_arbitration_MPC', 'scenario': 'sensor_bias_5', 'seed': 19029, 'step': 548, 'time_s': 5.48, 'aux_inference_ms': 0.20629999926313758, 'reliability_update_ms': 0.00549999822396785, 'arbitration_ms': 0.004600002284860238, 'extension_ms': 0.21639999977196567, 'control_compute_ms': nan}, {'controller': 'C3_arbitration_MPC', 'scenario': 'sensor_bias_5', 'seed': 19029, 'step': 549, 'time_s': 5.49, 'aux_inference_ms': 0.20600000061676838, 'reliability_update_ms': 0.005300000339047983, 'arbitration_ms': 0.004699999408330768, 'extension_ms': 0.21600000036414713, 'control_compute_ms': nan}, {'controller': 'C3_arbitration_MPC', 'scenario': 'sensor_bias_5', 'seed': 19029, 'step': 550, 'time_s': 5.5, 'aux_inference_ms': 0.20059999951627105, 'reliability_update_ms': 0.005599998985417187, 'arbitration_ms': 0.004900000931229442, 'extension_ms': 0.21109999943291768, 'control_compute_ms': 17.124499998317333}, {'controller': 'C3_arbitration_MPC', 'scenario': 'sensor_bias_5', 'seed': 19029, 'step': 551, 'time_s': 5.51, 'aux_inference_ms': 0.24510000002919696, 'reliability_update_ms': 0.006300000677583739, 'arbitration_ms': 0.005199999577598646, 'extension_ms': 0.25660000028437935, 'control_compute_ms': nan}, {'controller': 'C3_arbitration_MPC', 'scenario': 'sensor_bias_5', 'seed': 19029, 'step': 552, 'time_s': 5.5200000000000005, 'aux_inference_ms': 0.21470000137924217, 'reliability_update_ms': 0.005500001861946657, 'arbitration_ms': 0.0047000030463095754, 'extension_ms': 0.2249000062874984, 'control_compute_ms': nan}, {'controller': 'C3_arbitration_MPC', 'scenario': 'sensor_bias_5', 'seed': 19029, 'step': 553, 'time_s': 5.53, 'aux_inference_ms': 0.20869999934802763, 'reliability_update_ms': 0.00549999822396785, 'arbitration_ms': 0.004500001523410901, 'extension_ms': 0.21869999909540638, 'control_compute_ms': nan}, {'controller': 'C3_arbitration_MPC', 'scenario': 'sensor_bias_5', 'seed': 19029, 'step': 554, 'time_s': 5.54, 'aux_inference_ms': 0.21109999943291768, 'reliability_update_ms': 0.005300000339047983, 'arbitration_ms': 0.004599998646881431, 'extension_ms': 0.2209999984188471, 'control_compute_ms': nan}, {'controller': 'C3_arbitration_MPC', 'scenario': 'sensor_bias_5', 'seed': 19029, 'step': 555, 'time_s': 5.55, 'aux_inference_ms': 0.20569999833242036, 'reliability_update_ms': 0.005300000339047983, 'arbitration_ms': 0.004500001523410901, 'extension_ms': 0.21550000019487925, 'control_compute_ms': 17.440999999962514}, {'controller': 'C3_arbitration_MPC', 'scenario': 'sensor_bias_5', 'seed': 19029, 'step': 556, 'time_s': 5.5600000000000005, 'aux_inference_ms': 0.2494000000297092, 'reliability_update_ms': 0.006300000677583739, 'arbitration_ms': 0.004900000931229442, 'extension_ms': 0.26060000163852237, 'control_compute_ms': nan}, {'controller': 'C3_arbitration_MPC', 'scenario': 'sensor_bias_5', 'seed': 19029, 'step': 557, 'time_s': 5.57, 'aux_inference_ms': 0.21360000027925707, 'reliability_update_ms': 0.005999998393235728, 'arbitration_ms': 0.005199999577598646, 'extension_ms': 0.22479999825009145, 'control_compute_ms': nan}, {'controller': 'C3_arbitration_MPC', 'scenario': 'sensor_bias_5', 'seed': 19029, 'step': 558, 'time_s': 5.58, 'aux_inference_ms': 0.21390000256360509, 'reliability_update_ms': 0.00540000110049732, 'arbitration_ms': 0.004699999408330768, 'extension_ms': 0.22400000307243317, 'control_compute_ms': nan}, {'controller': 'C3_arbitration_MPC', 'scenario': 'sensor_bias_5', 'seed': 19029, 'step': 559, 'time_s': 5.59, 'aux_inference_ms': 0.20729999960167333, 'reliability_update_ms': 0.00540000110049732, 'arbitration_ms': 0.004800000169780105, 'extension_ms': 0.21750000087195076, 'control_compute_ms': nan}, {'controller': 'C3_arbitration_MPC', 'scenario': 'sensor_bias_5', 'seed': 19029, 'step': 560, 'time_s': 5.6000000000000005, 'aux_inference_ms': 0.19769999926211312, 'reliability_update_ms': 0.005100002454128116, 'arbitration_ms': 0.004500001523410901, 'extension_ms': 0.20730000323965214, 'control_compute_ms': 21.335800000088057}, {'controller': 'C3_arbitration_MPC', 'scenario': 'sensor_bias_5', 'seed': 19029, 'step': 561, 'time_s': 5.61, 'aux_inference_ms': 0.33999999868683517, 'reliability_update_ms': 0.00790000194683671, 'arbitration_ms': 0.006899997970322147, 'extension_ms': 0.354799998603994, 'control_compute_ms': nan}, {'controller': 'C3_arbitration_MPC', 'scenario': 'sensor_bias_5', 'seed': 19029, 'step': 562, 'time_s': 5.62, 'aux_inference_ms': 0.3761000007216353, 'reliability_update_ms': 0.005000001692678779, 'arbitration_ms': 0.0039000005926936865, 'extension_ms': 0.38500000300700776, 'control_compute_ms': nan}, {'controller': 'C3_arbitration_MPC', 'scenario': 'sensor_bias_5', 'seed': 19029, 'step': 563, 'time_s': 5.63, 'aux_inference_ms': 0.1781999999366235, 'reliability_update_ms': 0.004499997885432094, 'arbitration_ms': 0.0036999990697950125, 'extension_ms': 0.1863999968918506, 'control_compute_ms': nan}, {'controller': 'C3_arbitration_MPC', 'scenario': 'sensor_bias_5', 'seed': 19029, 'step': 564, 'time_s': 5.64, 'aux_inference_ms': 0.1742999993439298, 'reliability_update_ms': 0.005300000339047983, 'arbitration_ms': 0.004599998646881431, 'extension_ms': 0.18419999832985923, 'control_compute_ms': nan}, {'controller': 'C3_arbitration_MPC', 'scenario': 'sensor_bias_5', 'seed': 19029, 'step': 565, 'time_s': 5.65, 'aux_inference_ms': 0.23470000087399967, 'reliability_update_ms': 0.005600002623395994, 'arbitration_ms': 0.004800000169780105, 'extension_ms': 0.24510000366717577, 'control_compute_ms': 17.634800002269913}, {'controller': 'C3_arbitration_MPC', 'scenario': 'sensor_bias_5', 'seed': 19029, 'step': 566, 'time_s': 5.66, 'aux_inference_ms': 0.24360000315937214, 'reliability_update_ms': 0.006300000677583739, 'arbitration_ms': 0.005199999577598646, 'extension_ms': 0.2551000034145545, 'control_compute_ms': nan}, {'controller': 'C3_arbitration_MPC', 'scenario': 'sensor_bias_5', 'seed': 19029, 'step': 567, 'time_s': 5.67, 'aux_inference_ms': 0.2623000000312459, 'reliability_update_ms': 0.005800000508315861, 'arbitration_ms': 0.004899997293250635, 'extension_ms': 0.27299999783281237, 'control_compute_ms': nan}, {'controller': 'C3_arbitration_MPC', 'scenario': 'sensor_bias_5', 'seed': 19029, 'step': 568, 'time_s': 5.68, 'aux_inference_ms': 0.16990000221994705, 'reliability_update_ms': 0.004500001523410901, 'arbitration_ms': 0.0036000019463244826, 'extension_ms': 0.17800000568968244, 'control_compute_ms': nan}, {'controller': 'C3_arbitration_MPC', 'scenario': 'sensor_bias_5', 'seed': 19029, 'step': 569, 'time_s': 5.69, 'aux_inference_ms': 0.16010000035748817, 'reliability_update_ms': 0.004300000000512227, 'arbitration_ms': 0.0036999990697950125, 'extension_ms': 0.1680999994277954, 'control_compute_ms': nan}, {'controller': 'C3_arbitration_MPC', 'scenario': 'sensor_bias_5', 'seed': 19029, 'step': 570, 'time_s': 5.7, 'aux_inference_ms': 0.4392000009829644, 'reliability_update_ms': 0.011200001608813182, 'arbitration_ms': 0.009300001693191007, 'extension_ms': 0.4597000042849686, 'control_compute_ms': 20.5242999982147}, {'controller': 'C3_arbitration_MPC', 'scenario': 'sensor_bias_5', 'seed': 19029, 'step': 571, 'time_s': 5.71, 'aux_inference_ms': 0.54929999896558, 'reliability_update_ms': 0.013100001524435356, 'arbitration_ms': 0.010700001439545304, 'extension_ms': 0.5731000019295607, 'control_compute_ms': nan}, {'controller': 'C3_arbitration_MPC', 'scenario': 'sensor_bias_5', 'seed': 19029, 'step': 572, 'time_s': 5.72, 'aux_inference_ms': 0.19389999943086877, 'reliability_update_ms': 0.004900000931229442, 'arbitration_ms': 0.00419999923906289, 'extension_ms': 0.2029999996011611, 'control_compute_ms': nan}, {'controller': 'C3_arbitration_MPC', 'scenario': 'sensor_bias_5', 'seed': 19029, 'step': 573, 'time_s': 5.73, 'aux_inference_ms': 0.49420000141253695, 'reliability_update_ms': 0.011200001608813182, 'arbitration_ms': 0.009199997293762863, 'extension_ms': 0.514600000315113, 'control_compute_ms': nan}, {'controller': 'C3_arbitration_MPC', 'scenario': 'sensor_bias_5', 'seed': 19029, 'step': 574, 'time_s': 5.74, 'aux_inference_ms': 0.4455999987840187, 'reliability_update_ms': 0.011399999493733048, 'arbitration_ms': 0.009499999578110874, 'extension_ms': 0.4664999978558626, 'control_compute_ms': nan}, {'controller': 'C3_arbitration_MPC', 'scenario': 'sensor_bias_5', 'seed': 19029, 'step': 575, 'time_s': 5.75, 'aux_inference_ms': 0.20079999740119092, 'reliability_update_ms': 0.004499997885432094, 'arbitration_ms': 0.0039000005926936865, 'extension_ms': 0.2091999958793167, 'control_compute_ms': 33.83720000056201}, {'controller': 'C3_arbitration_MPC', 'scenario': 'sensor_bias_5', 'seed': 19029, 'step': 576, 'time_s': 5.76, 'aux_inference_ms': 0.48800000149640255, 'reliability_update_ms': 0.011000000085914508, 'arbitration_ms': 0.010600000678095967, 'extension_ms': 0.509600002260413, 'control_compute_ms': nan}, {'controller': 'C3_arbitration_MPC', 'scenario': 'sensor_bias_5', 'seed': 19029, 'step': 577, 'time_s': 5.7700000000000005, 'aux_inference_ms': 0.46719999954802915, 'reliability_update_ms': 0.01049999991664663, 'arbitration_ms': 0.009999999747378752, 'extension_ms': 0.48769999921205454, 'control_compute_ms': nan}, {'controller': 'C3_arbitration_MPC', 'scenario': 'sensor_bias_5', 'seed': 19029, 'step': 578, 'time_s': 5.78, 'aux_inference_ms': 0.46270000166259706, 'reliability_update_ms': 0.010100000508828089, 'arbitration_ms': 0.009799998224480078, 'extension_ms': 0.4826000003959052, 'control_compute_ms': nan}, {'controller': 'C3_arbitration_MPC', 'scenario': 'sensor_bias_5', 'seed': 19029, 'step': 579, 'time_s': 5.79, 'aux_inference_ms': 0.4659000005631242, 'reliability_update_ms': 0.010299998393747956, 'arbitration_ms': 0.010199997632298619, 'extension_ms': 0.48639999658917077, 'control_compute_ms': nan}, {'controller': 'C3_arbitration_MPC', 'scenario': 'sensor_bias_5', 'seed': 19029, 'step': 580, 'time_s': 5.8, 'aux_inference_ms': 0.4712999980256427, 'reliability_update_ms': 0.010200001270277426, 'arbitration_ms': 0.009800001862458885, 'extension_ms': 0.491300001158379, 'control_compute_ms': 33.10860000055982}, {'controller': 'C3_arbitration_MPC', 'scenario': 'sensor_bias_5', 'seed': 19029, 'step': 581, 'time_s': 5.8100000000000005, 'aux_inference_ms': 0.2722999997786246, 'reliability_update_ms': 0.008000002708286047, 'arbitration_ms': 0.006499998562503606, 'extension_ms': 0.2868000010494143, 'control_compute_ms': nan}, {'controller': 'C3_arbitration_MPC', 'scenario': 'sensor_bias_5', 'seed': 19029, 'step': 582, 'time_s': 5.82, 'aux_inference_ms': 0.17130000196630135, 'reliability_update_ms': 0.00540000110049732, 'arbitration_ms': 0.0040000013541430235, 'extension_ms': 0.1807000044209417, 'control_compute_ms': nan}, {'controller': 'C3_arbitration_MPC', 'scenario': 'sensor_bias_5', 'seed': 19029, 'step': 583, 'time_s': 5.83, 'aux_inference_ms': 0.21669999841833487, 'reliability_update_ms': 0.004500001523410901, 'arbitration_ms': 0.0039000005926936865, 'extension_ms': 0.22510000053443946, 'control_compute_ms': nan}, {'controller': 'C3_arbitration_MPC', 'scenario': 'sensor_bias_5', 'seed': 19029, 'step': 584, 'time_s': 5.84, 'aux_inference_ms': 0.22530000205733813, 'reliability_update_ms': 0.005599998985417187, 'arbitration_ms': 0.004800000169780105, 'extension_ms': 0.23570000121253543, 'control_compute_ms': nan}, {'controller': 'C3_arbitration_MPC', 'scenario': 'sensor_bias_5', 'seed': 19029, 'step': 585, 'time_s': 5.8500000000000005, 'aux_inference_ms': 0.16599999798927456, 'reliability_update_ms': 0.0039000005926936865, 'arbitration_ms': 0.0036000019463244826, 'extension_ms': 0.17350000052829273, 'control_compute_ms': 39.52299999946263}, {'controller': 'C3_arbitration_MPC', 'scenario': 'sensor_bias_5', 'seed': 19029, 'step': 586, 'time_s': 5.86, 'aux_inference_ms': 0.38580000182264484, 'reliability_update_ms': 0.005800000508315861, 'arbitration_ms': 0.005199999577598646, 'extension_ms': 0.39680000190855935, 'control_compute_ms': nan}, {'controller': 'C3_arbitration_MPC', 'scenario': 'sensor_bias_5', 'seed': 19029, 'step': 587, 'time_s': 5.87, 'aux_inference_ms': 0.20209999638609588, 'reliability_update_ms': 0.004800000169780105, 'arbitration_ms': 0.0041000021155923605, 'extension_ms': 0.21099999867146835, 'control_compute_ms': nan}, {'controller': 'C3_arbitration_MPC', 'scenario': 'sensor_bias_5', 'seed': 19029, 'step': 588, 'time_s': 5.88, 'aux_inference_ms': 0.17740000112098642, 'reliability_update_ms': 0.004800000169780105, 'arbitration_ms': 0.003999997716164216, 'extension_ms': 0.18619999900693074, 'control_compute_ms': nan}, {'controller': 'C3_arbitration_MPC', 'scenario': 'sensor_bias_5', 'seed': 19029, 'step': 589, 'time_s': 5.89, 'aux_inference_ms': 0.22090000129537657, 'reliability_update_ms': 0.005800000508315861, 'arbitration_ms': 0.008300001354655251, 'extension_ms': 0.23500000315834768, 'control_compute_ms': nan}, {'controller': 'C3_arbitration_MPC', 'scenario': 'sensor_bias_5', 'seed': 19029, 'step': 590, 'time_s': 5.9, 'aux_inference_ms': 0.19880000036209822, 'reliability_update_ms': 0.005699999746866524, 'arbitration_ms': 0.004600002284860238, 'extension_ms': 0.20910000239382498, 'control_compute_ms': 17.487100001744693}, {'controller': 'C3_arbitration_MPC', 'scenario': 'sensor_bias_5', 'seed': 19029, 'step': 591, 'time_s': 5.91, 'aux_inference_ms': 0.2803999996103812, 'reliability_update_ms': 0.006500002200482413, 'arbitration_ms': 0.004999998054699972, 'extension_ms': 0.2918999998655636, 'control_compute_ms': nan}, {'controller': 'C3_arbitration_MPC', 'scenario': 'sensor_bias_5', 'seed': 19029, 'step': 592, 'time_s': 5.92, 'aux_inference_ms': 0.23549999968963675, 'reliability_update_ms': 0.005899997631786391, 'arbitration_ms': 0.004800000169780105, 'extension_ms': 0.24619999749120325, 'control_compute_ms': nan}, {'controller': 'C3_arbitration_MPC', 'scenario': 'sensor_bias_5', 'seed': 19029, 'step': 593, 'time_s': 5.93, 'aux_inference_ms': 0.20909999875584617, 'reliability_update_ms': 0.005300000339047983, 'arbitration_ms': 0.004699999408330768, 'extension_ms': 0.21909999850322492, 'control_compute_ms': nan}, {'controller': 'C3_arbitration_MPC', 'scenario': 'sensor_bias_5', 'seed': 19029, 'step': 594, 'time_s': 5.94, 'aux_inference_ms': 0.22290000197244808, 'reliability_update_ms': 0.005700003384845331, 'arbitration_ms': 0.004599998646881431, 'extension_ms': 0.23320000400417484, 'control_compute_ms': nan}, {'controller': 'C3_arbitration_MPC', 'scenario': 'sensor_bias_5', 'seed': 19029, 'step': 595, 'time_s': 5.95, 'aux_inference_ms': 0.2037999984167982, 'reliability_update_ms': 0.005099998816149309, 'arbitration_ms': 0.004500001523410901, 'extension_ms': 0.2133999987563584, 'control_compute_ms': 29.874299998482456}, {'controller': 'C3_arbitration_MPC', 'scenario': 'sensor_bias_5', 'seed': 19029, 'step': 596, 'time_s': 5.96, 'aux_inference_ms': 0.20480000239331275, 'reliability_update_ms': 0.010199997632298619, 'arbitration_ms': 0.005199999577598646, 'extension_ms': 0.22019999960321002, 'control_compute_ms': nan}, {'controller': 'C3_arbitration_MPC', 'scenario': 'sensor_bias_5', 'seed': 19029, 'step': 597, 'time_s': 5.97, 'aux_inference_ms': 0.18800000179908238, 'reliability_update_ms': 0.004599998646881431, 'arbitration_ms': 0.0040000013541430235, 'extension_ms': 0.19660000180010684, 'control_compute_ms': nan}, {'controller': 'C3_arbitration_MPC', 'scenario': 'sensor_bias_5', 'seed': 19029, 'step': 598, 'time_s': 5.98, 'aux_inference_ms': 0.1812999980757013, 'reliability_update_ms': 0.00419999923906289, 'arbitration_ms': 0.0035000011848751456, 'extension_ms': 0.18899999849963933, 'control_compute_ms': nan}, {'controller': 'C3_arbitration_MPC', 'scenario': 'sensor_bias_5', 'seed': 19029, 'step': 599, 'time_s': 5.99, 'aux_inference_ms': 0.43080000250483863, 'reliability_update_ms': 0.010399999155197293, 'arbitration_ms': 0.008900002285372466, 'extension_ms': 0.4501000039454084, 'control_compute_ms': nan}, {'controller': 'C3_arbitration_MPC', 'scenario': 'sensor_bias_5', 'seed': 19029, 'step': 600, 'time_s': 6.0, 'aux_inference_ms': 0.44440000056056306, 'reliability_update_ms': 0.01219999830937013, 'arbitration_ms': 0.0104000027931761, 'extension_ms': 0.4670000016631093, 'control_compute_ms': 21.921600000496255}]",,,,,,,,,,,,,,,,,,,,,,,,,,,,,,,,,,,,,,,,,,,,,,,,,,,,,,,,,,,,,,,,,,,,,,,,,,,,,,,,,,
E_EKF_virtual_MPC,sensor_bias_5,19029,10.82261218001324,4.571467054220231,0.35521220653853247,,1,0.0,,4.01,0.6672212978369384,,,,,,,,,6301.8472731885795,107.49639236848355,0,0,0,0,0,,0,58.21848016514632,0.48314371773697196,0.01723063683043925,,,58.261214049617436,8.253629200000432,,,,,,,,,401,,,,,,,,,,,,,,,,,,,,,,,,,,,,,,,,,0.0,,True,True,601.0,1.0,201.0,0.33444259567387685,0.080168857982545,0.07275488649771587,0.07275488649771587,2.315535007020555,1.7287549760808587,1.6320298180483788,0.227337812897926,0.16230521276774687,0.16230521276774687,0.103404025551647,0.09968468790154641,0.09968468790154641,,0.0,0.0,0.0,0.0,1.0,,,1.6595399844177016e-08,0.0,0.000323454773364033,0.000323454773364033,0.0011989176351477405,0.007170971607830886,0.9696197934483684,0.4332931780368388,0.31539999690721743,0.9979000024031848,1.1608000022533815,1.7096000010496937,601.0,0.9170161397733877,0.7139999979699496,1.9963000013376586,2.3421000005328096,3.25900000098045,121.0,58.21848016514632,55.129000000306405,102.39209999781451,156.87542000086972,163.4488000017882,fixed_nominal
B_plain_MPC,sensor_bias_5,19030,10.970422170792586,5.5822539145387795,2.9202522032074825,,0,0.0,0.0,0.0,0.0,0.0,6.0,1.0,0.0,0.0,0.0,0.0,0.0,6926.298515188352,258.49421306520816,0,0,0,0,0,,0,57.1314297519489,0.0,0.0,0.0,0.0,57.146851239451266,7.255034500001784,,,,,,,,,0,rerun_v3_simulate_v3_run,,,,,,,,,,,,,,,,,,,,,,,,,,,,,,,,,,,,,,,,,,,,,,,,,,,,,,,,,,,,,,,,,,,,,,,,,,,,,,,,,,,,
C1_sensor_MPC,sensor_bias_5,19030,10.826390684745974,4.745679817389615,0.5257935977508814,,1,0.0,0.0,4.01,0.6672212978369384,1.0,3.0,0.33277870216306155,0.6672212978369384,0.0,0.0,0.0,0.0,6271.7796027235,115.1755088139469,0,0,0,0,0,,0,39.45646694199782,0.0,0.0,0.0,0.0,39.47663223122565,5.116208599996753,0.37734757588213813,0.3726213113764073,,,0.37734757588213813,0.3726213113764073,2.327939196611021,1.7267362635507388,401,rerun_v3_simulate_v3_run,,,,,,,,,,,,,,,,,,,,,,,,,,,,,,,,,,,,,,,,,,,,,,,,,,,,,,,,,,,,,,,,,,,,,,,,,,,,,,,,,,,,
C3_arbitration_MPC,sensor_bias_5,19030,10.826390684745974,4.745679817389615,0.5257935977508814,,1,0.0,0.0,4.01,0.6672212978369384,1.0,3.0,0.33277870216306155,0.6672212978369384,0.0,0.0,0.0,0.0,6271.7796027235,115.1755088139469,0,0,0,0,0,,0,38.100964463072245,0.2603566264792281,0.00655628216467724,0.005045955319776281,0.2719588639636816,38.12058099172961,5.0983943000028376,0.37734757588213813,0.3726213113764073,0.46247238976167454,0.303452409026654,0.37734757588213813,0.3726213113764073,2.327939196611021,1.7267362635507388,401,rerun_v3_simulate_v3_run,,"[{'controller': 'C3_arbitration_MPC', 'scenario': 'sensor_bias_5', 'seed': 19030, 'step': 20, 'time_s': 0.2, 'aux_inference_ms': 0.2289000003656838, 'reliability_update_ms': 0.01049999991664663, 'arbitration_ms': 0.0029999973776284605, 'extension_ms': 0.2423999976599589, 'control_compute_ms': 43.02720000123372}, {'controller': 'C3_arbitration_MPC', 'scenario': 'sensor_bias_5', 'seed': 19030, 'step': 21, 'time_s': 0.21, 'aux_inference_ms': 0.27460000274004415, 'reliability_update_ms': 0.005999998393235728, 'arbitration_ms': 0.0021000014385208488, 'extension_ms': 0.2827000025718007, 'control_compute_ms': nan}, {'controller': 'C3_arbitration_MPC', 'scenario': 'sensor_bias_5', 'seed': 19030, 'step': 22, 'time_s': 0.22, 'aux_inference_ms': 0.20920000315527432, 'reliability_update_ms': 0.00549999822396785, 'arbitration_ms': 0.0016999983927235007, 'extension_ms': 0.21639999977196567, 'control_compute_ms': nan}, {'controller': 'C3_arbitration_MPC', 'scenario': 'sensor_bias_5', 'seed': 19030, 'step': 23, 'time_s': 0.23, 'aux_inference_ms': 0.20149999909335747, 'reliability_update_ms': 0.005300000339047983, 'arbitration_ms': 0.0015999976312741637, 'extension_ms': 0.20839999706367962, 'control_compute_ms': nan}, {'controller': 'C3_arbitration_MPC', 'scenario': 'sensor_bias_5', 'seed': 19030, 'step': 24, 'time_s': 0.24, 'aux_inference_ms': 0.2282999994349666, 'reliability_update_ms': 0.005599998985417187, 'arbitration_ms': 0.0017000020307023078, 'extension_ms': 0.2356000004510861, 'control_compute_ms': nan}, {'controller': 'C3_arbitration_MPC', 'scenario': 'sensor_bias_5', 'seed': 19030, 'step': 25, 'time_s': 0.25, 'aux_inference_ms': 0.20349999977042899, 'reliability_update_ms': 0.005399997462518513, 'arbitration_ms': 0.0015000005078036338, 'extension_ms': 0.21039999774075113, 'control_compute_ms': 16.550000000279397}, {'controller': 'C3_arbitration_MPC', 'scenario': 'sensor_bias_5', 'seed': 19030, 'step': 26, 'time_s': 0.26, 'aux_inference_ms': 0.24639999901410192, 'reliability_update_ms': 0.006800000846851617, 'arbitration_ms': 0.0021000014385208488, 'extension_ms': 0.2553000012994744, 'control_compute_ms': nan}, {'controller': 'C3_arbitration_MPC', 'scenario': 'sensor_bias_5', 'seed': 19030, 'step': 27, 'time_s': 0.27, 'aux_inference_ms': 0.2074999974865932, 'reliability_update_ms': 0.005500001861946657, 'arbitration_ms': 0.0017999991541728377, 'extension_ms': 0.2147999985027127, 'control_compute_ms': nan}, {'controller': 'C3_arbitration_MPC', 'scenario': 'sensor_bias_5', 'seed': 19030, 'step': 28, 'time_s': 0.28, 'aux_inference_ms': 0.198199999431381, 'reliability_update_ms': 0.005300000339047983, 'arbitration_ms': 0.0015999976312741637, 'extension_ms': 0.20509999740170315, 'control_compute_ms': nan}, {'controller': 'C3_arbitration_MPC', 'scenario': 'sensor_bias_5', 'seed': 19030, 'step': 29, 'time_s': 0.29, 'aux_inference_ms': 0.2043999993475154, 'reliability_update_ms': 0.006000002031214535, 'arbitration_ms': 0.0017999991541728377, 'extension_ms': 0.21220000053290278, 'control_compute_ms': nan}, {'controller': 'C3_arbitration_MPC', 'scenario': 'sensor_bias_5', 'seed': 19030, 'step': 30, 'time_s': 0.3, 'aux_inference_ms': 0.20650000078603625, 'reliability_update_ms': 0.005300000339047983, 'arbitration_ms': 0.0014999968698248267, 'extension_ms': 0.21329999799490906, 'control_compute_ms': 21.53800000087358}, {'controller': 'C3_arbitration_MPC', 'scenario': 'sensor_bias_5', 'seed': 19030, 'step': 31, 'time_s': 0.31, 'aux_inference_ms': 0.2815000007103663, 'reliability_update_ms': 0.01460000203223899, 'arbitration_ms': 0.0030999981390777975, 'extension_ms': 0.2992000008816831, 'control_compute_ms': nan}, {'controller': 'C3_arbitration_MPC', 'scenario': 'sensor_bias_5', 'seed': 19030, 'step': 32, 'time_s': 0.32, 'aux_inference_ms': 0.28079999901819974, 'reliability_update_ms': 0.006599999323952943, 'arbitration_ms': 0.0020999978005420417, 'extension_ms': 0.2894999961426947, 'control_compute_ms': nan}, {'controller': 'C3_arbitration_MPC', 'scenario': 'sensor_bias_5', 'seed': 19030, 'step': 33, 'time_s': 0.33, 'aux_inference_ms': 0.21639999977196567, 'reliability_update_ms': 0.007200000254670158, 'arbitration_ms': 0.0021000014385208488, 'extension_ms': 0.22570000146515667, 'control_compute_ms': nan}, {'controller': 'C3_arbitration_MPC', 'scenario': 'sensor_bias_5', 'seed': 19030, 'step': 34, 'time_s': 0.34, 'aux_inference_ms': 0.18669999917619862, 'reliability_update_ms': 0.004999998054699972, 'arbitration_ms': 0.0018000027921516448, 'extension_ms': 0.19350000002305023, 'control_compute_ms': nan}, {'controller': 'C3_arbitration_MPC', 'scenario': 'sensor_bias_5', 'seed': 19030, 'step': 35, 'time_s': 0.35000000000000003, 'aux_inference_ms': 0.6400999991456047, 'reliability_update_ms': 0.016299996786983684, 'arbitration_ms': 0.004600002284860238, 'extension_ms': 0.6609999982174486, 'control_compute_ms': 31.038500001159264}, {'controller': 'C3_arbitration_MPC', 'scenario': 'sensor_bias_5', 'seed': 19030, 'step': 36, 'time_s': 0.36, 'aux_inference_ms': 0.6122000013419893, 'reliability_update_ms': 0.015000001440057531, 'arbitration_ms': 0.004699999408330768, 'extension_ms': 0.6319000021903776, 'control_compute_ms': nan}, {'controller': 'C3_arbitration_MPC', 'scenario': 'sensor_bias_5', 'seed': 19030, 'step': 37, 'time_s': 0.37, 'aux_inference_ms': 0.48570000217296183, 'reliability_update_ms': 0.010300002031726763, 'arbitration_ms': 0.0027999994927085936, 'extension_ms': 0.4988000036973972, 'control_compute_ms': nan}, {'controller': 'C3_arbitration_MPC', 'scenario': 'sensor_bias_5', 'seed': 19030, 'step': 38, 'time_s': 0.38, 'aux_inference_ms': 0.4769000006490387, 'reliability_update_ms': 0.009899998985929415, 'arbitration_ms': 0.0025000008463393897, 'extension_ms': 0.4893000004813075, 'control_compute_ms': nan}, {'controller': 'C3_arbitration_MPC', 'scenario': 'sensor_bias_5', 'seed': 19030, 'step': 39, 'time_s': 0.39, 'aux_inference_ms': 0.4616999976860825, 'reliability_update_ms': 0.009399998816661537, 'arbitration_ms': 0.0026000016077887267, 'extension_ms': 0.47369999811053276, 'control_compute_ms': nan}, {'controller': 'C3_arbitration_MPC', 'scenario': 'sensor_bias_5', 'seed': 19030, 'step': 40, 'time_s': 0.4, 'aux_inference_ms': 0.4803000010724645, 'reliability_update_ms': 0.009799998224480078, 'arbitration_ms': 0.0026000016077887267, 'extension_ms': 0.4927000009047333, 'control_compute_ms': 43.74900000038906}, {'controller': 'C3_arbitration_MPC', 'scenario': 'sensor_bias_5', 'seed': 19030, 'step': 41, 'time_s': 0.41000000000000003, 'aux_inference_ms': 0.2872000004572328, 'reliability_update_ms': 0.007399998139590025, 'arbitration_ms': 0.0021000014385208488, 'extension_ms': 0.2967000000353437, 'control_compute_ms': nan}, {'controller': 'C3_arbitration_MPC', 'scenario': 'sensor_bias_5', 'seed': 19030, 'step': 42, 'time_s': 0.42, 'aux_inference_ms': 0.2282999994349666, 'reliability_update_ms': 0.005399997462518513, 'arbitration_ms': 0.0016000012692529708, 'extension_ms': 0.23529999816673808, 'control_compute_ms': nan}, {'controller': 'C3_arbitration_MPC', 'scenario': 'sensor_bias_5', 'seed': 19030, 'step': 43, 'time_s': 0.43, 'aux_inference_ms': 0.2041000007011462, 'reliability_update_ms': 0.005100002454128116, 'arbitration_ms': 0.0015999976312741637, 'extension_ms': 0.21080000078654848, 'control_compute_ms': nan}, {'controller': 'C3_arbitration_MPC', 'scenario': 'sensor_bias_5', 'seed': 19030, 'step': 44, 'time_s': 0.44, 'aux_inference_ms': 0.23230000078910962, 'reliability_update_ms': 0.005599998985417187, 'arbitration_ms': 0.0016000012692529708, 'extension_ms': 0.23950000104377978, 'control_compute_ms': nan}, {'controller': 'C3_arbitration_MPC', 'scenario': 'sensor_bias_5', 'seed': 19030, 'step': 45, 'time_s': 0.45, 'aux_inference_ms': 0.19910000264644623, 'reliability_update_ms': 0.005300000339047983, 'arbitration_ms': 0.0015000005078036338, 'extension_ms': 0.20590000349329785, 'control_compute_ms': 22.645199998805765}, {'controller': 'C3_arbitration_MPC', 'scenario': 'sensor_bias_5', 'seed': 19030, 'step': 46, 'time_s': 0.46, 'aux_inference_ms': 0.3417000007175375, 'reliability_update_ms': 0.008600000001024455, 'arbitration_ms': 0.0027999994927085936, 'extension_ms': 0.3531000002112705, 'control_compute_ms': nan}, {'controller': 'C3_arbitration_MPC', 'scenario': 'sensor_bias_5', 'seed': 19030, 'step': 47, 'time_s': 0.47000000000000003, 'aux_inference_ms': 0.2764999990176875, 'reliability_update_ms': 0.006899997970322147, 'arbitration_ms': 0.0021999985619913787, 'extension_ms': 0.28559999555000104, 'control_compute_ms': nan}, {'controller': 'C3_arbitration_MPC', 'scenario': 'sensor_bias_5', 'seed': 19030, 'step': 48, 'time_s': 0.48, 'aux_inference_ms': 0.5159000029379968, 'reliability_update_ms': 0.012099997547920793, 'arbitration_ms': 0.0039000005926936865, 'extension_ms': 0.5319000010786112, 'control_compute_ms': nan}, {'controller': 'C3_arbitration_MPC', 'scenario': 'sensor_bias_5', 'seed': 19030, 'step': 49, 'time_s': 0.49, 'aux_inference_ms': 0.5289999971864745, 'reliability_update_ms': 0.011299998732283711, 'arbitration_ms': 0.0036999990697950125, 'extension_ms': 0.5439999949885532, 'control_compute_ms': nan}, {'controller': 'C3_arbitration_MPC', 'scenario': 'sensor_bias_5', 'seed': 19030, 'step': 50, 'time_s': 0.5, 'aux_inference_ms': 0.4096000011486467, 'reliability_update_ms': 0.0104000027931761, 'arbitration_ms': 0.0034000004234258085, 'extension_ms': 0.4234000043652486, 'control_compute_ms': 30.491600002278574}, {'controller': 'C3_arbitration_MPC', 'scenario': 'sensor_bias_5', 'seed': 19030, 'step': 51, 'time_s': 0.51, 'aux_inference_ms': 0.21389999892562628, 'reliability_update_ms': 0.004999998054699972, 'arbitration_ms': 0.0018999999156221747, 'extension_ms': 0.22079999689594842, 'control_compute_ms': nan}, {'controller': 'C3_arbitration_MPC', 'scenario': 'sensor_bias_5', 'seed': 19030, 'step': 52, 'time_s': 0.52, 'aux_inference_ms': 0.17669999942881986, 'reliability_update_ms': 0.004499997885432094, 'arbitration_ms': 0.0016999983927235007, 'extension_ms': 0.18289999570697546, 'control_compute_ms': nan}, {'controller': 'C3_arbitration_MPC', 'scenario': 'sensor_bias_5', 'seed': 19030, 'step': 53, 'time_s': 0.53, 'aux_inference_ms': 0.18389999968349002, 'reliability_update_ms': 0.004800000169780105, 'arbitration_ms': 0.0013999997463542968, 'extension_ms': 0.19009999959962443, 'control_compute_ms': nan}, {'controller': 'C3_arbitration_MPC', 'scenario': 'sensor_bias_5', 'seed': 19030, 'step': 54, 'time_s': 0.54, 'aux_inference_ms': 0.27400000180932693, 'reliability_update_ms': 0.004800000169780105, 'arbitration_ms': 0.0013999997463542968, 'extension_ms': 0.28020000172546133, 'control_compute_ms': nan}, {'controller': 'C3_arbitration_MPC', 'scenario': 'sensor_bias_5', 'seed': 19030, 'step': 55, 'time_s': 0.55, 'aux_inference_ms': 0.18089999866788276, 'reliability_update_ms': 0.004500001523410901, 'arbitration_ms': 0.0013999997463542968, 'extension_ms': 0.18679999993764795, 'control_compute_ms': 17.418499999621417}, {'controller': 'C3_arbitration_MPC', 'scenario': 'sensor_bias_5', 'seed': 19030, 'step': 56, 'time_s': 0.56, 'aux_inference_ms': 0.26480000087758526, 'reliability_update_ms': 0.005800000508315861, 'arbitration_ms': 0.0019000035536009818, 'extension_ms': 0.2725000049395021, 'control_compute_ms': nan}, {'controller': 'C3_arbitration_MPC', 'scenario': 'sensor_bias_5', 'seed': 19030, 'step': 57, 'time_s': 0.5700000000000001, 'aux_inference_ms': 0.2080000012938399, 'reliability_update_ms': 0.005399997462518513, 'arbitration_ms': 0.0017000020307023078, 'extension_ms': 0.2151000007870607, 'control_compute_ms': nan}, {'controller': 'C3_arbitration_MPC', 'scenario': 'sensor_bias_5', 'seed': 19030, 'step': 58, 'time_s': 0.58, 'aux_inference_ms': 0.2091999995172955, 'reliability_update_ms': 0.00549999822396785, 'arbitration_ms': 0.0017000020307023078, 'extension_ms': 0.21639999977196567, 'control_compute_ms': nan}, {'controller': 'C3_arbitration_MPC', 'scenario': 'sensor_bias_5', 'seed': 19030, 'step': 59, 'time_s': 0.59, 'aux_inference_ms': 0.23119999968912452, 'reliability_update_ms': 0.005099998816149309, 'arbitration_ms': 0.0016000012692529708, 'extension_ms': 0.2378999997745268, 'control_compute_ms': nan}, {'controller': 'C3_arbitration_MPC', 'scenario': 'sensor_bias_5', 'seed': 19030, 'step': 60, 'time_s': 0.6, 'aux_inference_ms': 0.20199999926262535, 'reliability_update_ms': 0.005500001861946657, 'arbitration_ms': 0.0017999991541728377, 'extension_ms': 0.20930000027874485, 'control_compute_ms': 16.56820000061998}, {'controller': 'C3_arbitration_MPC', 'scenario': 'sensor_bias_5', 'seed': 19030, 'step': 61, 'time_s': 0.61, 'aux_inference_ms': 0.253100002737483, 'reliability_update_ms': 0.005699999746866524, 'arbitration_ms': 0.0019999970390927047, 'extension_ms': 0.26079999952344224, 'control_compute_ms': nan}, {'controller': 'C3_arbitration_MPC', 'scenario': 'sensor_bias_5', 'seed': 19030, 'step': 62, 'time_s': 0.62, 'aux_inference_ms': 0.20759999824804254, 'reliability_update_ms': 0.00540000110049732, 'arbitration_ms': 0.0016000012692529708, 'extension_ms': 0.21460000061779283, 'control_compute_ms': nan}, {'controller': 'C3_arbitration_MPC', 'scenario': 'sensor_bias_5', 'seed': 19030, 'step': 63, 'time_s': 0.63, 'aux_inference_ms': 0.21090000154799782, 'reliability_update_ms': 0.005399997462518513, 'arbitration_ms': 0.0016000012692529708, 'extension_ms': 0.2179000002797693, 'control_compute_ms': nan}, {'controller': 'C3_arbitration_MPC', 'scenario': 'sensor_bias_5', 'seed': 19030, 'step': 64, 'time_s': 0.64, 'aux_inference_ms': 0.22979999994277023, 'reliability_update_ms': 0.005300000339047983, 'arbitration_ms': 0.0015999976312741637, 'extension_ms': 0.23669999791309237, 'control_compute_ms': nan}, {'controller': 'C3_arbitration_MPC', 'scenario': 'sensor_bias_5', 'seed': 19030, 'step': 65, 'time_s': 0.65, 'aux_inference_ms': 0.19809999866993167, 'reliability_update_ms': 0.004999998054699972, 'arbitration_ms': 0.0016000012692529708, 'extension_ms': 0.2046999979938846, 'control_compute_ms': 23.540800000773743}, {'controller': 'C3_arbitration_MPC', 'scenario': 'sensor_bias_5', 'seed': 19030, 'step': 66, 'time_s': 0.66, 'aux_inference_ms': 0.2829999975801911, 'reliability_update_ms': 0.006900001608300954, 'arbitration_ms': 0.0032999996619764715, 'extension_ms': 0.29319999885046855, 'control_compute_ms': nan}, {'controller': 'C3_arbitration_MPC', 'scenario': 'sensor_bias_5', 'seed': 19030, 'step': 67, 'time_s': 0.67, 'aux_inference_ms': 0.2193000000261236, 'reliability_update_ms': 0.005300000339047983, 'arbitration_ms': 0.0017999991541728377, 'extension_ms': 0.22639999951934442, 'control_compute_ms': nan}, {'controller': 'C3_arbitration_MPC', 'scenario': 'sensor_bias_5', 'seed': 19030, 'step': 68, 'time_s': 0.68, 'aux_inference_ms': 0.20460000087041408, 'reliability_update_ms': 0.005300000339047983, 'arbitration_ms': 0.0018000027921516448, 'extension_ms': 0.2117000040016137, 'control_compute_ms': nan}, {'controller': 'C3_arbitration_MPC', 'scenario': 'sensor_bias_5', 'seed': 19030, 'step': 69, 'time_s': 0.6900000000000001, 'aux_inference_ms': 0.25210000239894725, 'reliability_update_ms': 0.006499998562503606, 'arbitration_ms': 0.0020000006770715117, 'extension_ms': 0.26060000163852237, 'control_compute_ms': nan}, {'controller': 'C3_arbitration_MPC', 'scenario': 'sensor_bias_5', 'seed': 19030, 'step': 70, 'time_s': 0.7000000000000001, 'aux_inference_ms': 0.20389999917824753, 'reliability_update_ms': 0.00549999822396785, 'arbitration_ms': 0.0017000020307023078, 'extension_ms': 0.21109999943291768, 'control_compute_ms': 17.165699999168282}, {'controller': 'C3_arbitration_MPC', 'scenario': 'sensor_bias_5', 'seed': 19030, 'step': 71, 'time_s': 0.71, 'aux_inference_ms': 0.24399999892921187, 'reliability_update_ms': 0.005800000508315861, 'arbitration_ms': 0.0021000014385208488, 'extension_ms': 0.2519000008760486, 'control_compute_ms': nan}, {'controller': 'C3_arbitration_MPC', 'scenario': 'sensor_bias_5', 'seed': 19030, 'step': 72, 'time_s': 0.72, 'aux_inference_ms': 0.20489999951678328, 'reliability_update_ms': 0.00549999822396785, 'arbitration_ms': 0.0017000020307023078, 'extension_ms': 0.21209999977145344, 'control_compute_ms': nan}, {'controller': 'C3_arbitration_MPC', 'scenario': 'sensor_bias_5', 'seed': 19030, 'step': 73, 'time_s': 0.73, 'aux_inference_ms': 0.21230000129435211, 'reliability_update_ms': 0.005999998393235728, 'arbitration_ms': 0.0018999999156221747, 'extension_ms': 0.22019999960321002, 'control_compute_ms': nan}, {'controller': 'C3_arbitration_MPC', 'scenario': 'sensor_bias_5', 'seed': 19030, 'step': 74, 'time_s': 0.74, 'aux_inference_ms': 0.20950000180164352, 'reliability_update_ms': 0.005199999577598646, 'arbitration_ms': 0.0015999976312741637, 'extension_ms': 0.21629999901051633, 'control_compute_ms': nan}, {'controller': 'C3_arbitration_MPC', 'scenario': 'sensor_bias_5', 'seed': 19030, 'step': 75, 'time_s': 0.75, 'aux_inference_ms': 0.19390000306884758, 'reliability_update_ms': 0.005099998816149309, 'arbitration_ms': 0.0015000005078036338, 'extension_ms': 0.20050000239280052, 'control_compute_ms': 17.032799998560222}, {'controller': 'C3_arbitration_MPC', 'scenario': 'sensor_bias_5', 'seed': 19030, 'step': 76, 'time_s': 0.76, 'aux_inference_ms': 0.3268000000389293, 'reliability_update_ms': 0.005899997631786391, 'arbitration_ms': 0.0017999991541728377, 'extension_ms': 0.3344999968248885, 'control_compute_ms': nan}, {'controller': 'C3_arbitration_MPC', 'scenario': 'sensor_bias_5', 'seed': 19030, 'step': 77, 'time_s': 0.77, 'aux_inference_ms': 0.16310000137309544, 'reliability_update_ms': 0.00419999923906289, 'arbitration_ms': 0.0014999968698248267, 'extension_ms': 0.16879999748198316, 'control_compute_ms': nan}, {'controller': 'C3_arbitration_MPC', 'scenario': 'sensor_bias_5', 'seed': 19030, 'step': 78, 'time_s': 0.78, 'aux_inference_ms': 0.1788000008673407, 'reliability_update_ms': 0.004300000000512227, 'arbitration_ms': 0.0013999997463542968, 'extension_ms': 0.18450000061420724, 'control_compute_ms': nan}, {'controller': 'C3_arbitration_MPC', 'scenario': 'sensor_bias_5', 'seed': 19030, 'step': 79, 'time_s': 0.79, 'aux_inference_ms': 0.17099999968195334, 'reliability_update_ms': 0.00540000110049732, 'arbitration_ms': 0.0018000027921516448, 'extension_ms': 0.1782000035746023, 'control_compute_ms': nan}, {'controller': 'C3_arbitration_MPC', 'scenario': 'sensor_bias_5', 'seed': 19030, 'step': 80, 'time_s': 0.8, 'aux_inference_ms': 0.21980000019539148, 'reliability_update_ms': 0.005199999577598646, 'arbitration_ms': 0.0017000020307023078, 'extension_ms': 0.22670000180369243, 'control_compute_ms': 16.91219999702298}, {'controller': 'C3_arbitration_MPC', 'scenario': 'sensor_bias_5', 'seed': 19030, 'step': 81, 'time_s': 0.81, 'aux_inference_ms': 0.22650000028079376, 'reliability_update_ms': 0.00549999822396785, 'arbitration_ms': 0.0017999991541728377, 'extension_ms': 0.23379999765893444, 'control_compute_ms': nan}, {'controller': 'C3_arbitration_MPC', 'scenario': 'sensor_bias_5', 'seed': 19030, 'step': 82, 'time_s': 0.8200000000000001, 'aux_inference_ms': 0.20510000103968196, 'reliability_update_ms': 0.005500001861946657, 'arbitration_ms': 0.0016999983927235007, 'extension_ms': 0.21230000129435211, 'control_compute_ms': nan}, {'controller': 'C3_arbitration_MPC', 'scenario': 'sensor_bias_5', 'seed': 19030, 'step': 83, 'time_s': 0.8300000000000001, 'aux_inference_ms': 0.23810000129742548, 'reliability_update_ms': 0.005699999746866524, 'arbitration_ms': 0.0017999991541728377, 'extension_ms': 0.24560000019846484, 'control_compute_ms': nan}, {'controller': 'C3_arbitration_MPC', 'scenario': 'sensor_bias_5', 'seed': 19030, 'step': 84, 'time_s': 0.84, 'aux_inference_ms': 0.20230000154697336, 'reliability_update_ms': 0.005199999577598646, 'arbitration_ms': 0.0016000012692529708, 'extension_ms': 0.20910000239382498, 'control_compute_ms': nan}, {'controller': 'C3_arbitration_MPC', 'scenario': 'sensor_bias_5', 'seed': 19030, 'step': 85, 'time_s': 0.85, 'aux_inference_ms': 0.1937000015459489, 'reliability_update_ms': 0.004900000931229442, 'arbitration_ms': 0.0013999997463542968, 'extension_ms': 0.20000000222353265, 'control_compute_ms': 17.051099999662256}, {'controller': 'C3_arbitration_MPC', 'scenario': 'sensor_bias_5', 'seed': 19030, 'step': 86, 'time_s': 0.86, 'aux_inference_ms': 0.23220000002766028, 'reliability_update_ms': 0.005699999746866524, 'arbitration_ms': 0.0020000006770715117, 'extension_ms': 0.23990000045159832, 'control_compute_ms': nan}, {'controller': 'C3_arbitration_MPC', 'scenario': 'sensor_bias_5', 'seed': 19030, 'step': 87, 'time_s': 0.87, 'aux_inference_ms': 0.20349999977042899, 'reliability_update_ms': 0.005300000339047983, 'arbitration_ms': 0.0016999983927235007, 'extension_ms': 0.21049999850220047, 'control_compute_ms': nan}, {'controller': 'C3_arbitration_MPC', 'scenario': 'sensor_bias_5', 'seed': 19030, 'step': 88, 'time_s': 0.88, 'aux_inference_ms': 0.20430000222404487, 'reliability_update_ms': 0.00540000110049732, 'arbitration_ms': 0.0017000020307023078, 'extension_ms': 0.2114000053552445, 'control_compute_ms': nan}, {'controller': 'C3_arbitration_MPC', 'scenario': 'sensor_bias_5', 'seed': 19030, 'step': 89, 'time_s': 0.89, 'aux_inference_ms': 0.2032999982475303, 'reliability_update_ms': 0.005300000339047983, 'arbitration_ms': 0.0015999976312741637, 'extension_ms': 0.21019999621785246, 'control_compute_ms': nan}, {'controller': 'C3_arbitration_MPC', 'scenario': 'sensor_bias_5', 'seed': 19030, 'step': 90, 'time_s': 0.9, 'aux_inference_ms': 0.198199999431381, 'reliability_update_ms': 0.004999998054699972, 'arbitration_ms': 0.0016000012692529708, 'extension_ms': 0.20479999875533395, 'control_compute_ms': 17.453399999794783}, {'controller': 'C3_arbitration_MPC', 'scenario': 'sensor_bias_5', 'seed': 19030, 'step': 91, 'time_s': 0.91, 'aux_inference_ms': 0.23580000197398476, 'reliability_update_ms': 0.006099999154685065, 'arbitration_ms': 0.0018999999156221747, 'extension_ms': 0.243800001044292, 'control_compute_ms': nan}, {'controller': 'C3_arbitration_MPC', 'scenario': 'sensor_bias_5', 'seed': 19030, 'step': 92, 'time_s': 0.92, 'aux_inference_ms': 0.22470000112662092, 'reliability_update_ms': 0.00540000110049732, 'arbitration_ms': 0.0016999983927235007, 'extension_ms': 0.23180000061984174, 'control_compute_ms': nan}, {'controller': 'C3_arbitration_MPC', 'scenario': 'sensor_bias_5', 'seed': 19030, 'step': 93, 'time_s': 0.93, 'aux_inference_ms': 0.20310000036261044, 'reliability_update_ms': 0.005399997462518513, 'arbitration_ms': 0.0016000012692529708, 'extension_ms': 0.21009999909438193, 'control_compute_ms': nan}, {'controller': 'C3_arbitration_MPC', 'scenario': 'sensor_bias_5', 'seed': 19030, 'step': 94, 'time_s': 0.9400000000000001, 'aux_inference_ms': 0.20679999943240546, 'reliability_update_ms': 0.005900001269765198, 'arbitration_ms': 0.0015999976312741637, 'extension_ms': 0.21429999833344482, 'control_compute_ms': nan}, {'controller': 'C3_arbitration_MPC', 'scenario': 'sensor_bias_5', 'seed': 19030, 'step': 95, 'time_s': 0.9500000000000001, 'aux_inference_ms': 0.1688999982434325, 'reliability_update_ms': 0.004300000000512227, 'arbitration_ms': 0.0012999989849049598, 'extension_ms': 0.17449999722884968, 'control_compute_ms': 17.20460000069579}, {'controller': 'C3_arbitration_MPC', 'scenario': 'sensor_bias_5', 'seed': 19030, 'step': 96, 'time_s': 0.96, 'aux_inference_ms': 0.24340000163647346, 'reliability_update_ms': 0.006300000677583739, 'arbitration_ms': 0.0025000008463393897, 'extension_ms': 0.2522000031603966, 'control_compute_ms': nan}, {'controller': 'C3_arbitration_MPC', 'scenario': 'sensor_bias_5', 'seed': 19030, 'step': 97, 'time_s': 0.97, 'aux_inference_ms': 0.39879999894765206, 'reliability_update_ms': 0.00960000033956021, 'arbitration_ms': 0.0031999989005271345, 'extension_ms': 0.4115999981877394, 'control_compute_ms': nan}, {'controller': 'C3_arbitration_MPC', 'scenario': 'sensor_bias_5', 'seed': 19030, 'step': 98, 'time_s': 0.98, 'aux_inference_ms': 0.19859999883919954, 'reliability_update_ms': 0.005199999577598646, 'arbitration_ms': 0.0015999976312741637, 'extension_ms': 0.20539999604807235, 'control_compute_ms': nan}, {'controller': 'C3_arbitration_MPC', 'scenario': 'sensor_bias_5', 'seed': 19030, 'step': 99, 'time_s': 0.99, 'aux_inference_ms': 0.23209999926621094, 'reliability_update_ms': 0.005599998985417187, 'arbitration_ms': 0.0018000027921516448, 'extension_ms': 0.23950000104377978, 'control_compute_ms': nan}, {'controller': 'C3_arbitration_MPC', 'scenario': 'sensor_bias_5', 'seed': 19030, 'step': 100, 'time_s': 1.0, 'aux_inference_ms': 0.19830000019283034, 'reliability_update_ms': 0.005199999577598646, 'arbitration_ms': 0.0034000004234258085, 'extension_ms': 0.2069000001938548, 'control_compute_ms': 17.05729999957839}, {'controller': 'C3_arbitration_MPC', 'scenario': 'sensor_bias_5', 'seed': 19030, 'step': 101, 'time_s': 1.01, 'aux_inference_ms': 0.2393000031588599, 'reliability_update_ms': 0.006000002031214535, 'arbitration_ms': 0.0034999975468963385, 'extension_ms': 0.24880000273697078, 'control_compute_ms': nan}, {'controller': 'C3_arbitration_MPC', 'scenario': 'sensor_bias_5', 'seed': 19030, 'step': 102, 'time_s': 1.02, 'aux_inference_ms': 0.20530000256258063, 'reliability_update_ms': 0.005300000339047983, 'arbitration_ms': 0.0035000011848751456, 'extension_ms': 0.21410000408650376, 'control_compute_ms': nan}, {'controller': 'C3_arbitration_MPC', 'scenario': 'sensor_bias_5', 'seed': 19030, 'step': 103, 'time_s': 1.03, 'aux_inference_ms': 0.1984999980777502, 'reliability_update_ms': 0.005100002454128116, 'arbitration_ms': 0.0031999989005271345, 'extension_ms': 0.20679999943240546, 'control_compute_ms': nan}, {'controller': 'C3_arbitration_MPC', 'scenario': 'sensor_bias_5', 'seed': 19030, 'step': 104, 'time_s': 1.04, 'aux_inference_ms': 0.2021000000240747, 'reliability_update_ms': 0.005300000339047983, 'arbitration_ms': 0.0034000004234258085, 'extension_ms': 0.21080000078654848, 'control_compute_ms': nan}, {'controller': 'C3_arbitration_MPC', 'scenario': 'sensor_bias_5', 'seed': 19030, 'step': 105, 'time_s': 1.05, 'aux_inference_ms': 0.20140000196988694, 'reliability_update_ms': 0.005199999577598646, 'arbitration_ms': 0.0032999996619764715, 'extension_ms': 0.20990000120946206, 'control_compute_ms': 40.02550000222982}, {'controller': 'C3_arbitration_MPC', 'scenario': 'sensor_bias_5', 'seed': 19030, 'step': 106, 'time_s': 1.06, 'aux_inference_ms': 0.23409999994328246, 'reliability_update_ms': 0.005800000508315861, 'arbitration_ms': 0.0040000013541430235, 'extension_ms': 0.24390000180574134, 'control_compute_ms': nan}, {'controller': 'C3_arbitration_MPC', 'scenario': 'sensor_bias_5', 'seed': 19030, 'step': 107, 'time_s': 1.07, 'aux_inference_ms': 0.2091999995172955, 'reliability_update_ms': 0.005399997462518513, 'arbitration_ms': 0.0034000004234258085, 'extension_ms': 0.21799999740323983, 'control_compute_ms': nan}, {'controller': 'C3_arbitration_MPC', 'scenario': 'sensor_bias_5', 'seed': 19030, 'step': 108, 'time_s': 1.08, 'aux_inference_ms': 0.22249999892665073, 'reliability_update_ms': 0.005300000339047983, 'arbitration_ms': 0.0033999967854470015, 'extension_ms': 0.23119999605114572, 'control_compute_ms': nan}, {'controller': 'C3_arbitration_MPC', 'scenario': 'sensor_bias_5', 'seed': 19030, 'step': 109, 'time_s': 1.09, 'aux_inference_ms': 0.20079999740119092, 'reliability_update_ms': 0.005300000339047983, 'arbitration_ms': 0.0031999989005271345, 'extension_ms': 0.20929999664076604, 'control_compute_ms': nan}, {'controller': 'C3_arbitration_MPC', 'scenario': 'sensor_bias_5', 'seed': 19030, 'step': 110, 'time_s': 1.1, 'aux_inference_ms': 0.24080000002868474, 'reliability_update_ms': 0.005600002623395994, 'arbitration_ms': 0.0034999975468963385, 'extension_ms': 0.24990000019897707, 'control_compute_ms': 50.212499998451676}, {'controller': 'C3_arbitration_MPC', 'scenario': 'sensor_bias_5', 'seed': 19030, 'step': 111, 'time_s': 1.11, 'aux_inference_ms': 0.25740000273799524, 'reliability_update_ms': 0.006599999323952943, 'arbitration_ms': 0.0041000021155923605, 'extension_ms': 0.26810000417754054, 'control_compute_ms': nan}, {'controller': 'C3_arbitration_MPC', 'scenario': 'sensor_bias_5', 'seed': 19030, 'step': 112, 'time_s': 1.12, 'aux_inference_ms': 0.2077999997709412, 'reliability_update_ms': 0.005399997462518513, 'arbitration_ms': 0.0034000004234258085, 'extension_ms': 0.21659999765688553, 'control_compute_ms': nan}, {'controller': 'C3_arbitration_MPC', 'scenario': 'sensor_bias_5', 'seed': 19030, 'step': 113, 'time_s': 1.1300000000000001, 'aux_inference_ms': 0.21040000137872994, 'reliability_update_ms': 0.005599998985417187, 'arbitration_ms': 0.0034000004234258085, 'extension_ms': 0.21940000078757294, 'control_compute_ms': nan}, {'controller': 'C3_arbitration_MPC', 'scenario': 'sensor_bias_5', 'seed': 19030, 'step': 114, 'time_s': 1.1400000000000001, 'aux_inference_ms': 0.20339999900897965, 'reliability_update_ms': 0.005300000339047983, 'arbitration_ms': 0.0032999996619764715, 'extension_ms': 0.2119999990100041, 'control_compute_ms': nan}, {'controller': 'C3_arbitration_MPC', 'scenario': 'sensor_bias_5', 'seed': 19030, 'step': 115, 'time_s': 1.1500000000000001, 'aux_inference_ms': 0.19719999909284525, 'reliability_update_ms': 0.004900000931229442, 'arbitration_ms': 0.0031999989005271345, 'extension_ms': 0.20529999892460182, 'control_compute_ms': 33.05539999928442}, {'controller': 'C3_arbitration_MPC', 'scenario': 'sensor_bias_5', 'seed': 19030, 'step': 116, 'time_s': 1.16, 'aux_inference_ms': 0.2555999999458436, 'reliability_update_ms': 0.004800000169780105, 'arbitration_ms': 0.0032000025385059416, 'extension_ms': 0.26360000265412964, 'control_compute_ms': nan}, {'controller': 'C3_arbitration_MPC', 'scenario': 'sensor_bias_5', 'seed': 19030, 'step': 117, 'time_s': 1.17, 'aux_inference_ms': 0.1940000001923181, 'reliability_update_ms': 0.004300000000512227, 'arbitration_ms': 0.0026999987312592566, 'extension_ms': 0.2009999989240896, 'control_compute_ms': nan}, {'controller': 'C3_arbitration_MPC', 'scenario': 'sensor_bias_5', 'seed': 19030, 'step': 118, 'time_s': 1.18, 'aux_inference_ms': 0.20190000213915482, 'reliability_update_ms': 0.005099998816149309, 'arbitration_ms': 0.0030999981390777975, 'extension_ms': 0.21009999909438193, 'control_compute_ms': nan}, {'controller': 'C3_arbitration_MPC', 'scenario': 'sensor_bias_5', 'seed': 19030, 'step': 119, 'time_s': 1.19, 'aux_inference_ms': 0.20330000188550912, 'reliability_update_ms': 0.005300000339047983, 'arbitration_ms': 0.0034999975468963385, 'extension_ms': 0.21209999977145344, 'control_compute_ms': nan}, {'controller': 'C3_arbitration_MPC', 'scenario': 'sensor_bias_5', 'seed': 19030, 'step': 120, 'time_s': 1.2, 'aux_inference_ms': 0.17630000002100132, 'reliability_update_ms': 0.0041000021155923605, 'arbitration_ms': 0.0026000016077887267, 'extension_ms': 0.1830000037443824, 'control_compute_ms': 44.14030000043567}, {'controller': 'C3_arbitration_MPC', 'scenario': 'sensor_bias_5', 'seed': 19030, 'step': 121, 'time_s': 1.21, 'aux_inference_ms': 0.21079999714856967, 'reliability_update_ms': 0.00549999822396785, 'arbitration_ms': 0.004900000931229442, 'extension_ms': 0.22119999630376697, 'control_compute_ms': nan}, {'controller': 'C3_arbitration_MPC', 'scenario': 'sensor_bias_5', 'seed': 19030, 'step': 122, 'time_s': 1.22, 'aux_inference_ms': 0.1751000017975457, 'reliability_update_ms': 0.004600002284860238, 'arbitration_ms': 0.0034000004234258085, 'extension_ms': 0.18310000450583175, 'control_compute_ms': nan}, {'controller': 'C3_arbitration_MPC', 'scenario': 'sensor_bias_5', 'seed': 19030, 'step': 123, 'time_s': 1.23, 'aux_inference_ms': 0.21769999875687063, 'reliability_update_ms': 0.005599998985417187, 'arbitration_ms': 0.0035000011848751456, 'extension_ms': 0.22679999892716296, 'control_compute_ms': nan}, {'controller': 'C3_arbitration_MPC', 'scenario': 'sensor_bias_5', 'seed': 19030, 'step': 124, 'time_s': 1.24, 'aux_inference_ms': 0.22399999943445437, 'reliability_update_ms': 0.005100002454128116, 'arbitration_ms': 0.0035999983083456755, 'extension_ms': 0.23270000019692816, 'control_compute_ms': nan}, {'controller': 'C3_arbitration_MPC', 'scenario': 'sensor_bias_5', 'seed': 19030, 'step': 125, 'time_s': 1.25, 'aux_inference_ms': 0.20090000180061907, 'reliability_update_ms': 0.005100002454128116, 'arbitration_ms': 0.0034000004234258085, 'extension_ms': 0.209400004678173, 'control_compute_ms': 56.50649999734014}, {'controller': 'C3_arbitration_MPC', 'scenario': 'sensor_bias_5', 'seed': 19030, 'step': 126, 'time_s': 1.26, 'aux_inference_ms': 0.2460999967297539, 'reliability_update_ms': 0.006400001439033076, 'arbitration_ms': 0.0040000013541430235, 'extension_ms': 0.25649999952293, 'control_compute_ms': nan}, {'controller': 'C3_arbitration_MPC', 'scenario': 'sensor_bias_5', 'seed': 19030, 'step': 127, 'time_s': 1.27, 'aux_inference_ms': 0.21569999807979912, 'reliability_update_ms': 0.005599998985417187, 'arbitration_ms': 0.0037000027077738196, 'extension_ms': 0.22499999977299012, 'control_compute_ms': nan}, {'controller': 'C3_arbitration_MPC', 'scenario': 'sensor_bias_5', 'seed': 19030, 'step': 128, 'time_s': 1.28, 'aux_inference_ms': 0.20980000044801272, 'reliability_update_ms': 0.00540000110049732, 'arbitration_ms': 0.0034000004234258085, 'extension_ms': 0.21860000197193585, 'control_compute_ms': nan}, {'controller': 'C3_arbitration_MPC', 'scenario': 'sensor_bias_5', 'seed': 19030, 'step': 129, 'time_s': 1.29, 'aux_inference_ms': 0.19869999960064888, 'reliability_update_ms': 0.005300000339047983, 'arbitration_ms': 0.0031999989005271345, 'extension_ms': 0.207199998840224, 'control_compute_ms': nan}, {'controller': 'C3_arbitration_MPC', 'scenario': 'sensor_bias_5', 'seed': 19030, 'step': 130, 'time_s': 1.3, 'aux_inference_ms': 0.20529999892460182, 'reliability_update_ms': 0.005199999577598646, 'arbitration_ms': 0.0031999989005271345, 'extension_ms': 0.2136999974027276, 'control_compute_ms': 36.21040000143694}, {'controller': 'C3_arbitration_MPC', 'scenario': 'sensor_bias_5', 'seed': 19030, 'step': 131, 'time_s': 1.31, 'aux_inference_ms': 0.24280000070575625, 'reliability_update_ms': 0.0092999980552122, 'arbitration_ms': 0.004400000761961564, 'extension_ms': 0.25649999952293, 'control_compute_ms': nan}, {'controller': 'C3_arbitration_MPC', 'scenario': 'sensor_bias_5', 'seed': 19030, 'step': 132, 'time_s': 1.32, 'aux_inference_ms': 0.22370000078808516, 'reliability_update_ms': 0.005500001861946657, 'arbitration_ms': 0.0034999975468963385, 'extension_ms': 0.23270000019692816, 'control_compute_ms': nan}, {'controller': 'C3_arbitration_MPC', 'scenario': 'sensor_bias_5', 'seed': 19030, 'step': 133, 'time_s': 1.33, 'aux_inference_ms': 0.21130000095581636, 'reliability_update_ms': 0.005500001861946657, 'arbitration_ms': 0.0034999975468963385, 'extension_ms': 0.22030000036465935, 'control_compute_ms': nan}, {'controller': 'C3_arbitration_MPC', 'scenario': 'sensor_bias_5', 'seed': 19030, 'step': 134, 'time_s': 1.34, 'aux_inference_ms': 0.19890000112354755, 'reliability_update_ms': 0.005100002454128116, 'arbitration_ms': 0.0032999996619764715, 'extension_ms': 0.20730000323965214, 'control_compute_ms': nan}, {'controller': 'C3_arbitration_MPC', 'scenario': 'sensor_bias_5', 'seed': 19030, 'step': 135, 'time_s': 1.35, 'aux_inference_ms': 0.2227000004495494, 'reliability_update_ms': 0.005399997462518513, 'arbitration_ms': 0.0036000019463244826, 'extension_ms': 0.2316999998583924, 'control_compute_ms': 22.478300001239404}, {'controller': 'C3_arbitration_MPC', 'scenario': 'sensor_bias_5', 'seed': 19030, 'step': 136, 'time_s': 1.36, 'aux_inference_ms': 0.6447999985539354, 'reliability_update_ms': 0.011200001608813182, 'arbitration_ms': 0.008200000593205914, 'extension_ms': 0.6642000007559545, 'control_compute_ms': nan}, {'controller': 'C3_arbitration_MPC', 'scenario': 'sensor_bias_5', 'seed': 19030, 'step': 137, 'time_s': 1.37, 'aux_inference_ms': 0.4647999994631391, 'reliability_update_ms': 0.009899998985929415, 'arbitration_ms': 0.006900001608300954, 'extension_ms': 0.48160000005736947, 'control_compute_ms': nan}, {'controller': 'C3_arbitration_MPC', 'scenario': 'sensor_bias_5', 'seed': 19030, 'step': 138, 'time_s': 1.3800000000000001, 'aux_inference_ms': 0.45989999853190966, 'reliability_update_ms': 0.009499999578110874, 'arbitration_ms': 0.007000002369750291, 'extension_ms': 0.4764000004797708, 'control_compute_ms': nan}, {'controller': 'C3_arbitration_MPC', 'scenario': 'sensor_bias_5', 'seed': 19030, 'step': 139, 'time_s': 1.3900000000000001, 'aux_inference_ms': 0.456600002507912, 'reliability_update_ms': 0.009499999578110874, 'arbitration_ms': 0.006900001608300954, 'extension_ms': 0.4730000036943238, 'control_compute_ms': nan}, {'controller': 'C3_arbitration_MPC', 'scenario': 'sensor_bias_5', 'seed': 19030, 'step': 140, 'time_s': 1.4000000000000001, 'aux_inference_ms': 0.45879999743192457, 'reliability_update_ms': 0.009499999578110874, 'arbitration_ms': 0.006900001608300954, 'extension_ms': 0.4751999986183364, 'control_compute_ms': 32.89719999884255}, {'controller': 'C3_arbitration_MPC', 'scenario': 'sensor_bias_5', 'seed': 19030, 'step': 141, 'time_s': 1.41, 'aux_inference_ms': 0.24649999977555126, 'reliability_update_ms': 0.00670000008540228, 'arbitration_ms': 0.004400000761961564, 'extension_ms': 0.2576000006229151, 'control_compute_ms': nan}, {'controller': 'C3_arbitration_MPC', 'scenario': 'sensor_bias_5', 'seed': 19030, 'step': 142, 'time_s': 1.42, 'aux_inference_ms': 0.2096999996865634, 'reliability_update_ms': 0.005699999746866524, 'arbitration_ms': 0.0037999998312443495, 'extension_ms': 0.21919999926467426, 'control_compute_ms': nan}, {'controller': 'C3_arbitration_MPC', 'scenario': 'sensor_bias_5', 'seed': 19030, 'step': 143, 'time_s': 1.43, 'aux_inference_ms': 0.7668999969610013, 'reliability_update_ms': 0.008300001354655251, 'arbitration_ms': 0.005699999746866524, 'extension_ms': 0.7808999980625231, 'control_compute_ms': nan}, {'controller': 'C3_arbitration_MPC', 'scenario': 'sensor_bias_5', 'seed': 19030, 'step': 144, 'time_s': 1.44, 'aux_inference_ms': 0.818300002720207, 'reliability_update_ms': 0.014100001862971112, 'arbitration_ms': 0.010200001270277426, 'extension_ms': 0.8426000058534555, 'control_compute_ms': nan}, {'controller': 'C3_arbitration_MPC', 'scenario': 'sensor_bias_5', 'seed': 19030, 'step': 145, 'time_s': 1.45, 'aux_inference_ms': 0.6797000023652799, 'reliability_update_ms': 0.013599998055724427, 'arbitration_ms': 0.009800001862458885, 'extension_ms': 0.7031000022834633, 'control_compute_ms': 26.831299997866154}, {'controller': 'C3_arbitration_MPC', 'scenario': 'sensor_bias_5', 'seed': 19030, 'step': 146, 'time_s': 1.46, 'aux_inference_ms': 0.21349999951780774, 'reliability_update_ms': 0.004900000931229442, 'arbitration_ms': 0.0032999996619764715, 'extension_ms': 0.22170000011101365, 'control_compute_ms': nan}, {'controller': 'C3_arbitration_MPC', 'scenario': 'sensor_bias_5', 'seed': 19030, 'step': 147, 'time_s': 1.47, 'aux_inference_ms': 0.16730000061215833, 'reliability_update_ms': 0.004599998646881431, 'arbitration_ms': 0.0031000017770566046, 'extension_ms': 0.17500000103609636, 'control_compute_ms': nan}, {'controller': 'C3_arbitration_MPC', 'scenario': 'sensor_bias_5', 'seed': 19030, 'step': 148, 'time_s': 1.48, 'aux_inference_ms': 0.15889999849605374, 'reliability_update_ms': 0.00419999923906289, 'arbitration_ms': 0.0026000016077887267, 'extension_ms': 0.16569999934290536, 'control_compute_ms': nan}, {'controller': 'C3_arbitration_MPC', 'scenario': 'sensor_bias_5', 'seed': 19030, 'step': 149, 'time_s': 1.49, 'aux_inference_ms': 0.2080000012938399, 'reliability_update_ms': 0.00540000110049732, 'arbitration_ms': 0.0036999990697950125, 'extension_ms': 0.21710000146413222, 'control_compute_ms': nan}, {'controller': 'C3_arbitration_MPC', 'scenario': 'sensor_bias_5', 'seed': 19030, 'step': 150, 'time_s': 1.5, 'aux_inference_ms': 0.20849999782512896, 'reliability_update_ms': 0.005199999577598646, 'arbitration_ms': 0.0032999996619764715, 'extension_ms': 0.21699999706470408, 'control_compute_ms': 20.913100001052953}, {'controller': 'C3_arbitration_MPC', 'scenario': 'sensor_bias_5', 'seed': 19030, 'step': 151, 'time_s': 1.51, 'aux_inference_ms': 0.2378999997745268, 'reliability_update_ms': 0.005999998393235728, 'arbitration_ms': 0.0037999998312443495, 'extension_ms': 0.24769999799900688, 'control_compute_ms': nan}, {'controller': 'C3_arbitration_MPC', 'scenario': 'sensor_bias_5', 'seed': 19030, 'step': 152, 'time_s': 1.52, 'aux_inference_ms': 0.21489999926416203, 'reliability_update_ms': 0.00549999822396785, 'arbitration_ms': 0.0037000027077738196, 'extension_ms': 0.2241000001959037, 'control_compute_ms': nan}, {'controller': 'C3_arbitration_MPC', 'scenario': 'sensor_bias_5', 'seed': 19030, 'step': 153, 'time_s': 1.53, 'aux_inference_ms': 0.20320000112405978, 'reliability_update_ms': 0.005700003384845331, 'arbitration_ms': 0.0036999990697950125, 'extension_ms': 0.21260000357870013, 'control_compute_ms': nan}, {'controller': 'C3_arbitration_MPC', 'scenario': 'sensor_bias_5', 'seed': 19030, 'step': 154, 'time_s': 1.54, 'aux_inference_ms': 0.2061000013782177, 'reliability_update_ms': 0.005199999577598646, 'arbitration_ms': 0.0036999990697950125, 'extension_ms': 0.21500000002561137, 'control_compute_ms': nan}, {'controller': 'C3_arbitration_MPC', 'scenario': 'sensor_bias_5', 'seed': 19030, 'step': 155, 'time_s': 1.55, 'aux_inference_ms': 0.2021000000240747, 'reliability_update_ms': 0.004999998054699972, 'arbitration_ms': 0.0036000019463244826, 'extension_ms': 0.21070000002509914, 'control_compute_ms': 35.07480000189389}, {'controller': 'C3_arbitration_MPC', 'scenario': 'sensor_bias_5', 'seed': 19030, 'step': 156, 'time_s': 1.56, 'aux_inference_ms': 0.2297000028192997, 'reliability_update_ms': 0.005800000508315861, 'arbitration_ms': 0.0037999998312443495, 'extension_ms': 0.2393000031588599, 'control_compute_ms': nan}, {'controller': 'C3_arbitration_MPC', 'scenario': 'sensor_bias_5', 'seed': 19030, 'step': 157, 'time_s': 1.57, 'aux_inference_ms': 0.23569999757455662, 'reliability_update_ms': 0.005600002623395994, 'arbitration_ms': 0.0037999998312443495, 'extension_ms': 0.24510000002919696, 'control_compute_ms': nan}, {'controller': 'C3_arbitration_MPC', 'scenario': 'sensor_bias_5', 'seed': 19030, 'step': 158, 'time_s': 1.58, 'aux_inference_ms': 0.1658000001043547, 'reliability_update_ms': 0.004599998646881431, 'arbitration_ms': 0.0029000002541579306, 'extension_ms': 0.17329999900539406, 'control_compute_ms': nan}, {'controller': 'C3_arbitration_MPC', 'scenario': 'sensor_bias_5', 'seed': 19030, 'step': 159, 'time_s': 1.59, 'aux_inference_ms': 0.1869000006990973, 'reliability_update_ms': 0.004400000761961564, 'arbitration_ms': 0.0027000023692380637, 'extension_ms': 0.19400000383029692, 'control_compute_ms': nan}, {'controller': 'C3_arbitration_MPC', 'scenario': 'sensor_bias_5', 'seed': 19030, 'step': 160, 'time_s': 1.6, 'aux_inference_ms': 0.15980000171111897, 'reliability_update_ms': 0.004300000000512227, 'arbitration_ms': 0.0025000008463393897, 'extension_ms': 0.16660000255797058, 'control_compute_ms': 65.70640000063577}, {'controller': 'C3_arbitration_MPC', 'scenario': 'sensor_bias_5', 'seed': 19030, 'step': 161, 'time_s': 1.61, 'aux_inference_ms': 0.23689999943599105, 'reliability_update_ms': 0.005100002454128116, 'arbitration_ms': 0.0035000011848751456, 'extension_ms': 0.2455000030749943, 'control_compute_ms': nan}, {'controller': 'C3_arbitration_MPC', 'scenario': 'sensor_bias_5', 'seed': 19030, 'step': 162, 'time_s': 1.62, 'aux_inference_ms': 0.756800000090152, 'reliability_update_ms': 0.016499998309882358, 'arbitration_ms': 0.011500000255182385, 'extension_ms': 0.7847999986552168, 'control_compute_ms': nan}, {'controller': 'C3_arbitration_MPC', 'scenario': 'sensor_bias_5', 'seed': 19030, 'step': 163, 'time_s': 1.6300000000000001, 'aux_inference_ms': 0.7198000021162443, 'reliability_update_ms': 0.01460000203223899, 'arbitration_ms': 0.009999999747378752, 'extension_ms': 0.744400003895862, 'control_compute_ms': nan}, {'controller': 'C3_arbitration_MPC', 'scenario': 'sensor_bias_5', 'seed': 19030, 'step': 164, 'time_s': 1.6400000000000001, 'aux_inference_ms': 0.7073000015225261, 'reliability_update_ms': 0.01340000017080456, 'arbitration_ms': 0.009700001101009548, 'extension_ms': 0.7304000027943403, 'control_compute_ms': nan}, {'controller': 'C3_arbitration_MPC', 'scenario': 'sensor_bias_5', 'seed': 19030, 'step': 165, 'time_s': 1.6500000000000001, 'aux_inference_ms': 0.47140000242507085, 'reliability_update_ms': 0.009499999578110874, 'arbitration_ms': 0.006800000846851617, 'extension_ms': 0.48770000285003334, 'control_compute_ms': 110.94690000027185}, {'controller': 'C3_arbitration_MPC', 'scenario': 'sensor_bias_5', 'seed': 19030, 'step': 166, 'time_s': 1.6600000000000001, 'aux_inference_ms': 0.2663999985088594, 'reliability_update_ms': 0.007399998139590025, 'arbitration_ms': 0.004699999408330768, 'extension_ms': 0.2784999960567802, 'control_compute_ms': nan}, {'controller': 'C3_arbitration_MPC', 'scenario': 'sensor_bias_5', 'seed': 19030, 'step': 167, 'time_s': 1.67, 'aux_inference_ms': 0.2514000007067807, 'reliability_update_ms': 0.006199999916134402, 'arbitration_ms': 0.0041000021155923605, 'extension_ms': 0.26170000273850746, 'control_compute_ms': nan}, {'controller': 'C3_arbitration_MPC', 'scenario': 'sensor_bias_5', 'seed': 19030, 'step': 168, 'time_s': 1.68, 'aux_inference_ms': 0.20389999917824753, 'reliability_update_ms': 0.00549999822396785, 'arbitration_ms': 0.0037000027077738196, 'extension_ms': 0.2131000001099892, 'control_compute_ms': nan}, {'controller': 'C3_arbitration_MPC', 'scenario': 'sensor_bias_5', 'seed': 19030, 'step': 169, 'time_s': 1.69, 'aux_inference_ms': 0.21159999960218556, 'reliability_update_ms': 0.005700003384845331, 'arbitration_ms': 0.0035999983083456755, 'extension_ms': 0.22090000129537657, 'control_compute_ms': nan}, {'controller': 'C3_arbitration_MPC', 'scenario': 'sensor_bias_5', 'seed': 19030, 'step': 170, 'time_s': 1.7, 'aux_inference_ms': 0.30419999893638305, 'reliability_update_ms': 0.005300000339047983, 'arbitration_ms': 0.0036000019463244826, 'extension_ms': 0.3131000012217555, 'control_compute_ms': 36.46909999952186}, {'controller': 'C3_arbitration_MPC', 'scenario': 'sensor_bias_5', 'seed': 19030, 'step': 171, 'time_s': 1.71, 'aux_inference_ms': 0.5018000010750256, 'reliability_update_ms': 0.01179999890155159, 'arbitration_ms': 0.007500002539018169, 'extension_ms': 0.5211000025155954, 'control_compute_ms': nan}, {'controller': 'C3_arbitration_MPC', 'scenario': 'sensor_bias_5', 'seed': 19030, 'step': 172, 'time_s': 1.72, 'aux_inference_ms': 0.22119999994174577, 'reliability_update_ms': 0.006099999154685065, 'arbitration_ms': 0.004600002284860238, 'extension_ms': 0.23190000138129108, 'control_compute_ms': nan}, {'controller': 'C3_arbitration_MPC', 'scenario': 'sensor_bias_5', 'seed': 19030, 'step': 173, 'time_s': 1.73, 'aux_inference_ms': 0.20519999816315249, 'reliability_update_ms': 0.005199999577598646, 'arbitration_ms': 0.0034000004234258085, 'extension_ms': 0.21379999816417694, 'control_compute_ms': nan}, {'controller': 'C3_arbitration_MPC', 'scenario': 'sensor_bias_5', 'seed': 19030, 'step': 174, 'time_s': 1.74, 'aux_inference_ms': 0.21840000044903718, 'reliability_update_ms': 0.005599998985417187, 'arbitration_ms': 0.0037999998312443495, 'extension_ms': 0.22779999926569872, 'control_compute_ms': nan}, {'controller': 'C3_arbitration_MPC', 'scenario': 'sensor_bias_5', 'seed': 19030, 'step': 175, 'time_s': 1.75, 'aux_inference_ms': 0.20450000010896474, 'reliability_update_ms': 0.005199999577598646, 'arbitration_ms': 0.0034000004234258085, 'extension_ms': 0.2131000001099892, 'control_compute_ms': 60.652799998933915}, {'controller': 'C3_arbitration_MPC', 'scenario': 'sensor_bias_5', 'seed': 19030, 'step': 176, 'time_s': 1.76, 'aux_inference_ms': 0.24169999960577115, 'reliability_update_ms': 0.006099999154685065, 'arbitration_ms': 0.0039000005926936865, 'extension_ms': 0.2516999993531499, 'control_compute_ms': nan}, {'controller': 'C3_arbitration_MPC', 'scenario': 'sensor_bias_5', 'seed': 19030, 'step': 177, 'time_s': 1.77, 'aux_inference_ms': 0.21349999951780774, 'reliability_update_ms': 0.005300000339047983, 'arbitration_ms': 0.0034999975468963385, 'extension_ms': 0.22229999740375206, 'control_compute_ms': nan}, {'controller': 'C3_arbitration_MPC', 'scenario': 'sensor_bias_5', 'seed': 19030, 'step': 178, 'time_s': 1.78, 'aux_inference_ms': 0.20389999917824753, 'reliability_update_ms': 0.005300000339047983, 'arbitration_ms': 0.0034000004234258085, 'extension_ms': 0.21259999994072132, 'control_compute_ms': nan}, {'controller': 'C3_arbitration_MPC', 'scenario': 'sensor_bias_5', 'seed': 19030, 'step': 179, 'time_s': 1.79, 'aux_inference_ms': 0.20740000036312267, 'reliability_update_ms': 0.005199999577598646, 'arbitration_ms': 0.0032999996619764715, 'extension_ms': 0.2158999996026978, 'control_compute_ms': nan}, {'controller': 'C3_arbitration_MPC', 'scenario': 'sensor_bias_5', 'seed': 19030, 'step': 180, 'time_s': 1.8, 'aux_inference_ms': 0.19859999883919954, 'reliability_update_ms': 0.004900000931229442, 'arbitration_ms': 0.0032999996619764715, 'extension_ms': 0.20679999943240546, 'control_compute_ms': 49.70179999872926}, {'controller': 'C3_arbitration_MPC', 'scenario': 'sensor_bias_5', 'seed': 19030, 'step': 181, 'time_s': 1.81, 'aux_inference_ms': 0.23039999723550864, 'reliability_update_ms': 0.00549999822396785, 'arbitration_ms': 0.0040000013541430235, 'extension_ms': 0.2398999968136195, 'control_compute_ms': nan}, {'controller': 'C3_arbitration_MPC', 'scenario': 'sensor_bias_5', 'seed': 19030, 'step': 182, 'time_s': 1.82, 'aux_inference_ms': 0.2351000002818182, 'reliability_update_ms': 0.005500001861946657, 'arbitration_ms': 0.0035999983083456755, 'extension_ms': 0.24420000045211054, 'control_compute_ms': nan}, {'controller': 'C3_arbitration_MPC', 'scenario': 'sensor_bias_5', 'seed': 19030, 'step': 183, 'time_s': 1.83, 'aux_inference_ms': 0.4988000000594184, 'reliability_update_ms': 0.008499999239575118, 'arbitration_ms': 0.005899997631786391, 'extension_ms': 0.5131999969307799, 'control_compute_ms': nan}, {'controller': 'C3_arbitration_MPC', 'scenario': 'sensor_bias_5', 'seed': 19030, 'step': 184, 'time_s': 1.84, 'aux_inference_ms': 0.2024000023084227, 'reliability_update_ms': 0.004699999408330768, 'arbitration_ms': 0.0030000010156072676, 'extension_ms': 0.21010000273236074, 'control_compute_ms': nan}, {'controller': 'C3_arbitration_MPC', 'scenario': 'sensor_bias_5', 'seed': 19030, 'step': 185, 'time_s': 1.85, 'aux_inference_ms': 0.1678000007814262, 'reliability_update_ms': 0.00419999923906289, 'arbitration_ms': 0.0027999994927085936, 'extension_ms': 0.1747999995131977, 'control_compute_ms': 60.86270000014338}, {'controller': 'C3_arbitration_MPC', 'scenario': 'sensor_bias_5', 'seed': 19030, 'step': 186, 'time_s': 1.86, 'aux_inference_ms': 0.24179999672924168, 'reliability_update_ms': 0.006400001439033076, 'arbitration_ms': 0.004499997885432094, 'extension_ms': 0.25269999605370685, 'control_compute_ms': nan}, {'controller': 'C3_arbitration_MPC', 'scenario': 'sensor_bias_5', 'seed': 19030, 'step': 187, 'time_s': 1.87, 'aux_inference_ms': 0.21259999994072132, 'reliability_update_ms': 0.00549999822396785, 'arbitration_ms': 0.0035000011848751456, 'extension_ms': 0.22159999934956431, 'control_compute_ms': nan}, {'controller': 'C3_arbitration_MPC', 'scenario': 'sensor_bias_5', 'seed': 19030, 'step': 188, 'time_s': 1.8800000000000001, 'aux_inference_ms': 0.23100000180420466, 'reliability_update_ms': 0.00549999822396785, 'arbitration_ms': 0.0032999996619764715, 'extension_ms': 0.23979999969014898, 'control_compute_ms': nan}, {'controller': 'C3_arbitration_MPC', 'scenario': 'sensor_bias_5', 'seed': 19030, 'step': 189, 'time_s': 1.8900000000000001, 'aux_inference_ms': 0.16179999875021167, 'reliability_update_ms': 0.004300000000512227, 'arbitration_ms': 0.0028999966161791235, 'extension_ms': 0.16899999536690302, 'control_compute_ms': nan}, {'controller': 'C3_arbitration_MPC', 'scenario': 'sensor_bias_5', 'seed': 19030, 'step': 190, 'time_s': 1.9000000000000001, 'aux_inference_ms': 0.15519999942625873, 'reliability_update_ms': 0.004099998477613553, 'arbitration_ms': 0.0026000016077887267, 'extension_ms': 0.161899999511661, 'control_compute_ms': 93.30229999977746}, {'controller': 'C3_arbitration_MPC', 'scenario': 'sensor_bias_5', 'seed': 19030, 'step': 191, 'time_s': 1.9100000000000001, 'aux_inference_ms': 0.4110999980184715, 'reliability_update_ms': 0.00670000008540228, 'arbitration_ms': 0.00419999923906289, 'extension_ms': 0.4219999973429367, 'control_compute_ms': nan}, {'controller': 'C3_arbitration_MPC', 'scenario': 'sensor_bias_5', 'seed': 19030, 'step': 192, 'time_s': 1.92, 'aux_inference_ms': 0.17149999985122122, 'reliability_update_ms': 0.00419999923906289, 'arbitration_ms': 0.0027999994927085936, 'extension_ms': 0.1784999985829927, 'control_compute_ms': nan}, {'controller': 'C3_arbitration_MPC', 'scenario': 'sensor_bias_5', 'seed': 19030, 'step': 193, 'time_s': 1.93, 'aux_inference_ms': 0.17630000002100132, 'reliability_update_ms': 0.00419999923906289, 'arbitration_ms': 0.0027999994927085936, 'extension_ms': 0.1832999987527728, 'control_compute_ms': nan}, {'controller': 'C3_arbitration_MPC', 'scenario': 'sensor_bias_5', 'seed': 19030, 'step': 194, 'time_s': 1.94, 'aux_inference_ms': 0.16230000255745836, 'reliability_update_ms': 0.0041000021155923605, 'arbitration_ms': 0.0026999987312592566, 'extension_ms': 0.16910000340430997, 'control_compute_ms': nan}, {'controller': 'C3_arbitration_MPC', 'scenario': 'sensor_bias_5', 'seed': 19030, 'step': 195, 'time_s': 1.95, 'aux_inference_ms': 0.18170000112149864, 'reliability_update_ms': 0.0037999998312443495, 'arbitration_ms': 0.0025999979698099196, 'extension_ms': 0.1880999989225529, 'control_compute_ms': 66.26390000019455}, {'controller': 'C3_arbitration_MPC', 'scenario': 'sensor_bias_5', 'seed': 19030, 'step': 196, 'time_s': 1.96, 'aux_inference_ms': 0.2649000016390346, 'reliability_update_ms': 0.005999998393235728, 'arbitration_ms': 0.0040000013541430235, 'extension_ms': 0.27490000138641335, 'control_compute_ms': nan}, {'controller': 'C3_arbitration_MPC', 'scenario': 'sensor_bias_5', 'seed': 19030, 'step': 197, 'time_s': 1.97, 'aux_inference_ms': 0.20760000188602135, 'reliability_update_ms': 0.005299996701069176, 'arbitration_ms': 0.0031999989005271345, 'extension_ms': 0.21609999748761766, 'control_compute_ms': nan}, {'controller': 'C3_arbitration_MPC', 'scenario': 'sensor_bias_5', 'seed': 19030, 'step': 198, 'time_s': 1.98, 'aux_inference_ms': 0.15799999891896732, 'reliability_update_ms': 0.003999997716164216, 'arbitration_ms': 0.0025999979698099196, 'extension_ms': 0.16459999460494146, 'control_compute_ms': nan}, {'controller': 'C3_arbitration_MPC', 'scenario': 'sensor_bias_5', 'seed': 19030, 'step': 199, 'time_s': 1.99, 'aux_inference_ms': 0.22189999799593352, 'reliability_update_ms': 0.005699999746866524, 'arbitration_ms': 0.0034999975468963385, 'extension_ms': 0.23109999528969638, 'control_compute_ms': nan}, {'controller': 'C3_arbitration_MPC', 'scenario': 'sensor_bias_5', 'seed': 19030, 'step': 200, 'time_s': 2.0, 'aux_inference_ms': 0.20819999917875975, 'reliability_update_ms': 0.005099998816149309, 'arbitration_ms': 0.005099998816149309, 'extension_ms': 0.21839999681105837, 'control_compute_ms': 50.805200000468176}, {'controller': 'C3_arbitration_MPC', 'scenario': 'sensor_bias_5', 'seed': 19030, 'step': 201, 'time_s': 2.0100000000000002, 'aux_inference_ms': 0.19179999799234793, 'reliability_update_ms': 0.006199999916134402, 'arbitration_ms': 0.005099998816149309, 'extension_ms': 0.20309999672463164, 'control_compute_ms': nan}, {'controller': 'C3_arbitration_MPC', 'scenario': 'sensor_bias_5', 'seed': 19030, 'step': 202, 'time_s': 2.02, 'aux_inference_ms': 0.22249999892665073, 'reliability_update_ms': 0.005399997462518513, 'arbitration_ms': 0.004600002284860238, 'extension_ms': 0.23249999867402948, 'control_compute_ms': nan}, {'controller': 'C3_arbitration_MPC', 'scenario': 'sensor_bias_5', 'seed': 19030, 'step': 203, 'time_s': 2.0300000000000002, 'aux_inference_ms': 0.20249999943189323, 'reliability_update_ms': 0.005300000339047983, 'arbitration_ms': 0.004600002284860238, 'extension_ms': 0.21240000205580145, 'control_compute_ms': nan}, {'controller': 'C3_arbitration_MPC', 'scenario': 'sensor_bias_5', 'seed': 19030, 'step': 204, 'time_s': 2.04, 'aux_inference_ms': 0.20250000306987204, 'reliability_update_ms': 0.005300000339047983, 'arbitration_ms': 0.004400000761961564, 'extension_ms': 0.21220000417088158, 'control_compute_ms': nan}, {'controller': 'C3_arbitration_MPC', 'scenario': 'sensor_bias_5', 'seed': 19030, 'step': 205, 'time_s': 2.05, 'aux_inference_ms': 0.23530000180471689, 'reliability_update_ms': 0.005199999577598646, 'arbitration_ms': 0.004599998646881431, 'extension_ms': 0.24510000002919696, 'control_compute_ms': 33.69390000079875}, {'controller': 'C3_arbitration_MPC', 'scenario': 'sensor_bias_5', 'seed': 19030, 'step': 206, 'time_s': 2.06, 'aux_inference_ms': 0.24300000222865492, 'reliability_update_ms': 0.006099999154685065, 'arbitration_ms': 0.004800000169780105, 'extension_ms': 0.2539000015531201, 'control_compute_ms': nan}, {'controller': 'C3_arbitration_MPC', 'scenario': 'sensor_bias_5', 'seed': 19030, 'step': 207, 'time_s': 2.07, 'aux_inference_ms': 0.2057999990938697, 'reliability_update_ms': 0.00549999822396785, 'arbitration_ms': 0.004699999408330768, 'extension_ms': 0.21599999672616832, 'control_compute_ms': nan}, {'controller': 'C3_arbitration_MPC', 'scenario': 'sensor_bias_5', 'seed': 19030, 'step': 208, 'time_s': 2.08, 'aux_inference_ms': 0.19780000002356246, 'reliability_update_ms': 0.005300000339047983, 'arbitration_ms': 0.004599998646881431, 'extension_ms': 0.20769999900949188, 'control_compute_ms': nan}, {'controller': 'C3_arbitration_MPC', 'scenario': 'sensor_bias_5', 'seed': 19030, 'step': 209, 'time_s': 2.09, 'aux_inference_ms': 0.2099999983329326, 'reliability_update_ms': 0.005600002623395994, 'arbitration_ms': 0.004800000169780105, 'extension_ms': 0.2204000011261087, 'control_compute_ms': nan}, {'controller': 'C3_arbitration_MPC', 'scenario': 'sensor_bias_5', 'seed': 19030, 'step': 210, 'time_s': 2.1, 'aux_inference_ms': 0.198199999431381, 'reliability_update_ms': 0.005099998816149309, 'arbitration_ms': 0.004600002284860238, 'extension_ms': 0.20790000053239055, 'control_compute_ms': 33.34539999923436}, {'controller': 'C3_arbitration_MPC', 'scenario': 'sensor_bias_5', 'seed': 19030, 'step': 211, 'time_s': 2.11, 'aux_inference_ms': 0.23409999994328246, 'reliability_update_ms': 0.005999998393235728, 'arbitration_ms': 0.005000001692678779, 'extension_ms': 0.24510000002919696, 'control_compute_ms': nan}, {'controller': 'C3_arbitration_MPC', 'scenario': 'sensor_bias_5', 'seed': 19030, 'step': 212, 'time_s': 2.12, 'aux_inference_ms': 0.21100000230944715, 'reliability_update_ms': 0.005500001861946657, 'arbitration_ms': 0.004800000169780105, 'extension_ms': 0.22130000434117392, 'control_compute_ms': nan}, {'controller': 'C3_arbitration_MPC', 'scenario': 'sensor_bias_5', 'seed': 19030, 'step': 213, 'time_s': 2.13, 'aux_inference_ms': 0.19800000154646114, 'reliability_update_ms': 0.005300000339047983, 'arbitration_ms': 0.004699999408330768, 'extension_ms': 0.2080000012938399, 'control_compute_ms': nan}, {'controller': 'C3_arbitration_MPC', 'scenario': 'sensor_bias_5', 'seed': 19030, 'step': 214, 'time_s': 2.14, 'aux_inference_ms': 0.20619999850168824, 'reliability_update_ms': 0.005300000339047983, 'arbitration_ms': 0.004699999408330768, 'extension_ms': 0.216199998249067, 'control_compute_ms': nan}, {'controller': 'C3_arbitration_MPC', 'scenario': 'sensor_bias_5', 'seed': 19030, 'step': 215, 'time_s': 2.15, 'aux_inference_ms': 0.20810000205528922, 'reliability_update_ms': 0.005300000339047983, 'arbitration_ms': 0.004500001523410901, 'extension_ms': 0.2179000039177481, 'control_compute_ms': 52.47810000219033}, {'controller': 'C3_arbitration_MPC', 'scenario': 'sensor_bias_5', 'seed': 19030, 'step': 216, 'time_s': 2.16, 'aux_inference_ms': 0.274499998340616, 'reliability_update_ms': 0.006300000677583739, 'arbitration_ms': 0.005699999746866524, 'extension_ms': 0.28649999876506627, 'control_compute_ms': nan}, {'controller': 'C3_arbitration_MPC', 'scenario': 'sensor_bias_5', 'seed': 19030, 'step': 217, 'time_s': 2.17, 'aux_inference_ms': 0.2137000010407064, 'reliability_update_ms': 0.005199999577598646, 'arbitration_ms': 0.004800000169780105, 'extension_ms': 0.22370000078808516, 'control_compute_ms': nan}, {'controller': 'C3_arbitration_MPC', 'scenario': 'sensor_bias_5', 'seed': 19030, 'step': 218, 'time_s': 2.18, 'aux_inference_ms': 0.19999999858555384, 'reliability_update_ms': 0.005199999577598646, 'arbitration_ms': 0.004599998646881431, 'extension_ms': 0.20979999681003392, 'control_compute_ms': nan}, {'controller': 'C3_arbitration_MPC', 'scenario': 'sensor_bias_5', 'seed': 19030, 'step': 219, 'time_s': 2.19, 'aux_inference_ms': 0.5703999995603226, 'reliability_update_ms': 0.01089999932446517, 'arbitration_ms': 0.010700001439545304, 'extension_ms': 0.5920000003243331, 'control_compute_ms': nan}, {'controller': 'C3_arbitration_MPC', 'scenario': 'sensor_bias_5', 'seed': 19030, 'step': 220, 'time_s': 2.2, 'aux_inference_ms': 0.6425999999919441, 'reliability_update_ms': 0.01300000076298602, 'arbitration_ms': 0.01300000076298602, 'extension_ms': 0.6686000015179161, 'control_compute_ms': 79.5561999984784}, {'controller': 'C3_arbitration_MPC', 'scenario': 'sensor_bias_5', 'seed': 19030, 'step': 221, 'time_s': 2.21, 'aux_inference_ms': 0.2776000001176726, 'reliability_update_ms': 0.006199999916134402, 'arbitration_ms': 0.005599998985417187, 'extension_ms': 0.2893999990192242, 'control_compute_ms': nan}, {'controller': 'C3_arbitration_MPC', 'scenario': 'sensor_bias_5', 'seed': 19030, 'step': 222, 'time_s': 2.22, 'aux_inference_ms': 0.22279999757301994, 'reliability_update_ms': 0.006300000677583739, 'arbitration_ms': 0.005300000339047983, 'extension_ms': 0.23439999858965166, 'control_compute_ms': nan}, {'controller': 'C3_arbitration_MPC', 'scenario': 'sensor_bias_5', 'seed': 19030, 'step': 223, 'time_s': 2.23, 'aux_inference_ms': 0.20059999951627105, 'reliability_update_ms': 0.005300000339047983, 'arbitration_ms': 0.004599998646881431, 'extension_ms': 0.21049999850220047, 'control_compute_ms': nan}, {'controller': 'C3_arbitration_MPC', 'scenario': 'sensor_bias_5', 'seed': 19030, 'step': 224, 'time_s': 2.24, 'aux_inference_ms': 0.24599999960628338, 'reliability_update_ms': 0.00540000110049732, 'arbitration_ms': 0.004599998646881431, 'extension_ms': 0.25599999935366213, 'control_compute_ms': nan}, {'controller': 'C3_arbitration_MPC', 'scenario': 'sensor_bias_5', 'seed': 19030, 'step': 225, 'time_s': 2.25, 'aux_inference_ms': 0.2032999982475303, 'reliability_update_ms': 0.005099998816149309, 'arbitration_ms': 0.004599998646881431, 'extension_ms': 0.21299999571056105, 'control_compute_ms': 72.06399999995483}, {'controller': 'C3_arbitration_MPC', 'scenario': 'sensor_bias_5', 'seed': 19030, 'step': 226, 'time_s': 2.2600000000000002, 'aux_inference_ms': 0.2606999987619929, 'reliability_update_ms': 0.006999998731771484, 'arbitration_ms': 0.006300000677583739, 'extension_ms': 0.2739999981713481, 'control_compute_ms': nan}, {'controller': 'C3_arbitration_MPC', 'scenario': 'sensor_bias_5', 'seed': 19030, 'step': 227, 'time_s': 2.27, 'aux_inference_ms': 0.21879999985685572, 'reliability_update_ms': 0.006099999154685065, 'arbitration_ms': 0.005800000508315861, 'extension_ms': 0.23069999951985665, 'control_compute_ms': nan}, {'controller': 'C3_arbitration_MPC', 'scenario': 'sensor_bias_5', 'seed': 19030, 'step': 228, 'time_s': 2.2800000000000002, 'aux_inference_ms': 0.21090000154799782, 'reliability_update_ms': 0.005300000339047983, 'arbitration_ms': 0.004599998646881431, 'extension_ms': 0.22080000053392723, 'control_compute_ms': nan}, {'controller': 'C3_arbitration_MPC', 'scenario': 'sensor_bias_5', 'seed': 19030, 'step': 229, 'time_s': 2.29, 'aux_inference_ms': 0.20740000036312267, 'reliability_update_ms': 0.005300000339047983, 'arbitration_ms': 0.004800000169780105, 'extension_ms': 0.21750000087195076, 'control_compute_ms': nan}, {'controller': 'C3_arbitration_MPC', 'scenario': 'sensor_bias_5', 'seed': 19030, 'step': 230, 'time_s': 2.3000000000000003, 'aux_inference_ms': 0.19980000070063397, 'reliability_update_ms': 0.005300000339047983, 'arbitration_ms': 0.004600002284860238, 'extension_ms': 0.2097000033245422, 'control_compute_ms': 55.91479999930016}, {'controller': 'C3_arbitration_MPC', 'scenario': 'sensor_bias_5', 'seed': 19030, 'step': 231, 'time_s': 2.31, 'aux_inference_ms': 0.2516000022296794, 'reliability_update_ms': 0.00670000008540228, 'arbitration_ms': 0.005999998393235728, 'extension_ms': 0.2643000007083174, 'control_compute_ms': nan}, {'controller': 'C3_arbitration_MPC', 'scenario': 'sensor_bias_5', 'seed': 19030, 'step': 232, 'time_s': 2.32, 'aux_inference_ms': 0.21890000061830506, 'reliability_update_ms': 0.005999998393235728, 'arbitration_ms': 0.005300000339047983, 'extension_ms': 0.23019999935058877, 'control_compute_ms': nan}, {'controller': 'C3_arbitration_MPC', 'scenario': 'sensor_bias_5', 'seed': 19030, 'step': 233, 'time_s': 2.33, 'aux_inference_ms': 0.2280000007885974, 'reliability_update_ms': 0.005500001861946657, 'arbitration_ms': 0.004699999408330768, 'extension_ms': 0.23820000205887482, 'control_compute_ms': nan}, {'controller': 'C3_arbitration_MPC', 'scenario': 'sensor_bias_5', 'seed': 19030, 'step': 234, 'time_s': 2.34, 'aux_inference_ms': 0.19830000019283034, 'reliability_update_ms': 0.005099998816149309, 'arbitration_ms': 0.0047000030463095754, 'extension_ms': 0.20810000205528922, 'control_compute_ms': nan}, {'controller': 'C3_arbitration_MPC', 'scenario': 'sensor_bias_5', 'seed': 19030, 'step': 235, 'time_s': 2.35, 'aux_inference_ms': 0.20709999807877466, 'reliability_update_ms': 0.005199999577598646, 'arbitration_ms': 0.004699999408330768, 'extension_ms': 0.21699999706470408, 'control_compute_ms': 53.195899999991525}, {'controller': 'C3_arbitration_MPC', 'scenario': 'sensor_bias_5', 'seed': 19030, 'step': 236, 'time_s': 2.36, 'aux_inference_ms': 0.19129999782308005, 'reliability_update_ms': 0.004699999408330768, 'arbitration_ms': 0.00419999923906289, 'extension_ms': 0.2001999964704737, 'control_compute_ms': nan}, {'controller': 'C3_arbitration_MPC', 'scenario': 'sensor_bias_5', 'seed': 19030, 'step': 237, 'time_s': 2.37, 'aux_inference_ms': 0.20569999833242036, 'reliability_update_ms': 0.005199999577598646, 'arbitration_ms': 0.004699999408330768, 'extension_ms': 0.21559999731834978, 'control_compute_ms': nan}, {'controller': 'C3_arbitration_MPC', 'scenario': 'sensor_bias_5', 'seed': 19030, 'step': 238, 'time_s': 2.38, 'aux_inference_ms': 0.24059999850578606, 'reliability_update_ms': 0.005599998985417187, 'arbitration_ms': 0.0047000030463095754, 'extension_ms': 0.2509000005375128, 'control_compute_ms': nan}, {'controller': 'C3_arbitration_MPC', 'scenario': 'sensor_bias_5', 'seed': 19030, 'step': 239, 'time_s': 2.39, 'aux_inference_ms': 0.20279999807826243, 'reliability_update_ms': 0.005300000339047983, 'arbitration_ms': 0.004499997885432094, 'extension_ms': 0.2125999963027425, 'control_compute_ms': nan}, {'controller': 'C3_arbitration_MPC', 'scenario': 'sensor_bias_5', 'seed': 19030, 'step': 240, 'time_s': 2.4, 'aux_inference_ms': 0.19520000205375254, 'reliability_update_ms': 0.005000001692678779, 'arbitration_ms': 0.004599998646881431, 'extension_ms': 0.20480000239331275, 'control_compute_ms': 53.14560000260826}, {'controller': 'C3_arbitration_MPC', 'scenario': 'sensor_bias_5', 'seed': 19030, 'step': 241, 'time_s': 2.41, 'aux_inference_ms': 0.2840999986801762, 'reliability_update_ms': 0.007300001016119495, 'arbitration_ms': 0.006399997801054269, 'extension_ms': 0.29779999749735, 'control_compute_ms': nan}, {'controller': 'C3_arbitration_MPC', 'scenario': 'sensor_bias_5', 'seed': 19030, 'step': 242, 'time_s': 2.42, 'aux_inference_ms': 0.2176000016334001, 'reliability_update_ms': 0.005399997462518513, 'arbitration_ms': 0.005000001692678779, 'extension_ms': 0.2280000007885974, 'control_compute_ms': nan}, {'controller': 'C3_arbitration_MPC', 'scenario': 'sensor_bias_5', 'seed': 19030, 'step': 243, 'time_s': 2.43, 'aux_inference_ms': 0.21330000163288787, 'reliability_update_ms': 0.005899997631786391, 'arbitration_ms': 0.004699999408330768, 'extension_ms': 0.22389999867300503, 'control_compute_ms': nan}, {'controller': 'C3_arbitration_MPC', 'scenario': 'sensor_bias_5', 'seed': 19030, 'step': 244, 'time_s': 2.44, 'aux_inference_ms': 0.22360000002663583, 'reliability_update_ms': 0.005300000339047983, 'arbitration_ms': 0.0047000030463095754, 'extension_ms': 0.23360000341199338, 'control_compute_ms': nan}, {'controller': 'C3_arbitration_MPC', 'scenario': 'sensor_bias_5', 'seed': 19030, 'step': 245, 'time_s': 2.45, 'aux_inference_ms': 0.19410000095376745, 'reliability_update_ms': 0.005000001692678779, 'arbitration_ms': 0.004599998646881431, 'extension_ms': 0.20370000129332766, 'control_compute_ms': 82.17730000251322}, {'controller': 'C3_arbitration_MPC', 'scenario': 'sensor_bias_5', 'seed': 19030, 'step': 246, 'time_s': 2.46, 'aux_inference_ms': 0.28030000248691067, 'reliability_update_ms': 0.006899997970322147, 'arbitration_ms': 0.006599999323952943, 'extension_ms': 0.29379999978118576, 'control_compute_ms': nan}, {'controller': 'C3_arbitration_MPC', 'scenario': 'sensor_bias_5', 'seed': 19030, 'step': 247, 'time_s': 2.47, 'aux_inference_ms': 0.2537000000302214, 'reliability_update_ms': 0.006000002031214535, 'arbitration_ms': 0.005199999577598646, 'extension_ms': 0.2649000016390346, 'control_compute_ms': nan}, {'controller': 'C3_arbitration_MPC', 'scenario': 'sensor_bias_5', 'seed': 19030, 'step': 248, 'time_s': 2.48, 'aux_inference_ms': 0.2023999986704439, 'reliability_update_ms': 0.005099998816149309, 'arbitration_ms': 0.004800000169780105, 'extension_ms': 0.2122999976563733, 'control_compute_ms': nan}, {'controller': 'C3_arbitration_MPC', 'scenario': 'sensor_bias_5', 'seed': 19030, 'step': 249, 'time_s': 2.49, 'aux_inference_ms': 0.21209999977145344, 'reliability_update_ms': 0.005299996701069176, 'arbitration_ms': 0.005699999746866524, 'extension_ms': 0.22309999621938914, 'control_compute_ms': nan}, {'controller': 'C3_arbitration_MPC', 'scenario': 'sensor_bias_5', 'seed': 19030, 'step': 250, 'time_s': 2.5, 'aux_inference_ms': 0.23009999858913943, 'reliability_update_ms': 0.005399997462518513, 'arbitration_ms': 0.004500001523410901, 'extension_ms': 0.23999999757506885, 'control_compute_ms': 54.24180000045453}, {'controller': 'C3_arbitration_MPC', 'scenario': 'sensor_bias_5', 'seed': 19030, 'step': 251, 'time_s': 2.5100000000000002, 'aux_inference_ms': 0.25299999833805487, 'reliability_update_ms': 0.007099999493220821, 'arbitration_ms': 0.005900001269765198, 'extension_ms': 0.2659999991010409, 'control_compute_ms': nan}, {'controller': 'C3_arbitration_MPC', 'scenario': 'sensor_bias_5', 'seed': 19030, 'step': 252, 'time_s': 2.52, 'aux_inference_ms': 0.3026999984285794, 'reliability_update_ms': 0.005599998985417187, 'arbitration_ms': 0.004699999408330768, 'extension_ms': 0.3129999968223274, 'control_compute_ms': nan}, {'controller': 'C3_arbitration_MPC', 'scenario': 'sensor_bias_5', 'seed': 19030, 'step': 253, 'time_s': 2.5300000000000002, 'aux_inference_ms': 0.2015999998548068, 'reliability_update_ms': 0.005500001861946657, 'arbitration_ms': 0.004599998646881431, 'extension_ms': 0.2117000003636349, 'control_compute_ms': nan}, {'controller': 'C3_arbitration_MPC', 'scenario': 'sensor_bias_5', 'seed': 19030, 'step': 254, 'time_s': 2.54, 'aux_inference_ms': 0.2007000002777204, 'reliability_update_ms': 0.005300000339047983, 'arbitration_ms': 0.004599998646881431, 'extension_ms': 0.2105999992636498, 'control_compute_ms': nan}, {'controller': 'C3_arbitration_MPC', 'scenario': 'sensor_bias_5', 'seed': 19030, 'step': 255, 'time_s': 2.5500000000000003, 'aux_inference_ms': 0.20989999757148325, 'reliability_update_ms': 0.005300000339047983, 'arbitration_ms': 0.004599998646881431, 'extension_ms': 0.21979999655741267, 'control_compute_ms': 91.04139999908512}, {'controller': 'C3_arbitration_MPC', 'scenario': 'sensor_bias_5', 'seed': 19030, 'step': 256, 'time_s': 2.56, 'aux_inference_ms': 0.3647999983513728, 'reliability_update_ms': 0.010300002031726763, 'arbitration_ms': 0.008999999408842996, 'extension_ms': 0.38409999979194254, 'control_compute_ms': nan}, {'controller': 'C3_arbitration_MPC', 'scenario': 'sensor_bias_5', 'seed': 19030, 'step': 257, 'time_s': 2.57, 'aux_inference_ms': 0.38780000249971636, 'reliability_update_ms': 0.009399998816661537, 'arbitration_ms': 0.007700000423938036, 'extension_ms': 0.40490000174031593, 'control_compute_ms': nan}, {'controller': 'C3_arbitration_MPC', 'scenario': 'sensor_bias_5', 'seed': 19030, 'step': 258, 'time_s': 2.58, 'aux_inference_ms': 0.3561000012268778, 'reliability_update_ms': 0.009399998816661537, 'arbitration_ms': 0.008200000593205914, 'extension_ms': 0.37370000063674524, 'control_compute_ms': nan}, {'controller': 'C3_arbitration_MPC', 'scenario': 'sensor_bias_5', 'seed': 19030, 'step': 259, 'time_s': 2.59, 'aux_inference_ms': 0.3909999977622647, 'reliability_update_ms': 0.010100000508828089, 'arbitration_ms': 0.008499999239575118, 'extension_ms': 0.4095999975106679, 'control_compute_ms': nan}, {'controller': 'C3_arbitration_MPC', 'scenario': 'sensor_bias_5', 'seed': 19030, 'step': 260, 'time_s': 2.6, 'aux_inference_ms': 0.3538999990269076, 'reliability_update_ms': 0.008700000762473792, 'arbitration_ms': 0.00799999907030724, 'extension_ms': 0.37059999885968864, 'control_compute_ms': 101.63900000043213}, {'controller': 'C3_arbitration_MPC', 'scenario': 'sensor_bias_5', 'seed': 19030, 'step': 261, 'time_s': 2.61, 'aux_inference_ms': 0.26449999859323725, 'reliability_update_ms': 0.007499998901039362, 'arbitration_ms': 0.005900001269765198, 'extension_ms': 0.2778999987640418, 'control_compute_ms': nan}, {'controller': 'C3_arbitration_MPC', 'scenario': 'sensor_bias_5', 'seed': 19030, 'step': 262, 'time_s': 2.62, 'aux_inference_ms': 0.216500000533415, 'reliability_update_ms': 0.005500001861946657, 'arbitration_ms': 0.004800000169780105, 'extension_ms': 0.22680000256514177, 'control_compute_ms': nan}, {'controller': 'C3_arbitration_MPC', 'scenario': 'sensor_bias_5', 'seed': 19030, 'step': 263, 'time_s': 2.63, 'aux_inference_ms': 0.17499999739811756, 'reliability_update_ms': 0.0041000021155923605, 'arbitration_ms': 0.0037999998312443495, 'extension_ms': 0.18289999934495427, 'control_compute_ms': nan}, {'controller': 'C3_arbitration_MPC', 'scenario': 'sensor_bias_5', 'seed': 19030, 'step': 264, 'time_s': 2.64, 'aux_inference_ms': 0.2080000012938399, 'reliability_update_ms': 0.005399997462518513, 'arbitration_ms': 0.004600002284860238, 'extension_ms': 0.21800000104121864, 'control_compute_ms': nan}, {'controller': 'C3_arbitration_MPC', 'scenario': 'sensor_bias_5', 'seed': 19030, 'step': 265, 'time_s': 2.65, 'aux_inference_ms': 0.20149999909335747, 'reliability_update_ms': 0.004900000931229442, 'arbitration_ms': 0.004400000761961564, 'extension_ms': 0.21080000078654848, 'control_compute_ms': 115.54319999777363}, {'controller': 'C3_arbitration_MPC', 'scenario': 'sensor_bias_5', 'seed': 19030, 'step': 266, 'time_s': 2.66, 'aux_inference_ms': 0.2387000022281427, 'reliability_update_ms': 0.006400001439033076, 'arbitration_ms': 0.005699999746866524, 'extension_ms': 0.2508000034140423, 'control_compute_ms': nan}, {'controller': 'C3_arbitration_MPC', 'scenario': 'sensor_bias_5', 'seed': 19030, 'step': 267, 'time_s': 2.67, 'aux_inference_ms': 0.20940000104019418, 'reliability_update_ms': 0.00540000110049732, 'arbitration_ms': 0.004599998646881431, 'extension_ms': 0.21940000078757294, 'control_compute_ms': nan}, {'controller': 'C3_arbitration_MPC', 'scenario': 'sensor_bias_5', 'seed': 19030, 'step': 268, 'time_s': 2.68, 'aux_inference_ms': 0.2002000001084525, 'reliability_update_ms': 0.005200003215577453, 'arbitration_ms': 0.004499997885432094, 'extension_ms': 0.20990000120946206, 'control_compute_ms': nan}, {'controller': 'C3_arbitration_MPC', 'scenario': 'sensor_bias_5', 'seed': 19030, 'step': 269, 'time_s': 2.69, 'aux_inference_ms': 0.20589999985531904, 'reliability_update_ms': 0.005000001692678779, 'arbitration_ms': 0.004499997885432094, 'extension_ms': 0.2153999994334299, 'control_compute_ms': nan}, {'controller': 'C3_arbitration_MPC', 'scenario': 'sensor_bias_5', 'seed': 19030, 'step': 270, 'time_s': 2.7, 'aux_inference_ms': 0.20349999977042899, 'reliability_update_ms': 0.005000001692678779, 'arbitration_ms': 0.004500001523410901, 'extension_ms': 0.21300000298651867, 'control_compute_ms': 94.74250000130269}, {'controller': 'C3_arbitration_MPC', 'scenario': 'sensor_bias_5', 'seed': 19030, 'step': 271, 'time_s': 2.71, 'aux_inference_ms': 0.2739000010478776, 'reliability_update_ms': 0.006299997039604932, 'arbitration_ms': 0.005600002623395994, 'extension_ms': 0.2858000007108785, 'control_compute_ms': nan}, {'controller': 'C3_arbitration_MPC', 'scenario': 'sensor_bias_5', 'seed': 19030, 'step': 272, 'time_s': 2.72, 'aux_inference_ms': 0.2150999971490819, 'reliability_update_ms': 0.006000002031214535, 'arbitration_ms': 0.005100002454128116, 'extension_ms': 0.22620000163442455, 'control_compute_ms': nan}, {'controller': 'C3_arbitration_MPC', 'scenario': 'sensor_bias_5', 'seed': 19030, 'step': 273, 'time_s': 2.73, 'aux_inference_ms': 0.1970999983313959, 'reliability_update_ms': 0.005199999577598646, 'arbitration_ms': 0.004500001523410901, 'extension_ms': 0.20679999943240546, 'control_compute_ms': nan}, {'controller': 'C3_arbitration_MPC', 'scenario': 'sensor_bias_5', 'seed': 19030, 'step': 274, 'time_s': 2.74, 'aux_inference_ms': 0.23210000290418975, 'reliability_update_ms': 0.005300000339047983, 'arbitration_ms': 0.004699999408330768, 'extension_ms': 0.2421000026515685, 'control_compute_ms': nan}, {'controller': 'C3_arbitration_MPC', 'scenario': 'sensor_bias_5', 'seed': 19030, 'step': 275, 'time_s': 2.75, 'aux_inference_ms': 0.2916999983426649, 'reliability_update_ms': 0.005600002623395994, 'arbitration_ms': 0.004599998646881431, 'extension_ms': 0.30189999961294234, 'control_compute_ms': 70.38710000051651}, {'controller': 'C3_arbitration_MPC', 'scenario': 'sensor_bias_5', 'seed': 19030, 'step': 276, 'time_s': 2.7600000000000002, 'aux_inference_ms': 0.5265999971015844, 'reliability_update_ms': 0.01630000042496249, 'arbitration_ms': 0.011300002370262519, 'extension_ms': 0.5541999998968095, 'control_compute_ms': nan}, {'controller': 'C3_arbitration_MPC', 'scenario': 'sensor_bias_5', 'seed': 19030, 'step': 277, 'time_s': 2.77, 'aux_inference_ms': 0.4668000001402106, 'reliability_update_ms': 0.010099996870849282, 'arbitration_ms': 0.009999999747378752, 'extension_ms': 0.48689999675843865, 'control_compute_ms': nan}, {'controller': 'C3_arbitration_MPC', 'scenario': 'sensor_bias_5', 'seed': 19030, 'step': 278, 'time_s': 2.7800000000000002, 'aux_inference_ms': 0.46269999802461825, 'reliability_update_ms': 0.010100000508828089, 'arbitration_ms': 0.010200001270277426, 'extension_ms': 0.48299999980372377, 'control_compute_ms': nan}, {'controller': 'C3_arbitration_MPC', 'scenario': 'sensor_bias_5', 'seed': 19030, 'step': 279, 'time_s': 2.79, 'aux_inference_ms': 0.4490000028454233, 'reliability_update_ms': 0.009899998985929415, 'arbitration_ms': 0.009799998224480078, 'extension_ms': 0.4687000000558328, 'control_compute_ms': nan}, {'controller': 'C3_arbitration_MPC', 'scenario': 'sensor_bias_5', 'seed': 19030, 'step': 280, 'time_s': 2.8000000000000003, 'aux_inference_ms': 0.4762999997183215, 'reliability_update_ms': 0.00960000033956021, 'arbitration_ms': 0.010200001270277426, 'extension_ms': 0.4961000013281591, 'control_compute_ms': 23.596699997142423}, {'controller': 'C3_arbitration_MPC', 'scenario': 'sensor_bias_5', 'seed': 19030, 'step': 281, 'time_s': 2.81, 'aux_inference_ms': 0.20700000095530413, 'reliability_update_ms': 0.005500001861946657, 'arbitration_ms': 0.005099998816149309, 'extension_ms': 0.2176000016334001, 'control_compute_ms': nan}, {'controller': 'C3_arbitration_MPC', 'scenario': 'sensor_bias_5', 'seed': 19030, 'step': 282, 'time_s': 2.82, 'aux_inference_ms': 0.21330000163288787, 'reliability_update_ms': 0.00549999822396785, 'arbitration_ms': 0.004699999408330768, 'extension_ms': 0.2234999992651865, 'control_compute_ms': nan}, {'controller': 'C3_arbitration_MPC', 'scenario': 'sensor_bias_5', 'seed': 19030, 'step': 283, 'time_s': 2.83, 'aux_inference_ms': 0.24249999842140824, 'reliability_update_ms': 0.005800000508315861, 'arbitration_ms': 0.004699999408330768, 'extension_ms': 0.25299999833805487, 'control_compute_ms': nan}, {'controller': 'C3_arbitration_MPC', 'scenario': 'sensor_bias_5', 'seed': 19030, 'step': 284, 'time_s': 2.84, 'aux_inference_ms': 0.20670000230893493, 'reliability_update_ms': 0.005599998985417187, 'arbitration_ms': 0.004800000169780105, 'extension_ms': 0.21710000146413222, 'control_compute_ms': nan}, {'controller': 'C3_arbitration_MPC', 'scenario': 'sensor_bias_5', 'seed': 19030, 'step': 285, 'time_s': 2.85, 'aux_inference_ms': 0.20109999968553893, 'reliability_update_ms': 0.005199999577598646, 'arbitration_ms': 0.004699999408330768, 'extension_ms': 0.21099999867146835, 'control_compute_ms': 32.2414000002027}, {'controller': 'C3_arbitration_MPC', 'scenario': 'sensor_bias_5', 'seed': 19030, 'step': 286, 'time_s': 2.86, 'aux_inference_ms': 0.5134999992151279, 'reliability_update_ms': 0.011500000255182385, 'arbitration_ms': 0.011400003131711856, 'extension_ms': 0.5364000026020221, 'control_compute_ms': nan}, {'controller': 'C3_arbitration_MPC', 'scenario': 'sensor_bias_5', 'seed': 19030, 'step': 287, 'time_s': 2.87, 'aux_inference_ms': 0.487299999804236, 'reliability_update_ms': 0.010100000508828089, 'arbitration_ms': 0.009800001862458885, 'extension_ms': 0.507200002175523, 'control_compute_ms': nan}, {'controller': 'C3_arbitration_MPC', 'scenario': 'sensor_bias_5', 'seed': 19030, 'step': 288, 'time_s': 2.88, 'aux_inference_ms': 0.4579999986162875, 'reliability_update_ms': 0.009800001862458885, 'arbitration_ms': 0.009499999578110874, 'extension_ms': 0.47730000005685724, 'control_compute_ms': nan}, {'controller': 'C3_arbitration_MPC', 'scenario': 'sensor_bias_5', 'seed': 19030, 'step': 289, 'time_s': 2.89, 'aux_inference_ms': 0.4561000023386441, 'reliability_update_ms': 0.009899998985929415, 'arbitration_ms': 0.009700001101009548, 'extension_ms': 0.4757000024255831, 'control_compute_ms': nan}, {'controller': 'C3_arbitration_MPC', 'scenario': 'sensor_bias_5', 'seed': 19030, 'step': 290, 'time_s': 2.9, 'aux_inference_ms': 0.4580999993777368, 'reliability_update_ms': 0.009400002454640344, 'arbitration_ms': 0.009799998224480078, 'extension_ms': 0.47730000005685724, 'control_compute_ms': 85.91439999872819}, {'controller': 'C3_arbitration_MPC', 'scenario': 'sensor_bias_5', 'seed': 19030, 'step': 291, 'time_s': 2.91, 'aux_inference_ms': 0.24820000180625357, 'reliability_update_ms': 0.006499998562503606, 'arbitration_ms': 0.006000002031214535, 'extension_ms': 0.2607000023999717, 'control_compute_ms': nan}, {'controller': 'C3_arbitration_MPC', 'scenario': 'sensor_bias_5', 'seed': 19030, 'step': 292, 'time_s': 2.92, 'aux_inference_ms': 0.2358999990974553, 'reliability_update_ms': 0.005599998985417187, 'arbitration_ms': 0.004900000931229442, 'extension_ms': 0.24639999901410192, 'control_compute_ms': nan}, {'controller': 'C3_arbitration_MPC', 'scenario': 'sensor_bias_5', 'seed': 19030, 'step': 293, 'time_s': 2.93, 'aux_inference_ms': 0.2021000000240747, 'reliability_update_ms': 0.005799996870337054, 'arbitration_ms': 0.004999998054699972, 'extension_ms': 0.21289999494911171, 'control_compute_ms': nan}, {'controller': 'C3_arbitration_MPC', 'scenario': 'sensor_bias_5', 'seed': 19030, 'step': 294, 'time_s': 2.94, 'aux_inference_ms': 0.20139999833190814, 'reliability_update_ms': 0.00540000110049732, 'arbitration_ms': 0.004599998646881431, 'extension_ms': 0.2113999980792869, 'control_compute_ms': nan}, {'controller': 'C3_arbitration_MPC', 'scenario': 'sensor_bias_5', 'seed': 19030, 'step': 295, 'time_s': 2.95, 'aux_inference_ms': 0.22819999867351726, 'reliability_update_ms': 0.005099998816149309, 'arbitration_ms': 0.004800000169780105, 'extension_ms': 0.23809999765944667, 'control_compute_ms': 51.94139999730396}, {'controller': 'C3_arbitration_MPC', 'scenario': 'sensor_bias_5', 'seed': 19030, 'step': 296, 'time_s': 2.96, 'aux_inference_ms': 0.27149999732500874, 'reliability_update_ms': 0.006400001439033076, 'arbitration_ms': 0.005099998816149309, 'extension_ms': 0.2829999975801911, 'control_compute_ms': nan}, {'controller': 'C3_arbitration_MPC', 'scenario': 'sensor_bias_5', 'seed': 19030, 'step': 297, 'time_s': 2.97, 'aux_inference_ms': 0.21390000256360509, 'reliability_update_ms': 0.005199999577598646, 'arbitration_ms': 0.0047000030463095754, 'extension_ms': 0.2238000051875133, 'control_compute_ms': nan}, {'controller': 'C3_arbitration_MPC', 'scenario': 'sensor_bias_5', 'seed': 19030, 'step': 298, 'time_s': 2.98, 'aux_inference_ms': 0.19950000205426477, 'reliability_update_ms': 0.004899997293250635, 'arbitration_ms': 0.004600002284860238, 'extension_ms': 0.20900000163237564, 'control_compute_ms': nan}, {'controller': 'C3_arbitration_MPC', 'scenario': 'sensor_bias_5', 'seed': 19030, 'step': 299, 'time_s': 2.99, 'aux_inference_ms': 0.2271999983349815, 'reliability_update_ms': 0.005099998816149309, 'arbitration_ms': 0.004300000000512227, 'extension_ms': 0.23659999715164304, 'control_compute_ms': nan}, {'controller': 'C3_arbitration_MPC', 'scenario': 'sensor_bias_5', 'seed': 19030, 'step': 300, 'time_s': 3.0, 'aux_inference_ms': 0.20180000137770548, 'reliability_update_ms': 0.005199999577598646, 'arbitration_ms': 0.004699999408330768, 'extension_ms': 0.2117000003636349, 'control_compute_ms': 52.90240000249469}, {'controller': 'C3_arbitration_MPC', 'scenario': 'sensor_bias_5', 'seed': 19030, 'step': 301, 'time_s': 3.0100000000000002, 'aux_inference_ms': 0.25549999918439426, 'reliability_update_ms': 0.006000002031214535, 'arbitration_ms': 0.005199999577598646, 'extension_ms': 0.26670000079320744, 'control_compute_ms': nan}, {'controller': 'C3_arbitration_MPC', 'scenario': 'sensor_bias_5', 'seed': 19030, 'step': 302, 'time_s': 3.02, 'aux_inference_ms': 0.216500000533415, 'reliability_update_ms': 0.005599998985417187, 'arbitration_ms': 0.004599998646881431, 'extension_ms': 0.22669999816571362, 'control_compute_ms': nan}, {'controller': 'C3_arbitration_MPC', 'scenario': 'sensor_bias_5', 'seed': 19030, 'step': 303, 'time_s': 3.0300000000000002, 'aux_inference_ms': 0.19769999926211312, 'reliability_update_ms': 0.005199999577598646, 'arbitration_ms': 0.004500001523410901, 'extension_ms': 0.20740000036312267, 'control_compute_ms': nan}, {'controller': 'C3_arbitration_MPC', 'scenario': 'sensor_bias_5', 'seed': 19030, 'step': 304, 'time_s': 3.04, 'aux_inference_ms': 0.20509999740170315, 'reliability_update_ms': 0.00540000110049732, 'arbitration_ms': 0.004500001523410901, 'extension_ms': 0.21500000002561137, 'control_compute_ms': nan}, {'controller': 'C3_arbitration_MPC', 'scenario': 'sensor_bias_5', 'seed': 19030, 'step': 305, 'time_s': 3.0500000000000003, 'aux_inference_ms': 0.2167999991797842, 'reliability_update_ms': 0.005099998816149309, 'arbitration_ms': 0.004600002284860238, 'extension_ms': 0.22650000028079376, 'control_compute_ms': 34.067200002027676}, {'controller': 'C3_arbitration_MPC', 'scenario': 'sensor_bias_5', 'seed': 19030, 'step': 306, 'time_s': 3.06, 'aux_inference_ms': 0.23080000028130598, 'reliability_update_ms': 0.005800000508315861, 'arbitration_ms': 0.005099998816149309, 'extension_ms': 0.24169999960577115, 'control_compute_ms': nan}, {'controller': 'C3_arbitration_MPC', 'scenario': 'sensor_bias_5', 'seed': 19030, 'step': 307, 'time_s': 3.0700000000000003, 'aux_inference_ms': 0.20619999850168824, 'reliability_update_ms': 0.00549999822396785, 'arbitration_ms': 0.004900000931229442, 'extension_ms': 0.21659999765688553, 'control_compute_ms': nan}, {'controller': 'C3_arbitration_MPC', 'scenario': 'sensor_bias_5', 'seed': 19030, 'step': 308, 'time_s': 3.08, 'aux_inference_ms': 0.2199000009568408, 'reliability_update_ms': 0.00549999822396785, 'arbitration_ms': 0.004900000931229442, 'extension_ms': 0.2303000001120381, 'control_compute_ms': nan}, {'controller': 'C3_arbitration_MPC', 'scenario': 'sensor_bias_5', 'seed': 19030, 'step': 309, 'time_s': 3.09, 'aux_inference_ms': 0.2100000019709114, 'reliability_update_ms': 0.005699999746866524, 'arbitration_ms': 0.005100002454128116, 'extension_ms': 0.22080000417190604, 'control_compute_ms': nan}, {'controller': 'C3_arbitration_MPC', 'scenario': 'sensor_bias_5', 'seed': 19030, 'step': 310, 'time_s': 3.1, 'aux_inference_ms': 0.19830000019283034, 'reliability_update_ms': 0.004900000931229442, 'arbitration_ms': 0.004699999408330768, 'extension_ms': 0.20790000053239055, 'control_compute_ms': 23.670400001719827}, {'controller': 'C3_arbitration_MPC', 'scenario': 'sensor_bias_5', 'seed': 19030, 'step': 311, 'time_s': 3.11, 'aux_inference_ms': 0.20339999900897965, 'reliability_update_ms': 0.005399997462518513, 'arbitration_ms': 0.004400000761961564, 'extension_ms': 0.21319999723345973, 'control_compute_ms': nan}, {'controller': 'C3_arbitration_MPC', 'scenario': 'sensor_bias_5', 'seed': 19030, 'step': 312, 'time_s': 3.12, 'aux_inference_ms': 0.42040000334964134, 'reliability_update_ms': 0.010799998563015833, 'arbitration_ms': 0.009399998816661537, 'extension_ms': 0.4406000007293187, 'control_compute_ms': nan}, {'controller': 'C3_arbitration_MPC', 'scenario': 'sensor_bias_5', 'seed': 19030, 'step': 313, 'time_s': 3.13, 'aux_inference_ms': 0.37030000021331944, 'reliability_update_ms': 0.008999999408842996, 'arbitration_ms': 0.008200000593205914, 'extension_ms': 0.38750000021536835, 'control_compute_ms': nan}, {'controller': 'C3_arbitration_MPC', 'scenario': 'sensor_bias_5', 'seed': 19030, 'step': 314, 'time_s': 3.14, 'aux_inference_ms': 0.33289999919361435, 'reliability_update_ms': 0.025200002710334957, 'arbitration_ms': 0.008300001354655251, 'extension_ms': 0.36640000325860456, 'control_compute_ms': nan}, {'controller': 'C3_arbitration_MPC', 'scenario': 'sensor_bias_5', 'seed': 19030, 'step': 315, 'time_s': 3.15, 'aux_inference_ms': 0.2950999987660907, 'reliability_update_ms': 0.007099999493220821, 'arbitration_ms': 0.006300000677583739, 'extension_ms': 0.3084999989368953, 'control_compute_ms': 17.702400000416674}, {'controller': 'C3_arbitration_MPC', 'scenario': 'sensor_bias_5', 'seed': 19030, 'step': 316, 'time_s': 3.16, 'aux_inference_ms': 0.18249999993713573, 'reliability_update_ms': 0.008899998647393659, 'arbitration_ms': 0.023200002033263445, 'extension_ms': 0.21460000061779283, 'control_compute_ms': nan}, {'controller': 'C3_arbitration_MPC', 'scenario': 'sensor_bias_5', 'seed': 19030, 'step': 317, 'time_s': 3.17, 'aux_inference_ms': 0.17920000027515925, 'reliability_update_ms': 0.004400000761961564, 'arbitration_ms': 0.0037999998312443495, 'extension_ms': 0.18740000086836517, 'control_compute_ms': nan}, {'controller': 'C3_arbitration_MPC', 'scenario': 'sensor_bias_5', 'seed': 19030, 'step': 318, 'time_s': 3.18, 'aux_inference_ms': 0.18050000289804302, 'reliability_update_ms': 0.00419999923906289, 'arbitration_ms': 0.0036999990697950125, 'extension_ms': 0.18840000120690092, 'control_compute_ms': nan}, {'controller': 'C3_arbitration_MPC', 'scenario': 'sensor_bias_5', 'seed': 19030, 'step': 319, 'time_s': 3.19, 'aux_inference_ms': 0.16629999663564377, 'reliability_update_ms': 0.005099998816149309, 'arbitration_ms': 0.004699999408330768, 'extension_ms': 0.17609999486012384, 'control_compute_ms': nan}, {'controller': 'C3_arbitration_MPC', 'scenario': 'sensor_bias_5', 'seed': 19030, 'step': 320, 'time_s': 3.2, 'aux_inference_ms': 0.198500001715729, 'reliability_update_ms': 0.005099998816149309, 'arbitration_ms': 0.004900000931229442, 'extension_ms': 0.20850000146310776, 'control_compute_ms': 17.03270000143675}, {'controller': 'C3_arbitration_MPC', 'scenario': 'sensor_bias_5', 'seed': 19030, 'step': 321, 'time_s': 3.21, 'aux_inference_ms': 0.23069999951985665, 'reliability_update_ms': 0.005800000508315861, 'arbitration_ms': 0.005099998816149309, 'extension_ms': 0.24159999884432182, 'control_compute_ms': nan}, {'controller': 'C3_arbitration_MPC', 'scenario': 'sensor_bias_5', 'seed': 19030, 'step': 322, 'time_s': 3.22, 'aux_inference_ms': 0.2043999993475154, 'reliability_update_ms': 0.00549999822396785, 'arbitration_ms': 0.004800000169780105, 'extension_ms': 0.21469999774126336, 'control_compute_ms': nan}, {'controller': 'C3_arbitration_MPC', 'scenario': 'sensor_bias_5', 'seed': 19030, 'step': 323, 'time_s': 3.23, 'aux_inference_ms': 0.21580000247922726, 'reliability_update_ms': 0.005199999577598646, 'arbitration_ms': 0.004800000169780105, 'extension_ms': 0.225800002226606, 'control_compute_ms': nan}, {'controller': 'C3_arbitration_MPC', 'scenario': 'sensor_bias_5', 'seed': 19030, 'step': 324, 'time_s': 3.24, 'aux_inference_ms': 0.20769999900949188, 'reliability_update_ms': 0.004999998054699972, 'arbitration_ms': 0.004400000761961564, 'extension_ms': 0.2170999978261534, 'control_compute_ms': nan}, {'controller': 'C3_arbitration_MPC', 'scenario': 'sensor_bias_5', 'seed': 19030, 'step': 325, 'time_s': 3.25, 'aux_inference_ms': 0.19690000044647604, 'reliability_update_ms': 0.005099998816149309, 'arbitration_ms': 0.004500001523410901, 'extension_ms': 0.20650000078603625, 'control_compute_ms': 66.6579000026104}, {'controller': 'C3_arbitration_MPC', 'scenario': 'sensor_bias_5', 'seed': 19030, 'step': 326, 'time_s': 3.2600000000000002, 'aux_inference_ms': 0.2310999989276752, 'reliability_update_ms': 0.007200000254670158, 'arbitration_ms': 0.005799996870337054, 'extension_ms': 0.2440999960526824, 'control_compute_ms': nan}, {'controller': 'C3_arbitration_MPC', 'scenario': 'sensor_bias_5', 'seed': 19030, 'step': 327, 'time_s': 3.27, 'aux_inference_ms': 0.21280000146362, 'reliability_update_ms': 0.005599998985417187, 'arbitration_ms': 0.004599998646881431, 'extension_ms': 0.2229999990959186, 'control_compute_ms': nan}, {'controller': 'C3_arbitration_MPC', 'scenario': 'sensor_bias_5', 'seed': 19030, 'step': 328, 'time_s': 3.2800000000000002, 'aux_inference_ms': 0.2393000031588599, 'reliability_update_ms': 0.006099999154685065, 'arbitration_ms': 0.005200003215577453, 'extension_ms': 0.2506000055291224, 'control_compute_ms': nan}, {'controller': 'C3_arbitration_MPC', 'scenario': 'sensor_bias_5', 'seed': 19030, 'step': 329, 'time_s': 3.29, 'aux_inference_ms': 0.2089000008709263, 'reliability_update_ms': 0.005199999577598646, 'arbitration_ms': 0.004599998646881431, 'extension_ms': 0.21869999909540638, 'control_compute_ms': nan}, {'controller': 'C3_arbitration_MPC', 'scenario': 'sensor_bias_5', 'seed': 19030, 'step': 330, 'time_s': 3.3000000000000003, 'aux_inference_ms': 0.20150000273133628, 'reliability_update_ms': 0.005100002454128116, 'arbitration_ms': 0.004499997885432094, 'extension_ms': 0.2111000030708965, 'control_compute_ms': 45.6659999981639}, {'controller': 'C3_arbitration_MPC', 'scenario': 'sensor_bias_5', 'seed': 19030, 'step': 331, 'time_s': 3.31, 'aux_inference_ms': 0.35800000114249997, 'reliability_update_ms': 0.005199999577598646, 'arbitration_ms': 0.004400000761961564, 'extension_ms': 0.3676000014820602, 'control_compute_ms': nan}, {'controller': 'C3_arbitration_MPC', 'scenario': 'sensor_bias_5', 'seed': 19030, 'step': 332, 'time_s': 3.3200000000000003, 'aux_inference_ms': 0.17469999875174835, 'reliability_update_ms': 0.004400000761961564, 'arbitration_ms': 0.0036999990697950125, 'extension_ms': 0.18279999858350493, 'control_compute_ms': nan}, {'controller': 'C3_arbitration_MPC', 'scenario': 'sensor_bias_5', 'seed': 19030, 'step': 333, 'time_s': 3.33, 'aux_inference_ms': 0.16619999951217324, 'reliability_update_ms': 0.007200000254670158, 'arbitration_ms': 0.006000002031214535, 'extension_ms': 0.17940000179805793, 'control_compute_ms': nan}, {'controller': 'C3_arbitration_MPC', 'scenario': 'sensor_bias_5', 'seed': 19030, 'step': 334, 'time_s': 3.34, 'aux_inference_ms': 0.29770000037387945, 'reliability_update_ms': 0.007700000423938036, 'arbitration_ms': 0.006400001439033076, 'extension_ms': 0.31180000223685056, 'control_compute_ms': nan}, {'controller': 'C3_arbitration_MPC', 'scenario': 'sensor_bias_5', 'seed': 19030, 'step': 335, 'time_s': 3.35, 'aux_inference_ms': 0.2868999981728848, 'reliability_update_ms': 0.007700000423938036, 'arbitration_ms': 0.006500002200482413, 'extension_ms': 0.30110000079730526, 'control_compute_ms': 39.20819999984815}, {'controller': 'C3_arbitration_MPC', 'scenario': 'sensor_bias_5', 'seed': 19030, 'step': 336, 'time_s': 3.36, 'aux_inference_ms': 0.2705000006244518, 'reliability_update_ms': 0.007400001777568832, 'arbitration_ms': 0.006199999916134402, 'extension_ms': 0.284100002318155, 'control_compute_ms': nan}, {'controller': 'C3_arbitration_MPC', 'scenario': 'sensor_bias_5', 'seed': 19030, 'step': 337, 'time_s': 3.37, 'aux_inference_ms': 0.21700000070268288, 'reliability_update_ms': 0.005599998985417187, 'arbitration_ms': 0.004500001523410901, 'extension_ms': 0.22710000121151097, 'control_compute_ms': nan}, {'controller': 'C3_arbitration_MPC', 'scenario': 'sensor_bias_5', 'seed': 19030, 'step': 338, 'time_s': 3.38, 'aux_inference_ms': 0.17309999748249538, 'reliability_update_ms': 0.004599998646881431, 'arbitration_ms': 0.004300000000512227, 'extension_ms': 0.18199999612988904, 'control_compute_ms': nan}, {'controller': 'C3_arbitration_MPC', 'scenario': 'sensor_bias_5', 'seed': 19030, 'step': 339, 'time_s': 3.39, 'aux_inference_ms': 0.16850000247359276, 'reliability_update_ms': 0.005199999577598646, 'arbitration_ms': 0.004499997885432094, 'extension_ms': 0.1781999999366235, 'control_compute_ms': nan}, {'controller': 'C3_arbitration_MPC', 'scenario': 'sensor_bias_5', 'seed': 19030, 'step': 340, 'time_s': 3.4, 'aux_inference_ms': 0.4805999997188337, 'reliability_update_ms': 0.01179999890155159, 'arbitration_ms': 0.015300000086426735, 'extension_ms': 0.507699998706812, 'control_compute_ms': 44.14299999916693}, {'controller': 'C3_arbitration_MPC', 'scenario': 'sensor_bias_5', 'seed': 19030, 'step': 341, 'time_s': 3.41, 'aux_inference_ms': 0.24300000222865492, 'reliability_update_ms': 0.006599999323952943, 'arbitration_ms': 0.00549999822396785, 'extension_ms': 0.2550999997765757, 'control_compute_ms': nan}, {'controller': 'C3_arbitration_MPC', 'scenario': 'sensor_bias_5', 'seed': 19030, 'step': 342, 'time_s': 3.42, 'aux_inference_ms': 0.2069000001938548, 'reliability_update_ms': 0.005399997462518513, 'arbitration_ms': 0.015600002370774746, 'extension_ms': 0.22790000002714805, 'control_compute_ms': nan}, {'controller': 'C3_arbitration_MPC', 'scenario': 'sensor_bias_5', 'seed': 19030, 'step': 343, 'time_s': 3.43, 'aux_inference_ms': 0.20399999993969686, 'reliability_update_ms': 0.00540000110049732, 'arbitration_ms': 0.004699999408330768, 'extension_ms': 0.21410000044852495, 'control_compute_ms': nan}, {'controller': 'C3_arbitration_MPC', 'scenario': 'sensor_bias_5', 'seed': 19030, 'step': 344, 'time_s': 3.44, 'aux_inference_ms': 0.2061000013782177, 'reliability_update_ms': 0.005399997462518513, 'arbitration_ms': 0.004600002284860238, 'extension_ms': 0.21610000112559646, 'control_compute_ms': nan}, {'controller': 'C3_arbitration_MPC', 'scenario': 'sensor_bias_5', 'seed': 19030, 'step': 345, 'time_s': 3.45, 'aux_inference_ms': 0.19919999976991676, 'reliability_update_ms': 0.005199999577598646, 'arbitration_ms': 0.004499997885432094, 'extension_ms': 0.2088999972329475, 'control_compute_ms': 17.61390000319807}, {'controller': 'C3_arbitration_MPC', 'scenario': 'sensor_bias_5', 'seed': 19030, 'step': 346, 'time_s': 3.46, 'aux_inference_ms': 0.1993000005313661, 'reliability_update_ms': 0.004999998054699972, 'arbitration_ms': 0.004599998646881431, 'extension_ms': 0.2088999972329475, 'control_compute_ms': nan}, {'controller': 'C3_arbitration_MPC', 'scenario': 'sensor_bias_5', 'seed': 19030, 'step': 347, 'time_s': 3.47, 'aux_inference_ms': 0.1747999995131977, 'reliability_update_ms': 0.004300000000512227, 'arbitration_ms': 0.0037999998312443495, 'extension_ms': 0.18289999934495427, 'control_compute_ms': nan}, {'controller': 'C3_arbitration_MPC', 'scenario': 'sensor_bias_5', 'seed': 19030, 'step': 348, 'time_s': 3.48, 'aux_inference_ms': 0.19500000053085387, 'reliability_update_ms': 0.005199999577598646, 'arbitration_ms': 0.004600002284860238, 'extension_ms': 0.20480000239331275, 'control_compute_ms': nan}, {'controller': 'C3_arbitration_MPC', 'scenario': 'sensor_bias_5', 'seed': 19030, 'step': 349, 'time_s': 3.49, 'aux_inference_ms': 0.2220999995188322, 'reliability_update_ms': 0.005099998816149309, 'arbitration_ms': 0.004500001523410901, 'extension_ms': 0.2316999998583924, 'control_compute_ms': nan}, {'controller': 'C3_arbitration_MPC', 'scenario': 'sensor_bias_5', 'seed': 19030, 'step': 350, 'time_s': 3.5, 'aux_inference_ms': 0.20560000120894983, 'reliability_update_ms': 0.005599998985417187, 'arbitration_ms': 0.005300000339047983, 'extension_ms': 0.216500000533415, 'control_compute_ms': 17.034600001352374}, {'controller': 'C3_arbitration_MPC', 'scenario': 'sensor_bias_5', 'seed': 19030, 'step': 351, 'time_s': 3.5100000000000002, 'aux_inference_ms': 0.2351000002818182, 'reliability_update_ms': 0.005800000508315861, 'arbitration_ms': 0.005000001692678779, 'extension_ms': 0.24590000248281285, 'control_compute_ms': nan}, {'controller': 'C3_arbitration_MPC', 'scenario': 'sensor_bias_5', 'seed': 19030, 'step': 352, 'time_s': 3.52, 'aux_inference_ms': 0.24370000028284267, 'reliability_update_ms': 0.00549999822396785, 'arbitration_ms': 0.004699999408330768, 'extension_ms': 0.2538999979151413, 'control_compute_ms': nan}, {'controller': 'C3_arbitration_MPC', 'scenario': 'sensor_bias_5', 'seed': 19030, 'step': 353, 'time_s': 3.5300000000000002, 'aux_inference_ms': 0.2153999994334299, 'reliability_update_ms': 0.005500001861946657, 'arbitration_ms': 0.004800000169780105, 'extension_ms': 0.22570000146515667, 'control_compute_ms': nan}, {'controller': 'C3_arbitration_MPC', 'scenario': 'sensor_bias_5', 'seed': 19030, 'step': 354, 'time_s': 3.54, 'aux_inference_ms': 0.20759999824804254, 'reliability_update_ms': 0.005799996870337054, 'arbitration_ms': 0.005100002454128116, 'extension_ms': 0.2184999975725077, 'control_compute_ms': nan}, {'controller': 'C3_arbitration_MPC', 'scenario': 'sensor_bias_5', 'seed': 19030, 'step': 355, 'time_s': 3.5500000000000003, 'aux_inference_ms': 0.23259999943547882, 'reliability_update_ms': 0.005300000339047983, 'arbitration_ms': 0.004500001523410901, 'extension_ms': 0.2424000012979377, 'control_compute_ms': 17.22169999993639}, {'controller': 'C3_arbitration_MPC', 'scenario': 'sensor_bias_5', 'seed': 19030, 'step': 356, 'time_s': 3.56, 'aux_inference_ms': 0.25829999867710285, 'reliability_update_ms': 0.005800000508315861, 'arbitration_ms': 0.004900000931229442, 'extension_ms': 0.26900000011664815, 'control_compute_ms': nan}, {'controller': 'C3_arbitration_MPC', 'scenario': 'sensor_bias_5', 'seed': 19030, 'step': 357, 'time_s': 3.5700000000000003, 'aux_inference_ms': 0.21090000154799782, 'reliability_update_ms': 0.005300000339047983, 'arbitration_ms': 0.004800000169780105, 'extension_ms': 0.2210000020568259, 'control_compute_ms': nan}, {'controller': 'C3_arbitration_MPC', 'scenario': 'sensor_bias_5', 'seed': 19030, 'step': 358, 'time_s': 3.58, 'aux_inference_ms': 0.20700000095530413, 'reliability_update_ms': 0.005100002454128116, 'arbitration_ms': 0.004900000931229442, 'extension_ms': 0.2170000043406617, 'control_compute_ms': nan}, {'controller': 'C3_arbitration_MPC', 'scenario': 'sensor_bias_5', 'seed': 19030, 'step': 359, 'time_s': 3.59, 'aux_inference_ms': 0.22569999782717787, 'reliability_update_ms': 0.005199999577598646, 'arbitration_ms': 0.004599998646881431, 'extension_ms': 0.23549999605165794, 'control_compute_ms': nan}, {'controller': 'C3_arbitration_MPC', 'scenario': 'sensor_bias_5', 'seed': 19030, 'step': 360, 'time_s': 3.6, 'aux_inference_ms': 0.19639999663922936, 'reliability_update_ms': 0.004900000931229442, 'arbitration_ms': 0.004499997885432094, 'extension_ms': 0.2057999954558909, 'control_compute_ms': 115.71449999973993}, {'controller': 'C3_arbitration_MPC', 'scenario': 'sensor_bias_5', 'seed': 19030, 'step': 361, 'time_s': 3.61, 'aux_inference_ms': 0.26539999817032367, 'reliability_update_ms': 0.006800000846851617, 'arbitration_ms': 0.005800000508315861, 'extension_ms': 0.27799999952549115, 'control_compute_ms': nan}, {'controller': 'C3_arbitration_MPC', 'scenario': 'sensor_bias_5', 'seed': 19030, 'step': 362, 'time_s': 3.62, 'aux_inference_ms': 0.23409999994328246, 'reliability_update_ms': 0.005900001269765198, 'arbitration_ms': 0.005099998816149309, 'extension_ms': 0.24510000002919696, 'control_compute_ms': nan}, {'controller': 'C3_arbitration_MPC', 'scenario': 'sensor_bias_5', 'seed': 19030, 'step': 363, 'time_s': 3.63, 'aux_inference_ms': 0.2153999994334299, 'reliability_update_ms': 0.005300000339047983, 'arbitration_ms': 0.004300000000512227, 'extension_ms': 0.22499999977299012, 'control_compute_ms': nan}, {'controller': 'C3_arbitration_MPC', 'scenario': 'sensor_bias_5', 'seed': 19030, 'step': 364, 'time_s': 3.64, 'aux_inference_ms': 0.1664000010350719, 'reliability_update_ms': 0.004400000761961564, 'arbitration_ms': 0.0039000005926936865, 'extension_ms': 0.17470000238972716, 'control_compute_ms': nan}, {'controller': 'C3_arbitration_MPC', 'scenario': 'sensor_bias_5', 'seed': 19030, 'step': 365, 'time_s': 3.65, 'aux_inference_ms': 0.18049999926006421, 'reliability_update_ms': 0.005300000339047983, 'arbitration_ms': 0.004800000169780105, 'extension_ms': 0.1905999997688923, 'control_compute_ms': 67.86980000106269}, {'controller': 'C3_arbitration_MPC', 'scenario': 'sensor_bias_5', 'seed': 19030, 'step': 366, 'time_s': 3.66, 'aux_inference_ms': 0.4095999975106679, 'reliability_update_ms': 0.010100000508828089, 'arbitration_ms': 0.009100000170292333, 'extension_ms': 0.4287999981897883, 'control_compute_ms': nan}, {'controller': 'C3_arbitration_MPC', 'scenario': 'sensor_bias_5', 'seed': 19030, 'step': 367, 'time_s': 3.67, 'aux_inference_ms': 0.303700002405094, 'reliability_update_ms': 0.007700000423938036, 'arbitration_ms': 0.006899997970322147, 'extension_ms': 0.31830000079935417, 'control_compute_ms': nan}, {'controller': 'C3_arbitration_MPC', 'scenario': 'sensor_bias_5', 'seed': 19030, 'step': 368, 'time_s': 3.68, 'aux_inference_ms': 0.28509999901871197, 'reliability_update_ms': 0.007000002369750291, 'arbitration_ms': 0.006100002792663872, 'extension_ms': 0.29820000418112613, 'control_compute_ms': nan}, {'controller': 'C3_arbitration_MPC', 'scenario': 'sensor_bias_5', 'seed': 19030, 'step': 369, 'time_s': 3.69, 'aux_inference_ms': 0.19599999723141082, 'reliability_update_ms': 0.004800000169780105, 'arbitration_ms': 0.0039000005926936865, 'extension_ms': 0.2046999979938846, 'control_compute_ms': nan}, {'controller': 'C3_arbitration_MPC', 'scenario': 'sensor_bias_5', 'seed': 19030, 'step': 370, 'time_s': 3.7, 'aux_inference_ms': 0.18459999773767777, 'reliability_update_ms': 0.004300000000512227, 'arbitration_ms': 0.0039000005926936865, 'extension_ms': 0.19279999833088368, 'control_compute_ms': 62.08600000172737}, {'controller': 'C3_arbitration_MPC', 'scenario': 'sensor_bias_5', 'seed': 19030, 'step': 371, 'time_s': 3.71, 'aux_inference_ms': 0.2641000028233975, 'reliability_update_ms': 0.007200000254670158, 'arbitration_ms': 0.006199999916134402, 'extension_ms': 0.2775000029942021, 'control_compute_ms': nan}, {'controller': 'C3_arbitration_MPC', 'scenario': 'sensor_bias_5', 'seed': 19030, 'step': 372, 'time_s': 3.72, 'aux_inference_ms': 0.21210000340943225, 'reliability_update_ms': 0.00540000110049732, 'arbitration_ms': 0.004800000169780105, 'extension_ms': 0.22230000467970967, 'control_compute_ms': nan}, {'controller': 'C3_arbitration_MPC', 'scenario': 'sensor_bias_5', 'seed': 19030, 'step': 373, 'time_s': 3.73, 'aux_inference_ms': 0.24329999723704532, 'reliability_update_ms': 0.005300000339047983, 'arbitration_ms': 0.004599998646881431, 'extension_ms': 0.25319999622297473, 'control_compute_ms': nan}, {'controller': 'C3_arbitration_MPC', 'scenario': 'sensor_bias_5', 'seed': 19030, 'step': 374, 'time_s': 3.74, 'aux_inference_ms': 0.17780000052880496, 'reliability_update_ms': 0.004599998646881431, 'arbitration_ms': 0.0040000013541430235, 'extension_ms': 0.1864000005298294, 'control_compute_ms': nan}, {'controller': 'C3_arbitration_MPC', 'scenario': 'sensor_bias_5', 'seed': 19030, 'step': 375, 'time_s': 3.75, 'aux_inference_ms': 0.16039999900385737, 'reliability_update_ms': 0.004300000000512227, 'arbitration_ms': 0.0037000027077738196, 'extension_ms': 0.16840000171214342, 'control_compute_ms': 17.491299997345777}, {'controller': 'C3_arbitration_MPC', 'scenario': 'sensor_bias_5', 'seed': 19030, 'step': 376, 'time_s': 3.7600000000000002, 'aux_inference_ms': 0.2390000008745119, 'reliability_update_ms': 0.006099999154685065, 'arbitration_ms': 0.005500001861946657, 'extension_ms': 0.2506000018911436, 'control_compute_ms': nan}, {'controller': 'C3_arbitration_MPC', 'scenario': 'sensor_bias_5', 'seed': 19030, 'step': 377, 'time_s': 3.77, 'aux_inference_ms': 0.20429999858606607, 'reliability_update_ms': 0.005300000339047983, 'arbitration_ms': 0.004599998646881431, 'extension_ms': 0.21419999757199548, 'control_compute_ms': nan}, {'controller': 'C3_arbitration_MPC', 'scenario': 'sensor_bias_5', 'seed': 19030, 'step': 378, 'time_s': 3.7800000000000002, 'aux_inference_ms': 0.20170000061625615, 'reliability_update_ms': 0.005099998816149309, 'arbitration_ms': 0.004500001523410901, 'extension_ms': 0.21130000095581636, 'control_compute_ms': nan}, {'controller': 'C3_arbitration_MPC', 'scenario': 'sensor_bias_5', 'seed': 19030, 'step': 379, 'time_s': 3.79, 'aux_inference_ms': 0.20389999917824753, 'reliability_update_ms': 0.005099998816149309, 'arbitration_ms': 0.004699999408330768, 'extension_ms': 0.2136999974027276, 'control_compute_ms': nan}, {'controller': 'C3_arbitration_MPC', 'scenario': 'sensor_bias_5', 'seed': 19030, 'step': 380, 'time_s': 3.8000000000000003, 'aux_inference_ms': 0.19919999976991676, 'reliability_update_ms': 0.004899997293250635, 'arbitration_ms': 0.004499997885432094, 'extension_ms': 0.2085999949485995, 'control_compute_ms': 30.068600000959123}, {'controller': 'C3_arbitration_MPC', 'scenario': 'sensor_bias_5', 'seed': 19030, 'step': 381, 'time_s': 3.81, 'aux_inference_ms': 0.5411999991338234, 'reliability_update_ms': 0.013100001524435356, 'arbitration_ms': 0.011599997378652915, 'extension_ms': 0.5658999980369117, 'control_compute_ms': nan}, {'controller': 'C3_arbitration_MPC', 'scenario': 'sensor_bias_5', 'seed': 19030, 'step': 382, 'time_s': 3.8200000000000003, 'aux_inference_ms': 0.4951999981130939, 'reliability_update_ms': 0.01049999991664663, 'arbitration_ms': 0.010100000508828089, 'extension_ms': 0.5157999985385686, 'control_compute_ms': nan}, {'controller': 'C3_arbitration_MPC', 'scenario': 'sensor_bias_5', 'seed': 19030, 'step': 383, 'time_s': 3.83, 'aux_inference_ms': 0.47810000251047313, 'reliability_update_ms': 0.010100000508828089, 'arbitration_ms': 0.010200001270277426, 'extension_ms': 0.49840000428957865, 'control_compute_ms': nan}, {'controller': 'C3_arbitration_MPC', 'scenario': 'sensor_bias_5', 'seed': 19030, 'step': 384, 'time_s': 3.84, 'aux_inference_ms': 0.45929999760119244, 'reliability_update_ms': 0.009799998224480078, 'arbitration_ms': 0.009700001101009548, 'extension_ms': 0.47879999692668207, 'control_compute_ms': nan}, {'controller': 'C3_arbitration_MPC', 'scenario': 'sensor_bias_5', 'seed': 19030, 'step': 385, 'time_s': 3.85, 'aux_inference_ms': 0.4785999990417622, 'reliability_update_ms': 0.009900002623908222, 'arbitration_ms': 0.009899998985929415, 'extension_ms': 0.49840000065159984, 'control_compute_ms': 31.50380000079167}, {'controller': 'C3_arbitration_MPC', 'scenario': 'sensor_bias_5', 'seed': 19030, 'step': 386, 'time_s': 3.86, 'aux_inference_ms': 0.33999999868683517, 'reliability_update_ms': 0.008200000593205914, 'arbitration_ms': 0.007200000254670158, 'extension_ms': 0.35539999953471124, 'control_compute_ms': nan}, {'controller': 'C3_arbitration_MPC', 'scenario': 'sensor_bias_5', 'seed': 19030, 'step': 387, 'time_s': 3.87, 'aux_inference_ms': 0.2870999996957835, 'reliability_update_ms': 0.007299997378140688, 'arbitration_ms': 0.006499998562503606, 'extension_ms': 0.3008999956364278, 'control_compute_ms': nan}, {'controller': 'C3_arbitration_MPC', 'scenario': 'sensor_bias_5', 'seed': 19030, 'step': 388, 'time_s': 3.88, 'aux_inference_ms': 0.2935999982582871, 'reliability_update_ms': 0.007200000254670158, 'arbitration_ms': 0.006599999323952943, 'extension_ms': 0.3073999978369102, 'control_compute_ms': nan}, {'controller': 'C3_arbitration_MPC', 'scenario': 'sensor_bias_5', 'seed': 19030, 'step': 389, 'time_s': 3.89, 'aux_inference_ms': 0.47730000005685724, 'reliability_update_ms': 0.009100000170292333, 'arbitration_ms': 0.007700000423938036, 'extension_ms': 0.4941000006510876, 'control_compute_ms': nan}, {'controller': 'C3_arbitration_MPC', 'scenario': 'sensor_bias_5', 'seed': 19030, 'step': 390, 'time_s': 3.9, 'aux_inference_ms': 0.17490000027464703, 'reliability_update_ms': 0.0040000013541430235, 'arbitration_ms': 0.0036999990697950125, 'extension_ms': 0.18260000069858506, 'control_compute_ms': 22.06830000068294}, {'controller': 'C3_arbitration_MPC', 'scenario': 'sensor_bias_5', 'seed': 19030, 'step': 391, 'time_s': 3.91, 'aux_inference_ms': 0.240100001974497, 'reliability_update_ms': 0.006300000677583739, 'arbitration_ms': 0.005699999746866524, 'extension_ms': 0.25210000239894725, 'control_compute_ms': nan}, {'controller': 'C3_arbitration_MPC', 'scenario': 'sensor_bias_5', 'seed': 19030, 'step': 392, 'time_s': 3.92, 'aux_inference_ms': 0.23429999782820232, 'reliability_update_ms': 0.006500002200482413, 'arbitration_ms': 0.005600002623395994, 'extension_ms': 0.24640000265208073, 'control_compute_ms': nan}, {'controller': 'C3_arbitration_MPC', 'scenario': 'sensor_bias_5', 'seed': 19030, 'step': 393, 'time_s': 3.93, 'aux_inference_ms': 0.28949999978067353, 'reliability_update_ms': 0.006599999323952943, 'arbitration_ms': 0.005000001692678779, 'extension_ms': 0.30110000079730526, 'control_compute_ms': nan}, {'controller': 'C3_arbitration_MPC', 'scenario': 'sensor_bias_5', 'seed': 19030, 'step': 394, 'time_s': 3.94, 'aux_inference_ms': 0.2734000008786097, 'reliability_update_ms': 0.004800000169780105, 'arbitration_ms': 0.0038000034692231566, 'extension_ms': 0.282000004517613, 'control_compute_ms': nan}, {'controller': 'C3_arbitration_MPC', 'scenario': 'sensor_bias_5', 'seed': 19030, 'step': 395, 'time_s': 3.95, 'aux_inference_ms': 0.16970000069704838, 'reliability_update_ms': 0.004400000761961564, 'arbitration_ms': 0.0039000005926936865, 'extension_ms': 0.17800000205170363, 'control_compute_ms': 78.24229999823729}, {'controller': 'C3_arbitration_MPC', 'scenario': 'sensor_bias_5', 'seed': 19030, 'step': 396, 'time_s': 3.96, 'aux_inference_ms': 0.6131000009190757, 'reliability_update_ms': 0.014500001270789653, 'arbitration_ms': 0.0121000011858996, 'extension_ms': 0.6397000033757649, 'control_compute_ms': nan}, {'controller': 'C3_arbitration_MPC', 'scenario': 'sensor_bias_5', 'seed': 19030, 'step': 397, 'time_s': 3.97, 'aux_inference_ms': 0.5270000001473818, 'reliability_update_ms': 0.013599998055724427, 'arbitration_ms': 0.011699998140102252, 'extension_ms': 0.5522999963432085, 'control_compute_ms': nan}, {'controller': 'C3_arbitration_MPC', 'scenario': 'sensor_bias_5', 'seed': 19030, 'step': 398, 'time_s': 3.98, 'aux_inference_ms': 0.4957999990438111, 'reliability_update_ms': 0.012000000424450263, 'arbitration_ms': 0.010200001270277426, 'extension_ms': 0.5180000007385388, 'control_compute_ms': nan}, {'controller': 'C3_arbitration_MPC', 'scenario': 'sensor_bias_5', 'seed': 19030, 'step': 399, 'time_s': 3.99, 'aux_inference_ms': 0.22259999968810007, 'reliability_update_ms': 0.005300000339047983, 'arbitration_ms': 0.004599998646881431, 'extension_ms': 0.23249999867402948, 'control_compute_ms': nan}, {'controller': 'C3_arbitration_MPC', 'scenario': 'sensor_bias_5', 'seed': 19030, 'step': 400, 'time_s': 4.0, 'aux_inference_ms': 0.19950000205426477, 'reliability_update_ms': 0.005199999577598646, 'arbitration_ms': 0.004499997885432094, 'extension_ms': 0.2091999995172955, 'control_compute_ms': 45.37279999931343}, {'controller': 'C3_arbitration_MPC', 'scenario': 'sensor_bias_5', 'seed': 19030, 'step': 401, 'time_s': 4.01, 'aux_inference_ms': 0.34640000012586825, 'reliability_update_ms': 0.008700000762473792, 'arbitration_ms': 0.008500002877553925, 'extension_ms': 0.36360000376589596, 'control_compute_ms': nan}, {'controller': 'C3_arbitration_MPC', 'scenario': 'sensor_bias_5', 'seed': 19030, 'step': 402, 'time_s': 4.0200000000000005, 'aux_inference_ms': 0.30899999910616316, 'reliability_update_ms': 0.007400001777568832, 'arbitration_ms': 0.006299997039604932, 'extension_ms': 0.3226999979233369, 'control_compute_ms': nan}, {'controller': 'C3_arbitration_MPC', 'scenario': 'sensor_bias_5', 'seed': 19030, 'step': 403, 'time_s': 4.03, 'aux_inference_ms': 0.22620000163442455, 'reliability_update_ms': 0.004399997123982757, 'arbitration_ms': 0.0036999990697950125, 'extension_ms': 0.23429999782820232, 'control_compute_ms': nan}, {'controller': 'C3_arbitration_MPC', 'scenario': 'sensor_bias_5', 'seed': 19030, 'step': 404, 'time_s': 4.04, 'aux_inference_ms': 0.16850000247359276, 'reliability_update_ms': 0.004400000761961564, 'arbitration_ms': 0.0036999990697950125, 'extension_ms': 0.17660000230534934, 'control_compute_ms': nan}, {'controller': 'C3_arbitration_MPC', 'scenario': 'sensor_bias_5', 'seed': 19030, 'step': 405, 'time_s': 4.05, 'aux_inference_ms': 0.17419999858248048, 'reliability_update_ms': 0.004400000761961564, 'arbitration_ms': 0.0036999990697950125, 'extension_ms': 0.18229999841423705, 'control_compute_ms': 50.749400001222966}, {'controller': 'C3_arbitration_MPC', 'scenario': 'sensor_bias_5', 'seed': 19030, 'step': 406, 'time_s': 4.0600000000000005, 'aux_inference_ms': 0.3031999985978473, 'reliability_update_ms': 0.007799997547408566, 'arbitration_ms': 0.006199999916134402, 'extension_ms': 0.31719999606139027, 'control_compute_ms': nan}, {'controller': 'C3_arbitration_MPC', 'scenario': 'sensor_bias_5', 'seed': 19030, 'step': 407, 'time_s': 4.07, 'aux_inference_ms': 0.4191999978502281, 'reliability_update_ms': 0.007599999662488699, 'arbitration_ms': 0.006599999323952943, 'extension_ms': 0.43339999683666974, 'control_compute_ms': nan}, {'controller': 'C3_arbitration_MPC', 'scenario': 'sensor_bias_5', 'seed': 19030, 'step': 408, 'time_s': 4.08, 'aux_inference_ms': 0.19289999909233302, 'reliability_update_ms': 0.005199999577598646, 'arbitration_ms': 0.004300000000512227, 'extension_ms': 0.2023999986704439, 'control_compute_ms': nan}, {'controller': 'C3_arbitration_MPC', 'scenario': 'sensor_bias_5', 'seed': 19030, 'step': 409, 'time_s': 4.09, 'aux_inference_ms': 0.26190000062342733, 'reliability_update_ms': 0.005600002623395994, 'arbitration_ms': 0.004099998477613553, 'extension_ms': 0.2716000017244369, 'control_compute_ms': nan}, {'controller': 'C3_arbitration_MPC', 'scenario': 'sensor_bias_5', 'seed': 19030, 'step': 410, 'time_s': 4.1, 'aux_inference_ms': 0.1785000022209715, 'reliability_update_ms': 0.004800000169780105, 'arbitration_ms': 0.0039000005926936865, 'extension_ms': 0.1872000029834453, 'control_compute_ms': 18.439999999827705}, {'controller': 'C3_arbitration_MPC', 'scenario': 'sensor_bias_5', 'seed': 19030, 'step': 411, 'time_s': 4.11, 'aux_inference_ms': 0.25739999910001643, 'reliability_update_ms': 0.007300001016119495, 'arbitration_ms': 0.005800000508315861, 'extension_ms': 0.2705000006244518, 'control_compute_ms': nan}, {'controller': 'C3_arbitration_MPC', 'scenario': 'sensor_bias_5', 'seed': 19030, 'step': 412, 'time_s': 4.12, 'aux_inference_ms': 0.21189999824855477, 'reliability_update_ms': 0.005500001861946657, 'arbitration_ms': 0.004899997293250635, 'extension_ms': 0.22229999740375206, 'control_compute_ms': nan}, {'controller': 'C3_arbitration_MPC', 'scenario': 'sensor_bias_5', 'seed': 19030, 'step': 413, 'time_s': 4.13, 'aux_inference_ms': 0.20560000120894983, 'reliability_update_ms': 0.005299996701069176, 'arbitration_ms': 0.004600002284860238, 'extension_ms': 0.21550000019487925, 'control_compute_ms': nan}, {'controller': 'C3_arbitration_MPC', 'scenario': 'sensor_bias_5', 'seed': 19030, 'step': 414, 'time_s': 4.14, 'aux_inference_ms': 0.21639999977196567, 'reliability_update_ms': 0.005199999577598646, 'arbitration_ms': 0.004800000169780105, 'extension_ms': 0.22639999951934442, 'control_compute_ms': nan}, {'controller': 'C3_arbitration_MPC', 'scenario': 'sensor_bias_5', 'seed': 19030, 'step': 415, 'time_s': 4.15, 'aux_inference_ms': 0.2043999993475154, 'reliability_update_ms': 0.005099998816149309, 'arbitration_ms': 0.004600002284860238, 'extension_ms': 0.21410000044852495, 'control_compute_ms': 17.019900002196664}, {'controller': 'C3_arbitration_MPC', 'scenario': 'sensor_bias_5', 'seed': 19030, 'step': 416, 'time_s': 4.16, 'aux_inference_ms': 0.22819999867351726, 'reliability_update_ms': 0.005999998393235728, 'arbitration_ms': 0.004900000931229442, 'extension_ms': 0.23909999799798243, 'control_compute_ms': nan}, {'controller': 'C3_arbitration_MPC', 'scenario': 'sensor_bias_5', 'seed': 19030, 'step': 417, 'time_s': 4.17, 'aux_inference_ms': 0.20450000010896474, 'reliability_update_ms': 0.005599998985417187, 'arbitration_ms': 0.004900000931229442, 'extension_ms': 0.21500000002561137, 'control_compute_ms': nan}, {'controller': 'C3_arbitration_MPC', 'scenario': 'sensor_bias_5', 'seed': 19030, 'step': 418, 'time_s': 4.18, 'aux_inference_ms': 0.2103000006172806, 'reliability_update_ms': 0.005800000508315861, 'arbitration_ms': 0.004899997293250635, 'extension_ms': 0.2209999984188471, 'control_compute_ms': nan}, {'controller': 'C3_arbitration_MPC', 'scenario': 'sensor_bias_5', 'seed': 19030, 'step': 419, 'time_s': 4.19, 'aux_inference_ms': 0.19939999765483662, 'reliability_update_ms': 0.00540000110049732, 'arbitration_ms': 0.004400000761961564, 'extension_ms': 0.2091999995172955, 'control_compute_ms': nan}, {'controller': 'C3_arbitration_MPC', 'scenario': 'sensor_bias_5', 'seed': 19030, 'step': 420, 'time_s': 4.2, 'aux_inference_ms': 0.19600000086938962, 'reliability_update_ms': 0.005199999577598646, 'arbitration_ms': 0.004500001523410901, 'extension_ms': 0.20570000197039917, 'control_compute_ms': 30.389700001251185}, {'controller': 'C3_arbitration_MPC', 'scenario': 'sensor_bias_5', 'seed': 19030, 'step': 421, 'time_s': 4.21, 'aux_inference_ms': 0.24459999985992908, 'reliability_update_ms': 0.006399997801054269, 'arbitration_ms': 0.005500001861946657, 'extension_ms': 0.25649999952293, 'control_compute_ms': nan}, {'controller': 'C3_arbitration_MPC', 'scenario': 'sensor_bias_5', 'seed': 19030, 'step': 422, 'time_s': 4.22, 'aux_inference_ms': 0.2077999997709412, 'reliability_update_ms': 0.005399997462518513, 'arbitration_ms': 0.004799996531801298, 'extension_ms': 0.21799999376526102, 'control_compute_ms': nan}, {'controller': 'C3_arbitration_MPC', 'scenario': 'sensor_bias_5', 'seed': 19030, 'step': 423, 'time_s': 4.23, 'aux_inference_ms': 0.21550000019487925, 'reliability_update_ms': 0.005699999746866524, 'arbitration_ms': 0.004599998646881431, 'extension_ms': 0.2257999985886272, 'control_compute_ms': nan}, {'controller': 'C3_arbitration_MPC', 'scenario': 'sensor_bias_5', 'seed': 19030, 'step': 424, 'time_s': 4.24, 'aux_inference_ms': 0.20030000086990185, 'reliability_update_ms': 0.005300000339047983, 'arbitration_ms': 0.004500001523410901, 'extension_ms': 0.21010000273236074, 'control_compute_ms': nan}, {'controller': 'C3_arbitration_MPC', 'scenario': 'sensor_bias_5', 'seed': 19030, 'step': 425, 'time_s': 4.25, 'aux_inference_ms': 0.19529999917722307, 'reliability_update_ms': 0.005099998816149309, 'arbitration_ms': 0.004699999408330768, 'extension_ms': 0.20509999740170315, 'control_compute_ms': 28.84260000064387}, {'controller': 'C3_arbitration_MPC', 'scenario': 'sensor_bias_5', 'seed': 19030, 'step': 426, 'time_s': 4.26, 'aux_inference_ms': 0.24020000273594633, 'reliability_update_ms': 0.006500002200482413, 'arbitration_ms': 0.005300000339047983, 'extension_ms': 0.2520000052754767, 'control_compute_ms': nan}, {'controller': 'C3_arbitration_MPC', 'scenario': 'sensor_bias_5', 'seed': 19030, 'step': 427, 'time_s': 4.2700000000000005, 'aux_inference_ms': 0.2103000006172806, 'reliability_update_ms': 0.005699999746866524, 'arbitration_ms': 0.004800000169780105, 'extension_ms': 0.22080000053392723, 'control_compute_ms': nan}, {'controller': 'C3_arbitration_MPC', 'scenario': 'sensor_bias_5', 'seed': 19030, 'step': 428, 'time_s': 4.28, 'aux_inference_ms': 0.20119999680900946, 'reliability_update_ms': 0.005399997462518513, 'arbitration_ms': 0.0047000030463095754, 'extension_ms': 0.21129999731783755, 'control_compute_ms': nan}, {'controller': 'C3_arbitration_MPC', 'scenario': 'sensor_bias_5', 'seed': 19030, 'step': 429, 'time_s': 4.29, 'aux_inference_ms': 0.2057999990938697, 'reliability_update_ms': 0.005100002454128116, 'arbitration_ms': 0.004499997885432094, 'extension_ms': 0.2153999994334299, 'control_compute_ms': nan}, {'controller': 'C3_arbitration_MPC', 'scenario': 'sensor_bias_5', 'seed': 19030, 'step': 430, 'time_s': 4.3, 'aux_inference_ms': 0.2359000027354341, 'reliability_update_ms': 0.005199999577598646, 'arbitration_ms': 0.00419999923906289, 'extension_ms': 0.24530000155209564, 'control_compute_ms': 21.177099999476923}, {'controller': 'C3_arbitration_MPC', 'scenario': 'sensor_bias_5', 'seed': 19030, 'step': 431, 'time_s': 4.3100000000000005, 'aux_inference_ms': 0.18990000171470456, 'reliability_update_ms': 0.004900000931229442, 'arbitration_ms': 0.004300000000512227, 'extension_ms': 0.19910000264644623, 'control_compute_ms': nan}, {'controller': 'C3_arbitration_MPC', 'scenario': 'sensor_bias_5', 'seed': 19030, 'step': 432, 'time_s': 4.32, 'aux_inference_ms': 0.31370000215247273, 'reliability_update_ms': 0.007400001777568832, 'arbitration_ms': 0.005999998393235728, 'extension_ms': 0.3271000023232773, 'control_compute_ms': nan}, {'controller': 'C3_arbitration_MPC', 'scenario': 'sensor_bias_5', 'seed': 19030, 'step': 433, 'time_s': 4.33, 'aux_inference_ms': 0.25610000011511147, 'reliability_update_ms': 0.006300000677583739, 'arbitration_ms': 0.005599998985417187, 'extension_ms': 0.2679999997781124, 'control_compute_ms': nan}, {'controller': 'C3_arbitration_MPC', 'scenario': 'sensor_bias_5', 'seed': 19030, 'step': 434, 'time_s': 4.34, 'aux_inference_ms': 0.2179000002797693, 'reliability_update_ms': 0.005500001861946657, 'arbitration_ms': 0.005099998816149309, 'extension_ms': 0.22850000095786527, 'control_compute_ms': nan}, {'controller': 'C3_arbitration_MPC', 'scenario': 'sensor_bias_5', 'seed': 19030, 'step': 435, 'time_s': 4.3500000000000005, 'aux_inference_ms': 0.2181999989261385, 'reliability_update_ms': 0.005199999577598646, 'arbitration_ms': 0.004699999408330768, 'extension_ms': 0.22809999791206792, 'control_compute_ms': 18.925600001239218}, {'controller': 'C3_arbitration_MPC', 'scenario': 'sensor_bias_5', 'seed': 19030, 'step': 436, 'time_s': 4.36, 'aux_inference_ms': 0.22909999825060368, 'reliability_update_ms': 0.006300000677583739, 'arbitration_ms': 0.005000001692678779, 'extension_ms': 0.2404000006208662, 'control_compute_ms': nan}, {'controller': 'C3_arbitration_MPC', 'scenario': 'sensor_bias_5', 'seed': 19030, 'step': 437, 'time_s': 4.37, 'aux_inference_ms': 0.19729999985429458, 'reliability_update_ms': 0.00540000110049732, 'arbitration_ms': 0.004500001523410901, 'extension_ms': 0.2072000024782028, 'control_compute_ms': nan}, {'controller': 'C3_arbitration_MPC', 'scenario': 'sensor_bias_5', 'seed': 19030, 'step': 438, 'time_s': 4.38, 'aux_inference_ms': 0.19729999985429458, 'reliability_update_ms': 0.005199999577598646, 'arbitration_ms': 0.004699999408330768, 'extension_ms': 0.207199998840224, 'control_compute_ms': nan}, {'controller': 'C3_arbitration_MPC', 'scenario': 'sensor_bias_5', 'seed': 19030, 'step': 439, 'time_s': 4.39, 'aux_inference_ms': 0.17669999942881986, 'reliability_update_ms': 0.0047000030463095754, 'arbitration_ms': 0.004099998477613553, 'extension_ms': 0.185500000952743, 'control_compute_ms': nan}, {'controller': 'C3_arbitration_MPC', 'scenario': 'sensor_bias_5', 'seed': 19030, 'step': 440, 'time_s': 4.4, 'aux_inference_ms': 0.19969999993918464, 'reliability_update_ms': 0.004300000000512227, 'arbitration_ms': 0.0037000027077738196, 'extension_ms': 0.20770000264747068, 'control_compute_ms': 24.51389999987441}, {'controller': 'C3_arbitration_MPC', 'scenario': 'sensor_bias_5', 'seed': 19030, 'step': 441, 'time_s': 4.41, 'aux_inference_ms': 0.4893000004813075, 'reliability_update_ms': 0.011300002370262519, 'arbitration_ms': 0.010600000678095967, 'extension_ms': 0.511200003529666, 'control_compute_ms': nan}, {'controller': 'C3_arbitration_MPC', 'scenario': 'sensor_bias_5', 'seed': 19030, 'step': 442, 'time_s': 4.42, 'aux_inference_ms': 0.46800000200164504, 'reliability_update_ms': 0.010199997632298619, 'arbitration_ms': 0.010199997632298619, 'extension_ms': 0.4883999972662423, 'control_compute_ms': nan}, {'controller': 'C3_arbitration_MPC', 'scenario': 'sensor_bias_5', 'seed': 19030, 'step': 443, 'time_s': 4.43, 'aux_inference_ms': 0.4831000005651731, 'reliability_update_ms': 0.010199997632298619, 'arbitration_ms': 0.009799998224480078, 'extension_ms': 0.5030999964219518, 'control_compute_ms': nan}, {'controller': 'C3_arbitration_MPC', 'scenario': 'sensor_bias_5', 'seed': 19030, 'step': 444, 'time_s': 4.44, 'aux_inference_ms': 0.45449999743141234, 'reliability_update_ms': 0.009899998985929415, 'arbitration_ms': 0.009899998985929415, 'extension_ms': 0.47429999540327117, 'control_compute_ms': nan}, {'controller': 'C3_arbitration_MPC', 'scenario': 'sensor_bias_5', 'seed': 19030, 'step': 445, 'time_s': 4.45, 'aux_inference_ms': 0.20090000180061907, 'reliability_update_ms': 0.005599998985417187, 'arbitration_ms': 0.004599998646881431, 'extension_ms': 0.21109999943291768, 'control_compute_ms': 22.089100002631312}, {'controller': 'C3_arbitration_MPC', 'scenario': 'sensor_bias_5', 'seed': 19030, 'step': 446, 'time_s': 4.46, 'aux_inference_ms': 0.2310999989276752, 'reliability_update_ms': 0.006300000677583739, 'arbitration_ms': 0.00540000110049732, 'extension_ms': 0.24280000070575625, 'control_compute_ms': nan}, {'controller': 'C3_arbitration_MPC', 'scenario': 'sensor_bias_5', 'seed': 19030, 'step': 447, 'time_s': 4.47, 'aux_inference_ms': 0.1750999981595669, 'reliability_update_ms': 0.004800000169780105, 'arbitration_ms': 0.0040000013541430235, 'extension_ms': 0.18389999968349002, 'control_compute_ms': nan}, {'controller': 'C3_arbitration_MPC', 'scenario': 'sensor_bias_5', 'seed': 19030, 'step': 448, 'time_s': 4.48, 'aux_inference_ms': 0.21979999655741267, 'reliability_update_ms': 0.005799996870337054, 'arbitration_ms': 0.004900000931229442, 'extension_ms': 0.23049999435897917, 'control_compute_ms': nan}, {'controller': 'C3_arbitration_MPC', 'scenario': 'sensor_bias_5', 'seed': 19030, 'step': 449, 'time_s': 4.49, 'aux_inference_ms': 0.20629999926313758, 'reliability_update_ms': 0.005699999746866524, 'arbitration_ms': 0.004800000169780105, 'extension_ms': 0.2167999991797842, 'control_compute_ms': nan}, {'controller': 'C3_arbitration_MPC', 'scenario': 'sensor_bias_5', 'seed': 19030, 'step': 450, 'time_s': 4.5, 'aux_inference_ms': 0.20489999951678328, 'reliability_update_ms': 0.005599998985417187, 'arbitration_ms': 0.004800000169780105, 'extension_ms': 0.21529999867198057, 'control_compute_ms': 51.40320000282372}, {'controller': 'C3_arbitration_MPC', 'scenario': 'sensor_bias_5', 'seed': 19030, 'step': 451, 'time_s': 4.51, 'aux_inference_ms': 0.2745000019785948, 'reliability_update_ms': 0.008600000001024455, 'arbitration_ms': 0.006499998562503606, 'extension_ms': 0.28960000054212287, 'control_compute_ms': nan}, {'controller': 'C3_arbitration_MPC', 'scenario': 'sensor_bias_5', 'seed': 19030, 'step': 452, 'time_s': 4.5200000000000005, 'aux_inference_ms': 0.22059999901102856, 'reliability_update_ms': 0.006099999154685065, 'arbitration_ms': 0.00549999822396785, 'extension_ms': 0.23219999638968147, 'control_compute_ms': nan}, {'controller': 'C3_arbitration_MPC', 'scenario': 'sensor_bias_5', 'seed': 19030, 'step': 453, 'time_s': 4.53, 'aux_inference_ms': 0.27580000096349977, 'reliability_update_ms': 0.007200000254670158, 'arbitration_ms': 0.08320000051753595, 'extension_ms': 0.3662000017357059, 'control_compute_ms': nan}, {'controller': 'C3_arbitration_MPC', 'scenario': 'sensor_bias_5', 'seed': 19030, 'step': 454, 'time_s': 4.54, 'aux_inference_ms': 0.16990000221994705, 'reliability_update_ms': 0.004300000000512227, 'arbitration_ms': 0.0037000027077738196, 'extension_ms': 0.1779000049282331, 'control_compute_ms': nan}, {'controller': 'C3_arbitration_MPC', 'scenario': 'sensor_bias_5', 'seed': 19030, 'step': 455, 'time_s': 4.55, 'aux_inference_ms': 0.15529999654972926, 'reliability_update_ms': 0.0041000021155923605, 'arbitration_ms': 0.0036000019463244826, 'extension_ms': 0.1630000006116461, 'control_compute_ms': 17.39630000156467}, {'controller': 'C3_arbitration_MPC', 'scenario': 'sensor_bias_5', 'seed': 19030, 'step': 456, 'time_s': 4.5600000000000005, 'aux_inference_ms': 0.261799999861978, 'reliability_update_ms': 0.007300001016119495, 'arbitration_ms': 0.005699999746866524, 'extension_ms': 0.274800000624964, 'control_compute_ms': nan}, {'controller': 'C3_arbitration_MPC', 'scenario': 'sensor_bias_5', 'seed': 19030, 'step': 457, 'time_s': 4.57, 'aux_inference_ms': 0.23770000188960694, 'reliability_update_ms': 0.005699999746866524, 'arbitration_ms': 0.004800000169780105, 'extension_ms': 0.24820000180625357, 'control_compute_ms': nan}, {'controller': 'C3_arbitration_MPC', 'scenario': 'sensor_bias_5', 'seed': 19030, 'step': 458, 'time_s': 4.58, 'aux_inference_ms': 0.20170000061625615, 'reliability_update_ms': 0.00540000110049732, 'arbitration_ms': 0.004699999408330768, 'extension_ms': 0.21180000112508424, 'control_compute_ms': nan}, {'controller': 'C3_arbitration_MPC', 'scenario': 'sensor_bias_5', 'seed': 19030, 'step': 459, 'time_s': 4.59, 'aux_inference_ms': 0.20769999900949188, 'reliability_update_ms': 0.00549999822396785, 'arbitration_ms': 0.004600002284860238, 'extension_ms': 0.21779999951831996, 'control_compute_ms': nan}, {'controller': 'C3_arbitration_MPC', 'scenario': 'sensor_bias_5', 'seed': 19030, 'step': 460, 'time_s': 4.6000000000000005, 'aux_inference_ms': 0.20769999900949188, 'reliability_update_ms': 0.005100002454128116, 'arbitration_ms': 0.004699999408330768, 'extension_ms': 0.21750000087195076, 'control_compute_ms': 17.245299997739494}, {'controller': 'C3_arbitration_MPC', 'scenario': 'sensor_bias_5', 'seed': 19030, 'step': 461, 'time_s': 4.61, 'aux_inference_ms': 0.24059999850578606, 'reliability_update_ms': 0.006000002031214535, 'arbitration_ms': 0.004900000931229442, 'extension_ms': 0.25150000146823004, 'control_compute_ms': nan}, {'controller': 'C3_arbitration_MPC', 'scenario': 'sensor_bias_5', 'seed': 19030, 'step': 462, 'time_s': 4.62, 'aux_inference_ms': 0.21080000078654848, 'reliability_update_ms': 0.005500001861946657, 'arbitration_ms': 0.004800000169780105, 'extension_ms': 0.22110000281827524, 'control_compute_ms': nan}, {'controller': 'C3_arbitration_MPC', 'scenario': 'sensor_bias_5', 'seed': 19030, 'step': 463, 'time_s': 4.63, 'aux_inference_ms': 0.1790000023902394, 'reliability_update_ms': 0.005199999577598646, 'arbitration_ms': 0.004400000761961564, 'extension_ms': 0.1886000027297996, 'control_compute_ms': nan}, {'controller': 'C3_arbitration_MPC', 'scenario': 'sensor_bias_5', 'seed': 19030, 'step': 464, 'time_s': 4.64, 'aux_inference_ms': 0.20629999926313758, 'reliability_update_ms': 0.004999998054699972, 'arbitration_ms': 0.004400000761961564, 'extension_ms': 0.21569999807979912, 'control_compute_ms': nan}, {'controller': 'C3_arbitration_MPC', 'scenario': 'sensor_bias_5', 'seed': 19030, 'step': 465, 'time_s': 4.65, 'aux_inference_ms': 0.20199999926262535, 'reliability_update_ms': 0.005300000339047983, 'arbitration_ms': 0.004699999408330768, 'extension_ms': 0.2119999990100041, 'control_compute_ms': 25.54270000109682}, {'controller': 'C3_arbitration_MPC', 'scenario': 'sensor_bias_5', 'seed': 19030, 'step': 466, 'time_s': 4.66, 'aux_inference_ms': 0.39900000047055073, 'reliability_update_ms': 0.012399999832268804, 'arbitration_ms': 0.00799999907030724, 'extension_ms': 0.4193999993731268, 'control_compute_ms': nan}, {'controller': 'C3_arbitration_MPC', 'scenario': 'sensor_bias_5', 'seed': 19030, 'step': 467, 'time_s': 4.67, 'aux_inference_ms': 0.30109999715932645, 'reliability_update_ms': 0.009099996532313526, 'arbitration_ms': 0.007300001016119495, 'extension_ms': 0.31749999470775947, 'control_compute_ms': nan}, {'controller': 'C3_arbitration_MPC', 'scenario': 'sensor_bias_5', 'seed': 19030, 'step': 468, 'time_s': 4.68, 'aux_inference_ms': 0.252499998168787, 'reliability_update_ms': 0.00670000008540228, 'arbitration_ms': 0.005800000508315861, 'extension_ms': 0.26499999876250513, 'control_compute_ms': nan}, {'controller': 'C3_arbitration_MPC', 'scenario': 'sensor_bias_5', 'seed': 19030, 'step': 469, 'time_s': 4.69, 'aux_inference_ms': 0.21230000129435211, 'reliability_update_ms': 0.006000002031214535, 'arbitration_ms': 0.0039000005926936865, 'extension_ms': 0.22220000391826034, 'control_compute_ms': nan}, {'controller': 'C3_arbitration_MPC', 'scenario': 'sensor_bias_5', 'seed': 19030, 'step': 470, 'time_s': 4.7, 'aux_inference_ms': 0.216199998249067, 'reliability_update_ms': 0.005900001269765198, 'arbitration_ms': 0.0037999998312443495, 'extension_ms': 0.22589999935007654, 'control_compute_ms': 37.74350000094273}, {'controller': 'C3_arbitration_MPC', 'scenario': 'sensor_bias_5', 'seed': 19030, 'step': 471, 'time_s': 4.71, 'aux_inference_ms': 0.48889999743551016, 'reliability_update_ms': 0.011599997378652915, 'arbitration_ms': 0.010900002962443978, 'extension_ms': 0.511399997776607, 'control_compute_ms': nan}, {'controller': 'C3_arbitration_MPC', 'scenario': 'sensor_bias_5', 'seed': 19030, 'step': 472, 'time_s': 4.72, 'aux_inference_ms': 0.46490000022458844, 'reliability_update_ms': 0.010200001270277426, 'arbitration_ms': 0.010399999155197293, 'extension_ms': 0.48550000065006316, 'control_compute_ms': nan}, {'controller': 'C3_arbitration_MPC', 'scenario': 'sensor_bias_5', 'seed': 19030, 'step': 473, 'time_s': 4.73, 'aux_inference_ms': 0.46350000047823414, 'reliability_update_ms': 0.009899998985929415, 'arbitration_ms': 0.009900002623908222, 'extension_ms': 0.4833000020880718, 'control_compute_ms': nan}, {'controller': 'C3_arbitration_MPC', 'scenario': 'sensor_bias_5', 'seed': 19030, 'step': 474, 'time_s': 4.74, 'aux_inference_ms': 0.4750000007334165, 'reliability_update_ms': 0.010100000508828089, 'arbitration_ms': 0.009899998985929415, 'extension_ms': 0.49500000022817403, 'control_compute_ms': nan}, {'controller': 'C3_arbitration_MPC', 'scenario': 'sensor_bias_5', 'seed': 19030, 'step': 475, 'time_s': 4.75, 'aux_inference_ms': 0.4532000020844862, 'reliability_update_ms': 0.009799998224480078, 'arbitration_ms': 0.009700001101009548, 'extension_ms': 0.4727000014099758, 'control_compute_ms': 38.422499997977866}, {'controller': 'C3_arbitration_MPC', 'scenario': 'sensor_bias_5', 'seed': 19030, 'step': 476, 'time_s': 4.76, 'aux_inference_ms': 0.23440000222763047, 'reliability_update_ms': 0.005900001269765198, 'arbitration_ms': 0.004999998054699972, 'extension_ms': 0.24530000155209564, 'control_compute_ms': nan}, {'controller': 'C3_arbitration_MPC', 'scenario': 'sensor_bias_5', 'seed': 19030, 'step': 477, 'time_s': 4.7700000000000005, 'aux_inference_ms': 0.20640000002458692, 'reliability_update_ms': 0.005300000339047983, 'arbitration_ms': 0.004699999408330768, 'extension_ms': 0.21639999977196567, 'control_compute_ms': nan}, {'controller': 'C3_arbitration_MPC', 'scenario': 'sensor_bias_5', 'seed': 19030, 'step': 478, 'time_s': 4.78, 'aux_inference_ms': 0.19869999960064888, 'reliability_update_ms': 0.005099998816149309, 'arbitration_ms': 0.004699999408330768, 'extension_ms': 0.20849999782512896, 'control_compute_ms': nan}, {'controller': 'C3_arbitration_MPC', 'scenario': 'sensor_bias_5', 'seed': 19030, 'step': 479, 'time_s': 4.79, 'aux_inference_ms': 0.20420000146259554, 'reliability_update_ms': 0.005300000339047983, 'arbitration_ms': 0.004799996531801298, 'extension_ms': 0.21429999833344482, 'control_compute_ms': nan}, {'controller': 'C3_arbitration_MPC', 'scenario': 'sensor_bias_5', 'seed': 19030, 'step': 480, 'time_s': 4.8, 'aux_inference_ms': 0.20229999790899456, 'reliability_update_ms': 0.005000001692678779, 'arbitration_ms': 0.004500001523410901, 'extension_ms': 0.21180000112508424, 'control_compute_ms': 17.418499999621417}, {'controller': 'C3_arbitration_MPC', 'scenario': 'sensor_bias_5', 'seed': 19030, 'step': 481, 'time_s': 4.8100000000000005, 'aux_inference_ms': 0.23259999943547882, 'reliability_update_ms': 0.005900001269765198, 'arbitration_ms': 0.005199999577598646, 'extension_ms': 0.24370000028284267, 'control_compute_ms': nan}, {'controller': 'C3_arbitration_MPC', 'scenario': 'sensor_bias_5', 'seed': 19030, 'step': 482, 'time_s': 4.82, 'aux_inference_ms': 0.22229999740375206, 'reliability_update_ms': 0.005699999746866524, 'arbitration_ms': 0.004699999408330768, 'extension_ms': 0.23269999655894935, 'control_compute_ms': nan}, {'controller': 'C3_arbitration_MPC', 'scenario': 'sensor_bias_5', 'seed': 19030, 'step': 483, 'time_s': 4.83, 'aux_inference_ms': 0.20170000061625615, 'reliability_update_ms': 0.005300000339047983, 'arbitration_ms': 0.004600002284860238, 'extension_ms': 0.21160000324016437, 'control_compute_ms': nan}, {'controller': 'C3_arbitration_MPC', 'scenario': 'sensor_bias_5', 'seed': 19030, 'step': 484, 'time_s': 4.84, 'aux_inference_ms': 0.20510000103968196, 'reliability_update_ms': 0.005199999577598646, 'arbitration_ms': 0.004500001523410901, 'extension_ms': 0.2148000021406915, 'control_compute_ms': nan}, {'controller': 'C3_arbitration_MPC', 'scenario': 'sensor_bias_5', 'seed': 19030, 'step': 485, 'time_s': 4.8500000000000005, 'aux_inference_ms': 0.1967999996850267, 'reliability_update_ms': 0.005099998816149309, 'arbitration_ms': 0.004500001523410901, 'extension_ms': 0.20640000002458692, 'control_compute_ms': 42.72340000170516}, {'controller': 'C3_arbitration_MPC', 'scenario': 'sensor_bias_5', 'seed': 19030, 'step': 486, 'time_s': 4.86, 'aux_inference_ms': 0.509299999976065, 'reliability_update_ms': 0.010900002962443978, 'arbitration_ms': 0.010000003385357559, 'extension_ms': 0.5302000063238665, 'control_compute_ms': nan}, {'controller': 'C3_arbitration_MPC', 'scenario': 'sensor_bias_5', 'seed': 19030, 'step': 487, 'time_s': 4.87, 'aux_inference_ms': 0.4622000014933292, 'reliability_update_ms': 0.009900002623908222, 'arbitration_ms': 0.009799998224480078, 'extension_ms': 0.4819000023417175, 'control_compute_ms': nan}, {'controller': 'C3_arbitration_MPC', 'scenario': 'sensor_bias_5', 'seed': 19030, 'step': 488, 'time_s': 4.88, 'aux_inference_ms': 0.45820000013918616, 'reliability_update_ms': 0.009999999747378752, 'arbitration_ms': 0.009700001101009548, 'extension_ms': 0.47790000098757446, 'control_compute_ms': nan}, {'controller': 'C3_arbitration_MPC', 'scenario': 'sensor_bias_5', 'seed': 19030, 'step': 489, 'time_s': 4.89, 'aux_inference_ms': 0.4574000013235491, 'reliability_update_ms': 0.009799998224480078, 'arbitration_ms': 0.009999999747378752, 'extension_ms': 0.4771999992954079, 'control_compute_ms': nan}, {'controller': 'C3_arbitration_MPC', 'scenario': 'sensor_bias_5', 'seed': 19030, 'step': 490, 'time_s': 4.9, 'aux_inference_ms': 0.5397000022639986, 'reliability_update_ms': 0.027400001272326335, 'arbitration_ms': 0.008300001354655251, 'extension_ms': 0.5754000048909802, 'control_compute_ms': 26.41569999832427}, {'controller': 'C3_arbitration_MPC', 'scenario': 'sensor_bias_5', 'seed': 19030, 'step': 491, 'time_s': 4.91, 'aux_inference_ms': 0.4859000000578817, 'reliability_update_ms': 0.01089999932446517, 'arbitration_ms': 0.010199997632298619, 'extension_ms': 0.5069999970146455, 'control_compute_ms': nan}, {'controller': 'C3_arbitration_MPC', 'scenario': 'sensor_bias_5', 'seed': 19030, 'step': 492, 'time_s': 4.92, 'aux_inference_ms': 0.4656999990402255, 'reliability_update_ms': 0.010099996870849282, 'arbitration_ms': 0.010199997632298619, 'extension_ms': 0.4859999935433734, 'control_compute_ms': nan}, {'controller': 'C3_arbitration_MPC', 'scenario': 'sensor_bias_5', 'seed': 19030, 'step': 493, 'time_s': 4.93, 'aux_inference_ms': 0.7828999987395946, 'reliability_update_ms': 0.00549999822396785, 'arbitration_ms': 0.0040000013541430235, 'extension_ms': 0.7923999983177055, 'control_compute_ms': nan}, {'controller': 'C3_arbitration_MPC', 'scenario': 'sensor_bias_5', 'seed': 19030, 'step': 494, 'time_s': 4.94, 'aux_inference_ms': 0.18519999866839498, 'reliability_update_ms': 0.004699999408330768, 'arbitration_ms': 0.0039000005926936865, 'extension_ms': 0.19379999866941944, 'control_compute_ms': nan}, {'controller': 'C3_arbitration_MPC', 'scenario': 'sensor_bias_5', 'seed': 19030, 'step': 495, 'time_s': 4.95, 'aux_inference_ms': 0.17149999985122122, 'reliability_update_ms': 0.004300000000512227, 'arbitration_ms': 0.0039000005926936865, 'extension_ms': 0.17970000044442713, 'control_compute_ms': 29.262299998663366}, {'controller': 'C3_arbitration_MPC', 'scenario': 'sensor_bias_5', 'seed': 19030, 'step': 496, 'time_s': 4.96, 'aux_inference_ms': 0.4802999974344857, 'reliability_update_ms': 0.010500003554625437, 'arbitration_ms': 0.008799997885944322, 'extension_ms': 0.49959999887505546, 'control_compute_ms': nan}, {'controller': 'C3_arbitration_MPC', 'scenario': 'sensor_bias_5', 'seed': 19030, 'step': 497, 'time_s': 4.97, 'aux_inference_ms': 0.2195999986724928, 'reliability_update_ms': 0.005900001269765198, 'arbitration_ms': 0.004900000931229442, 'extension_ms': 0.23040000087348744, 'control_compute_ms': nan}, {'controller': 'C3_arbitration_MPC', 'scenario': 'sensor_bias_5', 'seed': 19030, 'step': 498, 'time_s': 4.98, 'aux_inference_ms': 0.21150000247871503, 'reliability_update_ms': 0.005399997462518513, 'arbitration_ms': 0.004500001523410901, 'extension_ms': 0.22140000146464445, 'control_compute_ms': nan}, {'controller': 'C3_arbitration_MPC', 'scenario': 'sensor_bias_5', 'seed': 19030, 'step': 499, 'time_s': 4.99, 'aux_inference_ms': 0.20880000010947697, 'reliability_update_ms': 0.005699999746866524, 'arbitration_ms': 0.004599998646881431, 'extension_ms': 0.21909999850322492, 'control_compute_ms': nan}, {'controller': 'C3_arbitration_MPC', 'scenario': 'sensor_bias_5', 'seed': 19030, 'step': 500, 'time_s': 5.0, 'aux_inference_ms': 0.2096999996865634, 'reliability_update_ms': 0.005599998985417187, 'arbitration_ms': 0.005000001692678779, 'extension_ms': 0.22030000036465935, 'control_compute_ms': 20.133899997745175}, {'controller': 'C3_arbitration_MPC', 'scenario': 'sensor_bias_5', 'seed': 19030, 'step': 501, 'time_s': 5.01, 'aux_inference_ms': 0.24929999926825985, 'reliability_update_ms': 0.005800000508315861, 'arbitration_ms': 0.004900000931229442, 'extension_ms': 0.26000000070780516, 'control_compute_ms': nan}, {'controller': 'C3_arbitration_MPC', 'scenario': 'sensor_bias_5', 'seed': 19030, 'step': 502, 'time_s': 5.0200000000000005, 'aux_inference_ms': 0.20180000137770548, 'reliability_update_ms': 0.004300000000512227, 'arbitration_ms': 0.0036999990697950125, 'extension_ms': 0.20980000044801272, 'control_compute_ms': nan}, {'controller': 'C3_arbitration_MPC', 'scenario': 'sensor_bias_5', 'seed': 19030, 'step': 503, 'time_s': 5.03, 'aux_inference_ms': 0.19570000222302042, 'reliability_update_ms': 0.005099998816149309, 'arbitration_ms': 0.004500001523410901, 'extension_ms': 0.20530000256258063, 'control_compute_ms': nan}, {'controller': 'C3_arbitration_MPC', 'scenario': 'sensor_bias_5', 'seed': 19030, 'step': 504, 'time_s': 5.04, 'aux_inference_ms': 0.2333999982511159, 'reliability_update_ms': 0.00540000110049732, 'arbitration_ms': 0.004599998646881431, 'extension_ms': 0.24339999799849465, 'control_compute_ms': nan}, {'controller': 'C3_arbitration_MPC', 'scenario': 'sensor_bias_5', 'seed': 19030, 'step': 505, 'time_s': 5.05, 'aux_inference_ms': 0.19519999841577373, 'reliability_update_ms': 0.005300000339047983, 'arbitration_ms': 0.004599998646881431, 'extension_ms': 0.20509999740170315, 'control_compute_ms': 41.03129999930388}, {'controller': 'C3_arbitration_MPC', 'scenario': 'sensor_bias_5', 'seed': 19030, 'step': 506, 'time_s': 5.0600000000000005, 'aux_inference_ms': 0.4840000001422595, 'reliability_update_ms': 0.01089999932446517, 'arbitration_ms': 0.010399999155197293, 'extension_ms': 0.505299998621922, 'control_compute_ms': nan}, {'controller': 'C3_arbitration_MPC', 'scenario': 'sensor_bias_5', 'seed': 19030, 'step': 507, 'time_s': 5.07, 'aux_inference_ms': 0.4842999987886287, 'reliability_update_ms': 0.010399999155197293, 'arbitration_ms': 0.009800001862458885, 'extension_ms': 0.5044999998062849, 'control_compute_ms': nan}, {'controller': 'C3_arbitration_MPC', 'scenario': 'sensor_bias_5', 'seed': 19030, 'step': 508, 'time_s': 5.08, 'aux_inference_ms': 0.45399999726214446, 'reliability_update_ms': 0.009999999747378752, 'arbitration_ms': 0.009799998224480078, 'extension_ms': 0.4737999952340033, 'control_compute_ms': nan}, {'controller': 'C3_arbitration_MPC', 'scenario': 'sensor_bias_5', 'seed': 19030, 'step': 509, 'time_s': 5.09, 'aux_inference_ms': 0.4523999996308703, 'reliability_update_ms': 0.009999999747378752, 'arbitration_ms': 0.009900002623908222, 'extension_ms': 0.47230000200215727, 'control_compute_ms': nan}, {'controller': 'C3_arbitration_MPC', 'scenario': 'sensor_bias_5', 'seed': 19030, 'step': 510, 'time_s': 5.1000000000000005, 'aux_inference_ms': 0.47089999861782417, 'reliability_update_ms': 0.009899998985929415, 'arbitration_ms': 0.010100000508828089, 'extension_ms': 0.49089999811258167, 'control_compute_ms': 19.851199998811353}, {'controller': 'C3_arbitration_MPC', 'scenario': 'sensor_bias_5', 'seed': 19030, 'step': 511, 'time_s': 5.11, 'aux_inference_ms': 0.4140999990340788, 'reliability_update_ms': 0.01080000220099464, 'arbitration_ms': 0.008999999408842996, 'extension_ms': 0.43390000064391643, 'control_compute_ms': nan}, {'controller': 'C3_arbitration_MPC', 'scenario': 'sensor_bias_5', 'seed': 19030, 'step': 512, 'time_s': 5.12, 'aux_inference_ms': 0.5425000017567072, 'reliability_update_ms': 0.010700001439545304, 'arbitration_ms': 0.0092999980552122, 'extension_ms': 0.5625000012514647, 'control_compute_ms': nan}, {'controller': 'C3_arbitration_MPC', 'scenario': 'sensor_bias_5', 'seed': 19030, 'step': 513, 'time_s': 5.13, 'aux_inference_ms': 0.17970000044442713, 'reliability_update_ms': 0.004799996531801298, 'arbitration_ms': 0.003999997716164216, 'extension_ms': 0.18849999469239265, 'control_compute_ms': nan}, {'controller': 'C3_arbitration_MPC', 'scenario': 'sensor_bias_5', 'seed': 19030, 'step': 514, 'time_s': 5.14, 'aux_inference_ms': 0.16379999942728318, 'reliability_update_ms': 0.00419999923906289, 'arbitration_ms': 0.0035999983083456755, 'extension_ms': 0.17159999697469175, 'control_compute_ms': nan}, {'controller': 'C3_arbitration_MPC', 'scenario': 'sensor_bias_5', 'seed': 19030, 'step': 515, 'time_s': 5.15, 'aux_inference_ms': 0.18589999672258273, 'reliability_update_ms': 0.004400000761961564, 'arbitration_ms': 0.0036999990697950125, 'extension_ms': 0.1939999965543393, 'control_compute_ms': 17.323199997917982}, {'controller': 'C3_arbitration_MPC', 'scenario': 'sensor_bias_5', 'seed': 19030, 'step': 516, 'time_s': 5.16, 'aux_inference_ms': 0.2598999999463558, 'reliability_update_ms': 0.006000002031214535, 'arbitration_ms': 0.004899997293250635, 'extension_ms': 0.270799999270821, 'control_compute_ms': nan}, {'controller': 'C3_arbitration_MPC', 'scenario': 'sensor_bias_5', 'seed': 19030, 'step': 517, 'time_s': 5.17, 'aux_inference_ms': 0.20489999951678328, 'reliability_update_ms': 0.005500001861946657, 'arbitration_ms': 0.004699999408330768, 'extension_ms': 0.2151000007870607, 'control_compute_ms': nan}, {'controller': 'C3_arbitration_MPC', 'scenario': 'sensor_bias_5', 'seed': 19030, 'step': 518, 'time_s': 5.18, 'aux_inference_ms': 0.1964999974006787, 'reliability_update_ms': 0.005300000339047983, 'arbitration_ms': 0.004699999408330768, 'extension_ms': 0.20649999714805745, 'control_compute_ms': nan}, {'controller': 'C3_arbitration_MPC', 'scenario': 'sensor_bias_5', 'seed': 19030, 'step': 519, 'time_s': 5.19, 'aux_inference_ms': 0.23429999782820232, 'reliability_update_ms': 0.005699999746866524, 'arbitration_ms': 0.004699999408330768, 'extension_ms': 0.24469999698339961, 'control_compute_ms': nan}, {'controller': 'C3_arbitration_MPC', 'scenario': 'sensor_bias_5', 'seed': 19030, 'step': 520, 'time_s': 5.2, 'aux_inference_ms': 0.19869999960064888, 'reliability_update_ms': 0.005199999577598646, 'arbitration_ms': 0.004400000761961564, 'extension_ms': 0.2082999999402091, 'control_compute_ms': 17.366699998092372}, {'controller': 'C3_arbitration_MPC', 'scenario': 'sensor_bias_5', 'seed': 19030, 'step': 521, 'time_s': 5.21, 'aux_inference_ms': 0.23430000146618113, 'reliability_update_ms': 0.005899997631786391, 'arbitration_ms': 0.005000001692678779, 'extension_ms': 0.2452000007906463, 'control_compute_ms': nan}, {'controller': 'C3_arbitration_MPC', 'scenario': 'sensor_bias_5', 'seed': 19030, 'step': 522, 'time_s': 5.22, 'aux_inference_ms': 0.20530000256258063, 'reliability_update_ms': 0.005399997462518513, 'arbitration_ms': 0.004600002284860238, 'extension_ms': 0.21530000230995938, 'control_compute_ms': nan}, {'controller': 'C3_arbitration_MPC', 'scenario': 'sensor_bias_5', 'seed': 19030, 'step': 523, 'time_s': 5.23, 'aux_inference_ms': 0.23160000273492187, 'reliability_update_ms': 0.00540000110049732, 'arbitration_ms': 0.004599998646881431, 'extension_ms': 0.24160000248230062, 'control_compute_ms': nan}, {'controller': 'C3_arbitration_MPC', 'scenario': 'sensor_bias_5', 'seed': 19030, 'step': 524, 'time_s': 5.24, 'aux_inference_ms': 0.1965000010386575, 'reliability_update_ms': 0.004800000169780105, 'arbitration_ms': 0.004499997885432094, 'extension_ms': 0.2057999990938697, 'control_compute_ms': nan}, {'controller': 'C3_arbitration_MPC', 'scenario': 'sensor_bias_5', 'seed': 19030, 'step': 525, 'time_s': 5.25, 'aux_inference_ms': 0.20569999833242036, 'reliability_update_ms': 0.005000001692678779, 'arbitration_ms': 0.004599998646881431, 'extension_ms': 0.21529999867198057, 'control_compute_ms': 17.36719999826164}, {'controller': 'C3_arbitration_MPC', 'scenario': 'sensor_bias_5', 'seed': 19030, 'step': 526, 'time_s': 5.26, 'aux_inference_ms': 0.18170000112149864, 'reliability_update_ms': 0.004699999408330768, 'arbitration_ms': 0.004300000000512227, 'extension_ms': 0.19070000053034164, 'control_compute_ms': nan}, {'controller': 'C3_arbitration_MPC', 'scenario': 'sensor_bias_5', 'seed': 19030, 'step': 527, 'time_s': 5.2700000000000005, 'aux_inference_ms': 0.16150000010384247, 'reliability_update_ms': 0.004499997885432094, 'arbitration_ms': 0.0036000019463244826, 'extension_ms': 0.16959999993559904, 'control_compute_ms': nan}, {'controller': 'C3_arbitration_MPC', 'scenario': 'sensor_bias_5', 'seed': 19030, 'step': 528, 'time_s': 5.28, 'aux_inference_ms': 0.20300000323913991, 'reliability_update_ms': 0.005199999577598646, 'arbitration_ms': 0.004400000761961564, 'extension_ms': 0.21260000357870013, 'control_compute_ms': nan}, {'controller': 'C3_arbitration_MPC', 'scenario': 'sensor_bias_5', 'seed': 19030, 'step': 529, 'time_s': 5.29, 'aux_inference_ms': 0.2041000007011462, 'reliability_update_ms': 0.005300000339047983, 'arbitration_ms': 0.004900000931229442, 'extension_ms': 0.21430000197142363, 'control_compute_ms': nan}, {'controller': 'C3_arbitration_MPC', 'scenario': 'sensor_bias_5', 'seed': 19030, 'step': 530, 'time_s': 5.3, 'aux_inference_ms': 0.19909999900846742, 'reliability_update_ms': 0.005099998816149309, 'arbitration_ms': 0.004599998646881431, 'extension_ms': 0.20879999647149816, 'control_compute_ms': 17.48280000174418}, {'controller': 'C3_arbitration_MPC', 'scenario': 'sensor_bias_5', 'seed': 19030, 'step': 531, 'time_s': 5.3100000000000005, 'aux_inference_ms': 0.18179999824496917, 'reliability_update_ms': 0.007200000254670158, 'arbitration_ms': 0.004900000931229442, 'extension_ms': 0.19389999943086877, 'control_compute_ms': nan}, {'controller': 'C3_arbitration_MPC', 'scenario': 'sensor_bias_5', 'seed': 19030, 'step': 532, 'time_s': 5.32, 'aux_inference_ms': 0.41229999987990595, 'reliability_update_ms': 0.010700001439545304, 'arbitration_ms': 0.008800001523923129, 'extension_ms': 0.4318000028433744, 'control_compute_ms': nan}, {'controller': 'C3_arbitration_MPC', 'scenario': 'sensor_bias_5', 'seed': 19030, 'step': 533, 'time_s': 5.33, 'aux_inference_ms': 0.4079999998793937, 'reliability_update_ms': 0.010299998393747956, 'arbitration_ms': 0.008700000762473792, 'extension_ms': 0.4269999990356155, 'control_compute_ms': nan}, {'controller': 'C3_arbitration_MPC', 'scenario': 'sensor_bias_5', 'seed': 19030, 'step': 534, 'time_s': 5.34, 'aux_inference_ms': 0.37789999987580813, 'reliability_update_ms': 0.00960000033956021, 'arbitration_ms': 0.008600000001024455, 'extension_ms': 0.3961000002163928, 'control_compute_ms': nan}, {'controller': 'C3_arbitration_MPC', 'scenario': 'sensor_bias_5', 'seed': 19030, 'step': 535, 'time_s': 5.3500000000000005, 'aux_inference_ms': 0.40219999937107787, 'reliability_update_ms': 0.010699997801566496, 'arbitration_ms': 0.008799997885944322, 'extension_ms': 0.4216999950585887, 'control_compute_ms': 20.75169999807258}, {'controller': 'C3_arbitration_MPC', 'scenario': 'sensor_bias_5', 'seed': 19030, 'step': 536, 'time_s': 5.36, 'aux_inference_ms': 0.1880999989225529, 'reliability_update_ms': 0.005500001861946657, 'arbitration_ms': 0.0040000013541430235, 'extension_ms': 0.1976000021386426, 'control_compute_ms': nan}, {'controller': 'C3_arbitration_MPC', 'scenario': 'sensor_bias_5', 'seed': 19030, 'step': 537, 'time_s': 5.37, 'aux_inference_ms': 0.16289999985019676, 'reliability_update_ms': 0.004300000000512227, 'arbitration_ms': 0.0037999998312443495, 'extension_ms': 0.17099999968195334, 'control_compute_ms': nan}, {'controller': 'C3_arbitration_MPC', 'scenario': 'sensor_bias_5', 'seed': 19030, 'step': 538, 'time_s': 5.38, 'aux_inference_ms': 0.39450000258511864, 'reliability_update_ms': 0.010200001270277426, 'arbitration_ms': 0.008600000001024455, 'extension_ms': 0.4133000038564205, 'control_compute_ms': nan}, {'controller': 'C3_arbitration_MPC', 'scenario': 'sensor_bias_5', 'seed': 19030, 'step': 539, 'time_s': 5.39, 'aux_inference_ms': 0.4179999996267725, 'reliability_update_ms': 0.011199997970834374, 'arbitration_ms': 0.008699997124494985, 'extension_ms': 0.43789999472210184, 'control_compute_ms': nan}, {'controller': 'C3_arbitration_MPC', 'scenario': 'sensor_bias_5', 'seed': 19030, 'step': 540, 'time_s': 5.4, 'aux_inference_ms': 0.3811999995377846, 'reliability_update_ms': 0.009900002623908222, 'arbitration_ms': 0.008600000001024455, 'extension_ms': 0.3997000021627173, 'control_compute_ms': 20.04809999925783}, {'controller': 'C3_arbitration_MPC', 'scenario': 'sensor_bias_5', 'seed': 19030, 'step': 541, 'time_s': 5.41, 'aux_inference_ms': 0.25489999825367704, 'reliability_update_ms': 0.006199999916134402, 'arbitration_ms': 0.005199999577598646, 'extension_ms': 0.2662999977474101, 'control_compute_ms': nan}, {'controller': 'C3_arbitration_MPC', 'scenario': 'sensor_bias_5', 'seed': 19030, 'step': 542, 'time_s': 5.42, 'aux_inference_ms': 0.20940000104019418, 'reliability_update_ms': 0.005399997462518513, 'arbitration_ms': 0.0047000030463095754, 'extension_ms': 0.21950000154902227, 'control_compute_ms': nan}, {'controller': 'C3_arbitration_MPC', 'scenario': 'sensor_bias_5', 'seed': 19030, 'step': 543, 'time_s': 5.43, 'aux_inference_ms': 0.19950000205426477, 'reliability_update_ms': 0.005100002454128116, 'arbitration_ms': 0.004599998646881431, 'extension_ms': 0.20920000315527432, 'control_compute_ms': nan}, {'controller': 'C3_arbitration_MPC', 'scenario': 'sensor_bias_5', 'seed': 19030, 'step': 544, 'time_s': 5.44, 'aux_inference_ms': 0.20320000112405978, 'reliability_update_ms': 0.017499998648418114, 'arbitration_ms': 0.004900000931229442, 'extension_ms': 0.22560000070370734, 'control_compute_ms': nan}, {'controller': 'C3_arbitration_MPC', 'scenario': 'sensor_bias_5', 'seed': 19030, 'step': 545, 'time_s': 5.45, 'aux_inference_ms': 0.19869999960064888, 'reliability_update_ms': 0.005300000339047983, 'arbitration_ms': 0.004599998646881431, 'extension_ms': 0.2085999985865783, 'control_compute_ms': 17.216299998835893}, {'controller': 'C3_arbitration_MPC', 'scenario': 'sensor_bias_5', 'seed': 19030, 'step': 546, 'time_s': 5.46, 'aux_inference_ms': 0.22739999985788018, 'reliability_update_ms': 0.005999998393235728, 'arbitration_ms': 0.004900000931229442, 'extension_ms': 0.23829999918234535, 'control_compute_ms': nan}, {'controller': 'C3_arbitration_MPC', 'scenario': 'sensor_bias_5', 'seed': 19030, 'step': 547, 'time_s': 5.47, 'aux_inference_ms': 0.2069000001938548, 'reliability_update_ms': 0.00549999822396785, 'arbitration_ms': 0.004699999408330768, 'extension_ms': 0.2170999978261534, 'control_compute_ms': nan}, {'controller': 'C3_arbitration_MPC', 'scenario': 'sensor_bias_5', 'seed': 19030, 'step': 548, 'time_s': 5.48, 'aux_inference_ms': 0.234499999351101, 'reliability_update_ms': 0.005899997631786391, 'arbitration_ms': 0.004800000169780105, 'extension_ms': 0.2451999971526675, 'control_compute_ms': nan}, {'controller': 'C3_arbitration_MPC', 'scenario': 'sensor_bias_5', 'seed': 19030, 'step': 549, 'time_s': 5.49, 'aux_inference_ms': 0.17600000137463212, 'reliability_update_ms': 0.004499997885432094, 'arbitration_ms': 0.0037999998312443495, 'extension_ms': 0.18429999909130856, 'control_compute_ms': nan}, {'controller': 'C3_arbitration_MPC', 'scenario': 'sensor_bias_5', 'seed': 19030, 'step': 550, 'time_s': 5.5, 'aux_inference_ms': 0.15730000086477958, 'reliability_update_ms': 0.004300000000512227, 'arbitration_ms': 0.0039000005926936865, 'extension_ms': 0.1655000014579855, 'control_compute_ms': 17.967899999348447}, {'controller': 'C3_arbitration_MPC', 'scenario': 'sensor_bias_5', 'seed': 19030, 'step': 551, 'time_s': 5.51, 'aux_inference_ms': 0.42499999835854396, 'reliability_update_ms': 0.06150000263005495, 'arbitration_ms': 0.004499997885432094, 'extension_ms': 0.490999998874031, 'control_compute_ms': nan}, {'controller': 'C3_arbitration_MPC', 'scenario': 'sensor_bias_5', 'seed': 19030, 'step': 552, 'time_s': 5.5200000000000005, 'aux_inference_ms': 0.1801999969757162, 'reliability_update_ms': 0.004600002284860238, 'arbitration_ms': 0.0036999990697950125, 'extension_ms': 0.18849999833037145, 'control_compute_ms': nan}, {'controller': 'C3_arbitration_MPC', 'scenario': 'sensor_bias_5', 'seed': 19030, 'step': 553, 'time_s': 5.53, 'aux_inference_ms': 0.1635999979043845, 'reliability_update_ms': 0.003999997716164216, 'arbitration_ms': 0.0035999983083456755, 'extension_ms': 0.1711999939288944, 'control_compute_ms': nan}, {'controller': 'C3_arbitration_MPC', 'scenario': 'sensor_bias_5', 'seed': 19030, 'step': 554, 'time_s': 5.54, 'aux_inference_ms': 0.24370000028284267, 'reliability_update_ms': 0.005699999746866524, 'arbitration_ms': 0.004900000931229442, 'extension_ms': 0.25430000096093863, 'control_compute_ms': nan}, {'controller': 'C3_arbitration_MPC', 'scenario': 'sensor_bias_5', 'seed': 19030, 'step': 555, 'time_s': 5.55, 'aux_inference_ms': 0.20489999951678328, 'reliability_update_ms': 0.005300000339047983, 'arbitration_ms': 0.004699999408330768, 'extension_ms': 0.21489999926416203, 'control_compute_ms': 17.32629999969504}, {'controller': 'C3_arbitration_MPC', 'scenario': 'sensor_bias_5', 'seed': 19030, 'step': 556, 'time_s': 5.5600000000000005, 'aux_inference_ms': 0.23240000155055895, 'reliability_update_ms': 0.006199999916134402, 'arbitration_ms': 0.005099998816149309, 'extension_ms': 0.24370000028284267, 'control_compute_ms': nan}, {'controller': 'C3_arbitration_MPC', 'scenario': 'sensor_bias_5', 'seed': 19030, 'step': 557, 'time_s': 5.57, 'aux_inference_ms': 0.2117000003636349, 'reliability_update_ms': 0.00960000033956021, 'arbitration_ms': 0.004699999408330768, 'extension_ms': 0.22600000011152588, 'control_compute_ms': nan}, {'controller': 'C3_arbitration_MPC', 'scenario': 'sensor_bias_5', 'seed': 19030, 'step': 558, 'time_s': 5.58, 'aux_inference_ms': 0.19940000129281543, 'reliability_update_ms': 0.005099998816149309, 'arbitration_ms': 0.004400000761961564, 'extension_ms': 0.2089000008709263, 'control_compute_ms': nan}, {'controller': 'C3_arbitration_MPC', 'scenario': 'sensor_bias_5', 'seed': 19030, 'step': 559, 'time_s': 5.59, 'aux_inference_ms': 0.1950999976543244, 'reliability_update_ms': 0.005300000339047983, 'arbitration_ms': 0.004600002284860238, 'extension_ms': 0.20500000027823262, 'control_compute_ms': nan}, {'controller': 'C3_arbitration_MPC', 'scenario': 'sensor_bias_5', 'seed': 19030, 'step': 560, 'time_s': 5.6000000000000005, 'aux_inference_ms': 0.20930000027874485, 'reliability_update_ms': 0.005099998816149309, 'arbitration_ms': 0.004699999408330768, 'extension_ms': 0.21909999850322492, 'control_compute_ms': 19.92640000025858}, {'controller': 'C3_arbitration_MPC', 'scenario': 'sensor_bias_5', 'seed': 19030, 'step': 561, 'time_s': 5.61, 'aux_inference_ms': 0.24169999960577115, 'reliability_update_ms': 0.00670000008540228, 'arbitration_ms': 0.005599998985417187, 'extension_ms': 0.2539999986765906, 'control_compute_ms': nan}, {'controller': 'C3_arbitration_MPC', 'scenario': 'sensor_bias_5', 'seed': 19030, 'step': 562, 'time_s': 5.62, 'aux_inference_ms': 0.20399999993969686, 'reliability_update_ms': 0.00540000110049732, 'arbitration_ms': 0.004500001523410901, 'extension_ms': 0.21390000256360509, 'control_compute_ms': nan}, {'controller': 'C3_arbitration_MPC', 'scenario': 'sensor_bias_5', 'seed': 19030, 'step': 563, 'time_s': 5.63, 'aux_inference_ms': 0.20480000239331275, 'reliability_update_ms': 0.00540000110049732, 'arbitration_ms': 0.004599998646881431, 'extension_ms': 0.2148000021406915, 'control_compute_ms': nan}, {'controller': 'C3_arbitration_MPC', 'scenario': 'sensor_bias_5', 'seed': 19030, 'step': 564, 'time_s': 5.64, 'aux_inference_ms': 0.2043999993475154, 'reliability_update_ms': 0.005699999746866524, 'arbitration_ms': 0.004800000169780105, 'extension_ms': 0.21489999926416203, 'control_compute_ms': nan}, {'controller': 'C3_arbitration_MPC', 'scenario': 'sensor_bias_5', 'seed': 19030, 'step': 565, 'time_s': 5.65, 'aux_inference_ms': 0.19830000019283034, 'reliability_update_ms': 0.005300000339047983, 'arbitration_ms': 0.004499997885432094, 'extension_ms': 0.20809999841731042, 'control_compute_ms': 34.314500000618864}, {'controller': 'C3_arbitration_MPC', 'scenario': 'sensor_bias_5', 'seed': 19030, 'step': 566, 'time_s': 5.66, 'aux_inference_ms': 0.23230000078910962, 'reliability_update_ms': 0.006199999916134402, 'arbitration_ms': 0.005300000339047983, 'extension_ms': 0.243800001044292, 'control_compute_ms': nan}, {'controller': 'C3_arbitration_MPC', 'scenario': 'sensor_bias_5', 'seed': 19030, 'step': 567, 'time_s': 5.67, 'aux_inference_ms': 0.21300000298651867, 'reliability_update_ms': 0.005800000508315861, 'arbitration_ms': 0.004699999408330768, 'extension_ms': 0.2235000029031653, 'control_compute_ms': nan}, {'controller': 'C3_arbitration_MPC', 'scenario': 'sensor_bias_5', 'seed': 19030, 'step': 568, 'time_s': 5.68, 'aux_inference_ms': 0.22420000095735304, 'reliability_update_ms': 0.005699999746866524, 'arbitration_ms': 0.0047000030463095754, 'extension_ms': 0.23460000375052914, 'control_compute_ms': nan}, {'controller': 'C3_arbitration_MPC', 'scenario': 'sensor_bias_5', 'seed': 19030, 'step': 569, 'time_s': 5.69, 'aux_inference_ms': 0.19799999790848233, 'reliability_update_ms': 0.005099998816149309, 'arbitration_ms': 0.004400000761961564, 'extension_ms': 0.2074999974865932, 'control_compute_ms': nan}, {'controller': 'C3_arbitration_MPC', 'scenario': 'sensor_bias_5', 'seed': 19030, 'step': 570, 'time_s': 5.7, 'aux_inference_ms': 0.2021000000240747, 'reliability_update_ms': 0.00549999822396785, 'arbitration_ms': 0.004600002284860238, 'extension_ms': 0.21220000053290278, 'control_compute_ms': 17.29239999986021}, {'controller': 'C3_arbitration_MPC', 'scenario': 'sensor_bias_5', 'seed': 19030, 'step': 571, 'time_s': 5.71, 'aux_inference_ms': 0.22669999816571362, 'reliability_update_ms': 0.005899997631786391, 'arbitration_ms': 0.005000001692678779, 'extension_ms': 0.2375999974901788, 'control_compute_ms': nan}, {'controller': 'C3_arbitration_MPC', 'scenario': 'sensor_bias_5', 'seed': 19030, 'step': 572, 'time_s': 5.72, 'aux_inference_ms': 0.2105999992636498, 'reliability_update_ms': 0.005699999746866524, 'arbitration_ms': 0.005199999577598646, 'extension_ms': 0.22149999858811498, 'control_compute_ms': nan}, {'controller': 'C3_arbitration_MPC', 'scenario': 'sensor_bias_5', 'seed': 19030, 'step': 573, 'time_s': 5.73, 'aux_inference_ms': 0.2012999975704588, 'reliability_update_ms': 0.005199999577598646, 'arbitration_ms': 0.004599998646881431, 'extension_ms': 0.21109999579493888, 'control_compute_ms': nan}, {'controller': 'C3_arbitration_MPC', 'scenario': 'sensor_bias_5', 'seed': 19030, 'step': 574, 'time_s': 5.74, 'aux_inference_ms': 0.20849999782512896, 'reliability_update_ms': 0.005300000339047983, 'arbitration_ms': 0.004499997885432094, 'extension_ms': 0.21829999604960904, 'control_compute_ms': nan}, {'controller': 'C3_arbitration_MPC', 'scenario': 'sensor_bias_5', 'seed': 19030, 'step': 575, 'time_s': 5.75, 'aux_inference_ms': 0.19579999934649095, 'reliability_update_ms': 0.004900000931229442, 'arbitration_ms': 0.004300000000512227, 'extension_ms': 0.20500000027823262, 'control_compute_ms': 17.336699998850236}, {'controller': 'C3_arbitration_MPC', 'scenario': 'sensor_bias_5', 'seed': 19030, 'step': 576, 'time_s': 5.76, 'aux_inference_ms': 0.2452000007906463, 'reliability_update_ms': 0.006400001439033076, 'arbitration_ms': 0.005000001692678779, 'extension_ms': 0.25660000392235816, 'control_compute_ms': nan}, {'controller': 'C3_arbitration_MPC', 'scenario': 'sensor_bias_5', 'seed': 19030, 'step': 577, 'time_s': 5.7700000000000005, 'aux_inference_ms': 0.20909999875584617, 'reliability_update_ms': 0.005599998985417187, 'arbitration_ms': 0.004800000169780105, 'extension_ms': 0.21949999791104347, 'control_compute_ms': nan}, {'controller': 'C3_arbitration_MPC', 'scenario': 'sensor_bias_5', 'seed': 19030, 'step': 578, 'time_s': 5.78, 'aux_inference_ms': 0.2015999998548068, 'reliability_update_ms': 0.00540000110049732, 'arbitration_ms': 0.004600002284860238, 'extension_ms': 0.21160000324016437, 'control_compute_ms': nan}, {'controller': 'C3_arbitration_MPC', 'scenario': 'sensor_bias_5', 'seed': 19030, 'step': 579, 'time_s': 5.79, 'aux_inference_ms': 0.2055000004475005, 'reliability_update_ms': 0.005500001861946657, 'arbitration_ms': 0.004599998646881431, 'extension_ms': 0.21560000095632859, 'control_compute_ms': nan}, {'controller': 'C3_arbitration_MPC', 'scenario': 'sensor_bias_5', 'seed': 19030, 'step': 580, 'time_s': 5.8, 'aux_inference_ms': 0.20149999909335747, 'reliability_update_ms': 0.005300000339047983, 'arbitration_ms': 0.004599998646881431, 'extension_ms': 0.2113999980792869, 'control_compute_ms': 19.68490000217571}, {'controller': 'C3_arbitration_MPC', 'scenario': 'sensor_bias_5', 'seed': 19030, 'step': 581, 'time_s': 5.8100000000000005, 'aux_inference_ms': 0.45139999929233454, 'reliability_update_ms': 0.011299998732283711, 'arbitration_ms': 0.009100000170292333, 'extension_ms': 0.4717999981949106, 'control_compute_ms': nan}, {'controller': 'C3_arbitration_MPC', 'scenario': 'sensor_bias_5', 'seed': 19030, 'step': 582, 'time_s': 5.82, 'aux_inference_ms': 0.38729999869246967, 'reliability_update_ms': 0.010200001270277426, 'arbitration_ms': 0.008800001523923129, 'extension_ms': 0.4063000014866702, 'control_compute_ms': nan}, {'controller': 'C3_arbitration_MPC', 'scenario': 'sensor_bias_5', 'seed': 19030, 'step': 583, 'time_s': 5.83, 'aux_inference_ms': 0.38189999759197235, 'reliability_update_ms': 0.009799998224480078, 'arbitration_ms': 0.008800001523923129, 'extension_ms': 0.40049999734037556, 'control_compute_ms': nan}, {'controller': 'C3_arbitration_MPC', 'scenario': 'sensor_bias_5', 'seed': 19030, 'step': 584, 'time_s': 5.84, 'aux_inference_ms': 0.45090000276104547, 'reliability_update_ms': 0.010600000678095967, 'arbitration_ms': 0.008700000762473792, 'extension_ms': 0.47020000420161523, 'control_compute_ms': nan}, {'controller': 'C3_arbitration_MPC', 'scenario': 'sensor_bias_5', 'seed': 19030, 'step': 585, 'time_s': 5.8500000000000005, 'aux_inference_ms': 0.3758999991987366, 'reliability_update_ms': 0.009800001862458885, 'arbitration_ms': 0.00839999847812578, 'extension_ms': 0.3940999995393213, 'control_compute_ms': 18.40230000016163}, {'controller': 'C3_arbitration_MPC', 'scenario': 'sensor_bias_5', 'seed': 19030, 'step': 586, 'time_s': 5.86, 'aux_inference_ms': 0.18819999968400225, 'reliability_update_ms': 0.005000001692678779, 'arbitration_ms': 0.003999997716164216, 'extension_ms': 0.19719999909284525, 'control_compute_ms': nan}, {'controller': 'C3_arbitration_MPC', 'scenario': 'sensor_bias_5', 'seed': 19030, 'step': 587, 'time_s': 5.87, 'aux_inference_ms': 0.16680000044289045, 'reliability_update_ms': 0.004499997885432094, 'arbitration_ms': 0.004499997885432094, 'extension_ms': 0.17579999621375464, 'control_compute_ms': nan}, {'controller': 'C3_arbitration_MPC', 'scenario': 'sensor_bias_5', 'seed': 19030, 'step': 588, 'time_s': 5.88, 'aux_inference_ms': 0.15980000171111897, 'reliability_update_ms': 0.004400000761961564, 'arbitration_ms': 0.0036999990697950125, 'extension_ms': 0.16790000154287554, 'control_compute_ms': nan}, {'controller': 'C3_arbitration_MPC', 'scenario': 'sensor_bias_5', 'seed': 19030, 'step': 589, 'time_s': 5.89, 'aux_inference_ms': 0.20289999883971177, 'reliability_update_ms': 0.005700003384845331, 'arbitration_ms': 0.004800000169780105, 'extension_ms': 0.2134000023943372, 'control_compute_ms': nan}, {'controller': 'C3_arbitration_MPC', 'scenario': 'sensor_bias_5', 'seed': 19030, 'step': 590, 'time_s': 5.9, 'aux_inference_ms': 0.20669999867095612, 'reliability_update_ms': 0.00540000110049732, 'arbitration_ms': 0.004699999408330768, 'extension_ms': 0.2167999991797842, 'control_compute_ms': 17.400400000042282}, {'controller': 'C3_arbitration_MPC', 'scenario': 'sensor_bias_5', 'seed': 19030, 'step': 591, 'time_s': 5.91, 'aux_inference_ms': 0.22900000112713315, 'reliability_update_ms': 0.006400001439033076, 'arbitration_ms': 0.005000001692678779, 'extension_ms': 0.240400004258845, 'control_compute_ms': nan}, {'controller': 'C3_arbitration_MPC', 'scenario': 'sensor_bias_5', 'seed': 19030, 'step': 592, 'time_s': 5.92, 'aux_inference_ms': 0.21150000247871503, 'reliability_update_ms': 0.005800000508315861, 'arbitration_ms': 0.0047000030463095754, 'extension_ms': 0.22200000603334047, 'control_compute_ms': nan}, {'controller': 'C3_arbitration_MPC', 'scenario': 'sensor_bias_5', 'seed': 19030, 'step': 593, 'time_s': 5.93, 'aux_inference_ms': 0.20930000027874485, 'reliability_update_ms': 0.00549999822396785, 'arbitration_ms': 0.004800000169780105, 'extension_ms': 0.2195999986724928, 'control_compute_ms': nan}, {'controller': 'C3_arbitration_MPC', 'scenario': 'sensor_bias_5', 'seed': 19030, 'step': 594, 'time_s': 5.94, 'aux_inference_ms': 0.19799999790848233, 'reliability_update_ms': 0.00540000110049732, 'arbitration_ms': 0.004800000169780105, 'extension_ms': 0.20819999917875975, 'control_compute_ms': nan}, {'controller': 'C3_arbitration_MPC', 'scenario': 'sensor_bias_5', 'seed': 19030, 'step': 595, 'time_s': 5.95, 'aux_inference_ms': 0.20390000281622633, 'reliability_update_ms': 0.005199999577598646, 'arbitration_ms': 0.004399997123982757, 'extension_ms': 0.21349999951780774, 'control_compute_ms': 17.282900000282098}, {'controller': 'C3_arbitration_MPC', 'scenario': 'sensor_bias_5', 'seed': 19030, 'step': 596, 'time_s': 5.96, 'aux_inference_ms': 0.2305999987584073, 'reliability_update_ms': 0.005999998393235728, 'arbitration_ms': 0.004899997293250635, 'extension_ms': 0.24149999444489367, 'control_compute_ms': nan}, {'controller': 'C3_arbitration_MPC', 'scenario': 'sensor_bias_5', 'seed': 19030, 'step': 597, 'time_s': 5.97, 'aux_inference_ms': 0.2055000004475005, 'reliability_update_ms': 0.00549999822396785, 'arbitration_ms': 0.004699999408330768, 'extension_ms': 0.21569999807979912, 'control_compute_ms': nan}, {'controller': 'C3_arbitration_MPC', 'scenario': 'sensor_bias_5', 'seed': 19030, 'step': 598, 'time_s': 5.98, 'aux_inference_ms': 0.19629999951575883, 'reliability_update_ms': 0.005199999577598646, 'arbitration_ms': 0.004699999408330768, 'extension_ms': 0.20619999850168824, 'control_compute_ms': nan}, {'controller': 'C3_arbitration_MPC', 'scenario': 'sensor_bias_5', 'seed': 19030, 'step': 599, 'time_s': 5.99, 'aux_inference_ms': 0.2199000009568408, 'reliability_update_ms': 0.006199999916134402, 'arbitration_ms': 0.005099998816149309, 'extension_ms': 0.23119999968912452, 'control_compute_ms': nan}, {'controller': 'C3_arbitration_MPC', 'scenario': 'sensor_bias_5', 'seed': 19030, 'step': 600, 'time_s': 6.0, 'aux_inference_ms': 0.19940000129281543, 'reliability_update_ms': 0.005099998816149309, 'arbitration_ms': 0.004600002284860238, 'extension_ms': 0.20910000239382498, 'control_compute_ms': 29.095999998389743}]",,,,,,,,,,,,,,,,,,,,,,,,,,,,,,,,,,,,,,,,,,,,,,,,,,,,,,,,,,,,,,,,,,,,,,,,,,,,,,,,,,
E_EKF_virtual_MPC,sensor_bias_5,19030,10.821626831542131,4.573278405867723,0.33550922318455645,,1,0.0,,4.01,0.6672212978369384,,,,,,,,,6281.833525516022,105.24598586044009,0,0,0,0,0,,0,90.75558842948136,0.6246392426866254,0.020783648826632722,,,90.80512396695283,12.571656899999653,,,,,,,,,401,,,,,,,,,,,,,,,,,,,,,,,,,,,,,,,,,0.0,,True,True,601.0,1.0,201.0,0.33444259567387685,0.080168857982233,0.0727548864973344,0.0727548864973344,2.327939196611021,1.7267362635507388,1.6419225231964338,0.22733781289799257,0.16230521276784043,0.16230521276784043,0.10340402555134683,0.09968468790118791,0.09968468790118791,,0.0,0.0,0.0,0.0,1.0,,,1.6595399844177022e-08,0.0,0.00032345477336425364,0.00032345477336425364,0.0011989176351483051,0.007170971607780821,1.2797810670733571,0.5783302828260545,0.5206999994697981,1.030800001899479,1.3054999981250148,1.6280999989248812,601.0,1.2022748751209014,1.1395000001357403,2.145199996448355,2.72910000057891,3.216899996914435,121.0,90.75558842948136,61.98260000019218,238.94710000240593,307.1068399978684,433.0054999991262,fixed_nominal
B_plain_MPC,sensor_dropout,19026,27.205345227022143,22.866283186395716,20.102626943619786,,0,0.0,0.0,0.0,0.0,0.0,6.0,1.0,0.0,0.0,0.0,0.0,0.0,14832.57525294823,81.36324600421737,0,0,0,0,0,,0,47.760528099132905,0.0,0.0,0.0,0.0,47.78287603304224,6.278368200000841,,,,,,,,,0,verified_frozen_c4_development_runs,108f7875ec8af675a4aa2dce5bec833735ff499be6ead588d3accce32efe3a15,,,,,0.0,0.0,0.0,0.0,0.0,0.0,0.0,0.0,,,,,0.0,,,,,,,,,,,,,,,,,,,,,,,,,,,,,,,,,,,,,,,,,,,,,,,,,,,,,,,,,,,,,,,,,,
C1_sensor_MPC,sensor_dropout,19026,10.80868796245771,4.616809714640719,0.3444874339422603,,1,0.0,0.0,4.01,0.6672212978369384,1.0,3.0,0.33277870216306155,0.6672212978369384,0.0,0.0,0.0,0.0,6031.733572990833,78.78053255644615,0,0,0,0,0,,0,57.45590743841483,0.0,0.0,0.0,0.0,57.48846611558375,7.47858400000041,0.35600194274747765,0.3510573705935613,,,0.35600194274747765,0.3510573705935613,24.521545210072272,17.419717174896768,401,rerun_v3_simulate_v3_run,,,,,,,,,,,,,,,,,,,,,,,,,,,,,,,,,,,,,,,,,,,,,,,,,,,,,,,,,,,,,,,,,,,,,,,,,,,,,,,,,,,,
C3_arbitration_MPC,sensor_dropout,19026,10.80868796245771,4.616809714640719,0.3444874339422603,,1,0.0,0.0,4.01,0.6672212978369384,1.0,3.0,0.33277870216306155,0.6672212978369384,0.0,0.0,0.0,0.0,6031.733572990833,78.78053255644615,0,0,0,0,0,,0,59.127864462891374,0.4124271945016304,0.009689500857880555,0.0073975903736852216,0.42951428573319617,59.15910991730805,7.930019800000082,0.35600194274747765,0.3510573705935613,0.24281486273907943,0.18585912975505753,0.35600194274747765,0.3510573705935613,24.521545210072272,17.419717174896768,401,verified_frozen_c4_development_runs,108f7875ec8af675a4aa2dce5bec833735ff499be6ead588d3accce32efe3a15,,,,,0.0,0.0,0.0,0.0,0.0,0.0,0.0,0.0,,,,,0.0,,,,,,,,,,,,,,0.0,True,True,,,,,,,,,,,,,,,,,,,,,,,,,,,,,,,,,,,,,,,,,,,,,,,,,,
E_EKF_virtual_MPC,sensor_dropout,19026,10.804996937082182,4.442691543951444,0.16666861800573285,,1,0.0,,4.01,0.6672212978369384,,,,,,,,,6079.930091219507,78.8835755723389,0,0,0,0,0,,0,53.649025620021455,0.3916244406508372,0.01400843382994973,,,53.68591570223837,7.4618448999972316,,,,,,,,,401,,,,,,,,,,,,,,,,,,,,,,,,,,,,,,,,,0.0,,True,True,601.0,1.0,201.0,0.33444259567387685,0.08016885798225637,0.07275488649735277,0.07275488649735277,24.6516639580913,17.511769884352127,-17.409702820022215,0.22733781289797234,0.16230521276784912,0.16230521276784912,0.10340402555138264,0.09968468790122173,0.09968468790122173,,0.0,0.0,0.0,0.0,1.0,,,1.6595399844177022e-08,0.0,0.00032345477336429137,0.00032345477336429137,0.0011989176351482789,0.007170971607775166,0.7770975902086491,0.34248402654231114,0.2592999990156386,0.7966999983182177,1.0555000008025672,1.2707999994745478,601.0,0.7346183028706592,0.6274999977904372,1.5101999961188994,1.851000004535308,2.514200001314748,121.0,53.649025620021455,37.94940000079805,129.60790000215638,215.2015399980881,282.85590000086813,fixed_nominal
B_plain_MPC,sensor_dropout,19027,27.618568590857198,23.419350228299812,21.11431034338265,,0,0.0,0.0,0.0,0.0,0.0,6.0,1.0,0.0,0.0,0.0,0.0,0.0,15055.154676393064,71.67672105379239,0,0,0,0,0,,0,45.254349586775035,0.0,0.0,0.0,0.0,45.27733553726092,5.99546939999891,,,,,,,,,0,verified_frozen_c4_development_runs,108f7875ec8af675a4aa2dce5bec833735ff499be6ead588d3accce32efe3a15,,,,,0.0,0.0,0.0,0.0,0.0,0.0,0.0,0.0,,,,,0.0,,,,,,,,,,,,,,,,,,,,,,,,,,,,,,,,,,,,,,,,,,,,,,,,,,,,,,,,,,,,,,,,,,
C1_sensor_MPC,sensor_dropout,19027,10.813087227345779,4.589410417314628,0.3134092727772753,,1,0.0,0.0,4.01,0.6672212978369384,1.0,3.0,0.33277870216306155,0.6672212978369384,0.0,0.0,0.0,0.0,6146.606517859631,84.16046094040146,0,0,0,0,0,,0,49.89954793392435,0.0,0.0,0.0,0.0,49.92709008278445,6.517800599998736,0.2626660256544832,0.2392307741019733,,,0.2626660256544832,0.2392307741019733,24.838137168925204,17.647962199679,401,rerun_v3_simulate_v3_run,,,,,,,,,,,,,,,,,,,,,,,,,,,,,,,,,,,,,,,,,,,,,,,,,,,,,,,,,,,,,,,,,,,,,,,,,,,,,,,,,,,,
C3_arbitration_MPC,sensor_dropout,19027,10.813087227345779,4.589410417314628,0.3134092727772753,,1,0.0,0.0,4.01,0.6672212978369384,1.0,3.0,0.33277870216306155,0.6672212978369384,0.0,0.0,0.0,0.0,6146.606517859631,84.16046094040146,0,0,0,0,0,,0,62.55055123955203,0.4433215145924747,0.011256110152824166,0.008288468154092767,0.4628660928993917,62.5854661158567,8.403707099998428,0.2626660256544832,0.2392307741019733,0.33563167883687456,0.23840558035618153,0.2626660256544832,0.2392307741019733,24.838137168925204,17.647962199679,401,verified_frozen_c4_development_runs,108f7875ec8af675a4aa2dce5bec833735ff499be6ead588d3accce32efe3a15,,,,,0.0,0.0,0.0,0.0,0.0,0.0,0.0,0.0,,,,,0.0,,,,,,,,,,,,,,0.0,True,True,,,,,,,,,,,,,,,,,,,,,,,,,,,,,,,,,,,,,,,,,,,,,,,,,,
E_EKF_virtual_MPC,sensor_dropout,19027,10.811588730466282,4.50845148418076,0.2805984584935689,,1,0.0,,4.01,0.6672212978369384,,,,,,,,,6198.563054645859,94.98548804187124,0,0,0,0,0,,0,40.32665867779249,0.3066631670130666,0.010872289203063275,,,40.35520991721779,5.645305400001234,,,,,,,,,401,,,,,,,,,,,,,,,,,,,,,,,,,,,,,,,,,0.0,,True,True,601.0,1.0,201.0,0.33444259567387685,0.08016885798228413,0.07275488649736668,0.07275488649736668,24.693614723989835,17.54583749613026,-17.450440612082513,0.22733781289797517,0.16230521276790463,0.16230521276790463,0.10340402555142647,0.09968468790125183,0.09968468790125183,,0.0,0.0,0.0,0.0,1.0,,,1.659539984417702e-08,0.0,0.00032345477336440435,0.00032345477336440435,0.0011989176351483142,0.0071709716077625356,0.6057037866030472,0.27846921801152746,0.22009999884176068,0.5375000000640284,0.8488999992550816,0.9538999984215479,601.0,0.5854377705266214,0.49869999929796904,1.070600003004074,1.3915000017732382,1.682099999015918,121.0,40.32665867779249,28.12880000055884,94.28760000082548,117.65244000198436,123.11520000002929,fixed_nominal
B_plain_MPC,sensor_dropout,19028,27.544561819821876,23.362233510344232,20.91006194979112,,0,0.0,0.0,0.0,0.0,0.0,6.0,1.0,0.0,0.0,0.0,0.0,0.0,15110.298601033952,72.37000693840349,0,0,0,0,0,,0,45.05922644619369,0.0,0.0,0.0,0.0,45.08372975215025,6.000250799999776,,,,,,,,,0,verified_frozen_c4_development_runs,108f7875ec8af675a4aa2dce5bec833735ff499be6ead588d3accce32efe3a15,,,,,0.0,0.0,0.0,0.0,0.0,0.0,0.0,0.0,,,,,0.0,,,,,,,,,,,,,,,,,,,,,,,,,,,,,,,,,,,,,,,,,,,,,,,,,,,,,,,,,,,,,,,,,,
C1_sensor_MPC,sensor_dropout,19028,10.826545385214931,4.73159198394702,0.4178240035235247,,1,0.0,0.0,4.01,0.6672212978369384,1.0,3.0,0.33277870216306155,0.6672212978369384,0.0,0.0,0.0,0.0,6233.905352072406,104.34836373640736,0,0,0,0,0,,0,40.58222148761303,0.0,0.0,0.0,0.0,40.603776859667455,5.3036589000003005,0.3471331455598059,0.33869397380194355,,,0.3471331455598059,0.33869397380194355,24.52921456597616,17.426656510009774,401,rerun_v3_simulate_v3_run,,,,,,,,,,,,,,,,,,,,,,,,,,,,,,,,,,,,,,,,,,,,,,,,,,,,,,,,,,,,,,,,,,,,,,,,,,,,,,,,,,,,
C3_arbitration_MPC,sensor_dropout,19028,10.826545385214931,4.73159198394702,0.4178240035235247,,1,0.0,0.0,4.01,0.6672212978369384,1.0,3.0,0.33277870216306155,0.6672212978369384,0.0,0.0,0.0,0.0,6233.905352072406,104.34836373640736,0,0,0,0,0,,0,61.174391735589744,0.42252306366912784,0.01056419960416496,0.008097934618186713,0.44118519789147953,61.21018595051793,8.205009200000859,0.3471331455598059,0.33869397380194355,0.4553563298052101,0.2788509059171409,0.3471331455598059,0.33869397380194355,24.52921456597616,17.426656510009774,401,verified_frozen_c4_development_runs,108f7875ec8af675a4aa2dce5bec833735ff499be6ead588d3accce32efe3a15,,,,,0.0,0.0,0.0,0.0,0.0,0.0,0.0,0.0,,,,,0.0,,,,,,,,,,,,,,0.0,True,True,,,,,,,,,,,,,,,,,,,,,,,,,,,,,,,,,,,,,,,,,,,,,,,,,,
E_EKF_virtual_MPC,sensor_dropout,19028,10.822892250763992,4.5669918401620535,0.2753178450584926,,1,0.0,,4.01,0.6672212978369384,,,,,,,,,6261.706648626288,99.32741290936622,0,0,0,0,0,,0,36.22439173542705,0.29183889843357996,0.010150774482891313,,,36.24936942143288,5.08837610000046,,,,,,,,,401,,,,,,,,,,,,,,,,,,,,,,,,,,,,,,,,,0.0,,True,True,601.0,1.0,201.0,0.33444259567387685,0.08016885798240356,0.07275488649750675,0.07275488649750675,24.658851334016482,17.51845432739787,-17.405086345837088,0.22733781289796332,0.1623052127678922,0.1623052127678922,0.10340402555154785,0.09968468790139198,0.09968468790139198,,0.0,0.0,0.0,0.0,1.0,,,1.659539984417702e-08,0.0,0.00032345477336436683,0.00032345477336436683,0.0011989176351481356,0.007170971607771861,0.5578445783418442,0.25005873546241386,0.20980000044801272,0.4769000006490387,0.7227000023704022,0.8605000002717134,601.0,0.5419988352369061,0.4870000011578668,0.9880000034172554,1.327300000411924,1.510899997811066,121.0,36.22439173542705,24.788399998215027,77.4983000010252,99.5400600011635,137.03290000194102,fixed_nominal
B_plain_MPC,sensor_dropout,19029,27.612124384428004,23.44450636666024,21.081824373543995,,0,0.0,0.0,0.0,0.0,0.0,6.0,1.0,0.0,0.0,0.0,0.0,0.0,15126.68806219096,70.79889846399813,0,0,0,0,0,,0,46.961133057927576,0.0,0.0,0.0,0.0,46.985534710608384,6.2637257000005775,,,,,,,,,0,verified_frozen_c4_development_runs,108f7875ec8af675a4aa2dce5bec833735ff499be6ead588d3accce32efe3a15,,,,,0.0,0.0,0.0,0.0,0.0,0.0,0.0,0.0,,,,,0.0,,,,,,,,,,,,,,,,,,,,,,,,,,,,,,,,,,,,,,,,,,,,,,,,,,,,,,,,,,,,,,,,,,
C1_sensor_MPC,sensor_dropout,19029,10.823953918237274,4.652657410401222,0.3562284088353198,,1,0.0,0.0,4.01,0.6672212978369384,1.0,3.0,0.33277870216306155,0.6672212978369384,0.0,0.0,0.0,0.0,6255.207645276535,99.93567711521887,0,0,0,0,0,,0,38.97474545458464,0.0,0.0,0.0,0.0,38.993213223033656,5.050042500002746,0.24087065733786578,0.21737244151777826,,,0.24087065733786578,0.21737244151777826,24.787121395981313,17.60687060269631,401,rerun_v3_simulate_v3_run,,,,,,,,,,,,,,,,,,,,,,,,,,,,,,,,,,,,,,,,,,,,,,,,,,,,,,,,,,,,,,,,,,,,,,,,,,,,,,,,,,,,
C3_arbitration_MPC,sensor_dropout,19029,10.823953918237274,4.652657410401222,0.3562284088353198,,1,0.0,0.0,4.01,0.6672212978369384,1.0,3.0,0.33277870216306155,0.6672212978369384,0.0,0.0,0.0,0.0,6255.207645276535,99.93567711521887,0,0,0,0,0,,0,62.701051239615055,0.4175784853500436,0.01007986233625585,0.008125817581151433,0.4357841652674509,62.7335289257396,8.375566900000194,0.24087065733786578,0.21737244151777826,0.4276703010005139,0.27870666847972075,0.24087065733786578,0.21737244151777826,24.787121395981313,17.60687060269631,401,verified_frozen_c4_development_runs,108f7875ec8af675a4aa2dce5bec833735ff499be6ead588d3accce32efe3a15,,,,,0.0,0.0,0.0,0.0,0.0,0.0,0.0,0.0,,,,,0.0,,,,,,,,,,,,,,0.0,True,True,,,,,,,,,,,,,,,,,,,,,,,,,,,,,,,,,,,,,,,,,,,,,,,,,,
E_EKF_virtual_MPC,sensor_dropout,19029,10.82261218001324,4.571467054220231,0.35521220653853247,,1,0.0,,4.01,0.6672212978369384,,,,,,,,,6301.8472731885795,107.49639236848355,0,0,0,0,0,,0,39.46230826438318,0.3031414803687568,0.011119104938548724,,,39.48819173552497,5.527584899999056,,,,,,,,,401,,,,,,,,,,,,,,,,,,,,,,,,,,,,,,,,,0.0,,True,True,601.0,1.0,201.0,0.33444259567387685,0.080168857982545,0.07275488649771587,0.07275488649771587,24.699071301507395,17.544629126127305,-17.43553238924991,0.227337812897926,0.16230521276774687,0.16230521276774687,0.103404025551647,0.09968468790154641,0.09968468790154641,,0.0,0.0,0.0,0.0,1.0,,,1.6595399844177016e-08,0.0,0.000323454773364033,0.000323454773364033,0.0011989176351477405,0.007170971607830886,0.5949235799847205,0.27325940092136664,0.21209999977145344,0.5321999997249804,0.8410000009462237,1.026300000376068,601.0,0.5770620632567153,0.48099999912665226,1.093400005629519,1.5835000012884848,1.8198999969172291,121.0,39.46230826438318,28.108800001064083,85.62299999903189,100.14781999852856,122.02279999837629,fixed_nominal
B_plain_MPC,sensor_dropout,19030,27.643975225324642,23.483020442470348,21.165224527458697,,0,0.0,0.0,0.0,0.0,0.0,6.0,1.0,0.0,0.0,0.0,0.0,0.0,15128.222948719003,73.9457936618966,0,0,0,0,0,,0,42.676628925709494,0.0,0.0,0.0,0.0,42.698466115686365,5.641600599999947,,,,,,,,,0,verified_frozen_c4_development_runs,108f7875ec8af675a4aa2dce5bec833735ff499be6ead588d3accce32efe3a15,,,,,0.0,0.0,0.0,0.0,0.0,0.0,0.0,0.0,,,,,0.0,,,,,,,,,,,,,,,,,,,,,,,,,,,,,,,,,,,,,,,,,,,,,,,,,,,,,,,,,,,,,,,,,,
C1_sensor_MPC,sensor_dropout,19030,10.826390684745974,4.745679817389615,0.5257935977508814,,1,0.0,0.0,4.01,0.6672212978369384,1.0,3.0,0.33277870216306155,0.6672212978369384,0.0,0.0,0.0,0.0,6271.7796027235,115.1755088139469,0,0,0,0,0,,0,41.9937404959072,0.0,0.0,0.0,0.0,42.01448925608223,5.4388227999988885,0.37734757588213813,0.3726213113764073,,,0.37734757588213813,0.3726213113764073,24.536752474141544,17.41787725272394,401,rerun_v3_simulate_v3_run,,,,,,,,,,,,,,,,,,,,,,,,,,,,,,,,,,,,,,,,,,,,,,,,,,,,,,,,,,,,,,,,,,,,,,,,,,,,,,,,,,,,
C3_arbitration_MPC,sensor_dropout,19030,10.826390684745974,4.745679817389615,0.5257935977508814,,1,0.0,0.0,4.01,0.6672212978369384,1.0,3.0,0.33277870216306155,0.6672212978369384,0.0,0.0,0.0,0.0,6271.7796027235,115.1755088139469,0,0,0,0,0,,0,63.29355702481065,0.3944712564694163,0.009195524987408197,0.007397074021765499,0.41106385547859,63.324946281073224,8.407800099999804,0.37734757588213813,0.3726213113764073,0.46247238976167454,0.303452409026654,0.37734757588213813,0.3726213113764073,24.536752474141544,17.41787725272394,401,verified_frozen_c4_development_runs,108f7875ec8af675a4aa2dce5bec833735ff499be6ead588d3accce32efe3a15,,,,,0.0,0.0,0.0,0.0,0.0,0.0,0.0,0.0,,,,,0.0,,,,,,,,,,,,,,0.0,True,True,,,,,,,,,,,,,,,,,,,,,,,,,,,,,,,,,,,,,,,,,,,,,,,,,,
E_EKF_virtual_MPC,sensor_dropout,19030,10.821626831542131,4.573278405867723,0.33550922318455645,,1,0.0,,4.01,0.6672212978369384,,,,,,,,,6281.833525516022,105.24598586044009,0,0,0,0,0,,0,35.18556363663318,0.26546333905690345,0.009328399242309488,,,35.20829008266446,4.904927899999166,,,,,,,,,401,,,,,,,,,,,,,,,,,,,,,,,,,,,,,,,,,0.0,,True,True,601.0,1.0,201.0,0.33444259567387685,0.080168857982233,0.0727548864973344,0.0727548864973344,24.704482857328887,17.537034297729132,-17.439316097548037,0.22733781289799257,0.16230521276784043,0.16230521276784043,0.10340402555134683,0.09968468790118791,0.09968468790118791,,0.0,0.0,0.0,0.0,1.0,,,1.6595399844177022e-08,0.0,0.00032345477336425364,0.00032345477336425364,0.0011989176351483051,0.007170971607780821,0.5080282271921028,0.23518901836054792,0.20120000044698827,0.48169999718084,0.6795000008423813,0.9677999987616204,601.0,0.5008362728561264,0.4425000006449409,0.9769000025698915,1.2736999997287057,1.5701999982411508,121.0,35.18556363663318,23.22650000132853,76.91260000137845,95.34600000042701,124.29730000076233,fixed_nominal
