controller,scenario,seed,RMSE,MAE,IAE,ISE,max_abs_error,overshoot_percent,settling_time_s,recovery_time_s,fault_interval_RMSE,fault_interval_IAE,fault_interval_ISE,fault_interval_peak_error,control_effort_sum_u2,control_variation_sum_du2,constraint_violations,voltage_violations,rate_violations,nonfinite_events,optimizer_failures,average_solve_ms,p95_solve_ms,max_solve_ms,mean_iterations,mean_objective_evaluations,tail_oscillation,sensor_substitution_rate,substitution_fraction,recovery_events,false_recovery_events,sensor_recovery_latency_s,medium_mode_fraction,high_mode_fraction,safety_events,study,horizon,control_horizon,warm_start,strategy,move_blocks,max_iterations,component,calls,own_ms,cumulative_ms
B_plain_MPC,nominal_tracking,2026.0,32.82156951763249,30.498545336431835,182.90744971710174,6459.037356653593,42.7615509707213,122.17585991634657,,,32.82156951763249,182.90744971710174,6459.037356653593,42.7615509707213,16923.99999999995,23.999999999999744,0.0,0.0,0.0,0.0,0.0,9.779753718594444,14.379400003235787,25.97079999395646,1.0495867768595042,1.0495867768595042,1.0495506277879514,0.0,0.0,0.0,0.0,,0.0,0.0,0.0,horizon_control,5.0,1.0,True,,,,,,,
B_plain_MPC,step_reference,2026.0,27.804707100018113,25.579675126307603,153.44503975425508,4637.211765217393,37.76155097072137,94.40387742680343,,,27.804707100018113,153.44503975425508,4637.211765217393,37.76155097072137,16923.999999999978,23.99999999999997,0.0,0.0,0.0,0.0,0.0,8.164195867540595,13.929100001405459,19.294799996714573,1.0495867768595042,1.0495867768595042,1.0495506277879514,0.0,0.0,0.0,0.0,,0.0,0.0,0.0,horizon_control,5.0,1.0,True,,,,,,,
B_plain_MPC,load_disturbance,2026.0,26.615416025628395,25.19564047350591,151.11525770765144,4247.566723294695,35.062866971588775,96.4901130502821,,,29.435352763282538,88.10394709594928,2598.607490684676,33.77153956759874,16923.99999999986,23.999999999999538,0.0,0.0,0.0,0.0,0.0,8.689070247632763,14.436400000704452,17.126300001109485,1.0495867768595042,1.0495867768595042,0.879932041573575,0.0,0.0,0.0,0.0,,0.0,0.0,0.0,horizon_control,5.0,1.0,True,,,,,,,
B_plain_MPC,nominal_tracking,2026.0,11.335429778390845,6.986697144909113,41.813976659407814,766.1114989038831,35.06286697158892,19.76644596566355,,,11.335429778390845,41.813976659407814,766.1114989038831,35.06286697158892,8115.399822522405,168.57561960217487,0.0,0.0,0.0,0.0,0.0,22.990061156776413,38.71769999386743,46.91099999763537,1.537190082644628,1.56198347107438,10.355659167560617,0.0,0.0,0.0,0.0,,0.0,0.0,0.0,horizon_control,10.0,1.0,True,,,,,,,
B_plain_MPC,step_reference,2026.0,8.019622672336146,6.167330956811156,36.94917549880354,384.4748888230763,20.062866971588775,14.857083510816462,,,8.019622672336146,36.94917549880354,384.4748888230763,20.062866971588775,8473.868318123285,185.7478333500825,0.0,0.0,0.0,0.0,0.0,23.185487603347784,38.60010000062175,45.6724999967264,1.5206611570247934,1.5702479338842976,8.710232918713444,0.0,0.0,0.0,0.0,,0.0,0.0,0.0,horizon_control,10.0,1.0,True,,,,,,,
B_plain_MPC,load_disturbance,2026.0,11.460933824403867,7.233378900914638,43.28131070657531,783.2534397017453,35.06286697158885,19.709267078437346,,,4.359370857360642,11.235539551816903,57.01206535141088,7.723840184829761,10045.11491333237,164.44074574409592,0.0,0.0,0.0,0.0,0.0,21.997824793213436,34.99210000154562,42.26119999657385,1.5206611570247934,1.5454545454545454,10.414646826124347,0.0,0.0,0.0,0.0,,0.0,0.0,0.0,horizon_control,10.0,1.0,True,,,,,,,
B_plain_MPC,nominal_tracking,2026.0,11.362934985980278,7.072566207277974,42.32302541410358,769.8507980144815,35.062866971588775,19.832739976225103,,,11.362934985980278,42.32302541410358,769.8507980144815,35.062866971588775,8197.903663127132,167.432284262118,0.0,0.0,0.0,0.0,0.0,36.65943388399727,75.8955000055721,83.62629999464843,2.2892561983471076,2.5785123966942147,10.626655424638475,0.0,0.0,0.0,0.0,,0.0,0.0,0.0,horizon_control,10.0,2.0,True,,,,,,,
B_plain_MPC,step_reference,2026.0,8.052510100495947,6.214847509842402,37.23792748576399,387.6705325159761,20.062866971588942,14.98748028800497,,,8.052510100495947,37.23792748576399,387.6705325159761,20.062866971588942,8486.103380514536,182.51828085396158,0.0,0.0,0.0,0.0,0.0,37.3280016528125,74.7369999953662,96.60530000110157,2.3388429752066116,2.56198347107438,9.264686548322189,0.0,0.0,0.0,0.0,,0.0,0.0,0.0,horizon_control,10.0,2.0,True,,,,,,,
B_plain_MPC,load_disturbance,2026.0,11.498564609567865,7.3137976490915,43.76339160339155,788.4376222814645,35.062866971588775,19.801328579506684,,,4.53177484913366,11.651045619838207,61.60698699367925,8.05191302869687,10145.34694501545,162.90815265406005,0.0,0.0,0.0,0.0,0.0,36.586118182061576,74.55069999559782,102.70719999971334,2.28099173553719,2.5702479338842976,10.701295186949679,0.0,0.0,0.0,0.0,,0.0,0.0,0.0,horizon_control,10.0,2.0,True,,,,,,,
B_plain_MPC,nominal_tracking,2026.0,10.890894123091785,5.341886864373177,31.924668239526174,706.7254198881727,35.062866971588775,11.737744308205862,2.54,2.54,10.890894123091785,31.924668239526174,706.7254198881727,35.062866971588775,7526.095890977151,279.7571653793103,0.0,0.0,0.0,0.0,0.0,39.861392561903834,64.45489999896381,82.30230000481242,1.7685950413223142,1.7933884297520661,3.8473158573676187,0.0,0.0,0.0,0.0,,0.0,0.0,0.0,horizon_control,15.0,1.0,True,,,,,,,
B_plain_MPC,step_reference,2026.0,7.550631017003196,4.85259696317304,29.05792037602037,340.6346361010726,20.062866971588775,8.25769268158922,1.25,1.25,7.550631017003196,29.05792037602037,340.6346361010726,20.062866971588775,8491.023190372163,258.0814060248241,0.0,0.0,0.0,0.0,0.0,38.213190909757465,58.538099998258986,79.78469999943627,1.6859504132231404,1.71900826446281,4.517450846861941,0.0,0.0,0.0,0.0,,0.0,0.0,0.0,horizon_control,15.0,1.0,True,,,,,,,
B_plain_MPC,load_disturbance,2026.0,10.875425044939357,5.187092362142846,30.99804504626105,704.7065872399256,35.062866971588775,11.422966959069539,2.5300000000000002,0.0,0.9979894862696654,2.4686734684293583,2.992488972506248,2.0215927159697316,9374.394693283713,218.91633149018816,0.0,0.0,0.0,0.0,0.0,40.07519421507778,63.65200000436744,86.34819999861065,1.7107438016528926,1.7768595041322315,2.3650961076695936,0.0,0.0,0.0,0.0,,0.0,0.0,0.0,horizon_control,15.0,1.0,True,,,,,,,
B_plain_MPC,nominal_tracking,2026.0,10.893482634242869,5.362455478688596,32.051166375693256,707.0685029132368,35.06286697158888,11.714031605258759,2.54,2.54,10.893482634242869,32.051166375693256,707.0685029132368,35.06286697158888,7529.05598427601,273.53058661906437,0.0,0.0,0.0,0.0,0.0,62.67218760307109,106.74589999689488,114.05609999928856,2.487603305785124,2.677685950413223,3.937414945466564,0.0,0.0,0.0,0.0,,0.0,0.0,0.0,horizon_control,15.0,2.0,True,,,,,,,
B_plain_MPC,step_reference,2026.0,7.5525799764598025,4.8650839344349235,29.133700208391836,340.81325070646085,20.062866971588775,8.30066622349575,1.2600000000000002,1.2600000000000002,7.5525799764598025,29.133700208391836,340.81325070646085,20.062866971588775,8558.927864950305,263.1227435593373,0.0,0.0,0.0,0.0,0.0,53.52618677656105,108.34159999649273,133.48150000092573,2.1818181818181817,2.347107438016529,4.497548691542846,0.0,0.0,0.0,0.0,,0.0,0.0,0.0,horizon_control,15.0,2.0,True,,,,,,,
B_plain_MPC,load_disturbance,2026.0,10.880718625946328,5.227557220882926,31.232694364260176,705.3794280082311,35.062866971588775,11.385482400160821,2.56,0.0,1.0515688457611605,2.6035105894071924,3.298853115593106,2.0184171282683963,9363.10320186543,223.07031506815946,0.0,0.0,0.0,0.0,0.0,57.12251322352845,101.48250000202097,123.9378999962355,2.256198347107438,2.512396694214876,2.6312827442425544,0.0,0.0,0.0,0.0,,0.0,0.0,0.0,horizon_control,15.0,2.0,True,,,,,,,
B_plain_MPC,nominal_tracking,2026.0,10.912353882705412,5.487638007807811,32.79641988590142,709.5253577005859,35.062866971588775,11.788619379203475,2.59,2.59,10.912353882705412,32.79641988590142,709.5253577005859,35.062866971588775,7781.16871350739,266.8709314097023,0.0,0.0,0.0,0.0,0.0,68.39230082610916,124.73079999472247,148.29370000370545,2.9338842975206614,3.1074380165289255,4.679813609189274,0.0,0.0,0.0,0.0,,0.0,0.0,0.0,horizon_control,15.0,3.0,True,,,,,,,
B_plain_MPC,step_reference,2026.0,7.565582689489319,4.901503087852279,29.352779812220867,341.99510863439167,20.062866971590505,8.145182544113627,1.2600000000000002,1.2600000000000002,7.565582689489319,29.352779812220867,341.99510863439167,20.062866971590505,8574.368006746,263.54167262537277,0.0,0.0,0.0,0.0,0.0,66.20797190071018,127.46049999987008,146.5916000015568,2.793388429752066,2.9834710743801653,4.504329598246038,0.0,0.0,0.0,0.0,,0.0,0.0,0.0,horizon_control,15.0,3.0,True,,,,,,,
B_plain_MPC,load_disturbance,2026.0,10.880052668814574,5.218103247343419,31.176577361063543,705.2950185984704,35.06286697159447,11.44212793974,2.56,0.0,1.0304247170682654,2.5403090975555913,3.168649375232942,1.850631055676594,9323.775632157405,218.5768835724017,0.0,0.0,0.0,0.0,0.0,77.63376446280384,133.41690000379458,199.18019999749959,2.9669421487603307,3.2644628099173554,2.445392703358742,0.0,0.0,0.0,0.0,,0.0,0.0,0.0,horizon_control,15.0,3.0,True,,,,,,,
B_plain_MPC,nominal_tracking,2026.0,10.803372885869152,4.445871690382403,26.544639232839064,695.3193224313529,35.06286697161365,7.129072848729265,1.51,1.51,10.803372885869152,26.544639232839064,695.3193224313529,35.06286697161365,6189.195211594078,168.762348363735,0.0,0.0,0.0,0.0,0.0,69.02175950423299,114.46499999874504,131.87940000352683,2.12396694214876,2.256198347107438,0.3880469295253235,0.0,0.0,0.0,0.0,,0.0,0.0,0.0,horizon_control,20.0,1.0,True,,,,,,,
B_plain_MPC,step_reference,2026.0,7.061779416955869,3.7991010658191624,22.731914972935193,297.71096534492585,20.06286697159044,5.156549809500621,1.0,1.0,7.061779416955869,22.731914972935193,297.71096534492585,20.06286697159044,7292.403213597174,186.23578376828135,0.0,0.0,0.0,0.0,0.0,62.07265041308903,99.83420000207843,118.65759999636794,1.9173553719008265,2.024793388429752,0.3174921605161174,0.0,0.0,0.0,0.0,,0.0,0.0,0.0,horizon_control,20.0,1.0,True,,,,,,,
B_plain_MPC,load_disturbance,2026.0,10.829563497219825,4.923057640628867,29.40883639343934,698.7216701372961,35.062866971588775,7.76522379175682,1.53,0.0,0.8901943424196616,2.5469256956007733,2.382453362810961,1.7263990821927209,8479.105217431152,179.08537849268706,0.0,0.0,0.0,0.0,0.0,80.04309173528112,126.45479999628151,142.9712999961339,2.2231404958677685,2.3057851239669422,0.5218531180751143,0.0,0.0,0.0,0.0,,0.0,0.0,0.0,horizon_control,20.0,1.0,True,,,,,,,
B_plain_MPC,nominal_tracking,2026.0,10.803509844431115,4.451342942485818,26.57732307740361,695.3370957004194,35.06286697159231,7.1397580722216345,1.51,1.51,10.803509844431115,26.57732307740361,695.3370957004194,35.06286697159231,6180.682805460954,152.74825062481898,0.0,0.0,0.0,0.0,0.0,99.31939586782723,158.30499999719905,302.81079999986105,2.322314049586777,2.9008264462809916,0.41829817737691144,0.0,0.0,0.0,0.0,,0.0,0.0,0.0,horizon_control,20.0,2.0,True,,,,,,,
B_plain_MPC,step_reference,2026.0,7.062987929724288,3.815574461395063,22.8307941367581,297.81351826311555,20.062866971588775,5.124349019881702,0.9900000000000002,0.9900000000000002,7.062987929724288,22.8307941367581,297.81351826311555,20.062866971588775,7312.431412218819,178.73425829181676,0.0,0.0,0.0,0.0,0.0,75.81029586802566,137.5460000053863,169.42269999708515,2.024793388429752,2.446280991735537,0.3884119833862272,0.0,0.0,0.0,0.0,,0.0,0.0,0.0,horizon_control,20.0,2.0,True,,,,,,,
B_plain_MPC,load_disturbance,2026.0,10.832150201705723,4.943372487944298,29.53091684812425,699.0584075265203,35.06286697159043,7.97677768158532,1.54,0.30000000000000027,0.9131702256278675,2.5731621450521764,2.507132042966848,1.8937356699653733,8521.650841354725,180.6337695873107,0.0,0.0,0.0,0.0,0.0,86.28385041324202,137.53580000047805,180.55599999934202,2.3057851239669422,2.768595041322314,0.5975591027230251,0.0,0.0,0.0,0.0,,0.0,0.0,0.0,horizon_control,20.0,2.0,True,,,,,,,
B_plain_MPC,nominal_tracking,2026.0,10.804077699734055,4.460850927442905,26.634492240055796,695.4108407587095,35.062866971588775,7.22429557491649,1.51,1.51,10.804077699734055,26.634492240055796,695.4108407587095,35.062866971588775,6186.1015402459025,150.72732912415745,0.0,0.0,0.0,0.0,0.0,105.78943801657027,173.51480000070296,204.5676999987336,2.925619834710744,3.355371900826446,0.3988661120338364,0.0,0.0,0.0,0.0,,0.0,0.0,0.0,horizon_control,20.0,3.0,True,,,,,,,
B_plain_MPC,step_reference,2026.0,7.063396533983169,3.8121694231453596,22.81029868465672,297.84819831535657,20.062866971588775,5.290908395980072,1.0100000000000002,1.0100000000000002,7.063396533983169,22.81029868465672,297.84819831535657,20.062866971588775,7297.246684361803,175.11342188270797,0.0,0.0,0.0,0.0,0.0,99.45689834728174,188.80640000134008,240.06679999729386,2.4710743801652892,2.809917355371901,0.37519280922188614,0.0,0.0,0.0,0.0,,0.0,0.0,0.0,horizon_control,20.0,3.0,True,,,,,,,
B_plain_MPC,load_disturbance,2026.0,10.831883463315084,4.95297068869938,29.588591501059465,699.0236621331798,35.062866971588775,7.679167604967441,1.53,0.30000000000000027,0.9193593379688972,2.6049940156205924,2.5412103353926963,1.8832396706598828,8527.521151233557,176.98590306928958,0.0,0.0,0.0,0.0,0.0,112.36820743780743,208.619600001839,241.43739999999525,2.8512396694214877,3.371900826446281,0.5495540919043052,0.0,0.0,0.0,0.0,,0.0,0.0,0.0,horizon_control,20.0,3.0,True,,,,,,,
B_plain_MPC,nominal_tracking,2026.0,10.805049180011693,4.471764853358533,26.699993752757482,695.5369979768587,35.062866971588775,7.399087250047773,1.52,1.52,10.805049180011693,26.699993752757482,695.5369979768587,35.062866971588775,6193.654518314347,146.72454100270235,0.0,0.0,0.0,0.0,0.0,114.086670248191,197.96389999828534,241.08479999995325,3.446280991735537,3.8595041322314048,0.4057853164369334,0.0,0.0,0.0,0.0,,0.0,0.0,0.0,horizon_control,20.0,4.0,True,,,,,,,
B_plain_MPC,step_reference,2026.0,7.0618377508381265,3.8078443406025615,22.784201538791415,297.7158322088937,20.062866971590328,4.955583940893096,0.71,0.71,7.0618377508381265,22.784201538791415,297.7158322088937,20.062866971590328,7299.820907435275,177.37152198525928,0.0,0.0,0.0,0.0,0.0,111.81925206607754,255.96789999690372,304.0588999938336,2.884297520661157,3.322314049586777,0.3669286465532551,0.0,0.0,0.0,0.0,,0.0,0.0,0.0,horizon_control,20.0,4.0,True,,,,,,,
B_plain_MPC,load_disturbance,2026.0,10.832290641954105,4.949149393781978,29.565625591449532,699.0766775882594,35.062866971588775,7.927931740044483,1.54,0.29000000000000004,0.9130390062426306,2.5792287832919234,2.506377778908319,1.881467824622753,8528.368399306286,177.9050631102293,0.0,0.0,0.0,0.0,0.0,117.5509966940673,219.34100000362378,239.9105000004056,3.3388429752066116,3.809917355371901,0.57117288905566,0.0,0.0,0.0,0.0,,0.0,0.0,0.0,horizon_control,20.0,4.0,True,,,,,,,
B_plain_MPC,nominal_tracking,2026.0,10.803372885882792,4.445871690439645,26.544639233182878,695.3193224331242,35.06286697161365,7.129072845365881,1.51,1.51,10.803372885882792,26.544639233182878,695.3193224331242,35.06286697161365,6189.1952114522355,168.7623483667076,0.0,0.0,0.0,0.0,0.0,74.16482562022928,114.88900000404101,129.1073000029428,2.12396694214876,2.256198347107438,0.38804692953956277,0.0,0.0,0.0,0.0,,0.0,0.0,0.0,warm_start,20.0,1.0,False,,,,,,,
B_plain_MPC,step_reference,2026.0,7.061779416989849,3.7991010658386295,22.731914973052,297.71096534781014,20.06286697159044,5.156549808387467,1.0,1.0,7.061779416989849,22.731914973052,297.71096534781014,20.06286697159044,7292.403213532693,186.23578376725527,0.0,0.0,0.0,0.0,0.0,61.1007429748001,100.94419999950333,109.41620000085095,1.9173553719008265,2.024793388429752,0.31749216050113205,0.0,0.0,0.0,0.0,,0.0,0.0,0.0,warm_start,20.0,1.0,False,,,,,,,
B_plain_MPC,load_disturbance,2026.0,10.829563497779102,4.923057641358155,29.408836397820878,698.721670210096,35.062866971588775,7.765223766322151,1.53,0.0,0.8901943437861709,2.546925699518047,2.382453370133532,1.7263990851702502,8479.10521627389,179.08537847933744,0.0,0.0,0.0,0.0,0.0,87.13553388405077,137.4165000015637,181.0960000002524,2.2231404958677685,2.3057851239669422,0.5218531179387611,0.0,0.0,0.0,0.0,,0.0,0.0,0.0,warm_start,20.0,1.0,False,,,,,,,
B_plain_MPC,nominal_tracking,2026.0,10.803372885869152,4.445871690382403,26.544639232839064,695.3193224313529,35.06286697161365,7.129072848729265,1.51,1.51,10.803372885869152,26.544639232839064,695.3193224313529,35.06286697161365,6189.195211594078,168.762348363735,0.0,0.0,0.0,0.0,0.0,83.0233710743309,131.35809999948833,166.34089999570278,2.12396694214876,2.256198347107438,0.3880469295253235,0.0,0.0,0.0,0.0,,0.0,0.0,0.0,warm_start,20.0,1.0,True,,,,,,,
B_plain_MPC,step_reference,2026.0,7.061779416955869,3.7991010658191624,22.731914972935193,297.71096534492585,20.06286697159044,5.156549809500621,1.0,1.0,7.061779416955869,22.731914972935193,297.71096534492585,20.06286697159044,7292.403213597174,186.23578376828135,0.0,0.0,0.0,0.0,0.0,66.88295867772001,116.24180000217166,136.73250000283588,1.9173553719008265,2.024793388429752,0.3174921605161174,0.0,0.0,0.0,0.0,,0.0,0.0,0.0,warm_start,20.0,1.0,True,,,,,,,
B_plain_MPC,load_disturbance,2026.0,10.829563497219825,4.923057640628867,29.40883639343934,698.7216701372961,35.062866971588775,7.76522379175682,1.53,0.0,0.8901943424196616,2.5469256956007733,2.382453362810961,1.7263990821927209,8479.105217431152,179.08537849268706,0.0,0.0,0.0,0.0,0.0,65.96074545489478,105.65810000116471,176.86959999991814,2.2231404958677685,2.3057851239669422,0.5218531180751143,0.0,0.0,0.0,0.0,,0.0,0.0,0.0,warm_start,20.0,1.0,True,,,,,,,
B_plain_MPC,nominal_tracking,2026.0,10.803372885869152,4.445871690382403,26.544639232839064,695.3193224313529,35.06286697161365,7.129072848729265,1.51,1.51,10.803372885869152,26.544639232839064,695.3193224313529,35.06286697161365,6189.195211594078,168.762348363735,0.0,0.0,0.0,0.0,0.0,47.42119421484671,71.2134999994305,87.76729999954114,2.12396694214876,2.256198347107438,0.3880469295253235,0.0,0.0,0.0,0.0,,0.0,0.0,0.0,move_blocking,20.0,1.0,True,selected_multirate_control_horizon,None,,,,,
B_plain_MPC,step_reference,2026.0,7.061779416955869,3.7991010658191624,22.731914972935193,297.71096534492585,20.06286697159044,5.156549809500621,1.0,1.0,7.061779416955869,22.731914972935193,297.71096534492585,20.06286697159044,7292.403213597174,186.23578376828135,0.0,0.0,0.0,0.0,0.0,50.3131818185774,90.05769999930635,101.43789999710862,1.9173553719008265,2.024793388429752,0.3174921605161174,0.0,0.0,0.0,0.0,,0.0,0.0,0.0,move_blocking,20.0,1.0,True,selected_multirate_control_horizon,None,,,,,
B_plain_MPC,load_disturbance,2026.0,10.829563497219825,4.923057640628867,29.40883639343934,698.7216701372961,35.062866971588775,7.76522379175682,1.53,0.0,0.8901943424196616,2.5469256956007733,2.382453362810961,1.7263990821927209,8479.105217431152,179.08537849268706,0.0,0.0,0.0,0.0,0.0,65.61403140492548,104.77540000283625,122.35489999875426,2.2231404958677685,2.3057851239669422,0.5218531180751143,0.0,0.0,0.0,0.0,,0.0,0.0,0.0,move_blocking,20.0,1.0,True,selected_multirate_control_horizon,None,,,,,
B_plain_MPC,nominal_tracking,2026.0,10.805049180011693,4.471764853358533,26.699993752757482,695.5369979768587,35.062866971588775,7.399087250047773,1.52,1.52,10.805049180011693,26.699993752757482,695.5369979768587,35.062866971588775,6193.654518314347,146.72454100270235,0.0,0.0,0.0,0.0,0.0,107.32304380153361,195.50940000044648,252.62910000310512,3.446280991735537,3.8595041322314048,0.4057853164369334,0.0,0.0,0.0,0.0,,0.0,0.0,0.0,move_blocking,20.0,4.0,True,control_interval_blocks,"(5, 5, 5, 5)",,,,,
B_plain_MPC,step_reference,2026.0,7.0618377508381265,3.8078443406025615,22.784201538791415,297.7158322088937,20.062866971590328,4.955583940893096,0.71,0.71,7.0618377508381265,22.784201538791415,297.7158322088937,20.062866971590328,7299.820907435275,177.37152198525928,0.0,0.0,0.0,0.0,0.0,87.93655785108764,177.46690000058152,199.33339999988675,2.884297520661157,3.322314049586777,0.3669286465532551,0.0,0.0,0.0,0.0,,0.0,0.0,0.0,move_blocking,20.0,4.0,True,control_interval_blocks,"(5, 5, 5, 5)",,,,,
B_plain_MPC,load_disturbance,2026.0,10.832290641954105,4.949149393781978,29.565625591449532,699.0766775882594,35.062866971588775,7.927931740044483,1.54,0.29000000000000004,0.9130390062426306,2.5792287832919234,2.506377778908319,1.881467824622753,8528.368399306286,177.9050631102293,0.0,0.0,0.0,0.0,0.0,100.56938181827537,186.53300000005402,214.29950000310782,3.3388429752066116,3.809917355371901,0.57117288905566,0.0,0.0,0.0,0.0,,0.0,0.0,0.0,move_blocking,20.0,4.0,True,control_interval_blocks,"(5, 5, 5, 5)",,,,,
B_plain_MPC,nominal_tracking,2026.0,10.803372885869152,4.445871690382403,26.544639232839064,695.3193224313529,35.06286697161365,7.129072848729265,1.51,1.51,10.803372885869152,26.544639232839064,695.3193224313529,35.06286697161365,6189.195211594078,168.762348363735,0.0,0.0,0.0,0.0,0.0,59.30874545423243,101.1551000046893,121.93789999582805,2.12396694214876,2.256198347107438,0.3880469295253235,0.0,0.0,0.0,0.0,,0.0,0.0,0.0,max_iterations,20.0,,,selected_multirate_control_horizon,,8.0,,,,
B_plain_MPC,step_reference,2026.0,7.061779416955869,3.7991010658191624,22.731914972935193,297.71096534492585,20.06286697159044,5.156549809500621,1.0,1.0,7.061779416955869,22.731914972935193,297.71096534492585,20.06286697159044,7292.403213597174,186.23578376828135,0.0,0.0,0.0,0.0,0.0,50.73787024780321,86.64750000025379,111.48079999838956,1.9173553719008265,2.024793388429752,0.3174921605161174,0.0,0.0,0.0,0.0,,0.0,0.0,0.0,max_iterations,20.0,,,selected_multirate_control_horizon,,8.0,,,,
B_plain_MPC,load_disturbance,2026.0,10.829563497219825,4.923057640628867,29.40883639343934,698.7216701372961,35.062866971588775,7.76522379175682,1.53,0.0,0.8901943424196616,2.5469256956007733,2.382453362810961,1.7263990821927209,8479.105217431152,179.08537849268706,0.0,0.0,0.0,0.0,0.0,55.08279421506017,88.06229999754578,104.27079999499256,2.2231404958677685,2.3057851239669422,0.5218531180751143,0.0,0.0,0.0,0.0,,0.0,0.0,0.0,max_iterations,20.0,,,selected_multirate_control_horizon,,8.0,,,,
B_plain_MPC,nominal_tracking,2026.0,10.803372885869152,4.445871690382403,26.544639232839064,695.3193224313529,35.06286697161365,7.129072848729265,1.51,1.51,10.803372885869152,26.544639232839064,695.3193224313529,35.06286697161365,6189.195211594078,168.762348363735,0.0,0.0,0.0,0.0,0.0,61.44007438026976,100.0038999991375,121.64100000518374,2.12396694214876,2.256198347107438,0.3880469295253235,0.0,0.0,0.0,0.0,,0.0,0.0,0.0,max_iterations,20.0,,,selected_multirate_control_horizon,,12.0,,,,
B_plain_MPC,step_reference,2026.0,7.061779416955869,3.7991010658191624,22.731914972935193,297.71096534492585,20.06286697159044,5.156549809500621,1.0,1.0,7.061779416955869,22.731914972935193,297.71096534492585,20.06286697159044,7292.403213597174,186.23578376828135,0.0,0.0,0.0,0.0,0.0,53.35376033056018,92.04999999928987,124.81799999659415,1.9173553719008265,2.024793388429752,0.3174921605161174,0.0,0.0,0.0,0.0,,0.0,0.0,0.0,max_iterations,20.0,,,selected_multirate_control_horizon,,12.0,,,,
B_plain_MPC,load_disturbance,2026.0,10.829563497219825,4.923057640628867,29.40883639343934,698.7216701372961,35.062866971588775,7.76522379175682,1.53,0.0,0.8901943424196616,2.5469256956007733,2.382453362810961,1.7263990821927209,8479.105217431152,179.08537849268706,0.0,0.0,0.0,0.0,0.0,60.89459421491483,95.11889999703271,116.60590000246884,2.2231404958677685,2.3057851239669422,0.5218531180751143,0.0,0.0,0.0,0.0,,0.0,0.0,0.0,max_iterations,20.0,,,selected_multirate_control_horizon,,12.0,,,,
B_plain_MPC,nominal_tracking,2026.0,10.803372885869152,4.445871690382403,26.544639232839064,695.3193224313529,35.06286697161365,7.129072848729265,1.51,1.51,10.803372885869152,26.544639232839064,695.3193224313529,35.06286697161365,6189.195211594078,168.762348363735,0.0,0.0,0.0,0.0,0.0,68.94487190097118,118.30449999979464,147.1934000001056,2.12396694214876,2.256198347107438,0.3880469295253235,0.0,0.0,0.0,0.0,,0.0,0.0,0.0,max_iterations,20.0,,,selected_multirate_control_horizon,,25.0,,,,
B_plain_MPC,step_reference,2026.0,7.061779416955869,3.7991010658191624,22.731914972935193,297.71096534492585,20.06286697159044,5.156549809500621,1.0,1.0,7.061779416955869,22.731914972935193,297.71096534492585,20.06286697159044,7292.403213597174,186.23578376828135,0.0,0.0,0.0,0.0,0.0,61.66809173647222,118.69000000297092,128.22880000021541,1.9173553719008265,2.024793388429752,0.3174921605161174,0.0,0.0,0.0,0.0,,0.0,0.0,0.0,max_iterations,20.0,,,selected_multirate_control_horizon,,25.0,,,,
B_plain_MPC,load_disturbance,2026.0,10.829563497219825,4.923057640628867,29.40883639343934,698.7216701372961,35.062866971588775,7.76522379175682,1.53,0.0,0.8901943424196616,2.5469256956007733,2.382453362810961,1.7263990821927209,8479.105217431152,179.08537849268706,0.0,0.0,0.0,0.0,0.0,71.15472892558103,115.47069999505766,133.90919999801554,2.2231404958677685,2.3057851239669422,0.5218531180751143,0.0,0.0,0.0,0.0,,0.0,0.0,0.0,max_iterations,20.0,,,selected_multirate_control_horizon,,25.0,,,,
,,,,,,,,,,,,,,,,,,,,,,,,,,,,,,,,,,,,profile,,,,,,,compute_control,1.0,0.2882,290.50210000000004
,,,,,,,,,,,,,,,,,,,,,,,,,,,,,,,,,,,,profile,,,,,,,_minimize_slsqp,1.0,0.6482,265.91580000000005
,,,,,,,,,,,,,,,,,,,,,,,,,,,,,,,,,,,,profile,,,,,,,objective,10.0,7.1986,261.21500000000003
,,,,,,,,,,,,,,,,,,,,,,,,,,,,,,,,,,,,profile,,,,,,,_rollout,5.0,14.3434,141.83290000000002
,,,,,,,,,,,,,,,,,,,,,,,,,,,,,,,,,,,,profile,,,,,,,_engine_run_backward,5.0,0.14470000000000002,104.86370000000001
B_plain_MPC,nominal_tracking,12026.0,10.811093855587577,4.489026602592475,26.803972077904714,696.3222984188017,35.0628669715951,8.889754885851481,1.57,1.57,10.811093855587577,26.803972077904714,696.3222984188017,35.0628669715951,6214.635807884521,149.72814903819935,0.0,0.0,0.0,0.0,0.0,82.77726280988841,144.02759999939008,188.30270000034943,2.3636363636363638,2.9173553719008263,0.22901812917067588,0.0,0.0,0.0,0.0,,0.0,0.0,0.0,final_runtime,,,,,,,,,,
C_sensor_MPC,nominal_tracking,12026.0,10.811093855587577,4.489026602592475,26.803972077904714,696.3222984188017,35.0628669715951,8.889754885851481,1.57,1.57,10.811093855587577,26.803972077904714,696.3222984188017,35.0628669715951,6214.635807884521,149.72814903819935,0.0,0.0,0.0,0.0,0.0,80.56924297539989,145.58840000245254,155.90620000148192,2.3636363636363638,2.9173553719008263,0.22901812917067588,0.0,0.0,0.0,0.0,,0.0,0.0,0.0,final_runtime,,,,,,,,,,
D_adaptive,nominal_tracking,12026.0,10.837582114914374,4.606112313547761,27.507673571603316,699.7686476912485,35.0628669715951,12.667609701280043,1.69,1.69,10.837582114914374,27.507673571603316,699.7686476912485,35.0628669715951,6296.767894148452,145.39565367570637,0.0,0.0,0.0,0.0,0.0,85.33468429743137,152.9623999958858,182.17860000004293,2.2148760330578514,2.8016528925619837,0.2204457808195528,0.0,0.0,0.0,0.0,,0.02329450915141431,0.011647254575707155,0.0,final_runtime,,,,,,,,,,
B_plain_MPC,step_reference,12026.0,7.055396496426161,3.7763340691885294,22.59558049324045,297.16949751445816,20.062866971588775,3.7917498190173937,0.71,0.71,7.055396496426161,22.59558049324045,297.16949751445816,20.062866971588775,7247.8598755345265,195.0903476740816,0.0,0.0,0.0,0.0,0.0,82.87987272703225,149.38850000180537,223.01359999983106,2.1818181818181817,2.677685950413223,0.5450712786362715,0.0,0.0,0.0,0.0,,0.0,0.0,0.0,final_runtime,,,,,,,,,,
C_sensor_MPC,step_reference,12026.0,7.055364736525674,3.776263357390654,22.59499562164222,297.1667870046181,20.062866971588775,3.7917498190173937,0.71,0.71,7.055364736525674,22.59499562164222,297.1667870046181,20.062866971588775,7248.628116952299,193.05818479048375,0.0,0.0,0.0,0.0,0.0,86.2849950410973,184.02139999670908,241.0922999988543,2.206611570247934,2.669421487603306,0.5205169601405331,0.0016638935108153079,0.0016638935108153079,0.0,0.0,,0.0,0.0,0.0,final_runtime,,,,,,,,,,
D_adaptive,step_reference,12026.0,7.055432001459283,3.779065933833606,22.612015616799663,297.17250974658657,20.062866971588775,3.7917498190173937,0.71,0.71,7.055432001459283,22.612015616799663,297.17250974658657,20.062866971588775,7249.836773531455,191.07356488462463,0.0,0.0,0.0,0.0,0.0,107.08546280980684,174.40239999996265,225.9249999988242,2.1983471074380163,2.6859504132231407,0.5783030233503297,0.0016638935108153079,0.0016638935108153079,0.0,0.0,,0.12479201331114809,0.0,0.0,final_runtime,,,,,,,,,,
B_plain_MPC,changing_reference,12026.0,7.2389812112387135,4.285016449797138,25.652171127977365,312.94100137532894,20.06286697158965,37.521543557519074,0.7599999999999998,0.7599999999999998,7.2389812112387135,25.652171127977365,312.94100137532894,20.06286697158965,6664.196336765178,223.32509449287772,0.0,0.0,0.0,0.0,0.0,93.96898429745795,191.55710000632098,222.32939999958035,1.9504132231404958,2.28099173553719,1.9156323564989037,0.0,0.0,0.0,0.0,,0.0,0.0,0.0,final_runtime,,,,,,,,,,
C_sensor_MPC,changing_reference,12026.0,7.2389812112387135,4.285016449797138,25.652171127977365,312.94100137532894,20.06286697158965,37.521543557519074,0.7599999999999998,0.7599999999999998,7.2389812112387135,25.652171127977365,312.94100137532894,20.06286697158965,6664.196336765178,223.32509449287772,0.0,0.0,0.0,0.0,0.0,78.18536859494922,148.67560000129743,249.04919999971753,1.9504132231404958,2.28099173553719,1.9156323564989037,0.0,0.0,0.0,0.0,,0.0,0.0,0.0,final_runtime,,,,,,,,,,
D_adaptive,changing_reference,12026.0,7.2389812112387135,4.285016449797138,25.652171127977365,312.94100137532894,20.06286697158965,37.521543557519074,0.7599999999999998,0.7599999999999998,7.2389812112387135,25.652171127977365,312.94100137532894,20.06286697158965,6664.196336765178,223.32509449287772,0.0,0.0,0.0,0.0,0.0,75.82705041345773,147.6433999996516,209.52150000084657,1.9504132231404958,2.28099173553719,1.9156323564989037,0.0,0.0,0.0,0.0,,0.026622296173044926,0.009983361064891847,0.0,final_runtime,,,,,,,,,,
B_plain_MPC,load_disturbance,12026.0,10.826864480866758,4.859301123624462,29.025916170802923,698.3707497982351,35.062866971600016,8.42791640264697,1.56,0.0,0.8456872826763443,2.401425477501377,2.1502624746723997,1.6566231239282558,8475.051072018845,163.1941243725058,0.0,0.0,0.0,0.0,0.0,88.64218016549049,150.1131000040914,162.6269999978831,2.2975206611570247,2.8181818181818183,0.285265988202994,0.0,0.0,0.0,0.0,,0.0,0.0,0.0,final_runtime,,,,,,,,,,
C_sensor_MPC,load_disturbance,12026.0,10.826864480866758,4.859301123624462,29.025916170802923,698.3707497982351,35.062866971600016,8.42791640264697,1.56,0.0,0.8456872826763443,2.401425477501377,2.1502624746723997,1.6566231239282558,8475.051072018845,163.1941243725058,0.0,0.0,0.0,0.0,0.0,91.47363057842792,146.23690000007628,181.22030000085942,2.2975206611570247,2.8181818181818183,0.285265988202994,0.0,0.0,0.0,0.0,,0.0,0.0,0.0,final_runtime,,,,,,,,,,
D_adaptive,load_disturbance,12026.0,10.87052372653877,5.016774286897331,29.97223272076582,704.0638350515625,35.062866971600016,14.355993693208566,1.74,0.0,0.8577536754741727,2.4135957011376714,2.2118464982803587,1.7125277377210537,8547.056874746273,145.5144044796826,0.0,0.0,0.0,0.0,0.0,84.56898925653736,132.7383000025293,164.35819999605883,2.239669421487603,2.743801652892562,0.252122031050277,0.0,0.0,0.0,0.0,,0.10316139767054909,0.018302828618968387,0.0,final_runtime,,,,,,,,,,
B_plain_MPC,sensor_noise,12026.0,10.836965423721374,4.815182467868532,28.7638041633856,699.6882766098694,35.062866971589905,8.077458278762565,1.55,0.0,1.3860865094296602,2.278627754864199,3.8380754103176873,2.8212660206992553,6500.161454084628,238.9623608294189,0.0,0.0,0.0,0.0,0.0,82.14681404921772,143.5286999985692,152.58539999922505,2.2479338842975207,2.644628099173554,0.3392236276485434,0.0,0.0,0.0,0.0,,0.0,0.0,0.0,final_runtime,,,,,,,,,,
C_sensor_MPC,sensor_noise,12026.0,10.811484291826561,4.640144155948735,27.71020416473331,696.3721869363046,35.062866971589905,8.077458278762565,1.55,0.0,0.3691629348071578,0.6804679377370411,0.2716634075019313,0.6310190737869092,6112.632069023623,91.14177584034633,0.0,0.0,0.0,0.0,0.0,51.92660495892844,115.58250000234693,159.70750000269618,1.4462809917355373,1.7024793388429753,0.13457553796209254,0.6638935108153078,0.6638935108153078,0.0,0.0,,0.0,0.0,0.0,final_runtime,,,,,,,,,,
D_adaptive,sensor_noise,12026.0,10.887352206887224,5.049004768555192,30.168460281131072,706.2667488088911,35.062866971589905,14.940145539641085,1.75,0.0,1.3345784405452645,2.3368024602731827,3.552391153822543,2.7660488197392255,6559.917780840199,111.79931635700066,0.0,0.0,0.0,0.0,0.0,54.34326198330141,121.2526999952388,177.8764000046067,1.487603305785124,1.71900826446281,0.1439008545719247,0.6605657237936772,0.6605657237936772,0.0,0.0,,0.019966722129783693,0.018302828618968387,0.0,final_runtime,,,,,,,,,,
B_plain_MPC,bias_5,12026.0,10.9589322981083,5.518686746087852,32.99056661855243,715.6645586332645,35.06286697159359,10.357478135439127,1.62,0.16999999999999993,2.870203546489287,5.175154662695332,16.4241257861257,4.49671675507896,6623.136116415211,219.0294916456082,0.0,0.0,0.0,0.0,0.0,81.57935785129666,139.1552999994019,171.2444000004325,2.15702479338843,2.5454545454545454,0.5109207904587478,0.0,0.0,0.0,0.0,,0.0,0.0,0.0,final_runtime,,,,,,,,,,
C_sensor_MPC,bias_5,12026.0,10.822360751445332,4.627938714582447,27.63732935405199,697.7866875812015,35.06286697159359,10.357478135439127,1.62,0.0,0.23795457848011653,0.3509041479456529,0.11096557638759631,0.629521289185881,6177.41187188057,84.31976606774586,0.0,0.0,0.0,0.0,0.0,49.079547107771944,114.2794999977923,143.51519999763696,1.3388429752066116,1.578512396694215,0.11457091487401527,0.6672212978369384,0.6672212978369384,0.0,0.0,,0.0,0.0,0.0,final_runtime,,,,,,,,,,
D_adaptive,bias_5,12026.0,10.833801212923227,4.702026940283456,28.08226274753099,699.2754681762683,35.06286697159359,11.59256251000126,1.6600000000000001,0.0,0.4375839519614183,0.5744419047385112,0.3762734656760182,1.198935414464323,6302.736986900309,99.73867378729277,0.0,0.0,0.0,0.0,0.0,54.818440495926716,119.64779999834718,154.08100000058766,1.462809917355372,1.7024793388429753,0.17837151126192197,0.6672212978369384,0.6672212978369384,0.0,0.0,,0.033277870216306155,0.0,0.0,final_runtime,,,,,,,,,,
B_plain_MPC,bias_15,12026.0,11.821280285714357,7.37025251064663,44.120025884142876,833.7284248862982,35.062866971588775,9.354896207856456,1.59,0.8500000000000005,7.484236796543491,12.983800638788168,111.63425159729061,10.465591182893878,6948.603696011084,260.16453844671906,0.0,0.0,0.0,0.0,0.0,69.72880082634039,135.38600000174483,162.1887000001152,1.9834710743801653,2.2231404958677685,2.2623439078888907,0.0,0.0,0.0,0.0,,0.0,0.0,0.0,final_runtime,,,,,,,,,,
C_sensor_MPC,bias_15,12026.0,10.819557806593759,4.716671766844353,28.169802495018576,697.4214680565199,35.062866971588775,9.354896207856456,1.59,0.0,0.47641968821365216,0.8758646505762034,0.4531785280103459,0.9104997160412651,6153.791828235681,100.04488478742776,0.0,0.0,0.0,0.0,0.0,53.35486776901174,121.4311000003363,155.90009999868926,1.4958677685950412,1.743801652892562,0.1339538022915434,0.6688851913477537,0.6688851913477537,0.0,0.0,,0.0,0.0,0.0,final_runtime,,,,,,,,,,
D_adaptive,bias_15,12026.0,10.846162391373982,4.7965864975635695,28.650555579091222,700.8860796890094,35.062866971588775,12.359981740380245,2.1,0.0,0.6542023697419039,0.8726801678023174,0.8306031029247272,2.227721199417637,6337.376564440329,105.53561359771663,0.0,0.0,0.0,0.0,0.0,57.94945537208383,126.66190000163624,177.75690000416944,1.5289256198347108,1.7272727272727273,0.10776706863187968,0.6688851913477537,0.6688851913477537,0.0,0.0,,0.1281198003327787,0.0,0.0,final_runtime,,,,,,,,,,
B_plain_MPC,sensor_dropout,12026.0,27.70121795803273,23.52950459747971,141.02919346841492,4597.0298832627495,41.62583248763657,118.93094996467592,1.55,,21.309592493818165,37.01812315528158,902.6689632333344,33.24170691883967,15131.079806485528,72.62978196149317,0.0,0.0,0.0,0.0,0.0,39.53454628094169,76.2142000021413,152.40669999911916,1.1983471074380165,1.2479338842975207,2.521012235572755,0.0,0.0,0.0,0.0,,0.0,0.0,0.0,final_runtime,,,,,,,,,,
C_sensor_MPC,sensor_dropout,12026.0,10.815349367904577,4.620858689317373,27.594439786204042,696.8746715190227,35.062866971588775,8.213056130103869,1.55,0.0,0.3815471164086045,0.5151768456873248,0.2875942832008698,1.1087191496478823,6244.576616455001,102.81087940289184,0.0,0.0,0.0,0.0,0.0,53.50910991727093,128.8048999995226,176.47320000105537,1.4545454545454546,1.7024793388429753,0.11013368804484713,0.6672212978369384,0.6672212978369384,0.0,0.0,,0.0,0.0,0.0,final_runtime,,,,,,,,,,
D_adaptive,sensor_dropout,12026.0,10.87861849884137,5.046833635294963,30.155285249933133,705.1242052676912,35.062866971588775,13.074634195180295,2.69,0.0,1.4644417598745456,2.3772488913876497,4.260999311001743,2.934504738544206,6778.504349617773,136.79531942041706,0.0,0.0,0.0,0.0,0.0,67.74177024816115,127.71819999761647,187.35379999998258,1.7355371900826446,2.1404958677685952,0.31418046825702817,0.6672212978369384,0.6672212978369384,0.0,0.0,,0.8169717138103162,0.009983361064891847,0.0,final_runtime,,,,,,,,,,
B_plain_MPC,sensor_drift,12026.0,11.582406817370327,7.362162338781311,44.027576134984855,799.7418639278172,35.06286697158898,7.970304983537813,1.54,0.0,5.099940989852852,17.72998341181054,103.91010393017115,8.803904218165687,5357.275846276357,144.85489763978646,0.0,0.0,0.0,0.0,0.0,89.525722314061,156.84000000328524,189.00420000136364,2.15702479338843,2.768595041322314,2.364183818379921,0.0,0.0,0.0,0.0,,0.0,0.0,0.0,final_runtime,,,,,,,,,,
C_sensor_MPC,sensor_drift,12026.0,11.582406817370327,7.362162338781311,44.027576134984855,799.7418639278172,35.06286697158898,7.970304983537813,1.54,0.0,5.099940989852852,17.72998341181054,103.91010393017115,8.803904218165687,5357.275846276357,144.85489763978646,0.0,0.0,0.0,0.0,0.0,89.47185041318689,151.75850000377977,205.74040000064997,2.15702479338843,2.768595041322314,2.364183818379921,0.009983361064891847,0.009983361064891847,1.0,0.0,,0.0,0.0,0.0,final_runtime,,,,,,,,,,
D_adaptive,sensor_drift,12026.0,11.602414405361403,7.460653379009356,44.61958733658338,802.5311449757926,35.06286697158898,11.371333809427,1.67,0.0,5.102047403312142,17.737802047085175,103.99309890747394,8.787894252569753,5474.022556124187,149.96424245810104,0.0,0.0,0.0,0.0,0.0,87.41097933899472,154.83600000152364,205.1770999969449,2.1404958677685952,2.6611570247933884,2.3816694306877686,0.009983361064891847,0.009983361064891847,1.0,0.0,,0.12146422628951747,0.0,0.0,final_runtime,,,,,,,,,,
B_plain_MPC,parameter_variation,12026.0,10.816338654886378,4.737550164141207,28.293907465742944,697.0011820986311,35.062866971588775,7.947954042559806,1.54,0.0,0.6453596817003346,1.9056858755672537,1.2507872653962289,0.867005108813494,7763.929271482504,128.80768414221168,0.0,0.0,0.0,0.0,0.0,85.94746611582323,139.47490000282414,159.52660000039032,2.1983471074380163,2.8264462809917354,0.18370822251234387,0.0,0.0,0.0,0.0,,0.0,0.0,0.0,final_runtime,,,,,,,,,,
C_sensor_MPC,parameter_variation,12026.0,10.816338654886378,4.737550164141207,28.293907465742944,697.0011820986311,35.062866971588775,7.947954042559806,1.54,0.0,0.6453596817003346,1.9056858755672537,1.2507872653962289,0.867005108813494,7763.929271482504,128.80768414221168,0.0,0.0,0.0,0.0,0.0,90.45959999945981,150.39769999566488,168.68000000249594,2.1983471074380163,2.8264462809917354,0.18370822251234387,0.0,0.0,0.0,0.0,,0.0,0.0,0.0,final_runtime,,,,,,,,,,
D_adaptive,parameter_variation,12026.0,10.840616290877408,4.890105411990535,29.210724229173756,700.161056863322,35.062866971588775,11.358953960290725,1.67,0.0,0.6475561136768963,1.9108050721670362,1.2592778515333398,0.8666588390615857,7891.154760499627,131.19503050629262,0.0,0.0,0.0,0.0,0.0,89.75129917325079,138.55060000059893,171.12689999339636,2.074380165289256,2.8016528925619837,0.17517946529378747,0.0,0.0,0.0,0.0,,0.16638935108153077,0.0,0.0,final_runtime,,,,,,,,,,
B_plain_MPC,combined_fault_load,12026.0,11.161734179561405,6.3135458547783045,37.75042067581279,742.5545791230551,35.06286697159702,6.132553735876444,1.46,,3.980265916938184,11.560936655806017,47.613781411111276,6.366803653211559,7863.644335625777,173.06956825573732,0.0,0.0,0.0,0.0,0.0,86.16888760328091,144.55399999860674,183.76569999963976,2.1735537190082646,2.7107438016528924,0.26761893632739486,0.0,0.0,0.0,0.0,,0.0,0.0,0.0,final_runtime,,,,,,,,,,
C_sensor_MPC,combined_fault_load,12026.0,13.604150980851673,9.77702561730314,58.50501999952387,1104.8863441182489,35.06286697159702,6.132553735876444,1.46,,11.688403909355175,32.315535979517094,409.94554640630497,15.980792093600847,6058.492216373025,93.36844530321751,0.0,0.0,0.0,0.0,0.0,60.11902066108805,138.7756000040099,186.4447999978438,1.5702479338842976,1.9256198347107438,2.005351506318025,0.5008319467554077,0.5008319467554077,0.0,0.0,,0.0,0.0,0.0,final_runtime,,,,,,,,,,
D_adaptive,combined_fault_load,12026.0,13.62545700956521,10.006152232482481,59.88205751408125,1108.3726448393738,35.06286697159702,8.67700292743915,2.06,,11.688699950611982,32.31722621941734,409.9659075525956,15.983480627692103,6303.452903043916,101.42312050483972,0.0,0.0,0.0,0.0,0.0,56.266727272569284,123.12559999554651,150.5003000056604,1.4545454545454546,1.6859504132231404,2.0329822962979236,0.5008319467554077,0.5008319467554077,0.0,0.0,,0.19633943427620631,0.0,0.0,final_runtime,,,,,,,,,,
B_plain_MPC,nominal_tracking,12027.0,10.809553138777511,4.517506843944034,26.97487350918267,696.122075272836,35.06286697159596,8.267166298576791,1.55,1.55,10.809553138777511,26.97487350918267,696.122075272836,35.06286697159596,6253.412462171621,139.75254015620817,0.0,0.0,0.0,0.0,0.0,106.61400082650545,179.94570000155363,242.95839999831514,2.1818181818181817,2.793388429752066,0.46646924733110495,0.0,0.0,0.0,0.0,,0.0,0.0,0.0,final_runtime,,,,,,,,,,
C_sensor_MPC,nominal_tracking,12027.0,10.809476294586625,4.5143981899352665,26.956192214554846,696.112091113503,35.06286697159596,8.267166298576791,1.55,1.55,10.809476294586625,26.956192214554846,696.112091113503,35.06286697159596,6242.944992767456,139.1728815933194,0.0,0.0,0.0,0.0,0.0,58.42434380190016,92.04809999937424,146.82670000183862,2.2231404958677685,2.7768595041322315,0.46399999433045735,0.0016638935108153079,0.0016638935108153079,0.0,0.0,,0.0,0.0,0.0,final_runtime,,,,,,,,,,
D_adaptive,nominal_tracking,12027.0,10.831287525369266,4.627585490322847,27.636448209787087,698.9488814379833,35.06286697159596,11.59430413190295,1.68,1.68,10.831287525369266,27.636448209787087,698.9488814379833,35.06286697159596,6334.84419588964,144.35309504820214,0.0,0.0,0.0,0.0,0.0,63.53150743793663,109.54329999367474,156.579900001816,2.2479338842975207,2.84297520661157,0.46357114867331006,0.0016638935108153079,0.0016638935108153079,0.0,0.0,,0.06821963394342762,0.0016638935108153079,0.0,final_runtime,,,,,,,,,,
B_plain_MPC,step_reference,12027.0,7.053641666200994,3.7296348975708136,22.315092967429717,297.0207031059531,20.06286697158907,3.7747644269330216,0.71,0.71,7.053641666200994,22.315092967429717,297.0207031059531,20.06286697158907,7115.806417332449,154.28304833686934,0.0,0.0,0.0,0.0,0.0,54.5297123967768,88.74220000143396,113.74589999468299,2.1404958677685952,2.628099173553719,0.08780518912838886,0.0,0.0,0.0,0.0,,0.0,0.0,0.0,final_runtime,,,,,,,,,,
C_sensor_MPC,step_reference,12027.0,7.053641666200994,3.7296348975708136,22.315092967429717,297.0207031059531,20.06286697158907,3.7747644269330216,0.71,0.71,7.053641666200994,22.315092967429717,297.0207031059531,20.06286697158907,7115.806417332449,154.28304833686934,0.0,0.0,0.0,0.0,0.0,55.22342396718219,95.61760000360664,164.2610000053537,2.1404958677685952,2.628099173553719,0.08780518912838886,0.0,0.0,0.0,0.0,,0.0,0.0,0.0,final_runtime,,,,,,,,,,
D_adaptive,step_reference,12027.0,7.053641666200994,3.7296348975708136,22.315092967429717,297.0207031059531,20.06286697158907,3.7747644269330216,0.71,0.71,7.053641666200994,22.315092967429717,297.0207031059531,20.06286697158907,7115.806417332449,154.28304833686934,0.0,0.0,0.0,0.0,0.0,76.18423471117127,161.47759999876143,196.7635999972117,2.1404958677685952,2.628099173553719,0.08780518912838886,0.0,0.0,0.0,0.0,,0.03494176372712146,0.0033277870216306157,0.0,final_runtime,,,,,,,,,,
B_plain_MPC,changing_reference,12027.0,7.186841386545095,4.240781699959281,25.386317667230742,308.420519794222,20.062866971588775,37.452931602250246,0.7599999999999998,0.7599999999999998,7.186841386545095,25.386317667230742,308.420519794222,20.062866971588775,6634.343368151303,206.73992823684586,0.0,0.0,0.0,0.0,0.0,75.35234628148302,159.98019999824464,212.50639999925625,1.9008264462809918,2.2975206611570247,1.6801098269131174,0.0,0.0,0.0,0.0,,0.0,0.0,0.0,final_runtime,,,,,,,,,,
C_sensor_MPC,changing_reference,12027.0,7.186841386545095,4.240781699959281,25.386317667230742,308.420519794222,20.062866971588775,37.452931602250246,0.7599999999999998,0.7599999999999998,7.186841386545095,25.386317667230742,308.420519794222,20.062866971588775,6634.343368151303,206.73992823684586,0.0,0.0,0.0,0.0,0.0,86.1121107440385,169.90010000154143,218.20470000238856,1.9008264462809918,2.2975206611570247,1.6801098269131174,0.0,0.0,0.0,0.0,,0.0,0.0,0.0,final_runtime,,,,,,,,,,
D_adaptive,changing_reference,12027.0,7.210805608701077,4.397983130092193,26.33019269081113,310.49369386816153,20.062866971588775,37.452931602250246,1.33,1.33,7.210805608701077,26.33019269081113,310.49369386816153,20.062866971588775,6755.135048023204,206.21712718243853,0.0,0.0,0.0,0.0,0.0,78.00311652843914,153.43620000203373,229.1618999952334,1.859504132231405,2.1735537190082646,3.6180513324659636,0.0,0.0,0.0,0.0,,0.24126455906821964,0.024958402662229616,0.0,final_runtime,,,,,,,,,,
B_plain_MPC,load_disturbance,12027.0,10.819833357062672,4.778915400132606,28.54263020872774,697.4557847207591,35.06286697159437,7.105676787546043,1.51,0.0,0.8670316419733706,2.4782755295433088,2.2600822213830307,1.707821635014696,8296.630976046768,138.80219477381414,0.0,0.0,0.0,0.0,0.0,80.86157851255487,152.6910999964457,249.54599999909988,2.256198347107438,2.743801652892562,0.4370225277730171,0.0,0.0,0.0,0.0,,0.0,0.0,0.0,final_runtime,,,,,,,,,,
C_sensor_MPC,load_disturbance,12027.0,10.819833357062672,4.778915400132606,28.54263020872774,697.4557847207591,35.06286697159437,7.105676787546043,1.51,0.0,0.8670316419733706,2.4782755295433088,2.2600822213830307,1.707821635014696,8296.630976046768,138.80219477381414,0.0,0.0,0.0,0.0,0.0,75.16814958721963,132.60099999752128,178.3272000029683,2.256198347107438,2.743801652892562,0.4370225277730171,0.0,0.0,0.0,0.0,,0.0,0.0,0.0,final_runtime,,,,,,,,,,
D_adaptive,load_disturbance,12027.0,10.83205255587724,4.884753638309659,29.17871012894792,699.0458310619393,35.06286697159437,9.393976402525043,1.59,0.0,0.8800237210410407,2.522258134553371,2.328368572763191,1.7229971918999354,8371.948923756288,127.26040491896886,0.0,0.0,0.0,0.0,0.0,78.58941157015083,149.999300003401,180.08439999539405,2.165289256198347,2.7768595041322315,0.4696664335339875,0.0,0.0,0.0,0.0,,0.2096505823627288,0.0,0.0,final_runtime,,,,,,,,,,
B_plain_MPC,sensor_noise,12027.0,10.849104491885697,4.971671200591084,29.704267956426925,701.2703950304673,35.06286697158948,8.993798898614113,1.56,0.0600000000000005,1.4670664365536734,2.3689081073862197,4.285334577584624,3.14782961451494,6977.30369814297,277.2157959858708,0.0,0.0,0.0,0.0,0.0,66.52103223145674,117.43909999495372,148.19300000090152,2.256198347107438,2.5950413223140494,1.2821331345535185,0.0,0.0,0.0,0.0,,0.0,0.0,0.0,final_runtime,,,,,,,,,,
C_sensor_MPC,sensor_noise,12027.0,10.811218279040128,4.577172388348375,27.331960080736312,696.3377869456403,35.06286697158948,8.479992075136806,1.56,0.0,0.23937061574925486,0.3981232188007855,0.11412628998921995,0.6178549912774827,6124.526844913822,90.30697451943206,0.0,0.0,0.0,0.0,0.0,45.419481817935015,91.5545999960159,169.02060000575148,1.396694214876033,1.5950413223140496,0.09826070231958539,0.6655574043261231,0.6655574043261231,0.0,0.0,,0.0,0.0,0.0,final_runtime,,,,,,,,,,
D_adaptive,sensor_noise,12027.0,10.828419864796095,4.683331135395679,27.969756888390222,698.5747559895353,35.06286697158948,11.024337896375707,1.6500000000000001,0.0,0.3052006616088999,0.4812847856034163,0.18093809853428963,0.9983962388493381,6215.147878596452,93.73401100677718,0.0,0.0,0.0,0.0,0.0,64.11911900837623,157.945999999356,480.0665000002482,1.4462809917355373,1.677685950413223,0.10929684704677811,0.6655574043261231,0.6655574043261231,0.0,0.0,,0.03494176372712146,0.0,0.0,final_runtime,,,,,,,,,,
B_plain_MPC,bias_5,12027.0,10.93880705164903,5.4368773096066,32.4998726045137,713.0164577483998,35.062866971588775,7.947527499590024,1.54,0.20999999999999996,2.7720303070609145,5.097387299870838,15.3240398807049,3.902434251802749,6449.246248302302,205.04737206166374,0.0,0.0,0.0,0.0,0.0,60.87861487616435,94.3044999949052,114.36239999602549,2.190082644628099,2.727272727272727,0.2988937626883157,0.0,0.0,0.0,0.0,,0.0,0.0,0.0,final_runtime,,,,,,,,,,
C_sensor_MPC,bias_5,12027.0,10.810238693975137,4.60697932147878,27.510710456667095,696.2101770482109,35.062866971588775,7.947527499590024,1.54,0.0,0.2985500462862294,0.5197160587713885,0.17787196034551336,0.6408471446777995,6099.959247098399,86.6717592848247,0.0,0.0,0.0,0.0,0.0,36.347658677502395,81.49119999870891,97.60890000325162,1.487603305785124,1.743801652892562,0.1354410610608383,0.6672212978369384,0.6672212978369384,0.0,0.0,,0.0,0.0,0.0,final_runtime,,,,,,,,,,
D_adaptive,bias_5,12027.0,10.87221760954284,4.829363254692439,28.847593216452438,704.2870388149371,35.062866971588775,15.573799180954618,1.77,0.0,0.5215444184950402,0.693140823547447,0.5345993964470509,1.3713426704953733,6396.450314314179,103.1511512099685,0.0,0.0,0.0,0.0,0.0,52.814075206096135,154.34699999605073,175.4434999966179,1.5041322314049588,1.7272727272727273,0.10156545854892585,0.6672212978369384,0.6672212978369384,0.0,0.0,,0.0066555740432612314,0.033277870216306155,0.0,final_runtime,,,,,,,,,,
B_plain_MPC,bias_15,12027.0,11.869448715311925,7.358491413497179,44.04902486750698,840.5866632405077,35.062866971599945,7.082559360473998,1.51,0.46999999999999975,7.842453252158956,14.171488372576293,122.60968783036417,10.452613979512648,6540.79056494115,217.38522668885832,0.0,0.0,0.0,0.0,0.0,54.02622148768605,101.4668999996502,141.6624000048614,2.1322314049586777,2.4297520661157024,1.1002078786433174,0.0,0.0,0.0,0.0,,0.0,0.0,0.0,final_runtime,,,,,,,,,,
C_sensor_MPC,bias_15,12027.0,10.806691605394787,4.592972837461588,27.426777476203483,695.749555114653,35.062866971599945,7.082559360473998,1.51,0.0,0.3204181518192612,0.585666715992174,0.20433617675588758,0.5384775025745938,6062.888736539166,86.46258348994151,0.0,0.0,0.0,0.0,0.0,34.9072107434521,79.53710000583669,107.37779999908525,1.43801652892562,1.6611570247933884,0.10922121724399148,0.6672212978369384,0.6672212978369384,0.0,0.0,,0.0,0.0,0.0,final_runtime,,,,,,,,,,
D_adaptive,bias_15,12027.0,10.841283767536863,4.768427254043427,28.481636679110025,700.2504175667895,35.062866971599945,12.466291367899995,1.68,0.0,0.41573990555750917,0.6670268868861755,0.33510640117025103,1.4086716788256695,6278.24722260926,99.53239791879182,0.0,0.0,0.0,0.0,0.0,38.178166115756554,87.50940000027185,164.08919999958016,1.4462809917355373,1.7272727272727273,0.10614993987857702,0.6672212978369384,0.6672212978369384,0.0,0.0,,0.03993344425956739,0.013311148086522463,0.0,final_runtime,,,,,,,,,,
B_plain_MPC,sensor_dropout,12027.0,27.402083824065723,23.14758449940994,138.7343473457427,4498.006429569924,41.527099142206666,118.64885469201903,1.58,,20.581246147707123,35.38549076983231,841.821928967053,32.72138978201271,14956.17708572395,78.98825333858953,0.0,0.0,0.0,0.0,0.0,28.727723966669657,69.63839999662014,122.25729999772739,1.2396694214876034,1.2892561983471074,2.648826407180593,0.0,0.0,0.0,0.0,,0.0,0.0,0.0,final_runtime,,,,,,,,,,
C_sensor_MPC,sensor_dropout,12027.0,10.814038406425142,4.584641155155339,27.37695847579286,696.7043922478977,35.062866971588775,9.067748873196887,1.58,0.0,0.2670665739194646,0.39589581721300093,0.1424197586183873,0.6362302415947809,6105.611720568325,74.99592750463685,0.0,0.0,0.0,0.0,0.0,60.904936363652624,167.43739999947138,666.8688999998267,1.3388429752066116,1.5289256198347108,0.16843615160210845,0.6672212978369384,0.6672212978369384,0.0,0.0,,0.0,0.0,0.0,final_runtime,,,,,,,,,,
D_adaptive,sensor_dropout,12027.0,10.82841861330806,4.665887622102591,27.86493304060293,698.5746027004255,35.062866971588775,10.988440533858078,1.6400000000000001,0.0,0.4244572611553737,0.5595287370561554,0.35709884251767315,1.1928298462919358,6268.457454447905,98.08320234865494,0.0,0.0,0.0,0.0,0.0,40.52936776867329,99.67399999732152,124.94569999398664,1.5041322314049588,1.743801652892562,0.18770751444591127,0.6672212978369384,0.6672212978369384,0.0,0.0,,0.028286189683860232,0.0,0.0,final_runtime,,,,,,,,,,
B_plain_MPC,sensor_drift,12027.0,11.577878016725426,7.379304036839444,44.12994347272572,799.0998793357518,35.062866971588775,10.357478127143317,1.62,0.0,5.044129618014815,17.456120205748054,101.62638018146147,8.934757735867596,5387.425966564519,140.22242719274325,0.0,0.0,0.0,0.0,0.0,59.62637768580178,93.5064000004786,104.56559999875026,2.1735537190082646,2.760330578512397,2.4689025317258206,0.0,0.0,0.0,0.0,,0.0,0.0,0.0,final_runtime,,,,,,,,,,
C_sensor_MPC,sensor_drift,12027.0,11.577878016725426,7.379304036839444,44.12994347272572,799.0998793357518,35.062866971588775,10.357478127143317,1.62,0.0,5.044129618014815,17.456120205748054,101.62638018146147,8.934757735867596,5387.425966564519,140.22242719274325,0.0,0.0,0.0,0.0,0.0,61.05577107404661,95.86940000008326,191.35970000206726,2.1735537190082646,2.760330578512397,2.4689025317258206,0.0,0.0,0.0,0.0,,0.0,0.0,0.0,final_runtime,,,,,,,,,,
D_adaptive,sensor_drift,12027.0,11.60666024671907,7.514121002702556,44.9403279012948,803.1127678240834,35.062866971588775,12.792119586706638,2.0300000000000002,0.03000000000000025,5.076406225611571,17.74828571632209,102.92281820334793,8.90786498951283,5591.599810322187,145.67259168133702,0.0,0.0,0.0,0.0,0.0,75.53065289292977,127.07689999660943,148.3181000003242,2.115702479338843,2.5950413223140494,2.439278651293357,0.0,0.0,0.0,0.0,,0.2512479201331115,0.0,0.0,final_runtime,,,,,,,,,,
B_plain_MPC,parameter_variation,12027.0,10.826910666678476,4.854852972730023,28.998713766529136,698.3760628425739,35.062866971598694,8.658123726221813,1.56,0.0,0.7144319676932436,2.1032619613619996,1.5331460634648997,0.8953009912353522,7924.024099665054,151.62850168774523,0.0,0.0,0.0,0.0,0.0,82.20460991714774,140.2315000013914,195.43809999595396,2.231404958677686,2.793388429752066,0.43017156511204746,0.0,0.0,0.0,0.0,,0.0,0.0,0.0,final_runtime,,,,,,,,,,
C_sensor_MPC,parameter_variation,12027.0,10.826896074184768,4.856264181272281,29.00719512096771,698.3741637704401,35.062866971598694,8.658123726221813,1.56,0.0,0.7130972084754484,2.1003548812428177,1.527379551701196,0.8952823938110086,7933.937313960342,153.75148084605186,0.0,0.0,0.0,0.0,0.0,81.84502975242395,138.24310000200057,169.01659999712138,2.239669421487603,2.8016528925619837,0.4302077244261895,0.0016638935108153079,0.0016638935108153079,0.0,0.0,,0.0,0.0,0.0,final_runtime,,,,,,,,,,
D_adaptive,parameter_variation,12027.0,10.851534215357264,4.950135285809004,29.57135833959633,701.584198935793,35.062866971598694,12.667609695072438,1.69,0.0,0.7222816261704955,2.1228753035574046,1.5671576475797235,0.9014085156574154,7967.458849701544,143.70270645699833,0.0,0.0,0.0,0.0,0.0,81.69001735571756,136.47230000060517,194.5869999981369,2.1487603305785123,2.760330578512397,0.43876613604634684,0.0016638935108153079,0.0016638935108153079,0.0,0.0,,0.16306156405990016,0.009983361064891847,0.0,final_runtime,,,,,,,,,,
B_plain_MPC,combined_fault_load,12027.0,11.218245708699063,6.525958643584318,39.02757132396651,750.1597034178327,35.06286697160099,8.689153736780943,1.57,,4.217169234683818,12.11588291046837,53.46333320574357,7.22098613781619,8121.957529458042,198.77625393419146,0.0,0.0,0.0,0.0,0.0,75.98213471045568,131.6590999995242,152.81499999400694,2.2479338842975207,2.6611570247933884,0.42114876088439246,0.0,0.0,0.0,0.0,,0.0,0.0,0.0,final_runtime,,,,,,,,,,
C_sensor_MPC,combined_fault_load,12027.0,13.611118245712861,9.898160126343704,59.23333423683693,1106.0353741584167,35.06286697160099,8.689153736780943,1.57,,11.679646207676008,32.321645823338784,409.3390039463274,15.921624497746986,6287.723009753373,117.27372812611773,0.0,0.0,0.0,0.0,0.0,52.65794710713402,112.13780000252882,141.5740000011283,1.5454545454545454,1.8264462809917354,1.9749777961339596,0.5008319467554077,0.5008319467554077,0.0,0.0,,0.0,0.0,0.0,final_runtime,,,,,,,,,,
D_adaptive,combined_fault_load,12027.0,13.627165967831592,9.928117179879393,59.41326468607842,1108.65886860346,35.06286697160099,11.154727332346356,1.6500000000000001,,11.693699787294806,32.35277889733744,410.3241998555783,15.943912999345184,6216.387079514527,96.663075621328,0.0,0.0,0.0,0.0,0.0,52.121815702219855,123.83799999952316,146.1912000013399,1.5041322314049588,1.7520661157024793,1.9256853649987917,0.5008319467554077,0.5008319467554077,0.0,0.0,,0.08319467554076539,0.0,0.0,final_runtime,,,,,,,,,,
B_plain_MPC,nominal_tracking,12028.0,10.809553481563285,4.544833882260769,27.138938486401198,696.1220906256087,35.062866971592044,8.063788019014535,1.54,1.54,10.809553481563285,27.138938486401198,696.1220906256087,35.062866971592044,6295.611526764674,151.84438075947085,0.0,0.0,0.0,0.0,0.0,98.08130826416699,175.9135000029346,226.679300001706,2.1487603305785123,2.760330578512397,0.7934157329810461,0.0,0.0,0.0,0.0,,0.0,0.0,0.0,final_runtime,,,,,,,,,,
C_sensor_MPC,nominal_tracking,12028.0,10.809549280045372,4.544484513092689,27.137066630582876,696.1215811043227,35.062866971592044,8.063788019014535,1.54,1.54,10.809549280045372,27.137066630582876,696.1215811043227,35.062866971592044,6302.461281541424,153.6203441672198,0.0,0.0,0.0,0.0,0.0,101.94957190117951,166.36890000518179,220.6577000033576,2.15702479338843,2.7768595041322315,0.7934157329810461,0.0016638935108153079,0.0016638935108153079,0.0,0.0,,0.0,0.0,0.0,final_runtime,,,,,,,,,,
D_adaptive,nominal_tracking,12028.0,10.823853290903772,4.607865824171412,27.51778852866127,697.9813113192052,35.062866971592044,10.757550563003175,1.6400000000000001,1.6400000000000001,10.823853290903772,27.51778852866127,697.9813113192052,35.062866971592044,6331.635798143214,149.91237034304876,0.0,0.0,0.0,0.0,0.0,68.08888512426142,110.38289999851258,176.92069999611704,2.1983471074380163,2.7520661157024793,0.7818081730506492,0.0016638935108153079,0.0016638935108153079,0.0,0.0,,0.03494176372712146,0.0,0.0,final_runtime,,,,,,,,,,
B_plain_MPC,step_reference,12028.0,7.0604986666029115,3.8070762563623597,22.779831920494775,297.60225795173136,20.062866971589116,4.892807138239554,0.71,0.71,7.0604986666029115,22.779831920494775,297.60225795173136,20.062866971589116,7204.1144694871655,174.47120358064586,0.0,0.0,0.0,0.0,0.0,57.56228677715581,105.40120000223396,140.08570000441978,2.115702479338843,2.5454545454545454,0.4485725737280575,0.0,0.0,0.0,0.0,,0.0,0.0,0.0,final_runtime,,,,,,,,,,
C_sensor_MPC,step_reference,12028.0,7.060523123750468,3.808013827661482,22.78546504191993,297.60433309569856,20.062866971589116,4.892807138239554,0.71,0.71,7.060523123750468,22.78546504191993,297.60433309569856,20.062866971589116,7205.393488785604,174.65345967848964,0.0,0.0,0.0,0.0,0.0,56.94225785080276,102.78000000107568,138.77340000180993,2.0991735537190084,2.5371900826446283,0.4490432843577281,0.0016638935108153079,0.0016638935108153079,0.0,0.0,,0.0,0.0,0.0,final_runtime,,,,,,,,,,
D_adaptive,step_reference,12028.0,7.06048761617095,3.806757682759729,22.777988930078916,297.6013390615612,20.062866971589116,4.892807138239554,0.71,0.71,7.06048761617095,22.777988930078916,297.6013390615612,20.062866971589116,7203.306634768236,169.09698372045204,0.0,0.0,0.0,0.0,0.0,63.35303223136743,131.13589999557007,176.38759999681497,2.1074380165289255,2.652892561983471,0.38912463320671264,0.0016638935108153079,0.0016638935108153079,0.0,0.0,,0.16971713810316139,0.0016638935108153079,0.0,final_runtime,,,,,,,,,,
B_plain_MPC,changing_reference,12028.0,7.176951154571016,4.23565180459903,25.355541930151887,307.5667482838143,20.062866971589308,36.48225699052634,0.7300000000000004,0.7300000000000004,7.176951154571016,25.355541930151887,307.5667482838143,20.062866971589308,6669.7203860634745,218.4265651425953,0.0,0.0,0.0,0.0,0.0,75.3417380168805,164.2273999968893,213.74500000092667,2.0165289256198347,2.2975206611570247,1.6766305678134543,0.0,0.0,0.0,0.0,,0.0,0.0,0.0,final_runtime,,,,,,,,,,
C_sensor_MPC,changing_reference,12028.0,7.176951154571016,4.23565180459903,25.355541930151887,307.5667482838143,20.062866971589308,36.48225699052634,0.7300000000000004,0.7300000000000004,7.176951154571016,25.355541930151887,307.5667482838143,20.062866971589308,6669.7203860634745,218.4265651425953,0.0,0.0,0.0,0.0,0.0,63.555323140703386,115.37709999538492,144.93990000482881,2.0165289256198347,2.2975206611570247,1.6766305678134543,0.0,0.0,0.0,0.0,,0.0,0.0,0.0,final_runtime,,,,,,,,,,
D_adaptive,changing_reference,12028.0,7.176951154571016,4.23565180459903,25.355541930151887,307.5667482838143,20.062866971589308,36.48225699052634,0.7300000000000004,0.7300000000000004,7.176951154571016,25.355541930151887,307.5667482838143,20.062866971589308,6669.7203860634745,218.4265651425953,0.0,0.0,0.0,0.0,0.0,70.64494049622272,135.15799999731826,175.7419000059599,2.0165289256198347,2.2975206611570247,1.6766305678134543,0.0,0.0,0.0,0.0,,0.02329450915141431,0.013311148086522463,0.0,final_runtime,,,,,,,,,,
B_plain_MPC,load_disturbance,12028.0,10.822015006866405,4.823240037838795,28.8086360509807,697.7389541512828,35.062866971588775,7.521966175134623,1.53,0.0,0.8733326494494453,2.5334028303445537,2.292339685350007,1.636879173376812,8295.611205622905,130.18457930809123,0.0,0.0,0.0,0.0,0.0,79.11571652906531,132.50020000123186,180.32790000142995,2.371900826446281,2.925619834710744,0.32858078923326417,0.0,0.0,0.0,0.0,,0.0,0.0,0.0,final_runtime,,,,,,,,,,
C_sensor_MPC,load_disturbance,12028.0,10.822015006866405,4.823240037838795,28.8086360509807,697.7389541512828,35.062866971588775,7.521966175134623,1.53,0.0,0.8733326494494453,2.5334028303445537,2.292339685350007,1.636879173376812,8295.611205622905,130.18457930809123,0.0,0.0,0.0,0.0,0.0,82.78388264449505,151.61800000350922,164.58679999777814,2.371900826446281,2.925619834710744,0.32858078923326417,0.0,0.0,0.0,0.0,,0.0,0.0,0.0,final_runtime,,,,,,,,,,
D_adaptive,load_disturbance,12028.0,10.906286777603205,5.2276057428316065,31.238874554828502,708.7437607707267,35.062866971588775,16.425538015335153,2.16,0.0,0.8742694343161824,2.5234323077312224,2.2974053409869573,1.649773233257413,8686.54871264444,152.17954946047163,0.0,0.0,0.0,0.0,0.0,85.87389504118468,137.52470000326866,160.87749999860534,2.206611570247934,2.7024793388429753,0.33020725411385854,0.0016638935108153079,0.0016638935108153079,0.0,0.0,,0.11314475873544093,0.019966722129783693,0.0,final_runtime,,,,,,,,,,
B_plain_MPC,sensor_noise,12028.0,10.856270828176353,4.989598602666452,29.81191333619397,702.2052179749753,35.062866971591056,8.473169624800809,1.56,0.03000000000000025,1.672540456266251,2.769178615956306,5.571446738524953,3.214117062280881,6739.6149501075,246.6162804834785,0.0,0.0,0.0,0.0,0.0,88.00497107381676,164.8496999987401,207.88299999549054,2.206611570247934,2.512396694214876,0.4694713737181573,0.0,0.0,0.0,0.0,,0.0,0.0,0.0,final_runtime,,,,,,,,,,
C_sensor_MPC,sensor_noise,12028.0,10.81422655871057,4.677246943292668,27.93289952233468,696.7283425046701,35.062866971591056,8.473169624800809,1.56,0.0,0.41994949023199313,0.7846402645876891,0.35200293043081343,0.6833597299079628,6068.179502105296,85.49608537078272,0.0,0.0,0.0,0.0,0.0,62.52047768595565,143.82080000359565,179.8278999995091,1.4297520661157024,1.6694214876033058,0.13010413059399895,0.6672212978369384,0.6672212978369384,0.0,0.0,,0.0,0.0,0.0,final_runtime,,,,,,,,,,
D_adaptive,sensor_noise,12028.0,10.824980917888722,4.720774180575019,28.194941089052538,698.1273424075939,35.062866971591056,10.482809972124688,1.6300000000000001,0.0,0.4052483493189698,0.7543810557500314,0.32736175814834767,0.6189208589543611,6059.822833832948,71.29478889247046,0.0,0.0,0.0,0.0,0.0,55.477007437549815,151.94300000439398,219.58799999993062,1.3553719008264462,1.5950413223140496,0.12497303170376028,0.6672212978369384,0.6672212978369384,0.0,0.0,,0.028286189683860232,0.0,0.0,final_runtime,,,,,,,,,,
B_plain_MPC,bias_5,12028.0,10.952568355807404,5.505816212291877,32.91387028748436,714.826873558283,35.062866971590836,10.357478125322096,1.62,0.20000000000000018,2.7759383977862813,5.064492517435658,15.359037807989111,4.145287813106862,6634.629693320246,225.33158175217613,0.0,0.0,0.0,0.0,0.0,71.27032231446644,117.92949999653501,150.12489999935497,2.206611570247934,2.5950413223140494,0.4844035646881011,0.0,0.0,0.0,0.0,,0.0,0.0,0.0,final_runtime,,,,,,,,,,
C_sensor_MPC,bias_5,12028.0,10.82640348747244,4.742625787341768,28.32601230420236,698.3122443334559,35.062866971590836,10.357478125322157,1.62,0.0,0.5278437275377702,0.8859127689202995,0.5559847086455392,1.0564780469740782,6298.6808624225005,120.13378380999411,0.0,0.0,0.0,0.0,0.0,51.68131074395747,118.44950000522658,133.93920000089565,1.4710743801652892,1.7685950413223142,0.15867265413078258,0.6688851913477537,0.6688851913477537,0.0,0.0,,0.0,0.0,0.0,final_runtime,,,,,,,,,,
D_adaptive,bias_5,12028.0,10.848600195054473,4.795581363592879,28.644620816782858,701.2040136188339,35.062866971590836,13.35482173866337,1.72,0.0,0.4016984364309858,0.6898374301809005,0.3148656884471037,1.1899397248966466,6234.238234282691,91.69951052015514,0.0,0.0,0.0,0.0,0.0,46.9560115699765,119.48069999925792,144.96109999890905,1.462809917355372,1.6859504132231404,0.11830193688572876,0.6688851913477537,0.6688851913477537,0.0,0.0,,0.05823627287853577,0.0,0.0,final_runtime,,,,,,,,,,
B_plain_MPC,bias_15,12028.0,11.82964637584185,7.3035604528703955,43.718515663023396,834.9174497812982,35.062866971588775,8.531783363841715,1.56,0.5200000000000005,7.472186843979684,13.152197960814812,111.26945876180523,9.787733314996238,6572.3162552041085,211.38012059941778,0.0,0.0,0.0,0.0,0.0,71.52111074345548,131.7263000019011,156.99809999932768,2.024793388429752,2.4214876033057853,0.7635172867353006,0.0,0.0,0.0,0.0,,0.0,0.0,0.0,final_runtime,,,,,,,,,,
C_sensor_MPC,bias_15,12028.0,10.815828321383165,4.683806351779833,27.972377799224045,696.9366185830784,35.062866971588775,8.531783363841715,1.56,0.0,0.4572277861881813,0.7940437818830566,0.41732671958919254,0.9171036331614033,6217.164251891715,111.83675408399361,0.0,0.0,0.0,0.0,0.0,49.19607685978692,102.13040000235196,154.80530000058934,1.4958677685950412,1.677685950413223,0.12463044238706544,0.6672212978369384,0.6672212978369384,0.0,0.0,,0.0,0.0,0.0,final_runtime,,,,,,,,,,
D_adaptive,bias_15,12028.0,10.828838046833505,4.732364903189646,28.264158200417093,698.6289289213123,35.062866971588775,11.056430328481559,1.6500000000000001,0.0,0.411230711404461,0.761240272409375,0.33715700525422654,0.7272105320123003,6148.664462814672,92.87030537812046,0.0,0.0,0.0,0.0,0.0,51.066414049363786,112.38489999959711,149.0436999956728,1.462809917355372,1.6859504132231404,0.1279826529932251,0.6672212978369384,0.6672212978369384,0.0,0.0,,0.03161397670549085,0.004991680532445923,0.0,final_runtime,,,,,,,,,,
B_plain_MPC,sensor_dropout,12028.0,27.543944512702378,23.342876509651493,139.90781979278356,4544.8331411084855,41.57360604438534,118.78173155538668,1.6,,20.924046122203396,36.155383032533265,870.1968785717008,32.966521567987684,15052.850092942375,77.74721603932684,0.0,0.0,0.0,0.0,0.0,37.966790082546964,104.28769999998622,113.0087999990792,1.2396694214876034,1.2975206611570247,2.588620049704062,0.0,0.0,0.0,0.0,,0.0,0.0,0.0,final_runtime,,,,,,,,,,
C_sensor_MPC,sensor_dropout,12028.0,10.820708873702895,4.7060371715843505,28.106416474811574,697.5716234990457,35.062866971588775,9.687414860069298,1.6,0.0,0.42069865360513714,0.7742864561266016,0.3525020218105286,0.7685165611403946,6160.5393186284855,96.74976237049184,0.0,0.0,0.0,0.0,0.0,50.22481900779579,118.93209999834653,154.04660000058357,1.4545454545454546,1.7355371900826446,0.12743078685781484,0.6688851913477537,0.6688851913477537,0.0,0.0,,0.0,0.0,0.0,final_runtime,,,,,,,,,,
D_adaptive,sensor_dropout,12028.0,10.889076980644399,5.000106271289888,29.874228422265663,706.4923071460311,35.062866971588775,15.82868789203358,2.13,0.0,1.0145004281158858,1.6787378886602187,2.045271687623612,1.9099818405382223,6605.149442549604,118.09752609484596,0.0,0.0,0.0,0.0,0.0,64.68394958667413,126.57519999629585,166.14470000058645,1.6859504132231404,2.2231404958677685,0.2116834814950579,0.6688851913477537,0.6688851913477537,0.0,0.0,,0.7770382695507487,0.018302828618968387,0.0,final_runtime,,,,,,,,,,
B_plain_MPC,sensor_drift,12028.0,11.579264046390751,7.368681240483798,44.06560810479469,799.283932464354,35.062866971593714,10.357478128063004,1.62,0.0,5.049578127340552,17.40707867882446,101.83882943905377,9.033230102586376,5429.349209111148,170.76640052347986,0.0,0.0,0.0,0.0,0.0,83.05862148771975,131.45739999890793,147.7768999975524,2.3057851239669422,2.884297520661157,2.5875115684813537,0.0,0.0,0.0,0.0,,0.0,0.0,0.0,final_runtime,,,,,,,,,,
C_sensor_MPC,sensor_drift,12028.0,11.579396255170398,7.373924392871483,44.09715559917835,799.3029865661385,35.062866971593714,10.357478128063086,1.62,0.0,5.050032486406658,17.438626173208128,101.85788354083803,9.026000395850968,5431.0481914442325,169.34543561505984,0.0,0.0,0.0,0.0,0.0,84.694323967108,138.09670000046026,158.39819999382598,2.330578512396694,2.9338842975206614,2.57384217096482,0.011647254575707155,0.011647254575707155,1.0,0.0,,0.0,0.0,0.0,final_runtime,,,,,,,,,,
D_adaptive,sensor_drift,12028.0,11.600119280602364,7.4533973540765635,44.57475225656229,802.1892409719004,35.062866971593714,13.070526452652121,1.7,0.0,5.054172138717747,17.454173828221528,102.02136001780939,9.033168287569396,5476.725807419763,167.26539214927257,0.0,0.0,0.0,0.0,0.0,85.7587702484433,130.28959999792278,187.62270000297576,2.330578512396694,2.9173553719008263,2.5869706127050485,0.011647254575707155,0.011647254575707155,1.0,0.0,,0.04658901830282862,0.0,0.0,final_runtime,,,,,,,,,,
B_plain_MPC,parameter_variation,12028.0,10.819907820266815,4.773123980989845,28.508808814980423,697.4667136441935,35.062866971590665,8.607668770619606,1.56,0.0,0.6292558370903478,1.846220451637675,1.1904259062284255,0.9028089081656816,7860.647102497239,149.40948144402907,0.0,0.0,0.0,0.0,0.0,83.90669008220974,136.82459999836283,154.60499999608146,2.371900826446281,2.8677685950413223,0.2776867314707303,0.0,0.0,0.0,0.0,,0.0,0.0,0.0,final_runtime,,,,,,,,,,
C_sensor_MPC,parameter_variation,12028.0,10.819907820266815,4.773123980989845,28.508808814980423,697.4667136441935,35.062866971590665,8.607668770619606,1.56,0.0,0.6292558370903478,1.846220451637675,1.1904259062284255,0.9028089081656816,7860.647102497239,149.40948144402907,0.0,0.0,0.0,0.0,0.0,83.17479090917854,136.2673999974504,142.57839999481803,2.371900826446281,2.8677685950413223,0.2776867314707303,0.0,0.0,0.0,0.0,,0.0,0.0,0.0,final_runtime,,,,,,,,,,
D_adaptive,parameter_variation,12028.0,10.835434301832148,4.849050171763687,28.965246073730285,699.4875895491517,35.062866971590665,11.09807659171614,1.6500000000000001,0.0,0.6318315176425237,1.8451477976228479,1.200318979380189,0.9103424476214101,7920.984342390133,136.15192492549457,0.0,0.0,0.0,0.0,0.0,87.52505702468324,138.58890000119573,183.39120000018738,2.28099173553719,2.9917355371900825,0.2784568458423422,0.0,0.0,0.0,0.0,,0.3594009983361065,0.0033277870216306157,0.0,final_runtime,,,,,,,,,,
B_plain_MPC,combined_fault_load,12028.0,11.269369152948387,6.572854494072629,39.30872456351518,757.0638748256927,35.06286697158968,8.242523025406731,1.55,,4.506907010938498,12.798290804966948,61.06633746953713,8.06830414219925,8048.789253877836,174.71092425947927,0.0,0.0,0.0,0.0,0.0,77.41404710768545,132.16990000364603,149.8721999960253,2.1735537190082646,2.6942148760330578,0.4276000828672011,0.0,0.0,0.0,0.0,,0.0,0.0,0.0,final_runtime,,,,,,,,,,
C_sensor_MPC,combined_fault_load,12028.0,13.622372146653026,9.859323825873561,58.999774906572384,1107.872455061995,35.06286697158968,8.242523025406731,1.55,,11.715729108556117,32.48934114802416,411.8749177058395,15.952257385543977,6140.024072299842,99.69785192780542,0.0,0.0,0.0,0.0,0.0,55.22534380129814,119.5296999940183,168.8754999995581,1.5950413223140496,1.9504132231404958,1.9675788000215455,0.5008319467554077,0.5008319467554077,0.0,0.0,,0.0,0.0,0.0,final_runtime,,,,,,,,,,
D_adaptive,combined_fault_load,12028.0,13.621650088061708,9.9262327735757,59.401783846249174,1107.7505931878038,35.06286697158968,10.867349569677113,1.6400000000000001,,11.685818432458486,32.40752107636394,409.7645804944568,15.97502458815875,6214.849030085567,103.00710078458177,0.0,0.0,0.0,0.0,0.0,55.9860198347962,121.45529999543214,137.44809999479912,1.603305785123967,1.9090909090909092,2.046785848857354,0.5008319467554077,0.5008319467554077,0.0,0.0,,0.03161397670549085,0.0033277870216306157,0.0,final_runtime,,,,,,,,,,
B_plain_MPC,nominal_tracking,12029.0,10.807742930106803,4.489145703279218,26.803391395593184,695.8865388023576,35.06286697159146,7.984466474141486,1.54,1.54,10.807742930106803,26.803391395593184,695.8865388023576,35.06286697159146,6216.960165387546,144.32608882374964,0.0,0.0,0.0,0.0,0.0,85.98810578453497,135.16079999681097,149.27929999976186,2.2975206611570247,2.925619834710744,0.6986838450481514,0.0,0.0,0.0,0.0,,0.0,0.0,0.0,final_runtime,,,,,,,,,,
C_sensor_MPC,nominal_tracking,12029.0,10.807649626146686,4.484228170921389,26.773846113299946,695.8744228028097,35.06286697159146,7.984466474141486,1.54,1.54,10.807649626146686,26.773846113299946,695.8744228028097,35.06286697159146,6202.1121653075925,140.87743347524955,0.0,0.0,0.0,0.0,0.0,82.87276776813208,130.06409999798052,145.47670000320068,2.2892561983471076,2.9834710743801653,0.6920740073344334,0.0033277870216306157,0.0033277870216306157,0.0,0.0,,0.0,0.0,0.0,final_runtime,,,,,,,,,,
D_adaptive,nominal_tracking,12029.0,10.841655837773063,4.674189230905144,27.915512824877975,700.2990504950371,35.06286697159146,12.667609699004784,1.69,1.69,10.841655837773063,27.915512824877975,700.2990504950371,35.06286697159146,6415.173924710684,150.3859659577445,0.0,0.0,0.0,0.0,0.0,77.63070826481716,129.49099999968894,167.03489999781596,2.2644628099173554,2.7851239669421486,0.6964168106582775,0.0033277870216306157,0.0033277870216306157,0.0,0.0,,0.024958402662229616,0.011647254575707155,0.0,final_runtime,,,,,,,,,,
B_plain_MPC,step_reference,12029.0,7.114438031638294,3.794788043988665,22.70572874834277,302.1973438093412,20.062866971588775,5.140780897103436,1.0100000000000002,1.0100000000000002,7.114438031638294,22.70572874834277,302.1973438093412,20.062866971588775,7158.51779478078,158.0810563085676,0.0,0.0,0.0,0.0,0.0,71.67995950438743,130.00640000245767,156.03680000640452,2.0661157024793386,2.4628099173553717,0.319262154433801,0.0,0.0,0.0,0.0,,0.0,0.0,0.0,final_runtime,,,,,,,,,,
C_sensor_MPC,step_reference,12029.0,7.114438031638294,3.794788043988665,22.70572874834277,302.1973438093412,20.062866971588775,5.140780897103436,1.0100000000000002,1.0100000000000002,7.114438031638294,22.70572874834277,302.1973438093412,20.062866971588775,7158.51779478078,158.0810563085676,0.0,0.0,0.0,0.0,0.0,70.65392479348364,129.552500002319,147.70519999729004,2.0661157024793386,2.4628099173553717,0.319262154433801,0.0,0.0,0.0,0.0,,0.0,0.0,0.0,final_runtime,,,,,,,,,,
D_adaptive,step_reference,12029.0,7.114448058050095,3.7955203528479693,22.710128608335555,302.1982007248652,20.062866971588775,5.140780897103436,1.0100000000000002,1.0100000000000002,7.114448058050095,22.710128608335555,302.1982007248652,20.062866971588775,7158.95536450774,157.46948819571574,0.0,0.0,0.0,0.0,0.0,72.01718099140861,131.55250000272645,167.08170000492828,2.0826446280991737,2.487603305785124,0.31724353217519763,0.0,0.0,0.0,0.0,,0.06156405990016639,0.0016638935108153079,0.0,final_runtime,,,,,,,,,,
B_plain_MPC,changing_reference,12029.0,7.191326931898961,4.195619314835611,25.11507622369041,308.808179069683,20.06286697158908,35.27473014650136,0.6900000000000004,0.6900000000000004,7.191326931898961,25.11507622369041,308.808179069683,20.06286697158908,6617.357497070463,217.52139769237965,0.0,0.0,0.0,0.0,0.0,65.36732148733866,125.32089999876916,149.42729999893345,1.9421487603305785,2.2975206611570247,1.2834715631822462,0.0,0.0,0.0,0.0,,0.0,0.0,0.0,final_runtime,,,,,,,,,,
C_sensor_MPC,changing_reference,12029.0,7.191324681817264,4.1956124492160205,25.11503494855724,308.8079845701734,20.06286697158908,35.274742426979415,0.6900000000000004,0.6900000000000004,7.191324681817264,25.11503494855724,308.8079845701734,20.06286697158908,6617.345428340524,217.51676789548353,0.0,0.0,0.0,0.0,0.0,68.46980661174719,119.28630000329576,153.41669999907026,1.9421487603305785,2.2975206611570247,1.2834925015506435,0.0016638935108153079,0.0016638935108153079,0.0,0.0,,0.0,0.0,0.0,final_runtime,,,,,,,,,,
D_adaptive,changing_reference,12029.0,7.191324681817264,4.1956124492160205,25.11503494855724,308.8079845701734,20.06286697158908,35.274742426979415,0.6900000000000004,0.6900000000000004,7.191324681817264,25.11503494855724,308.8079845701734,20.06286697158908,6617.345428340524,217.51676789548353,0.0,0.0,0.0,0.0,0.0,67.06295371896728,130.99379999766825,172.1527999980026,1.9421487603305785,2.2975206611570247,1.2834925015506435,0.0016638935108153079,0.0016638935108153079,0.0,0.0,,0.026622296173044926,0.013311148086522463,0.0,final_runtime,,,,,,,,,,
B_plain_MPC,load_disturbance,12029.0,10.819593945901168,4.786544137553726,28.587827184224274,697.4236117528744,35.062866971588775,7.060165162211953,1.51,0.0,0.8532927689499552,2.432900134716757,2.1879012429103417,1.6222320140340614,8319.774003628458,152.05017783965243,0.0,0.0,0.0,0.0,0.0,84.20354545463746,130.7740999982343,144.1084999969462,2.330578512396694,2.8925619834710745,0.4806002275556338,0.0,0.0,0.0,0.0,,0.0,0.0,0.0,final_runtime,,,,,,,,,,
C_sensor_MPC,load_disturbance,12029.0,10.819354925624499,4.782443334646306,28.563095781473898,697.3923783829961,35.062866971588775,7.060165162211953,1.51,0.0,0.8472198284178949,2.4081687319663807,2.156667873032049,1.6222320140340614,8310.199782094784,150.23574772083055,0.0,0.0,0.0,0.0,0.0,85.15389173540329,127.52079999336274,168.3335000052466,2.2892561983471076,2.9008264462809916,0.4806002275556338,0.0016638935108153079,0.0016638935108153079,0.0,0.0,,0.0,0.0,0.0,final_runtime,,,,,,,,,,
D_adaptive,load_disturbance,12029.0,10.874001497265342,5.053499901488908,30.192502890300037,704.5176398338889,35.062866971588775,14.53882542747877,1.74,0.0,0.8702544174080495,2.4601404855912214,2.2763208342790553,1.7322552647232783,8573.190212842823,161.55302354435287,0.0,0.0,0.0,0.0,0.0,82.18013057843609,142.1258000045782,165.6301999973948,2.231404958677686,2.884297520661157,0.41333592565245425,0.0016638935108153079,0.0016638935108153079,0.0,0.0,,0.259567387687188,0.024958402662229616,0.0,final_runtime,,,,,,,,,,
B_plain_MPC,sensor_noise,12029.0,10.819771409346158,4.753292237408053,28.39181648832023,697.4503504831301,35.06286697160126,6.6509951359335115,1.49,0.0,1.0284580998007897,1.827932718436524,2.1126552060268393,1.596707946141791,6482.526106003152,254.20726013867815,0.0,0.0,0.0,0.0,0.0,79.41210247955789,139.0079999982845,172.76760000095237,2.322314049586777,2.71900826446281,0.43870475459972624,0.0,0.0,0.0,0.0,,0.0,0.0,0.0,final_runtime,,,,,,,,,,
C_sensor_MPC,sensor_noise,12029.0,10.810212159755004,4.703737192854745,28.092099615526656,696.2066137203393,35.06286697160126,6.6509951359335115,1.49,0.0,0.5784577800578812,1.0953897009629001,0.6676928413877494,1.0114696343505258,6083.814402754797,97.00006181967017,0.0,0.0,0.0,0.0,0.0,54.66408677789294,130.51000000268687,175.95520000031684,1.487603305785124,1.8181818181818181,0.13083805568578555,0.6638935108153078,0.6638935108153078,0.0,0.0,,0.0,0.0,0.0,final_runtime,,,,,,,,,,
D_adaptive,sensor_noise,12029.0,10.823223961726393,4.7864655167955465,28.58923391133687,697.8983083188537,35.06286697160126,9.082031969052988,1.58,0.0,0.6903219062764865,1.2276381234437954,0.9512757068055617,1.4638363069340983,6238.699257233673,116.85892269457153,0.0,0.0,0.0,0.0,0.0,51.64474628071738,112.6527000014903,150.7848000037484,1.4958677685950412,1.8016528925619835,0.11783509442352624,0.6638935108153078,0.6638935108153078,0.0,0.0,,0.029950083194675542,0.0,0.0,final_runtime,,,,,,,,,,
B_plain_MPC,bias_5,12029.0,10.943618728634302,5.494381604156722,32.845152488893376,713.6491394835863,35.062866971588775,6.132553737362413,1.46,0.21999999999999975,2.8662911324211633,5.3183504165177755,16.389351594143516,4.237231248750607,6596.177553588872,239.21212227737524,0.0,0.0,0.0,0.0,0.0,77.84833140498795,130.43610000022454,144.7310000003199,2.1818181818181817,2.677685950413223,0.9223035957771302,0.0,0.0,0.0,0.0,,0.0,0.0,0.0,final_runtime,,,,,,,,,,
C_sensor_MPC,bias_5,12029.0,10.807188209630496,4.645464424728485,27.742116211194496,695.813952051032,35.062866971588775,6.132553737362413,1.46,0.0,0.4783985952523997,0.8519617917995664,0.4565463328009418,0.9092807483446705,6145.295720027221,107.12944112110733,0.0,0.0,0.0,0.0,0.0,49.33607520671246,109.01319999538828,138.36459999583894,1.4958677685950412,1.7685950413223142,0.14629336512224,0.6672212978369384,0.6672212978369384,0.0,0.0,,0.0,0.0,0.0,final_runtime,,,,,,,,,,
D_adaptive,bias_5,12029.0,10.93818382612929,5.233423664164422,31.276111151004166,712.9340080444588,35.062866971588775,18.2008560448774,2.29,0.0,1.4163334541814847,2.4726026398410723,4.0026896738778355,2.517949353278105,6864.382050372146,136.668443866236,0.0,0.0,0.0,0.0,0.0,59.50696528903671,113.37090000597527,133.87230000080308,1.8016528925619835,2.239669421487603,0.5976122128802572,0.6672212978369384,0.6672212978369384,0.0,0.0,,0.7986688851913477,0.03494176372712146,0.0,final_runtime,,,,,,,,,,
B_plain_MPC,bias_15,12029.0,11.885268843449103,7.42454354184831,44.44568543285925,842.8451541496713,35.062866971588775,7.938745657227295,1.54,0.46999999999999975,7.8744234997482545,14.296867986390945,123.61173687618492,10.375706826724915,6550.032612557219,226.52827153176585,0.0,0.0,0.0,0.0,0.0,71.42884958654975,127.64529999549268,162.13620000053197,2.115702479338843,2.5041322314049586,1.7262866177951253,0.0,0.0,0.0,0.0,,0.0,0.0,0.0,final_runtime,,,,,,,,,,
C_sensor_MPC,bias_15,12029.0,10.808265901326376,4.551389076357618,27.17721623131942,695.9543241190191,35.062866971588775,7.938745657227295,1.54,0.0,0.1736573879508372,0.3043823161030451,0.05971082816437674,0.33744733440876473,6034.850371611425,72.19249630114493,0.0,0.0,0.0,0.0,0.0,45.19552809909305,112.4223999941023,131.7471000002115,1.3553719008264462,1.5537190082644627,0.10591828855608298,0.6672212978369384,0.6672212978369384,0.0,0.0,,0.0,0.0,0.0,final_runtime,,,,,,,,,,
D_adaptive,bias_15,12029.0,10.825227809052869,4.674049278378511,27.914477493359744,698.1597123882847,35.062866971588775,10.662253353030957,1.6400000000000001,0.0,0.2893840190416702,0.49576840504739095,0.1650015748255505,0.6270349821241155,6186.443803870002,91.09514341218616,0.0,0.0,0.0,0.0,0.0,50.534309090782834,109.68729999876814,136.0394000002998,1.43801652892562,1.6942148760330578,0.14252936496605173,0.6672212978369384,0.6672212978369384,0.0,0.0,,0.029950083194675542,0.004991680532445923,0.0,final_runtime,,,,,,,,,,
B_plain_MPC,sensor_dropout,12029.0,27.53300093165372,23.326520519496423,139.80954020145086,4541.212334960106,41.56962414452673,118.77035469864778,1.6,,20.899590867437166,36.12451118772276,868.1585638639745,32.94571104841012,15024.885006068638,76.4431294894784,0.0,0.0,0.0,0.0,0.0,39.17410000035451,92.80700000090292,140.42630000039935,1.2479338842975207,1.2975206611570247,2.5937694141792065,0.0,0.0,0.0,0.0,,0.0,0.0,0.0,final_runtime,,,,,,,,,,
C_sensor_MPC,sensor_dropout,12029.0,10.826240956272056,4.809071932901975,28.725764722919013,698.291416564799,35.062866971588775,9.725012573481889,1.6,0.0,0.7071252593585,1.3008571301156524,0.9986891571171432,1.36463071679281,6169.274074063909,106.44506324438767,0.0,0.0,0.0,0.0,0.0,50.45199669401588,105.85569999966538,141.319399997883,1.5289256198347108,1.8099173553719008,0.17273716950090545,0.6672212978369384,0.6672212978369384,0.0,0.0,,0.0,0.0,0.0,final_runtime,,,,,,,,,,
D_adaptive,sensor_dropout,12029.0,10.853712241067631,4.883350040468027,29.17224022703603,701.8708735661189,35.062866971588775,11.944642850658258,2.18,0.0,0.9653161355720722,1.2692662176380916,1.817557985866424,3.0312379797330387,6379.939499324538,112.513635569075,0.0,0.0,0.0,0.0,0.0,52.54986363638449,116.61789999925531,145.0916000030702,1.537190082644628,1.834710743801653,0.15077164538620735,0.6672212978369384,0.6672212978369384,0.0,0.0,,0.08319467554076539,0.008319467554076539,0.0,final_runtime,,,,,,,,,,
B_plain_MPC,sensor_drift,12029.0,11.564253108556043,7.273311266902723,43.49257655637009,797.1985842964821,35.062866971588775,7.171610893253545,1.51,0.0,5.0504300676809795,17.37033860605523,101.8769250378414,9.004831543054635,5224.322334229738,134.69097040518804,0.0,0.0,0.0,0.0,0.0,83.18405537163716,130.55729999905452,156.1123999999836,2.396694214876033,2.9669421487603307,2.5689991068859293,0.0,0.0,0.0,0.0,,0.0,0.0,0.0,final_runtime,,,,,,,,,,
C_sensor_MPC,sensor_drift,12029.0,11.564253108556043,7.273311266902723,43.49257655637009,797.1985842964821,35.062866971588775,7.171610893253545,1.51,0.0,5.0504300676809795,17.37033860605523,101.8769250378414,9.004831543054635,5224.322334229738,134.69097040518804,0.0,0.0,0.0,0.0,0.0,86.41720495819574,139.21280000067782,159.2841999954544,2.396694214876033,2.9669421487603307,2.5689991068859293,0.0,0.0,0.0,0.0,,0.0,0.0,0.0,final_runtime,,,,,,,,,,
D_adaptive,sensor_drift,12029.0,11.57785590027415,7.35566946023466,43.987549284883954,799.0905157604298,35.062866971588775,9.946672067742261,1.61,0.0,5.0517208226091475,17.377871233064248,101.92774375397842,9.004834225270933,5305.185246640958,134.94767757868442,0.0,0.0,0.0,0.0,0.0,80.75277520660435,128.58180000330321,155.55879999737954,2.3140495867768593,2.884297520661157,2.5682161511745747,0.0,0.0,0.0,0.0,,0.028286189683860232,0.0066555740432612314,0.0,final_runtime,,,,,,,,,,
B_plain_MPC,parameter_variation,12029.0,10.823302477033614,4.823697931338262,28.81172563040095,697.9069613943651,35.0628669715891,8.83476388950346,1.57,0.0,0.6646619724520395,1.9717255711414237,1.326745386522246,0.8601370790897249,7921.069538432974,151.79789727906422,0.0,0.0,0.0,0.0,0.0,84.0515933881205,136.15050000225892,152.475199996843,2.2479338842975207,2.834710743801653,0.39695032569456146,0.0,0.0,0.0,0.0,,0.0,0.0,0.0,final_runtime,,,,,,,,,,
C_sensor_MPC,parameter_variation,12029.0,11.376321688168312,6.569896108027349,39.26804190837355,771.3400114658796,35.0628669715891,8.83476388950346,1.57,0.0,4.995460544471946,12.428041849114019,74.75979545803665,8.406740174165428,6601.808993643326,134.16796319965658,0.0,0.0,0.0,0.0,0.0,66.3142719005753,140.95909999741707,176.49340000207303,1.7851239669421488,2.165289256198347,2.3020471600471133,0.40931780366056575,0.40931780366056575,0.0,0.0,,0.0,0.0,0.0,final_runtime,,,,,,,,,,
D_adaptive,parameter_variation,12029.0,11.429996617715016,6.772238409734185,40.484156179271125,778.6976403681568,35.0628669715891,15.801675246485384,1.78,0.0,4.98234095389322,12.399346884127803,74.36660756650791,8.399332646264497,6651.146811881933,113.67528169493025,0.0,0.0,0.0,0.0,0.0,58.87652231455628,123.49720000202069,152.2534000032465,1.677685950413223,2.0991735537190084,2.270962692209359,0.40931780366056575,0.40931780366056575,0.0,0.0,,0.013311148086522463,0.033277870216306155,0.0,final_runtime,,,,,,,,,,
B_plain_MPC,combined_fault_load,12029.0,11.25876117728216,6.544111224428724,39.135912187914116,755.6271171516141,35.062866971588875,8.73641107189692,1.57,,4.446585616987499,12.635654193213533,59.44039101586979,7.909834150366581,8011.550332454747,176.50193408425991,0.0,0.0,0.0,0.0,0.0,73.57761322313578,124.52199999825098,143.1601000003866,2.2644628099173554,2.7107438016528924,0.36825497998355416,0.0,0.0,0.0,0.0,,0.0,0.0,0.0,final_runtime,,,,,,,,,,
C_sensor_MPC,combined_fault_load,12029.0,13.614505549076128,9.839026132326564,58.87785417671789,1106.5869247096184,35.062866971588875,8.73641107189692,1.57,,11.694770595611063,32.3790446173805,410.4004512797452,15.938575712955103,6107.323433284125,88.84273888200676,0.0,0.0,0.0,0.0,0.0,49.4045099172085,113.58650000329362,148.17480000056094,1.603305785123967,1.884297520661157,1.880373951068922,0.502495840266223,0.502495840266223,0.0,0.0,,0.0,0.0,0.0,final_runtime,,,,,,,,,,
D_adaptive,combined_fault_load,12029.0,13.643716846453708,10.050030549831849,60.14590203518962,1111.3695466511026,35.062866971588875,13.566461850595033,2.05,,11.686178787371507,32.33507529923253,409.7928818467468,15.956313859958968,6338.1278583489,106.93595968613599,0.0,0.0,0.0,0.0,0.0,45.872776033027264,104.36540000227978,136.03019999573007,1.5289256198347108,1.7768595041322315,1.903387703665576,0.502495840266223,0.502495840266223,0.0,0.0,,0.11813643926788686,0.009983361064891847,0.0,final_runtime,,,,,,,,,,
B_plain_MPC,nominal_tracking,12030.0,10.801420284761049,4.4212333172215,26.395975606633023,695.0657067504472,35.062866971597686,6.6550103042421584,1.49,1.49,10.801420284761049,26.395975606633023,695.0657067504472,35.062866971597686,6094.433199265534,118.60994823704559,0.0,0.0,0.0,0.0,0.0,77.1980578514453,125.5282000056468,137.48580000537913,2.3388429752066116,2.8181818181818183,0.2948990805186327,0.0,0.0,0.0,0.0,,0.0,0.0,0.0,final_runtime,,,,,,,,,,
C_sensor_MPC,nominal_tracking,12030.0,10.801420284761049,4.4212333172215,26.395975606633023,695.0657067504472,35.062866971597686,6.6550103042421584,1.49,1.49,10.801420284761049,26.395975606633023,695.0657067504472,35.062866971597686,6094.433199265534,118.60994823704559,0.0,0.0,0.0,0.0,0.0,75.52434049591457,121.37399999483023,138.18080000055488,2.3388429752066116,2.8181818181818183,0.2948990805186327,0.0,0.0,0.0,0.0,,0.0,0.0,0.0,final_runtime,,,,,,,,,,
D_adaptive,nominal_tracking,12030.0,10.826989993465723,4.682196437581116,27.96435961248828,698.3894288644289,35.062866971597686,9.998174567222852,1.6300000000000001,1.6300000000000001,10.826989993465723,27.96435961248828,698.3894288644289,35.062866971597686,6534.893554904076,167.20462602516238,0.0,0.0,0.0,0.0,0.0,78.7474330576485,131.6612999944482,150.08510000188835,2.1322314049586777,2.669421487603306,0.27749089576648345,0.0,0.0,0.0,0.0,,0.07154742096505824,0.0033277870216306157,0.0,final_runtime,,,,,,,,,,
B_plain_MPC,step_reference,12030.0,7.055785719508866,3.7506278312623436,22.4407543529991,297.2024599848308,20.062866971588775,4.512061774361875,0.71,0.71,7.055785719508866,22.4407543529991,297.2024599848308,20.062866971588775,7175.189039813964,149.4423824330448,0.0,0.0,0.0,0.0,0.0,74.44775454580451,131.6374000016367,147.59959999355488,2.0826446280991737,2.512396694214876,0.38495161874912043,0.0,0.0,0.0,0.0,,0.0,0.0,0.0,final_runtime,,,,,,,,,,
C_sensor_MPC,step_reference,12030.0,7.055813266438535,3.752018006971158,22.44909746228245,297.2047937724551,20.062866971588775,4.512061774361875,0.71,0.71,7.055813266438535,22.44909746228245,297.2047937724551,20.062866971588775,7177.725423971629,151.18405992590962,0.0,0.0,0.0,0.0,0.0,72.07047933888668,123.28039999556495,135.50630000099773,2.090909090909091,2.520661157024793,0.3874015486473823,0.0016638935108153079,0.0016638935108153079,0.0,0.0,,0.0,0.0,0.0,final_runtime,,,,,,,,,,
D_adaptive,step_reference,12030.0,7.055813266438535,3.752018006971158,22.44909746228245,297.2047937724551,20.062866971588775,4.512061774361875,0.71,0.71,7.055813266438535,22.44909746228245,297.2047937724551,20.062866971588775,7177.725423971629,151.18405992590962,0.0,0.0,0.0,0.0,0.0,73.29177520656862,129.21940000524046,143.11610000004293,2.090909090909091,2.520661157024793,0.3874015486473823,0.0016638935108153079,0.0016638935108153079,0.0,0.0,,0.03826955074875208,0.0,0.0,final_runtime,,,,,,,,,,
B_plain_MPC,changing_reference,12030.0,7.264512007020361,4.337713798541387,25.96913919072858,315.16648531414126,20.29676038910303,34.555832187345366,0.7800000000000002,0.7800000000000002,7.264512007020361,25.96913919072858,315.16648531414126,20.29676038910303,6720.107936232202,234.89831110887414,0.0,0.0,0.0,0.0,0.0,66.57165123941328,134.00249999540392,149.79650000168476,2.0,2.231404958677686,2.1432819103224077,0.0,0.0,0.0,0.0,,0.0,0.0,0.0,final_runtime,,,,,,,,,,
C_sensor_MPC,changing_reference,12030.0,7.264512007020361,4.337713798541387,25.96913919072858,315.16648531414126,20.29676038910303,34.555832187345366,0.7800000000000002,0.7800000000000002,7.264512007020361,25.96913919072858,315.16648531414126,20.29676038910303,6720.107936232202,234.89831110887414,0.0,0.0,0.0,0.0,0.0,65.25627438026848,130.4939000037848,156.8325000043842,2.0,2.231404958677686,2.1432819103224077,0.0,0.0,0.0,0.0,,0.0,0.0,0.0,final_runtime,,,,,,,,,,
D_adaptive,changing_reference,12030.0,7.264512007020361,4.337713798541387,25.96913919072858,315.16648531414126,20.29676038910303,34.555832187345366,0.7800000000000002,0.7800000000000002,7.264512007020361,25.96913919072858,315.16648531414126,20.29676038910303,6720.107936232202,234.89831110887414,0.0,0.0,0.0,0.0,0.0,65.54416942141742,134.70220000453992,160.68790000281297,2.0,2.231404958677686,2.1432819103224077,0.0,0.0,0.0,0.0,,0.028286189683860232,0.008319467554076539,0.0,final_runtime,,,,,,,,,,
B_plain_MPC,load_disturbance,12030.0,10.835787724483376,4.928857251727333,29.44374772036666,699.5322017110607,35.062866971588775,9.666496039237312,1.6,0.27,0.9139087181876033,2.6019178397104445,2.5111446903817463,1.8631213824571873,8514.087745091882,172.23903707633423,0.0,0.0,0.0,0.0,0.0,80.95805702471485,136.46239999798127,171.63109999819426,2.272727272727273,2.768595041322314,0.546411385461262,0.0,0.0,0.0,0.0,,0.0,0.0,0.0,final_runtime,,,,,,,,,,
C_sensor_MPC,load_disturbance,12030.0,10.835787724483376,4.928857251727333,29.44374772036666,699.5322017110607,35.062866971588775,9.666496039237312,1.6,0.27,0.9139087181876033,2.6019178397104445,2.5111446903817463,1.8631213824571873,8514.087745091882,172.23903707633423,0.0,0.0,0.0,0.0,0.0,72.20300413189025,127.84880000253906,159.91930000018328,2.272727272727273,2.768595041322314,0.546411385461262,0.0,0.0,0.0,0.0,,0.0,0.0,0.0,final_runtime,,,,,,,,,,
D_adaptive,load_disturbance,12030.0,10.858852523494564,5.085307612703139,30.384022496028926,702.5395125711941,35.062866971588775,11.795275115590178,1.67,0.3599999999999999,0.9475688509031436,2.64149427097268,2.699846526011905,2.038911807041437,8647.63269831402,161.72715195595387,0.0,0.0,0.0,0.0,0.0,69.40861900812322,128.9072999934433,157.85150000010617,2.1322314049586777,2.652892561983471,0.5835823040437802,0.0,0.0,0.0,0.0,,0.2978369384359401,0.004991680532445923,0.0,final_runtime,,,,,,,,,,
B_plain_MPC,sensor_noise,12030.0,10.853354062001461,4.885984333489977,29.189575502733593,701.824712068953,35.06286697158932,10.357478128606466,1.62,0.0,1.4723015233835919,2.2843464087465306,4.329230057171995,2.7757684122326864,6658.98144129098,213.58230454837695,0.0,0.0,0.0,0.0,0.0,67.7862090910934,116.92259999836097,143.5674000022118,2.256198347107438,2.644628099173554,0.20494691415718336,0.0,0.0,0.0,0.0,,0.0,0.0,0.0,final_runtime,,,,,,,,,,
C_sensor_MPC,sensor_noise,12030.0,10.823007733172943,4.647973335436832,27.757303902121862,697.870540592563,35.06286697158932,10.357478128606466,1.62,0.0,0.3988833469526692,0.6320520728171201,0.3174208862483334,0.9340248990662019,6199.557904157924,86.8819916467215,0.0,0.0,0.0,0.0,0.0,45.63287107410075,104.65719999774592,141.0881999981939,1.4049586776859504,1.6942148760330578,0.15297948835100783,0.6638935108153078,0.6638935108153078,0.0,0.0,,0.0,0.0,0.0,final_runtime,,,,,,,,,,
D_adaptive,sensor_noise,12030.0,10.88982765275743,4.941817071065477,29.52399681972015,706.590610826318,35.06286697158932,16.387636900448097,1.79,0.0,0.9010089277956749,1.4701091975468499,1.6159586375264567,2.0477034223402626,6507.897827125728,109.07363101812808,0.0,0.0,0.0,0.0,0.0,46.91365206584552,105.25720000441652,166.80600000108825,1.512396694214876,1.7851239669421488,0.13482404505623435,0.6638935108153078,0.6638935108153078,0.0,0.0,,0.028286189683860232,0.026622296173044926,0.0,final_runtime,,,,,,,,,,
B_plain_MPC,bias_5,12030.0,10.93746352511225,5.447735044203022,32.56455808838193,712.8395777340404,35.062866971590175,6.132553731205235,1.46,0.21999999999999975,2.7893539213632743,5.1645967683324985,15.514437310284098,3.890931008328465,6447.334973822776,212.10535127999748,0.0,0.0,0.0,0.0,0.0,68.64255371894149,114.34989999543177,149.96139999857405,2.1487603305785123,2.628099173553719,0.5983865091173541,0.0,0.0,0.0,0.0,,0.0,0.0,0.0,final_runtime,,,,,,,,,,
C_sensor_MPC,bias_5,12030.0,10.913631865097583,5.1544707832055146,30.80194864433556,709.709832812762,35.062866971590175,16.312101590639664,2.41,0.0,1.4498926875495435,2.4577682158172585,4.184037950032244,2.8497391710106115,6348.792447065825,88.66780174154403,0.0,0.0,0.0,0.0,0.0,43.980458677779545,96.02490000543185,162.38960000191582,1.4049586776859504,1.6363636363636365,0.10706680529164458,0.8951747088186356,0.8951747088186356,0.0,0.0,,0.0,0.0,0.0,final_runtime,,,,,,,,,,
D_adaptive,bias_5,12030.0,11.550123308551727,7.363377724090405,44.07379636469179,795.6359344736371,35.062866971590175,27.639351096396567,,,3.7404049044962933,6.388239002191995,27.755900848528462,6.709055688621959,8228.234777312678,96.60062306907957,0.0,0.0,0.0,0.0,0.0,41.44903719037952,84.7219999996014,125.3355000008014,1.7933884297520661,2.0165289256198347,9.419635131390049,0.8951747088186356,0.8951747088186356,0.0,0.0,,0.0,0.8336106489184693,0.0,final_runtime,,,,,,,,,,
B_plain_MPC,bias_15,12030.0,11.909030041518392,7.522736279447331,45.035786729549976,846.2430818048366,35.06286697159162,9.28400783556108,1.59,0.8799999999999999,7.737274368806785,13.90116969438741,119.35437839526685,10.784752281286114,6775.9158338040625,236.76667545278366,0.0,0.0,0.0,0.0,0.0,61.026971074350826,111.91990000224905,144.25750000373228,2.0082644628099175,2.28099173553719,1.5489214725600178,0.0,0.0,0.0,0.0,,0.0,0.0,0.0,final_runtime,,,,,,,,,,
C_sensor_MPC,bias_15,12030.0,10.814826846866417,4.593898062318188,27.43210952910893,696.806499413571,35.06286697159162,9.28400783556108,1.59,0.0,0.24117718626767842,0.40678424375333777,0.11558286607728838,0.5914628824614354,6105.122798879845,86.21023833850022,0.0,0.0,0.0,0.0,0.0,45.39136033075138,103.38300000148593,124.62740000046324,1.396694214876033,1.6611570247933884,0.14221007896209414,0.6672212978369384,0.6672212978369384,0.0,0.0,,0.0,0.0,0.0,final_runtime,,,,,,,,,,
D_adaptive,bias_15,12030.0,10.83605345785724,4.721135600573334,28.19743185908492,699.5690202009026,35.06286697159162,11.962212068844918,1.67,0.0,0.3886016819169316,0.5688175750039824,0.2952300179605005,1.1361933541659681,6290.763876694834,101.073598033215,0.0,0.0,0.0,0.0,0.0,43.654000826400306,96.50789999432163,129.33329999941634,1.4545454545454546,1.677685950413223,0.0761263868717208,0.6672212978369384,0.6672212978369384,0.0,0.0,,0.03494176372712146,0.0,0.0,final_runtime,,,,,,,,,,
B_plain_MPC,sensor_dropout,12030.0,27.588132535055927,23.378693057790827,140.1230073905476,4559.468758247274,41.58757735505222,118.82164958586348,1.54,,21.046517139334167,36.52683156229826,880.4532876155432,33.04081660948894,15040.74564640333,84.29061749356164,0.0,0.0,0.0,0.0,0.0,35.30349256194193,77.84689999971306,127.34269999782555,1.2644628099173554,1.3057851239669422,2.5705130583542797,0.0,0.0,0.0,0.0,,0.0,0.0,0.0,final_runtime,,,,,,,,,,
C_sensor_MPC,sensor_dropout,12030.0,10.815531240302677,4.722652327459916,28.20576546237583,696.8979250705032,35.062866971588775,8.017711980216607,1.54,0.0,0.5790671022043934,1.0523649457784208,0.6697393438547175,1.1562500548692825,6198.117460399658,113.1267171313819,0.0,0.0,0.0,0.0,0.0,47.16717272708029,99.93020000547403,158.3914000002551,1.5041322314049588,1.7107438016528926,0.12005027298082638,0.6672212978369384,0.6672212978369384,0.0,0.0,,0.0,0.0,0.0,final_runtime,,,,,,,,,,
D_adaptive,sensor_dropout,12030.0,10.878307936429144,4.893449354991422,29.232921412566938,705.0832929138597,35.062866971588775,15.94303400188354,1.78,0.0,0.566245080513058,0.8281948365199102,0.6270613680135617,1.7134462559068524,6391.359299822617,104.61524089156384,0.0,0.0,0.0,0.0,0.0,45.71132727262221,109.60809999960475,147.81659999425756,1.4545454545454546,1.6942148760330578,0.1037067903072284,0.6672212978369384,0.6672212978369384,0.0,0.0,,0.009983361064891847,0.026622296173044926,0.0,final_runtime,,,,,,,,,,
B_plain_MPC,sensor_drift,12030.0,11.575634678618622,7.302399411936408,43.668612434555385,798.8030337399405,35.062866971588775,7.589164113463828,1.53,0.0,5.085190197514486,17.51093623911084,103.31139488389026,8.76160623648639,5213.19410512146,148.22330458438086,0.0,0.0,0.0,0.0,0.0,79.79799669435823,125.7776000056765,142.23439999477705,2.396694214876033,3.049586776859504,1.9567688294525887,0.0,0.0,0.0,0.0,,0.0,0.0,0.0,final_runtime,,,,,,,,,,
C_sensor_MPC,sensor_drift,12030.0,11.575633869396386,7.302400416344394,43.66861845752037,798.8029209084308,35.062866971588775,7.589164113463828,1.53,0.0,5.08519610976819,17.51142252548348,103.31163438568319,8.761608941889005,5213.537070821058,148.32482887273932,0.0,0.0,0.0,0.0,0.0,80.16236446258344,132.51289999607252,153.68290000333218,2.4049586776859506,3.0578512396694215,1.9567770241815978,0.0016638935108153079,0.0016638935108153079,0.0,0.0,,0.0,0.0,0.0,final_runtime,,,,,,,,,,
D_adaptive,sensor_drift,12030.0,11.589235936234484,7.41839012211539,44.36577440702635,800.6976249395743,35.062866971588775,10.019873689717826,1.62,0.0,5.086766640625979,17.698678141565754,103.37164672602835,8.75004537743073,5456.057466668617,159.7972614774321,0.0,0.0,0.0,0.0,0.0,77.9935132228906,131.27549999626353,171.8819000016083,2.3636363636363638,2.950413223140496,1.9530779230593254,0.0016638935108153079,0.0016638935108153079,0.0,0.0,,0.194675540765391,0.008319467554076539,0.0,final_runtime,,,,,,,,,,
B_plain_MPC,parameter_variation,12030.0,10.820248776227675,4.767417811847486,28.47339796856445,697.5096169727096,35.062866971588775,8.684445358983705,1.57,0.0,0.6550265094085662,1.9379751689345102,1.2884742037494528,0.8881810314963587,7795.439252268008,132.81926175870095,0.0,0.0,0.0,0.0,0.0,71.92097107453122,125.99589999445016,146.0101000047871,2.2148760330578514,2.809917355371901,0.37026265877995,0.0,0.0,0.0,0.0,,0.0,0.0,0.0,final_runtime,,,,,,,,,,
C_sensor_MPC,parameter_variation,12030.0,10.820248776227675,4.767417811847486,28.47339796856445,697.5096169727096,35.062866971588775,8.684445358983705,1.57,0.0,0.6550265094085662,1.9379751689345102,1.2884742037494528,0.8881810314963587,7795.439252268008,132.81926175870095,0.0,0.0,0.0,0.0,0.0,73.27915537161445,124.1301999980351,145.30419999937294,2.2148760330578514,2.809917355371901,0.37026265877995,0.0,0.0,0.0,0.0,,0.0,0.0,0.0,final_runtime,,,,,,,,,,
D_adaptive,parameter_variation,12030.0,10.869448602801457,5.018261833442022,29.980956741554753,703.9230434472984,35.062866971588775,14.25910382943215,2.1,0.0,0.6599428806112596,1.9402728230603998,1.3080302687922003,0.8882706670662728,8018.378044962773,138.42439850291802,0.0,0.0,0.0,0.0,0.0,74.32649421503466,133.4290000013425,164.97559999697842,2.115702479338843,2.743801652892562,0.37036823990074197,0.0,0.0,0.0,0.0,,0.1497504159733777,0.024958402662229616,0.0,final_runtime,,,,,,,,,,
B_plain_MPC,combined_fault_load,12030.0,11.203952262362495,6.41080228392494,38.33498317998104,748.2298295387506,35.062866971593984,8.033271217645838,1.54,,4.179169726421126,12.043416763561332,52.49929648691803,7.011734915066452,7961.392441320774,176.52581019330694,0.0,0.0,0.0,0.0,0.0,73.45004462773386,124.27680000109831,142.611900002521,2.256198347107438,2.7355371900826446,0.1025681635814415,0.0,0.0,0.0,0.0,,0.0,0.0,0.0,final_runtime,,,,,,,,,,
C_sensor_MPC,combined_fault_load,12030.0,13.666489622023926,9.885044587307423,59.154205150050956,1115.1031491697997,35.062866971593984,8.033271217645838,1.54,,11.82162317296497,32.86263873363125,419.37261611796725,15.98256393333211,6045.160664699976,93.72797821040848,0.0,0.0,0.0,0.0,0.0,50.645845454589804,110.28670000087004,130.7477000009385,1.5950413223140496,1.8677685950413223,1.8081189915613187,0.5008319467554077,0.5008319467554077,0.0,0.0,,0.0,0.0,0.0,final_runtime,,,,,,,,,,
D_adaptive,combined_fault_load,12030.0,13.712913596547864,10.198397023930845,61.03744655490091,1122.7420086516831,35.062866971593984,14.84403401068578,1.75,,11.821424705767036,32.79161464213941,419.35793429922296,15.983911784692427,6474.367608947324,117.72374094894269,0.0,0.0,0.0,0.0,0.0,61.38960909104881,122.46009999944363,164.97760000493145,1.6446280991735538,2.1983471074380163,1.858288858578316,0.5008319467554077,0.5008319467554077,0.0,0.0,,0.7004991680532446,0.024958402662229616,0.0,final_runtime,,,,,,,,,,
