PASS: required JSON exists: results\configs\ekf_frozen_evidence_hashes.json
PASS: ekf_frozen_evidence_hashes.json contains one JSON object
PASS: pre-EKF lock preserves reserved unused seed family 39026-39030
PASS: pre-EKF lock contains frozen scientific artifacts
PASS: pre-EKF lock contains supporting provenance
PASS: pre-EKF lock contains all required frozen V3/C4/preregistration entries
PASS: scientific hash record main_lstm_weights is structured
PASS: main_lstm_weights records a path
PASS: main_lstm_weights records a SHA256
PASS: required file exists: results\lstm_model_weights.pt
PASS: frozen evidence hash reproduces for main_lstm_weights
PASS: scientific hash record auxiliary_lstm_weights is structured
PASS: auxiliary_lstm_weights records a path
PASS: auxiliary_lstm_weights records a SHA256
PASS: required file exists: results\auxiliary_model_weights.pt
PASS: frozen evidence hash reproduces for auxiliary_lstm_weights
PASS: scientific hash record v3_arbitration_calibration is structured
PASS: v3_arbitration_calibration records a path
PASS: v3_arbitration_calibration records a SHA256
PASS: required file exists: results\configs\v3_arbitration_calibration.json
PASS: frozen evidence hash reproduces for v3_arbitration_calibration
PASS: scientific hash record v3_arbitration_config is structured
PASS: v3_arbitration_config records a path
PASS: v3_arbitration_config records a SHA256
PASS: required file exists: results\configs\v3_arbitration_config.json
PASS: frozen evidence hash reproduces for v3_arbitration_config
PASS: scientific hash record v3_275_run_matrix is structured
PASS: v3_275_run_matrix records a path
PASS: v3_275_run_matrix records a SHA256
PASS: required file exists: results\metrics\v3_final_11scenario_runs.csv
PASS: frozen evidence hash reproduces for v3_275_run_matrix
PASS: scientific hash record c4_development_matrix is structured
PASS: c4_development_matrix records a path
PASS: c4_development_matrix records a SHA256
PASS: required file exists: results\metrics\c4_development_runs.csv
PASS: frozen evidence hash reproduces for c4_development_matrix
PASS: scientific hash record c4_attribution_calibration is structured
PASS: c4_attribution_calibration records a path
PASS: c4_attribution_calibration records a SHA256
PASS: required file exists: results\configs\c4_attribution_calibration.json
PASS: frozen evidence hash reproduces for c4_attribution_calibration
PASS: scientific hash record c4_go_no_go_criteria is structured
PASS: c4_go_no_go_criteria records a path
PASS: c4_go_no_go_criteria records a SHA256
PASS: required file exists: results\configs\c4_go_no_go_criteria.json
PASS: frozen evidence hash reproduces for c4_go_no_go_criteria
PASS: scientific hash record ekf_preregistration is structured
PASS: ekf_preregistration records a path
PASS: ekf_preregistration records a SHA256
PASS: required file exists: EKF_OBSERVER_PREREGISTRATION.md
PASS: frozen evidence hash reproduces for ekf_preregistration
PASS: supporting hash record dataset is structured
PASS: dataset records a path
PASS: dataset records a SHA256
PASS: required file exists: data\processed\dc_motor_lstm_dataset.npz
PASS: frozen evidence hash reproduces for dataset
PASS: supporting hash record motor_model is structured
PASS: motor_model records a path
PASS: motor_model records a SHA256
PASS: required file exists: src\motor_model.py
PASS: frozen evidence hash reproduces for motor_model
PASS: supporting hash record mpc is structured
PASS: mpc records a path
PASS: mpc records a SHA256
PASS: required file exists: src\mpc.py
PASS: frozen evidence hash reproduces for mpc
PASS: supporting hash record reliability is structured
PASS: reliability records a path
PASS: reliability records a SHA256
PASS: required file exists: src\reliability.py
PASS: frozen evidence hash reproduces for reliability
PASS: supporting hash record v3_evaluator is structured
PASS: v3_evaluator records a path
PASS: v3_evaluator records a SHA256
PASS: required file exists: scripts\evaluate_v3_closed_loop.py
PASS: frozen evidence hash reproduces for v3_evaluator
PASS: lock points to the canonical EKF preregistration
PASS: required file exists: EKF_OBSERVER_PREREGISTRATION.md
PASS: EKF preregistration hash reproduces exactly
PASS: required JSON exists: results\configs\ekf_frozen_config.json
PASS: ekf_frozen_config.json contains one JSON object
PASS: EKF config is explicitly frozen
PASS: frozen EKF state order matches preregistration
PASS: frozen EKF online inputs are voltage/current only
PASS: primary calibration injects no current measurement noise
PASS: frozen EKF timestep is 10 ms
PASS: frozen EKF config records the calibration grid
PASS: frozen q_dyn grid is exact
PASS: frozen m_T grid is exact
PASS: frozen r grid is exact
PASS: frozen grid declares exactly 27 candidates
PASS: dataset train split IDs are unchanged
PASS: dataset validation split IDs are unchanged
PASS: dataset test split IDs are unchanged
PASS: dataset timestep remains 10 ms
PASS: training-only state scales are valid
PASS: frozen config records training-only state scales
PASS: frozen training-only state scales reproduce exactly
PASS: frozen P0 is exactly 3x3
PASS: frozen P0 is finite
PASS: frozen P0 is exactly training-only diagonal variance
PASS: EKF calibration candidate table contains required columns (missing=[])
PASS: calibration candidate table has exactly 27 rows
PASS: q_dyn contains only numeric values
PASS: q_dyn is non-missing
PASS: present q_dyn values are finite
PASS: m_T contains only numeric values
PASS: m_T is non-missing
PASS: present m_T values are finite
PASS: r contains only numeric values
PASS: r is non-missing
PASS: present r values are finite
PASS: candidate table contains the exact 3x3x3 preregistered grid
PASS: candidate table contains no duplicate covariance tuple
PASS: candidate IDs preserve deterministic grid order
PASS: candidate EKF_01 Q/R values reproduce from training scales
PASS: candidate EKF_02 Q/R values reproduce from training scales
PASS: candidate EKF_03 Q/R values reproduce from training scales
PASS: candidate EKF_04 Q/R values reproduce from training scales
PASS: candidate EKF_05 Q/R values reproduce from training scales
PASS: candidate EKF_06 Q/R values reproduce from training scales
PASS: candidate EKF_07 Q/R values reproduce from training scales
PASS: candidate EKF_08 Q/R values reproduce from training scales
PASS: candidate EKF_09 Q/R values reproduce from training scales
PASS: candidate EKF_10 Q/R values reproduce from training scales
PASS: candidate EKF_11 Q/R values reproduce from training scales
PASS: candidate EKF_12 Q/R values reproduce from training scales
PASS: candidate EKF_13 Q/R values reproduce from training scales
PASS: candidate EKF_14 Q/R values reproduce from training scales
PASS: candidate EKF_15 Q/R values reproduce from training scales
PASS: candidate EKF_16 Q/R values reproduce from training scales
PASS: candidate EKF_17 Q/R values reproduce from training scales
PASS: candidate EKF_18 Q/R values reproduce from training scales
PASS: candidate EKF_19 Q/R values reproduce from training scales
PASS: candidate EKF_20 Q/R values reproduce from training scales
PASS: candidate EKF_21 Q/R values reproduce from training scales
PASS: candidate EKF_22 Q/R values reproduce from training scales
PASS: candidate EKF_23 Q/R values reproduce from training scales
PASS: candidate EKF_24 Q/R values reproduce from training scales
PASS: candidate EKF_25 Q/R values reproduce from training scales
PASS: candidate EKF_26 Q/R values reproduce from training scales
PASS: candidate EKF_27 Q/R values reproduce from training scales
PASS: candidate validation_sample_count contains only numeric values
PASS: candidate validation_sample_count is non-missing
PASS: present candidate validation_sample_count values are finite
PASS: present candidate validation_sample_count values are nonnegative
PASS: present candidate validation_sample_count values are exact integers
PASS: candidate numerical_failure_count contains only numeric values
PASS: candidate numerical_failure_count is non-missing
PASS: present candidate numerical_failure_count values are finite
PASS: present candidate numerical_failure_count values are nonnegative
PASS: present candidate numerical_failure_count values are exact integers
PASS: candidate nonfinite_estimate_count contains only numeric values
PASS: candidate nonfinite_estimate_count is non-missing
PASS: present candidate nonfinite_estimate_count values are finite
PASS: present candidate nonfinite_estimate_count values are nonnegative
PASS: present candidate nonfinite_estimate_count values are exact integers
PASS: candidate failure_run_count contains only numeric values
PASS: candidate failure_run_count is non-missing
PASS: present candidate failure_run_count values are finite
PASS: present candidate failure_run_count values are nonnegative
PASS: present candidate failure_run_count values are exact integers
PASS: candidate table marks exactly one selected row
PASS: candidate stable flag exactly reflects numerical/nonfinite failure evidence
PASS: at least one preregistered calibration candidate is stable
PASS: stable candidate validation_rmse contains only numeric values
PASS: stable candidate validation_rmse is non-missing
PASS: present stable candidate validation_rmse values are finite
PASS: stable candidate validation_mae contains only numeric values
PASS: stable candidate validation_mae is non-missing
PASS: present stable candidate validation_mae values are finite
PASS: stable candidate validation_abs_bias contains only numeric values
PASS: stable candidate validation_abs_bias is non-missing
PASS: present stable candidate validation_abs_bias values are finite
PASS: selected row exactly follows preregistered lexicographic rule
PASS: frozen EKF config contains one selected_candidate block
PASS: selected config candidate_id matches candidate table
PASS: selected config q_dyn matches candidate table
PASS: selected config m_T matches candidate table
PASS: selected config r matches candidate table
PASS: selected Q is exactly 3x3
PASS: selected Q is finite
PASS: selected Q exactly matches chosen candidate
PASS: selected R exactly matches chosen candidate
PASS: selected P0 is exactly 3x3
PASS: selected P0 is finite
PASS: selected P0 exactly matches training-only P0
PASS: selected config validation_rmse exactly matches chosen row
PASS: selected config validation_mae exactly matches chosen row
PASS: selected config validation_bias exactly matches chosen row
PASS: selected config validation_abs_bias exactly matches chosen row
PASS: selected config validation_sample_count exactly matches chosen row
PASS: selected config numerical_failure_count exactly matches chosen row
PASS: selected config nonfinite_estimate_count exactly matches chosen row
PASS: selected config failure_run_count exactly matches chosen row
PASS: frozen EKF config records calibration provenance
PASS: selected candidate and top-level config share identical provenance
PASS: calibration provenance path field is an approved pre-fault source: dataset_path
PASS: calibration provenance path contains no fault/result source: data/processed/dc_motor_lstm_dataset.npz
PASS: calibration provenance path field is an approved pre-fault source: preregistration_path
PASS: calibration provenance path contains no fault/result source: EKF_OBSERVER_PREREGISTRATION.md
PASS: calibration provenance path field is an approved pre-fault source: observer_source_path
PASS: calibration provenance path contains no fault/result source: src/ekf_observer.py
PASS: calibration provenance path field is an approved pre-fault source: motor_model_source_path
PASS: calibration provenance path contains no fault/result source: src/motor_model.py
PASS: calibration provenance path field is an approved pre-fault source: calibration_script_path
PASS: calibration provenance path contains no fault/result source: scripts/calibrate_ekf_observer.py
PASS: calibration provenance path field is an approved pre-fault source: main_lstm_weights_path
PASS: calibration provenance path contains no fault/result source: results/lstm_model_weights.pt
PASS: calibration provenance path field is an approved pre-fault source: main_lstm_config_path
PASS: calibration provenance path contains no fault/result source: results/configs/lstm_model_config.json
PASS: calibration provenance path field is an approved pre-fault source: auxiliary_lstm_weights_path
PASS: calibration provenance path contains no fault/result source: results/auxiliary_model_weights.pt
PASS: calibration provenance path field is an approved pre-fault source: auxiliary_lstm_config_path
PASS: calibration provenance path contains no fault/result source: results/configs/v2_auxiliary_config.json
PASS: calibration provenance path field is an approved pre-fault source: candidate_table_path
PASS: calibration provenance path contains no fault/result source: results/metrics/ekf_calibration_candidates.csv
PASS: calibration provenance path field is an approved pre-fault source: selected_validation_trace_path
PASS: calibration provenance path contains no fault/result source: results/metrics/ekf_calibration_selected_trace.csv
PASS: calibration provenance contains no fault/scenario result field: dataset_path
PASS: calibration provenance contains no fault/scenario result field: dataset_sha256
PASS: calibration provenance contains no fault/scenario result field: preregistration_path
PASS: calibration provenance contains no fault/scenario result field: preregistration_sha256
PASS: calibration provenance contains no fault/scenario result field: observer_source_path
PASS: calibration provenance contains no fault/scenario result field: observer_source_sha256
PASS: calibration provenance contains no fault/scenario result field: motor_model_source_path
PASS: calibration provenance contains no fault/scenario result field: motor_model_source_sha256
PASS: calibration provenance contains no fault/scenario result field: calibration_script_path
PASS: calibration provenance contains no fault/scenario result field: calibration_script_sha256
PASS: calibration provenance contains no fault/scenario result field: observability_summary_sha256
PASS: calibration provenance contains no fault/scenario result field: main_lstm_weights_path
PASS: calibration provenance contains no fault/scenario result field: main_lstm_weights_sha256
PASS: calibration provenance contains no fault/scenario result field: main_lstm_config_path
PASS: calibration provenance contains no fault/scenario result field: main_lstm_config_sha256
PASS: calibration provenance contains no fault/scenario result field: auxiliary_lstm_weights_path
PASS: calibration provenance contains no fault/scenario result field: auxiliary_lstm_weights_sha256
PASS: calibration provenance contains no fault/scenario result field: auxiliary_lstm_config_path
PASS: calibration provenance contains no fault/scenario result field: auxiliary_lstm_config_sha256
PASS: calibration provenance contains no fault/scenario result field: candidate_table_path
PASS: calibration provenance contains no fault/scenario result field: candidate_table_sha256
PASS: calibration provenance contains no fault/scenario result field: selected_validation_trace_path
PASS: calibration provenance contains no fault/scenario result field: selected_validation_trace_sha256
PASS: calibration provenance contains no fault/scenario result field: train_run_ids
PASS: calibration provenance contains no fault/scenario result field: validation_run_ids
PASS: calibration provenance contains no fault/scenario result field: excluded_test_run_ids
PASS: calibration provenance contains no fault/scenario result field: selection_population
PASS: calibration provenance contains no fault/scenario result field: P0_population
PASS: calibration provenance records exact training population
PASS: calibration provenance records exact validation selection population
PASS: calibration provenance records excluded test trajectories
PASS: Q/R selection population is validation-only
PASS: P0 population is training-only
PASS: calibration provenance binds exact preregistration
PASS: calibration provenance binds exact dataset
PASS: calibration provenance binds frozen main LSTM
PASS: calibration provenance binds frozen auxiliary LSTM
PASS: calibration provenance binds frozen motor model
PASS: required file exists: results\metrics\ekf_calibration_candidates.csv
PASS: frozen config binds exact candidate CSV
PASS: required file exists: results\metrics\ekf_calibration_selected_trace.csv
PASS: frozen config binds exact selected validation trace
PASS: selected calibration trace contains required columns (missing=[])
PASS: selected calibration trace run_id seeds are numeric
PASS: selected calibration trace run_id seeds are finite
PASS: selected calibration trace run_id seeds are integers
PASS: selected trace contains exactly validation trajectories
PASS: selected trace run 3 sample seeds are numeric
PASS: selected trace run 3 sample seeds are finite
PASS: selected trace run 3 sample seeds are integers
PASS: selected trace run 3 has every sample exactly once in order
PASS: selected trace run 3 time contains only numeric values
PASS: selected trace run 3 time is non-missing
PASS: present selected trace run 3 time values are finite
PASS: selected trace run 3 times reproduce dataset
PASS: selected trace run 3 truth contains only numeric values
PASS: selected trace run 3 truth is non-missing
PASS: present selected trace run 3 truth values are finite
PASS: selected trace run 3 true speed reproduces dataset
PASS: selected trace run 3 load truth contains only numeric values
PASS: selected trace run 3 load truth is non-missing
PASS: present selected trace run 3 load truth values are finite
PASS: selected trace run 3 true load reproduces dataset
PASS: selected trace run 3 speed estimate contains only numeric values
PASS: selected trace run 3 speed estimate is non-missing
PASS: present selected trace run 3 speed estimate values are finite
PASS: selected trace run 3 load estimate contains only numeric values
PASS: selected trace run 3 load estimate is non-missing
PASS: present selected trace run 3 load estimate values are finite
PASS: selected trace run 3 innovation contains only numeric values
PASS: selected trace run 3 innovation is non-missing
PASS: present selected trace run 3 innovation values are finite
PASS: selected trace run 3 innovation variance contains only numeric values
PASS: selected trace run 3 innovation variance is non-missing
PASS: present selected trace run 3 innovation variance values are finite
PASS: selected trace run 3 NIS contains only numeric values
PASS: selected trace run 3 NIS is non-missing
PASS: present selected trace run 3 NIS values are finite
PASS: selected trace run 3 covariance eigenvalue contains only numeric values
PASS: selected trace run 3 covariance eigenvalue is non-missing
PASS: present selected trace run 3 covariance eigenvalue values are finite
PASS: selected trace run 3 innovation variance stays positive
PASS: selected trace run 3 NIS stays nonnegative
PASS: selected trace run 3 covariance remains PSD within tolerance
PASS: selected trace run 3 NIS recomputes
PASS: selected trace run 9 sample seeds are numeric
PASS: selected trace run 9 sample seeds are finite
PASS: selected trace run 9 sample seeds are integers
PASS: selected trace run 9 has every sample exactly once in order
PASS: selected trace run 9 time contains only numeric values
PASS: selected trace run 9 time is non-missing
PASS: present selected trace run 9 time values are finite
PASS: selected trace run 9 times reproduce dataset
PASS: selected trace run 9 truth contains only numeric values
PASS: selected trace run 9 truth is non-missing
PASS: present selected trace run 9 truth values are finite
PASS: selected trace run 9 true speed reproduces dataset
PASS: selected trace run 9 load truth contains only numeric values
PASS: selected trace run 9 load truth is non-missing
PASS: present selected trace run 9 load truth values are finite
PASS: selected trace run 9 true load reproduces dataset
PASS: selected trace run 9 speed estimate contains only numeric values
PASS: selected trace run 9 speed estimate is non-missing
PASS: present selected trace run 9 speed estimate values are finite
PASS: selected trace run 9 load estimate contains only numeric values
PASS: selected trace run 9 load estimate is non-missing
PASS: present selected trace run 9 load estimate values are finite
PASS: selected trace run 9 innovation contains only numeric values
PASS: selected trace run 9 innovation is non-missing
PASS: present selected trace run 9 innovation values are finite
PASS: selected trace run 9 innovation variance contains only numeric values
PASS: selected trace run 9 innovation variance is non-missing
PASS: present selected trace run 9 innovation variance values are finite
PASS: selected trace run 9 NIS contains only numeric values
PASS: selected trace run 9 NIS is non-missing
PASS: present selected trace run 9 NIS values are finite
PASS: selected trace run 9 covariance eigenvalue contains only numeric values
PASS: selected trace run 9 covariance eigenvalue is non-missing
PASS: present selected trace run 9 covariance eigenvalue values are finite
PASS: selected trace run 9 innovation variance stays positive
PASS: selected trace run 9 NIS stays nonnegative
PASS: selected trace run 9 covariance remains PSD within tolerance
PASS: selected trace run 9 NIS recomputes
PASS: selected trace run 11 sample seeds are numeric
PASS: selected trace run 11 sample seeds are finite
PASS: selected trace run 11 sample seeds are integers
PASS: selected trace run 11 has every sample exactly once in order
PASS: selected trace run 11 time contains only numeric values
PASS: selected trace run 11 time is non-missing
PASS: present selected trace run 11 time values are finite
PASS: selected trace run 11 times reproduce dataset
PASS: selected trace run 11 truth contains only numeric values
PASS: selected trace run 11 truth is non-missing
PASS: present selected trace run 11 truth values are finite
PASS: selected trace run 11 true speed reproduces dataset
PASS: selected trace run 11 load truth contains only numeric values
PASS: selected trace run 11 load truth is non-missing
PASS: present selected trace run 11 load truth values are finite
PASS: selected trace run 11 true load reproduces dataset
PASS: selected trace run 11 speed estimate contains only numeric values
PASS: selected trace run 11 speed estimate is non-missing
PASS: present selected trace run 11 speed estimate values are finite
PASS: selected trace run 11 load estimate contains only numeric values
PASS: selected trace run 11 load estimate is non-missing
PASS: present selected trace run 11 load estimate values are finite
PASS: selected trace run 11 innovation contains only numeric values
PASS: selected trace run 11 innovation is non-missing
PASS: present selected trace run 11 innovation values are finite
PASS: selected trace run 11 innovation variance contains only numeric values
PASS: selected trace run 11 innovation variance is non-missing
PASS: present selected trace run 11 innovation variance values are finite
PASS: selected trace run 11 NIS contains only numeric values
PASS: selected trace run 11 NIS is non-missing
PASS: present selected trace run 11 NIS values are finite
PASS: selected trace run 11 covariance eigenvalue contains only numeric values
PASS: selected trace run 11 covariance eigenvalue is non-missing
PASS: present selected trace run 11 covariance eigenvalue values are finite
PASS: selected trace run 11 innovation variance stays positive
PASS: selected trace run 11 NIS stays nonnegative
PASS: selected trace run 11 covariance remains PSD within tolerance
PASS: selected trace run 11 NIS recomputes
PASS: selected trace run 16 sample seeds are numeric
PASS: selected trace run 16 sample seeds are finite
PASS: selected trace run 16 sample seeds are integers
PASS: selected trace run 16 has every sample exactly once in order
PASS: selected trace run 16 time contains only numeric values
PASS: selected trace run 16 time is non-missing
PASS: present selected trace run 16 time values are finite
PASS: selected trace run 16 times reproduce dataset
PASS: selected trace run 16 truth contains only numeric values
PASS: selected trace run 16 truth is non-missing
PASS: present selected trace run 16 truth values are finite
PASS: selected trace run 16 true speed reproduces dataset
PASS: selected trace run 16 load truth contains only numeric values
PASS: selected trace run 16 load truth is non-missing
PASS: present selected trace run 16 load truth values are finite
PASS: selected trace run 16 true load reproduces dataset
PASS: selected trace run 16 speed estimate contains only numeric values
PASS: selected trace run 16 speed estimate is non-missing
PASS: present selected trace run 16 speed estimate values are finite
PASS: selected trace run 16 load estimate contains only numeric values
PASS: selected trace run 16 load estimate is non-missing
PASS: present selected trace run 16 load estimate values are finite
PASS: selected trace run 16 innovation contains only numeric values
PASS: selected trace run 16 innovation is non-missing
PASS: present selected trace run 16 innovation values are finite
PASS: selected trace run 16 innovation variance contains only numeric values
PASS: selected trace run 16 innovation variance is non-missing
PASS: present selected trace run 16 innovation variance values are finite
PASS: selected trace run 16 NIS contains only numeric values
PASS: selected trace run 16 NIS is non-missing
PASS: present selected trace run 16 NIS values are finite
PASS: selected trace run 16 covariance eigenvalue contains only numeric values
PASS: selected trace run 16 covariance eigenvalue is non-missing
PASS: present selected trace run 16 covariance eigenvalue values are finite
PASS: selected trace run 16 innovation variance stays positive
PASS: selected trace run 16 NIS stays nonnegative
PASS: selected trace run 16 covariance remains PSD within tolerance
PASS: selected trace run 16 NIS recomputes
PASS: selected trace run 19 sample seeds are numeric
PASS: selected trace run 19 sample seeds are finite
PASS: selected trace run 19 sample seeds are integers
PASS: selected trace run 19 has every sample exactly once in order
PASS: selected trace run 19 time contains only numeric values
PASS: selected trace run 19 time is non-missing
PASS: present selected trace run 19 time values are finite
PASS: selected trace run 19 times reproduce dataset
PASS: selected trace run 19 truth contains only numeric values
PASS: selected trace run 19 truth is non-missing
PASS: present selected trace run 19 truth values are finite
PASS: selected trace run 19 true speed reproduces dataset
PASS: selected trace run 19 load truth contains only numeric values
PASS: selected trace run 19 load truth is non-missing
PASS: present selected trace run 19 load truth values are finite
PASS: selected trace run 19 true load reproduces dataset
PASS: selected trace run 19 speed estimate contains only numeric values
PASS: selected trace run 19 speed estimate is non-missing
PASS: present selected trace run 19 speed estimate values are finite
PASS: selected trace run 19 load estimate contains only numeric values
PASS: selected trace run 19 load estimate is non-missing
PASS: present selected trace run 19 load estimate values are finite
PASS: selected trace run 19 innovation contains only numeric values
PASS: selected trace run 19 innovation is non-missing
PASS: present selected trace run 19 innovation values are finite
PASS: selected trace run 19 innovation variance contains only numeric values
PASS: selected trace run 19 innovation variance is non-missing
PASS: present selected trace run 19 innovation variance values are finite
PASS: selected trace run 19 NIS contains only numeric values
PASS: selected trace run 19 NIS is non-missing
PASS: present selected trace run 19 NIS values are finite
PASS: selected trace run 19 covariance eigenvalue contains only numeric values
PASS: selected trace run 19 covariance eigenvalue is non-missing
PASS: present selected trace run 19 covariance eigenvalue values are finite
PASS: selected trace run 19 innovation variance stays positive
PASS: selected trace run 19 NIS stays nonnegative
PASS: selected trace run 19 covariance remains PSD within tolerance
PASS: selected trace run 19 NIS recomputes
PASS: selected trace run 23 sample seeds are numeric
PASS: selected trace run 23 sample seeds are finite
PASS: selected trace run 23 sample seeds are integers
PASS: selected trace run 23 has every sample exactly once in order
PASS: selected trace run 23 time contains only numeric values
PASS: selected trace run 23 time is non-missing
PASS: present selected trace run 23 time values are finite
PASS: selected trace run 23 times reproduce dataset
PASS: selected trace run 23 truth contains only numeric values
PASS: selected trace run 23 truth is non-missing
PASS: present selected trace run 23 truth values are finite
PASS: selected trace run 23 true speed reproduces dataset
PASS: selected trace run 23 load truth contains only numeric values
PASS: selected trace run 23 load truth is non-missing
PASS: present selected trace run 23 load truth values are finite
PASS: selected trace run 23 true load reproduces dataset
PASS: selected trace run 23 speed estimate contains only numeric values
PASS: selected trace run 23 speed estimate is non-missing
PASS: present selected trace run 23 speed estimate values are finite
PASS: selected trace run 23 load estimate contains only numeric values
PASS: selected trace run 23 load estimate is non-missing
PASS: present selected trace run 23 load estimate values are finite
PASS: selected trace run 23 innovation contains only numeric values
PASS: selected trace run 23 innovation is non-missing
PASS: present selected trace run 23 innovation values are finite
PASS: selected trace run 23 innovation variance contains only numeric values
PASS: selected trace run 23 innovation variance is non-missing
PASS: present selected trace run 23 innovation variance values are finite
PASS: selected trace run 23 NIS contains only numeric values
PASS: selected trace run 23 NIS is non-missing
PASS: present selected trace run 23 NIS values are finite
PASS: selected trace run 23 covariance eigenvalue contains only numeric values
PASS: selected trace run 23 covariance eigenvalue is non-missing
PASS: present selected trace run 23 covariance eigenvalue values are finite
PASS: selected trace run 23 innovation variance stays positive
PASS: selected trace run 23 NIS stays nonnegative
PASS: selected trace run 23 covariance remains PSD within tolerance
PASS: selected trace run 23 NIS recomputes
PASS: required file exists: results\configs\ekf_frozen_config.json
PASS: required estimator artifact exists: results\metrics\ekf_estimator_comparison.csv
PASS: required estimator artifact exists: results\metrics\ekf_estimator_transfer.csv
PASS: required estimator artifact exists: results\metrics\ekf_estimator_runtime_samples.csv
PASS: required estimator artifact exists: results\metrics\ekf_estimator_trace.csv
PASS: clean estimator comparison contains required columns (missing=[])
PASS: transfer estimator comparison contains required columns (missing=[])
PASS: clean estimator comparison contains exactly 23 estimator/stratum rows
PASS: clean estimator comparison has the exact population label
PASS: clean estimator comparison contains the exact estimator/stratum coverage
PASS: clean estimator comparison contains no duplicate keys
PASS: transfer comparison contains exactly load-disturbance and parameter-variation populations
PASS: transfer comparison contains exactly 25 rows per preregistered transfer population
PASS: transfer comparison contains no duplicate population/estimator/stratum keys
PASS: load_disturbance_fixed_nominal_observer contains exactly 25 estimator/stratum rows
PASS: load_disturbance_fixed_nominal_observer contains exact base strata plus load_step_post_3s
PASS: parameter_variation_fixed_nominal_observer contains exactly 25 estimator/stratum rows
PASS: parameter_variation_fixed_nominal_observer contains exact base strata plus parameter_shift_post_3s
PASS: estimator runtime samples contains required columns (missing=[])
PASS: estimator trace contains required columns (missing=[])
PASS: estimator trace contains exactly clean, load-transfer, and parameter-transfer populations
PASS: estimator runtime contains exactly clean, load-transfer, and parameter-transfer populations
PASS: estimator trace run_id seeds are numeric
PASS: estimator trace run_id seeds are finite
PASS: estimator trace run_id seeds are integers
PASS: estimator trace uses exactly held-out test trajectories
PASS: estimator runtime run_id seeds are numeric
PASS: estimator runtime run_id seeds are finite
PASS: estimator runtime run_id seeds are integers
PASS: estimator runtime uses exactly held-out test trajectories
PASS: estimator runtime covers exactly EKF and auxiliary LSTM
PASS: estimator update runtime contains only numeric values
PASS: estimator update runtime is non-missing
PASS: present estimator update runtime values are finite
PASS: estimator update runtimes are nonnegative
PASS: estimator runtime samples have unique population/run/sample/estimator keys
PASS: estimator trace samples have unique population/run/sample keys
PASS: load_disturbance_fixed_nominal_observer trace run 8 has the full saved sample grid
PASS: load_disturbance_fixed_nominal_observer trace run 8 timestamps reproduce the locked dataset grid
PASS: load_disturbance_fixed_nominal_observer trace run 15 has the full saved sample grid
PASS: load_disturbance_fixed_nominal_observer trace run 15 timestamps reproduce the locked dataset grid
PASS: load_disturbance_fixed_nominal_observer trace run 17 has the full saved sample grid
PASS: load_disturbance_fixed_nominal_observer trace run 17 timestamps reproduce the locked dataset grid
PASS: load_disturbance_fixed_nominal_observer trace run 22 has the full saved sample grid
PASS: load_disturbance_fixed_nominal_observer trace run 22 timestamps reproduce the locked dataset grid
PASS: load_disturbance_fixed_nominal_observer trace run 25 has the full saved sample grid
PASS: load_disturbance_fixed_nominal_observer trace run 25 timestamps reproduce the locked dataset grid
PASS: load_disturbance_fixed_nominal_observer trace run 28 has the full saved sample grid
PASS: load_disturbance_fixed_nominal_observer trace run 28 timestamps reproduce the locked dataset grid
PASS: clean_heldout_test trace run 8 has the full saved sample grid
PASS: clean_heldout_test trace run 8 timestamps reproduce the locked dataset grid
PASS: clean_heldout_test trace run 15 has the full saved sample grid
PASS: clean_heldout_test trace run 15 timestamps reproduce the locked dataset grid
PASS: clean_heldout_test trace run 17 has the full saved sample grid
PASS: clean_heldout_test trace run 17 timestamps reproduce the locked dataset grid
PASS: clean_heldout_test trace run 22 has the full saved sample grid
PASS: clean_heldout_test trace run 22 timestamps reproduce the locked dataset grid
PASS: clean_heldout_test trace run 25 has the full saved sample grid
PASS: clean_heldout_test trace run 25 timestamps reproduce the locked dataset grid
PASS: clean_heldout_test trace run 28 has the full saved sample grid
PASS: clean_heldout_test trace run 28 timestamps reproduce the locked dataset grid
PASS: parameter_variation_fixed_nominal_observer trace run 8 has the full saved sample grid
PASS: parameter_variation_fixed_nominal_observer trace run 8 timestamps reproduce the locked dataset grid
PASS: parameter_variation_fixed_nominal_observer trace run 15 has the full saved sample grid
PASS: parameter_variation_fixed_nominal_observer trace run 15 timestamps reproduce the locked dataset grid
PASS: parameter_variation_fixed_nominal_observer trace run 17 has the full saved sample grid
PASS: parameter_variation_fixed_nominal_observer trace run 17 timestamps reproduce the locked dataset grid
PASS: parameter_variation_fixed_nominal_observer trace run 22 has the full saved sample grid
PASS: parameter_variation_fixed_nominal_observer trace run 22 timestamps reproduce the locked dataset grid
PASS: parameter_variation_fixed_nominal_observer trace run 25 has the full saved sample grid
PASS: parameter_variation_fixed_nominal_observer trace run 25 timestamps reproduce the locked dataset grid
PASS: parameter_variation_fixed_nominal_observer trace run 28 has the full saved sample grid
PASS: parameter_variation_fixed_nominal_observer trace run 28 timestamps reproduce the locked dataset grid
PASS: required file exists: results\configs\v2_auxiliary_config.json
PASS: required file exists: src\ekf_observer.py
PASS: required file exists: results\analysis\ekf_observability_summary.json
PASS: required file exists: scripts\evaluate_ekf_estimator.py
PASS: required JSON exists: results\configs\ekf_frozen_config.json
PASS: ekf_frozen_config.json contains one JSON object
PASS: clean estimator comparison ekf_config_sha256 binds current frozen source
PASS: clean estimator comparison dataset_sha256 binds current frozen source
PASS: clean estimator comparison auxiliary_lstm_weights_sha256 binds current frozen source
PASS: clean estimator comparison auxiliary_lstm_config_sha256 binds current frozen source
PASS: clean estimator comparison observer_source_sha256 binds current frozen source
PASS: clean estimator comparison motor_model_source_sha256 binds current frozen source
PASS: clean estimator comparison observability_summary_sha256 binds current frozen source
PASS: clean estimator comparison evaluation_script_sha256 binds current frozen source
PASS: clean estimator comparison binds selected frozen candidate
PASS: transfer estimator comparison ekf_config_sha256 binds current frozen source
PASS: transfer estimator comparison dataset_sha256 binds current frozen source
PASS: transfer estimator comparison auxiliary_lstm_weights_sha256 binds current frozen source
PASS: transfer estimator comparison auxiliary_lstm_config_sha256 binds current frozen source
PASS: transfer estimator comparison observer_source_sha256 binds current frozen source
PASS: transfer estimator comparison motor_model_source_sha256 binds current frozen source
PASS: transfer estimator comparison observability_summary_sha256 binds current frozen source
PASS: transfer estimator comparison evaluation_script_sha256 binds current frozen source
PASS: transfer estimator comparison binds selected frozen candidate
PASS: required JSON exists: results\analysis\ekf_observability_summary.json
PASS: ekf_observability_summary.json contains one JSON object
PASS: estimator trace covers clean_heldout_test test run 8
PASS: estimator trace sample seeds are numeric
PASS: estimator trace sample seeds are finite
PASS: estimator trace sample seeds are integers
PASS: each estimator trace run has contiguous sample indices
PASS: each estimator trace run uses the saved approximately 10 ms grid
PASS: clean_heldout_test/8/EKF records one consistent failure marker
PASS: runtime sample indices are in range for clean_heldout_test/8/EKF
PASS: estimator trace covers clean_heldout_test test run 15
PASS: estimator trace sample seeds are numeric
PASS: estimator trace sample seeds are finite
PASS: estimator trace sample seeds are integers
PASS: each estimator trace run has contiguous sample indices
PASS: each estimator trace run uses the saved approximately 10 ms grid
PASS: clean_heldout_test/15/EKF records one consistent failure marker
PASS: runtime sample indices are in range for clean_heldout_test/15/EKF
PASS: estimator trace covers clean_heldout_test test run 17
PASS: estimator trace sample seeds are numeric
PASS: estimator trace sample seeds are finite
PASS: estimator trace sample seeds are integers
PASS: each estimator trace run has contiguous sample indices
PASS: each estimator trace run uses the saved approximately 10 ms grid
PASS: clean_heldout_test/17/EKF records one consistent failure marker
PASS: runtime sample indices are in range for clean_heldout_test/17/EKF
PASS: estimator trace covers clean_heldout_test test run 22
PASS: estimator trace sample seeds are numeric
PASS: estimator trace sample seeds are finite
PASS: estimator trace sample seeds are integers
PASS: each estimator trace run has contiguous sample indices
PASS: each estimator trace run uses the saved approximately 10 ms grid
PASS: clean_heldout_test/22/EKF records one consistent failure marker
PASS: runtime sample indices are in range for clean_heldout_test/22/EKF
PASS: estimator trace covers clean_heldout_test test run 25
PASS: estimator trace sample seeds are numeric
PASS: estimator trace sample seeds are finite
PASS: estimator trace sample seeds are integers
PASS: each estimator trace run has contiguous sample indices
PASS: each estimator trace run uses the saved approximately 10 ms grid
PASS: clean_heldout_test/25/EKF records one consistent failure marker
PASS: runtime sample indices are in range for clean_heldout_test/25/EKF
PASS: estimator trace covers clean_heldout_test test run 28
PASS: estimator trace sample seeds are numeric
PASS: estimator trace sample seeds are finite
PASS: estimator trace sample seeds are integers
PASS: each estimator trace run has contiguous sample indices
PASS: each estimator trace run uses the saved approximately 10 ms grid
PASS: clean_heldout_test/28/EKF records one consistent failure marker
PASS: runtime sample indices are in range for clean_heldout_test/28/EKF
PASS: clean_heldout_test/EKF/all_paired sample_count recomputes
PASS: clean_heldout_test/EKF/all_paired trajectory_count recomputes
PASS: clean_heldout_test/EKF/all_paired finite_sample_count recomputes
PASS: clean_heldout_test/EKF/all_paired nonfinite_sample_count recomputes
PASS: clean_heldout_test/EKF/all_paired finite_fraction recomputes
PASS: clean_heldout_test/EKF/all_paired rmse_rad_s recomputes
PASS: clean_heldout_test/EKF/all_paired mae_rad_s recomputes
PASS: clean_heldout_test/EKF/all_paired bias_rad_s recomputes
PASS: clean_heldout_test/EKF/all_paired numerical_failure_count recomputes
PASS: clean_heldout_test/EKF/all_paired failure_run_count recomputes
PASS: clean_heldout_test/EKF/all_paired runtime_sample_count recomputes
PASS: clean_heldout_test/EKF/all_paired runtime_mean_us recomputes
PASS: clean_heldout_test/EKF/all_paired runtime_p50_us recomputes
PASS: clean_heldout_test/EKF/all_paired runtime_p95_us recomputes
PASS: clean_heldout_test/EKF/all_paired runtime_p99_us recomputes
PASS: clean_heldout_test/EKF/all_paired runtime_max_us recomputes
PASS: estimator trace covers clean_heldout_test test run 8
PASS: estimator trace sample seeds are numeric
PASS: estimator trace sample seeds are finite
PASS: estimator trace sample seeds are integers
PASS: each estimator trace run has contiguous sample indices
PASS: each estimator trace run uses the saved approximately 10 ms grid
PASS: clean_heldout_test/8/auxiliary_LSTM records one consistent failure marker
PASS: runtime sample indices are in range for clean_heldout_test/8/auxiliary_LSTM
PASS: estimator trace covers clean_heldout_test test run 15
PASS: estimator trace sample seeds are numeric
PASS: estimator trace sample seeds are finite
PASS: estimator trace sample seeds are integers
PASS: each estimator trace run has contiguous sample indices
PASS: each estimator trace run uses the saved approximately 10 ms grid
PASS: clean_heldout_test/15/auxiliary_LSTM records one consistent failure marker
PASS: runtime sample indices are in range for clean_heldout_test/15/auxiliary_LSTM
PASS: estimator trace covers clean_heldout_test test run 17
PASS: estimator trace sample seeds are numeric
PASS: estimator trace sample seeds are finite
PASS: estimator trace sample seeds are integers
PASS: each estimator trace run has contiguous sample indices
PASS: each estimator trace run uses the saved approximately 10 ms grid
PASS: clean_heldout_test/17/auxiliary_LSTM records one consistent failure marker
PASS: runtime sample indices are in range for clean_heldout_test/17/auxiliary_LSTM
PASS: estimator trace covers clean_heldout_test test run 22
PASS: estimator trace sample seeds are numeric
PASS: estimator trace sample seeds are finite
PASS: estimator trace sample seeds are integers
PASS: each estimator trace run has contiguous sample indices
PASS: each estimator trace run uses the saved approximately 10 ms grid
PASS: clean_heldout_test/22/auxiliary_LSTM records one consistent failure marker
PASS: runtime sample indices are in range for clean_heldout_test/22/auxiliary_LSTM
PASS: estimator trace covers clean_heldout_test test run 25
PASS: estimator trace sample seeds are numeric
PASS: estimator trace sample seeds are finite
PASS: estimator trace sample seeds are integers
PASS: each estimator trace run has contiguous sample indices
PASS: each estimator trace run uses the saved approximately 10 ms grid
PASS: clean_heldout_test/25/auxiliary_LSTM records one consistent failure marker
PASS: runtime sample indices are in range for clean_heldout_test/25/auxiliary_LSTM
PASS: estimator trace covers clean_heldout_test test run 28
PASS: estimator trace sample seeds are numeric
PASS: estimator trace sample seeds are finite
PASS: estimator trace sample seeds are integers
PASS: each estimator trace run has contiguous sample indices
PASS: each estimator trace run uses the saved approximately 10 ms grid
PASS: clean_heldout_test/28/auxiliary_LSTM records one consistent failure marker
PASS: runtime sample indices are in range for clean_heldout_test/28/auxiliary_LSTM
PASS: clean_heldout_test/auxiliary_LSTM/all_paired sample_count recomputes
PASS: clean_heldout_test/auxiliary_LSTM/all_paired trajectory_count recomputes
PASS: clean_heldout_test/auxiliary_LSTM/all_paired finite_sample_count recomputes
PASS: clean_heldout_test/auxiliary_LSTM/all_paired nonfinite_sample_count recomputes
PASS: clean_heldout_test/auxiliary_LSTM/all_paired finite_fraction recomputes
PASS: clean_heldout_test/auxiliary_LSTM/all_paired rmse_rad_s recomputes
PASS: clean_heldout_test/auxiliary_LSTM/all_paired mae_rad_s recomputes
PASS: clean_heldout_test/auxiliary_LSTM/all_paired bias_rad_s recomputes
PASS: clean_heldout_test/auxiliary_LSTM/all_paired numerical_failure_count recomputes
PASS: clean_heldout_test/auxiliary_LSTM/all_paired failure_run_count recomputes
PASS: clean_heldout_test/auxiliary_LSTM/all_paired runtime_sample_count recomputes
PASS: clean_heldout_test/auxiliary_LSTM/all_paired runtime_mean_us recomputes
PASS: clean_heldout_test/auxiliary_LSTM/all_paired runtime_p50_us recomputes
PASS: clean_heldout_test/auxiliary_LSTM/all_paired runtime_p95_us recomputes
PASS: clean_heldout_test/auxiliary_LSTM/all_paired runtime_p99_us recomputes
PASS: clean_heldout_test/auxiliary_LSTM/all_paired runtime_max_us recomputes
PASS: estimator trace covers clean_heldout_test test run 8
PASS: estimator trace sample seeds are numeric
PASS: estimator trace sample seeds are finite
PASS: estimator trace sample seeds are integers
PASS: each estimator trace run has contiguous sample indices
PASS: each estimator trace run uses the saved approximately 10 ms grid
PASS: clean_heldout_test/8/EKF records one consistent failure marker
PASS: runtime sample indices are in range for clean_heldout_test/8/EKF
PASS: estimator trace covers clean_heldout_test test run 15
PASS: estimator trace sample seeds are numeric
PASS: estimator trace sample seeds are finite
PASS: estimator trace sample seeds are integers
PASS: each estimator trace run has contiguous sample indices
PASS: each estimator trace run uses the saved approximately 10 ms grid
PASS: clean_heldout_test/15/EKF records one consistent failure marker
PASS: runtime sample indices are in range for clean_heldout_test/15/EKF
PASS: estimator trace covers clean_heldout_test test run 17
PASS: estimator trace sample seeds are numeric
PASS: estimator trace sample seeds are finite
PASS: estimator trace sample seeds are integers
PASS: each estimator trace run has contiguous sample indices
PASS: each estimator trace run uses the saved approximately 10 ms grid
PASS: clean_heldout_test/17/EKF records one consistent failure marker
PASS: runtime sample indices are in range for clean_heldout_test/17/EKF
PASS: estimator trace covers clean_heldout_test test run 22
PASS: estimator trace sample seeds are numeric
PASS: estimator trace sample seeds are finite
PASS: estimator trace sample seeds are integers
PASS: each estimator trace run has contiguous sample indices
PASS: each estimator trace run uses the saved approximately 10 ms grid
PASS: clean_heldout_test/22/EKF records one consistent failure marker
PASS: runtime sample indices are in range for clean_heldout_test/22/EKF
PASS: estimator trace covers clean_heldout_test test run 25
PASS: estimator trace sample seeds are numeric
PASS: estimator trace sample seeds are finite
PASS: estimator trace sample seeds are integers
PASS: each estimator trace run has contiguous sample indices
PASS: each estimator trace run uses the saved approximately 10 ms grid
PASS: clean_heldout_test/25/EKF records one consistent failure marker
PASS: runtime sample indices are in range for clean_heldout_test/25/EKF
PASS: estimator trace covers clean_heldout_test test run 28
PASS: estimator trace sample seeds are numeric
PASS: estimator trace sample seeds are finite
PASS: estimator trace sample seeds are integers
PASS: each estimator trace run has contiguous sample indices
PASS: each estimator trace run uses the saved approximately 10 ms grid
PASS: clean_heldout_test/28/EKF records one consistent failure marker
PASS: runtime sample indices are in range for clean_heldout_test/28/EKF
PASS: clean_heldout_test/EKF/startup_pre_lstm_window_0_0p2s sample_count recomputes
PASS: clean_heldout_test/EKF/startup_pre_lstm_window_0_0p2s trajectory_count recomputes
PASS: clean_heldout_test/EKF/startup_pre_lstm_window_0_0p2s finite_sample_count recomputes
PASS: clean_heldout_test/EKF/startup_pre_lstm_window_0_0p2s nonfinite_sample_count recomputes
PASS: clean_heldout_test/EKF/startup_pre_lstm_window_0_0p2s finite_fraction recomputes
PASS: clean_heldout_test/EKF/startup_pre_lstm_window_0_0p2s rmse_rad_s recomputes
PASS: clean_heldout_test/EKF/startup_pre_lstm_window_0_0p2s mae_rad_s recomputes
PASS: clean_heldout_test/EKF/startup_pre_lstm_window_0_0p2s bias_rad_s recomputes
PASS: clean_heldout_test/EKF/startup_pre_lstm_window_0_0p2s numerical_failure_count recomputes
PASS: clean_heldout_test/EKF/startup_pre_lstm_window_0_0p2s failure_run_count recomputes
PASS: clean_heldout_test/EKF/startup_pre_lstm_window_0_0p2s runtime_sample_count recomputes
PASS: clean_heldout_test/EKF/startup_pre_lstm_window_0_0p2s runtime_mean_us recomputes
PASS: clean_heldout_test/EKF/startup_pre_lstm_window_0_0p2s runtime_p50_us recomputes
PASS: clean_heldout_test/EKF/startup_pre_lstm_window_0_0p2s runtime_p95_us recomputes
PASS: clean_heldout_test/EKF/startup_pre_lstm_window_0_0p2s runtime_p99_us recomputes
PASS: clean_heldout_test/EKF/startup_pre_lstm_window_0_0p2s runtime_max_us recomputes
PASS: estimator trace covers clean_heldout_test test run 8
PASS: estimator trace sample seeds are numeric
PASS: estimator trace sample seeds are finite
PASS: estimator trace sample seeds are integers
PASS: each estimator trace run has contiguous sample indices
PASS: each estimator trace run uses the saved approximately 10 ms grid
PASS: clean_heldout_test/8/EKF records one consistent failure marker
PASS: runtime sample indices are in range for clean_heldout_test/8/EKF
PASS: estimator trace covers clean_heldout_test test run 15
PASS: estimator trace sample seeds are numeric
PASS: estimator trace sample seeds are finite
PASS: estimator trace sample seeds are integers
PASS: each estimator trace run has contiguous sample indices
PASS: each estimator trace run uses the saved approximately 10 ms grid
PASS: clean_heldout_test/15/EKF records one consistent failure marker
PASS: runtime sample indices are in range for clean_heldout_test/15/EKF
PASS: estimator trace covers clean_heldout_test test run 17
PASS: estimator trace sample seeds are numeric
PASS: estimator trace sample seeds are finite
PASS: estimator trace sample seeds are integers
PASS: each estimator trace run has contiguous sample indices
PASS: each estimator trace run uses the saved approximately 10 ms grid
PASS: clean_heldout_test/17/EKF records one consistent failure marker
PASS: runtime sample indices are in range for clean_heldout_test/17/EKF
PASS: estimator trace covers clean_heldout_test test run 22
PASS: estimator trace sample seeds are numeric
PASS: estimator trace sample seeds are finite
PASS: estimator trace sample seeds are integers
PASS: each estimator trace run has contiguous sample indices
PASS: each estimator trace run uses the saved approximately 10 ms grid
PASS: clean_heldout_test/22/EKF records one consistent failure marker
PASS: runtime sample indices are in range for clean_heldout_test/22/EKF
PASS: estimator trace covers clean_heldout_test test run 25
PASS: estimator trace sample seeds are numeric
PASS: estimator trace sample seeds are finite
PASS: estimator trace sample seeds are integers
PASS: each estimator trace run has contiguous sample indices
PASS: each estimator trace run uses the saved approximately 10 ms grid
PASS: clean_heldout_test/25/EKF records one consistent failure marker
PASS: runtime sample indices are in range for clean_heldout_test/25/EKF
PASS: estimator trace covers clean_heldout_test test run 28
PASS: estimator trace sample seeds are numeric
PASS: estimator trace sample seeds are finite
PASS: estimator trace sample seeds are integers
PASS: each estimator trace run has contiguous sample indices
PASS: each estimator trace run uses the saved approximately 10 ms grid
PASS: clean_heldout_test/28/EKF records one consistent failure marker
PASS: runtime sample indices are in range for clean_heldout_test/28/EKF
PASS: clean_heldout_test/EKF/startup_post_window_to_0p5s sample_count recomputes
PASS: clean_heldout_test/EKF/startup_post_window_to_0p5s trajectory_count recomputes
PASS: clean_heldout_test/EKF/startup_post_window_to_0p5s finite_sample_count recomputes
PASS: clean_heldout_test/EKF/startup_post_window_to_0p5s nonfinite_sample_count recomputes
PASS: clean_heldout_test/EKF/startup_post_window_to_0p5s finite_fraction recomputes
PASS: clean_heldout_test/EKF/startup_post_window_to_0p5s rmse_rad_s recomputes
PASS: clean_heldout_test/EKF/startup_post_window_to_0p5s mae_rad_s recomputes
PASS: clean_heldout_test/EKF/startup_post_window_to_0p5s bias_rad_s recomputes
PASS: clean_heldout_test/EKF/startup_post_window_to_0p5s numerical_failure_count recomputes
PASS: clean_heldout_test/EKF/startup_post_window_to_0p5s failure_run_count recomputes
PASS: clean_heldout_test/EKF/startup_post_window_to_0p5s runtime_sample_count recomputes
PASS: clean_heldout_test/EKF/startup_post_window_to_0p5s runtime_mean_us recomputes
PASS: clean_heldout_test/EKF/startup_post_window_to_0p5s runtime_p50_us recomputes
PASS: clean_heldout_test/EKF/startup_post_window_to_0p5s runtime_p95_us recomputes
PASS: clean_heldout_test/EKF/startup_post_window_to_0p5s runtime_p99_us recomputes
PASS: clean_heldout_test/EKF/startup_post_window_to_0p5s runtime_max_us recomputes
PASS: estimator trace covers clean_heldout_test test run 8
PASS: estimator trace sample seeds are numeric
PASS: estimator trace sample seeds are finite
PASS: estimator trace sample seeds are integers
PASS: each estimator trace run has contiguous sample indices
PASS: each estimator trace run uses the saved approximately 10 ms grid
PASS: clean_heldout_test/8/auxiliary_LSTM records one consistent failure marker
PASS: runtime sample indices are in range for clean_heldout_test/8/auxiliary_LSTM
PASS: estimator trace covers clean_heldout_test test run 15
PASS: estimator trace sample seeds are numeric
PASS: estimator trace sample seeds are finite
PASS: estimator trace sample seeds are integers
PASS: each estimator trace run has contiguous sample indices
PASS: each estimator trace run uses the saved approximately 10 ms grid
PASS: clean_heldout_test/15/auxiliary_LSTM records one consistent failure marker
PASS: runtime sample indices are in range for clean_heldout_test/15/auxiliary_LSTM
PASS: estimator trace covers clean_heldout_test test run 17
PASS: estimator trace sample seeds are numeric
PASS: estimator trace sample seeds are finite
PASS: estimator trace sample seeds are integers
PASS: each estimator trace run has contiguous sample indices
PASS: each estimator trace run uses the saved approximately 10 ms grid
PASS: clean_heldout_test/17/auxiliary_LSTM records one consistent failure marker
PASS: runtime sample indices are in range for clean_heldout_test/17/auxiliary_LSTM
PASS: estimator trace covers clean_heldout_test test run 22
PASS: estimator trace sample seeds are numeric
PASS: estimator trace sample seeds are finite
PASS: estimator trace sample seeds are integers
PASS: each estimator trace run has contiguous sample indices
PASS: each estimator trace run uses the saved approximately 10 ms grid
PASS: clean_heldout_test/22/auxiliary_LSTM records one consistent failure marker
PASS: runtime sample indices are in range for clean_heldout_test/22/auxiliary_LSTM
PASS: estimator trace covers clean_heldout_test test run 25
PASS: estimator trace sample seeds are numeric
PASS: estimator trace sample seeds are finite
PASS: estimator trace sample seeds are integers
PASS: each estimator trace run has contiguous sample indices
PASS: each estimator trace run uses the saved approximately 10 ms grid
PASS: clean_heldout_test/25/auxiliary_LSTM records one consistent failure marker
PASS: runtime sample indices are in range for clean_heldout_test/25/auxiliary_LSTM
PASS: estimator trace covers clean_heldout_test test run 28
PASS: estimator trace sample seeds are numeric
PASS: estimator trace sample seeds are finite
PASS: estimator trace sample seeds are integers
PASS: each estimator trace run has contiguous sample indices
PASS: each estimator trace run uses the saved approximately 10 ms grid
PASS: clean_heldout_test/28/auxiliary_LSTM records one consistent failure marker
PASS: runtime sample indices are in range for clean_heldout_test/28/auxiliary_LSTM
PASS: clean_heldout_test/auxiliary_LSTM/startup_post_window_to_0p5s sample_count recomputes
PASS: clean_heldout_test/auxiliary_LSTM/startup_post_window_to_0p5s trajectory_count recomputes
PASS: clean_heldout_test/auxiliary_LSTM/startup_post_window_to_0p5s finite_sample_count recomputes
PASS: clean_heldout_test/auxiliary_LSTM/startup_post_window_to_0p5s nonfinite_sample_count recomputes
PASS: clean_heldout_test/auxiliary_LSTM/startup_post_window_to_0p5s finite_fraction recomputes
PASS: clean_heldout_test/auxiliary_LSTM/startup_post_window_to_0p5s rmse_rad_s recomputes
PASS: clean_heldout_test/auxiliary_LSTM/startup_post_window_to_0p5s mae_rad_s recomputes
PASS: clean_heldout_test/auxiliary_LSTM/startup_post_window_to_0p5s bias_rad_s recomputes
PASS: clean_heldout_test/auxiliary_LSTM/startup_post_window_to_0p5s numerical_failure_count recomputes
PASS: clean_heldout_test/auxiliary_LSTM/startup_post_window_to_0p5s failure_run_count recomputes
PASS: clean_heldout_test/auxiliary_LSTM/startup_post_window_to_0p5s runtime_sample_count recomputes
PASS: clean_heldout_test/auxiliary_LSTM/startup_post_window_to_0p5s runtime_mean_us recomputes
PASS: clean_heldout_test/auxiliary_LSTM/startup_post_window_to_0p5s runtime_p50_us recomputes
PASS: clean_heldout_test/auxiliary_LSTM/startup_post_window_to_0p5s runtime_p95_us recomputes
PASS: clean_heldout_test/auxiliary_LSTM/startup_post_window_to_0p5s runtime_p99_us recomputes
PASS: clean_heldout_test/auxiliary_LSTM/startup_post_window_to_0p5s runtime_max_us recomputes
PASS: estimator trace covers clean_heldout_test test run 8
PASS: estimator trace sample seeds are numeric
PASS: estimator trace sample seeds are finite
PASS: estimator trace sample seeds are integers
PASS: each estimator trace run has contiguous sample indices
PASS: each estimator trace run uses the saved approximately 10 ms grid
PASS: clean_heldout_test/8/EKF records one consistent failure marker
PASS: runtime sample indices are in range for clean_heldout_test/8/EKF
PASS: estimator trace covers clean_heldout_test test run 15
PASS: estimator trace sample seeds are numeric
PASS: estimator trace sample seeds are finite
PASS: estimator trace sample seeds are integers
PASS: each estimator trace run has contiguous sample indices
PASS: each estimator trace run uses the saved approximately 10 ms grid
PASS: clean_heldout_test/15/EKF records one consistent failure marker
PASS: runtime sample indices are in range for clean_heldout_test/15/EKF
PASS: estimator trace covers clean_heldout_test test run 17
PASS: estimator trace sample seeds are numeric
PASS: estimator trace sample seeds are finite
PASS: estimator trace sample seeds are integers
PASS: each estimator trace run has contiguous sample indices
PASS: each estimator trace run uses the saved approximately 10 ms grid
PASS: clean_heldout_test/17/EKF records one consistent failure marker
PASS: runtime sample indices are in range for clean_heldout_test/17/EKF
PASS: estimator trace covers clean_heldout_test test run 22
PASS: estimator trace sample seeds are numeric
PASS: estimator trace sample seeds are finite
PASS: estimator trace sample seeds are integers
PASS: each estimator trace run has contiguous sample indices
PASS: each estimator trace run uses the saved approximately 10 ms grid
PASS: clean_heldout_test/22/EKF records one consistent failure marker
PASS: runtime sample indices are in range for clean_heldout_test/22/EKF
PASS: estimator trace covers clean_heldout_test test run 25
PASS: estimator trace sample seeds are numeric
PASS: estimator trace sample seeds are finite
PASS: estimator trace sample seeds are integers
PASS: each estimator trace run has contiguous sample indices
PASS: each estimator trace run uses the saved approximately 10 ms grid
PASS: clean_heldout_test/25/EKF records one consistent failure marker
PASS: runtime sample indices are in range for clean_heldout_test/25/EKF
PASS: estimator trace covers clean_heldout_test test run 28
PASS: estimator trace sample seeds are numeric
PASS: estimator trace sample seeds are finite
PASS: estimator trace sample seeds are integers
PASS: each estimator trace run has contiguous sample indices
PASS: each estimator trace run uses the saved approximately 10 ms grid
PASS: clean_heldout_test/28/EKF records one consistent failure marker
PASS: runtime sample indices are in range for clean_heldout_test/28/EKF
PASS: clean_heldout_test/EKF/load_change sample_count recomputes
PASS: clean_heldout_test/EKF/load_change trajectory_count recomputes
PASS: clean_heldout_test/EKF/load_change finite_sample_count recomputes
PASS: clean_heldout_test/EKF/load_change nonfinite_sample_count recomputes
PASS: clean_heldout_test/EKF/load_change finite_fraction recomputes
PASS: clean_heldout_test/EKF/load_change rmse_rad_s recomputes
PASS: clean_heldout_test/EKF/load_change mae_rad_s recomputes
PASS: clean_heldout_test/EKF/load_change bias_rad_s recomputes
PASS: clean_heldout_test/EKF/load_change numerical_failure_count recomputes
PASS: clean_heldout_test/EKF/load_change failure_run_count recomputes
PASS: clean_heldout_test/EKF/load_change runtime_sample_count recomputes
PASS: clean_heldout_test/EKF/load_change runtime_mean_us recomputes
PASS: clean_heldout_test/EKF/load_change runtime_p50_us recomputes
PASS: clean_heldout_test/EKF/load_change runtime_p95_us recomputes
PASS: clean_heldout_test/EKF/load_change runtime_p99_us recomputes
PASS: clean_heldout_test/EKF/load_change runtime_max_us recomputes
PASS: estimator trace covers clean_heldout_test test run 8
PASS: estimator trace sample seeds are numeric
PASS: estimator trace sample seeds are finite
PASS: estimator trace sample seeds are integers
PASS: each estimator trace run has contiguous sample indices
PASS: each estimator trace run uses the saved approximately 10 ms grid
PASS: clean_heldout_test/8/auxiliary_LSTM records one consistent failure marker
PASS: runtime sample indices are in range for clean_heldout_test/8/auxiliary_LSTM
PASS: estimator trace covers clean_heldout_test test run 15
PASS: estimator trace sample seeds are numeric
PASS: estimator trace sample seeds are finite
PASS: estimator trace sample seeds are integers
PASS: each estimator trace run has contiguous sample indices
PASS: each estimator trace run uses the saved approximately 10 ms grid
PASS: clean_heldout_test/15/auxiliary_LSTM records one consistent failure marker
PASS: runtime sample indices are in range for clean_heldout_test/15/auxiliary_LSTM
PASS: estimator trace covers clean_heldout_test test run 17
PASS: estimator trace sample seeds are numeric
PASS: estimator trace sample seeds are finite
PASS: estimator trace sample seeds are integers
PASS: each estimator trace run has contiguous sample indices
PASS: each estimator trace run uses the saved approximately 10 ms grid
PASS: clean_heldout_test/17/auxiliary_LSTM records one consistent failure marker
PASS: runtime sample indices are in range for clean_heldout_test/17/auxiliary_LSTM
PASS: estimator trace covers clean_heldout_test test run 22
PASS: estimator trace sample seeds are numeric
PASS: estimator trace sample seeds are finite
PASS: estimator trace sample seeds are integers
PASS: each estimator trace run has contiguous sample indices
PASS: each estimator trace run uses the saved approximately 10 ms grid
PASS: clean_heldout_test/22/auxiliary_LSTM records one consistent failure marker
PASS: runtime sample indices are in range for clean_heldout_test/22/auxiliary_LSTM
PASS: estimator trace covers clean_heldout_test test run 25
PASS: estimator trace sample seeds are numeric
PASS: estimator trace sample seeds are finite
PASS: estimator trace sample seeds are integers
PASS: each estimator trace run has contiguous sample indices
PASS: each estimator trace run uses the saved approximately 10 ms grid
PASS: clean_heldout_test/25/auxiliary_LSTM records one consistent failure marker
PASS: runtime sample indices are in range for clean_heldout_test/25/auxiliary_LSTM
PASS: estimator trace covers clean_heldout_test test run 28
PASS: estimator trace sample seeds are numeric
PASS: estimator trace sample seeds are finite
PASS: estimator trace sample seeds are integers
PASS: each estimator trace run has contiguous sample indices
PASS: each estimator trace run uses the saved approximately 10 ms grid
PASS: clean_heldout_test/28/auxiliary_LSTM records one consistent failure marker
PASS: runtime sample indices are in range for clean_heldout_test/28/auxiliary_LSTM
PASS: clean_heldout_test/auxiliary_LSTM/load_change sample_count recomputes
PASS: clean_heldout_test/auxiliary_LSTM/load_change trajectory_count recomputes
PASS: clean_heldout_test/auxiliary_LSTM/load_change finite_sample_count recomputes
PASS: clean_heldout_test/auxiliary_LSTM/load_change nonfinite_sample_count recomputes
PASS: clean_heldout_test/auxiliary_LSTM/load_change finite_fraction recomputes
PASS: clean_heldout_test/auxiliary_LSTM/load_change rmse_rad_s recomputes
PASS: clean_heldout_test/auxiliary_LSTM/load_change mae_rad_s recomputes
PASS: clean_heldout_test/auxiliary_LSTM/load_change bias_rad_s recomputes
PASS: clean_heldout_test/auxiliary_LSTM/load_change numerical_failure_count recomputes
PASS: clean_heldout_test/auxiliary_LSTM/load_change failure_run_count recomputes
PASS: clean_heldout_test/auxiliary_LSTM/load_change runtime_sample_count recomputes
PASS: clean_heldout_test/auxiliary_LSTM/load_change runtime_mean_us recomputes
PASS: clean_heldout_test/auxiliary_LSTM/load_change runtime_p50_us recomputes
PASS: clean_heldout_test/auxiliary_LSTM/load_change runtime_p95_us recomputes
PASS: clean_heldout_test/auxiliary_LSTM/load_change runtime_p99_us recomputes
PASS: clean_heldout_test/auxiliary_LSTM/load_change runtime_max_us recomputes
PASS: estimator trace covers clean_heldout_test test run 8
PASS: estimator trace sample seeds are numeric
PASS: estimator trace sample seeds are finite
PASS: estimator trace sample seeds are integers
PASS: each estimator trace run has contiguous sample indices
PASS: each estimator trace run uses the saved approximately 10 ms grid
PASS: clean_heldout_test/8/EKF records one consistent failure marker
PASS: runtime sample indices are in range for clean_heldout_test/8/EKF
PASS: estimator trace covers clean_heldout_test test run 15
PASS: estimator trace sample seeds are numeric
PASS: estimator trace sample seeds are finite
PASS: estimator trace sample seeds are integers
PASS: each estimator trace run has contiguous sample indices
PASS: each estimator trace run uses the saved approximately 10 ms grid
PASS: clean_heldout_test/15/EKF records one consistent failure marker
PASS: runtime sample indices are in range for clean_heldout_test/15/EKF
PASS: estimator trace covers clean_heldout_test test run 17
PASS: estimator trace sample seeds are numeric
PASS: estimator trace sample seeds are finite
PASS: estimator trace sample seeds are integers
PASS: each estimator trace run has contiguous sample indices
PASS: each estimator trace run uses the saved approximately 10 ms grid
PASS: clean_heldout_test/17/EKF records one consistent failure marker
PASS: runtime sample indices are in range for clean_heldout_test/17/EKF
PASS: estimator trace covers clean_heldout_test test run 22
PASS: estimator trace sample seeds are numeric
PASS: estimator trace sample seeds are finite
PASS: estimator trace sample seeds are integers
PASS: each estimator trace run has contiguous sample indices
PASS: each estimator trace run uses the saved approximately 10 ms grid
PASS: clean_heldout_test/22/EKF records one consistent failure marker
PASS: runtime sample indices are in range for clean_heldout_test/22/EKF
PASS: estimator trace covers clean_heldout_test test run 25
PASS: estimator trace sample seeds are numeric
PASS: estimator trace sample seeds are finite
PASS: estimator trace sample seeds are integers
PASS: each estimator trace run has contiguous sample indices
PASS: each estimator trace run uses the saved approximately 10 ms grid
PASS: clean_heldout_test/25/EKF records one consistent failure marker
PASS: runtime sample indices are in range for clean_heldout_test/25/EKF
PASS: estimator trace covers clean_heldout_test test run 28
PASS: estimator trace sample seeds are numeric
PASS: estimator trace sample seeds are finite
PASS: estimator trace sample seeds are integers
PASS: each estimator trace run has contiguous sample indices
PASS: each estimator trace run uses the saved approximately 10 ms grid
PASS: clean_heldout_test/28/EKF records one consistent failure marker
PASS: runtime sample indices are in range for clean_heldout_test/28/EKF
PASS: clean_heldout_test/EKF/low_current sample_count recomputes
PASS: clean_heldout_test/EKF/low_current trajectory_count recomputes
PASS: clean_heldout_test/EKF/low_current finite_sample_count recomputes
PASS: clean_heldout_test/EKF/low_current nonfinite_sample_count recomputes
PASS: clean_heldout_test/EKF/low_current finite_fraction recomputes
PASS: clean_heldout_test/EKF/low_current rmse_rad_s recomputes
PASS: clean_heldout_test/EKF/low_current mae_rad_s recomputes
PASS: clean_heldout_test/EKF/low_current bias_rad_s recomputes
PASS: clean_heldout_test/EKF/low_current numerical_failure_count recomputes
PASS: clean_heldout_test/EKF/low_current failure_run_count recomputes
PASS: clean_heldout_test/EKF/low_current runtime_sample_count recomputes
PASS: clean_heldout_test/EKF/low_current runtime_mean_us recomputes
PASS: clean_heldout_test/EKF/low_current runtime_p50_us recomputes
PASS: clean_heldout_test/EKF/low_current runtime_p95_us recomputes
PASS: clean_heldout_test/EKF/low_current runtime_p99_us recomputes
PASS: clean_heldout_test/EKF/low_current runtime_max_us recomputes
PASS: estimator trace covers clean_heldout_test test run 8
PASS: estimator trace sample seeds are numeric
PASS: estimator trace sample seeds are finite
PASS: estimator trace sample seeds are integers
PASS: each estimator trace run has contiguous sample indices
PASS: each estimator trace run uses the saved approximately 10 ms grid
PASS: clean_heldout_test/8/auxiliary_LSTM records one consistent failure marker
PASS: runtime sample indices are in range for clean_heldout_test/8/auxiliary_LSTM
PASS: estimator trace covers clean_heldout_test test run 15
PASS: estimator trace sample seeds are numeric
PASS: estimator trace sample seeds are finite
PASS: estimator trace sample seeds are integers
PASS: each estimator trace run has contiguous sample indices
PASS: each estimator trace run uses the saved approximately 10 ms grid
PASS: clean_heldout_test/15/auxiliary_LSTM records one consistent failure marker
PASS: runtime sample indices are in range for clean_heldout_test/15/auxiliary_LSTM
PASS: estimator trace covers clean_heldout_test test run 17
PASS: estimator trace sample seeds are numeric
PASS: estimator trace sample seeds are finite
PASS: estimator trace sample seeds are integers
PASS: each estimator trace run has contiguous sample indices
PASS: each estimator trace run uses the saved approximately 10 ms grid
PASS: clean_heldout_test/17/auxiliary_LSTM records one consistent failure marker
PASS: runtime sample indices are in range for clean_heldout_test/17/auxiliary_LSTM
PASS: estimator trace covers clean_heldout_test test run 22
PASS: estimator trace sample seeds are numeric
PASS: estimator trace sample seeds are finite
PASS: estimator trace sample seeds are integers
PASS: each estimator trace run has contiguous sample indices
PASS: each estimator trace run uses the saved approximately 10 ms grid
PASS: clean_heldout_test/22/auxiliary_LSTM records one consistent failure marker
PASS: runtime sample indices are in range for clean_heldout_test/22/auxiliary_LSTM
PASS: estimator trace covers clean_heldout_test test run 25
PASS: estimator trace sample seeds are numeric
PASS: estimator trace sample seeds are finite
PASS: estimator trace sample seeds are integers
PASS: each estimator trace run has contiguous sample indices
PASS: each estimator trace run uses the saved approximately 10 ms grid
PASS: clean_heldout_test/25/auxiliary_LSTM records one consistent failure marker
PASS: runtime sample indices are in range for clean_heldout_test/25/auxiliary_LSTM
PASS: estimator trace covers clean_heldout_test test run 28
PASS: estimator trace sample seeds are numeric
PASS: estimator trace sample seeds are finite
PASS: estimator trace sample seeds are integers
PASS: each estimator trace run has contiguous sample indices
PASS: each estimator trace run uses the saved approximately 10 ms grid
PASS: clean_heldout_test/28/auxiliary_LSTM records one consistent failure marker
PASS: runtime sample indices are in range for clean_heldout_test/28/auxiliary_LSTM
PASS: clean_heldout_test/auxiliary_LSTM/low_current sample_count recomputes
PASS: clean_heldout_test/auxiliary_LSTM/low_current trajectory_count recomputes
PASS: clean_heldout_test/auxiliary_LSTM/low_current finite_sample_count recomputes
PASS: clean_heldout_test/auxiliary_LSTM/low_current nonfinite_sample_count recomputes
PASS: clean_heldout_test/auxiliary_LSTM/low_current finite_fraction recomputes
PASS: clean_heldout_test/auxiliary_LSTM/low_current rmse_rad_s recomputes
PASS: clean_heldout_test/auxiliary_LSTM/low_current mae_rad_s recomputes
PASS: clean_heldout_test/auxiliary_LSTM/low_current bias_rad_s recomputes
PASS: clean_heldout_test/auxiliary_LSTM/low_current numerical_failure_count recomputes
PASS: clean_heldout_test/auxiliary_LSTM/low_current failure_run_count recomputes
PASS: clean_heldout_test/auxiliary_LSTM/low_current runtime_sample_count recomputes
PASS: clean_heldout_test/auxiliary_LSTM/low_current runtime_mean_us recomputes
PASS: clean_heldout_test/auxiliary_LSTM/low_current runtime_p50_us recomputes
PASS: clean_heldout_test/auxiliary_LSTM/low_current runtime_p95_us recomputes
PASS: clean_heldout_test/auxiliary_LSTM/low_current runtime_p99_us recomputes
PASS: clean_heldout_test/auxiliary_LSTM/low_current runtime_max_us recomputes
PASS: estimator trace covers clean_heldout_test test run 8
PASS: estimator trace sample seeds are numeric
PASS: estimator trace sample seeds are finite
PASS: estimator trace sample seeds are integers
PASS: each estimator trace run has contiguous sample indices
PASS: each estimator trace run uses the saved approximately 10 ms grid
PASS: clean_heldout_test/8/EKF records one consistent failure marker
PASS: runtime sample indices are in range for clean_heldout_test/8/EKF
PASS: estimator trace covers clean_heldout_test test run 15
PASS: estimator trace sample seeds are numeric
PASS: estimator trace sample seeds are finite
PASS: estimator trace sample seeds are integers
PASS: each estimator trace run has contiguous sample indices
PASS: each estimator trace run uses the saved approximately 10 ms grid
PASS: clean_heldout_test/15/EKF records one consistent failure marker
PASS: runtime sample indices are in range for clean_heldout_test/15/EKF
PASS: estimator trace covers clean_heldout_test test run 17
PASS: estimator trace sample seeds are numeric
PASS: estimator trace sample seeds are finite
PASS: estimator trace sample seeds are integers
PASS: each estimator trace run has contiguous sample indices
PASS: each estimator trace run uses the saved approximately 10 ms grid
PASS: clean_heldout_test/17/EKF records one consistent failure marker
PASS: runtime sample indices are in range for clean_heldout_test/17/EKF
PASS: estimator trace covers clean_heldout_test test run 22
PASS: estimator trace sample seeds are numeric
PASS: estimator trace sample seeds are finite
PASS: estimator trace sample seeds are integers
PASS: each estimator trace run has contiguous sample indices
PASS: each estimator trace run uses the saved approximately 10 ms grid
PASS: clean_heldout_test/22/EKF records one consistent failure marker
PASS: runtime sample indices are in range for clean_heldout_test/22/EKF
PASS: estimator trace covers clean_heldout_test test run 25
PASS: estimator trace sample seeds are numeric
PASS: estimator trace sample seeds are finite
PASS: estimator trace sample seeds are integers
PASS: each estimator trace run has contiguous sample indices
PASS: each estimator trace run uses the saved approximately 10 ms grid
PASS: clean_heldout_test/25/EKF records one consistent failure marker
PASS: runtime sample indices are in range for clean_heldout_test/25/EKF
PASS: estimator trace covers clean_heldout_test test run 28
PASS: estimator trace sample seeds are numeric
PASS: estimator trace sample seeds are finite
PASS: estimator trace sample seeds are integers
PASS: each estimator trace run has contiguous sample indices
PASS: each estimator trace run uses the saved approximately 10 ms grid
PASS: clean_heldout_test/28/EKF records one consistent failure marker
PASS: runtime sample indices are in range for clean_heldout_test/28/EKF
PASS: clean_heldout_test/EKF/high_current sample_count recomputes
PASS: clean_heldout_test/EKF/high_current trajectory_count recomputes
PASS: clean_heldout_test/EKF/high_current finite_sample_count recomputes
PASS: clean_heldout_test/EKF/high_current nonfinite_sample_count recomputes
PASS: clean_heldout_test/EKF/high_current finite_fraction recomputes
PASS: clean_heldout_test/EKF/high_current rmse_rad_s recomputes
PASS: clean_heldout_test/EKF/high_current mae_rad_s recomputes
PASS: clean_heldout_test/EKF/high_current bias_rad_s recomputes
PASS: clean_heldout_test/EKF/high_current numerical_failure_count recomputes
PASS: clean_heldout_test/EKF/high_current failure_run_count recomputes
PASS: clean_heldout_test/EKF/high_current runtime_sample_count recomputes
PASS: clean_heldout_test/EKF/high_current runtime_mean_us recomputes
PASS: clean_heldout_test/EKF/high_current runtime_p50_us recomputes
PASS: clean_heldout_test/EKF/high_current runtime_p95_us recomputes
PASS: clean_heldout_test/EKF/high_current runtime_p99_us recomputes
PASS: clean_heldout_test/EKF/high_current runtime_max_us recomputes
PASS: estimator trace covers clean_heldout_test test run 8
PASS: estimator trace sample seeds are numeric
PASS: estimator trace sample seeds are finite
PASS: estimator trace sample seeds are integers
PASS: each estimator trace run has contiguous sample indices
PASS: each estimator trace run uses the saved approximately 10 ms grid
PASS: clean_heldout_test/8/auxiliary_LSTM records one consistent failure marker
PASS: runtime sample indices are in range for clean_heldout_test/8/auxiliary_LSTM
PASS: estimator trace covers clean_heldout_test test run 15
PASS: estimator trace sample seeds are numeric
PASS: estimator trace sample seeds are finite
PASS: estimator trace sample seeds are integers
PASS: each estimator trace run has contiguous sample indices
PASS: each estimator trace run uses the saved approximately 10 ms grid
PASS: clean_heldout_test/15/auxiliary_LSTM records one consistent failure marker
PASS: runtime sample indices are in range for clean_heldout_test/15/auxiliary_LSTM
PASS: estimator trace covers clean_heldout_test test run 17
PASS: estimator trace sample seeds are numeric
PASS: estimator trace sample seeds are finite
PASS: estimator trace sample seeds are integers
PASS: each estimator trace run has contiguous sample indices
PASS: each estimator trace run uses the saved approximately 10 ms grid
PASS: clean_heldout_test/17/auxiliary_LSTM records one consistent failure marker
PASS: runtime sample indices are in range for clean_heldout_test/17/auxiliary_LSTM
PASS: estimator trace covers clean_heldout_test test run 22
PASS: estimator trace sample seeds are numeric
PASS: estimator trace sample seeds are finite
PASS: estimator trace sample seeds are integers
PASS: each estimator trace run has contiguous sample indices
PASS: each estimator trace run uses the saved approximately 10 ms grid
PASS: clean_heldout_test/22/auxiliary_LSTM records one consistent failure marker
PASS: runtime sample indices are in range for clean_heldout_test/22/auxiliary_LSTM
PASS: estimator trace covers clean_heldout_test test run 25
PASS: estimator trace sample seeds are numeric
PASS: estimator trace sample seeds are finite
PASS: estimator trace sample seeds are integers
PASS: each estimator trace run has contiguous sample indices
PASS: each estimator trace run uses the saved approximately 10 ms grid
PASS: clean_heldout_test/25/auxiliary_LSTM records one consistent failure marker
PASS: runtime sample indices are in range for clean_heldout_test/25/auxiliary_LSTM
PASS: estimator trace covers clean_heldout_test test run 28
PASS: estimator trace sample seeds are numeric
PASS: estimator trace sample seeds are finite
PASS: estimator trace sample seeds are integers
PASS: each estimator trace run has contiguous sample indices
PASS: each estimator trace run uses the saved approximately 10 ms grid
PASS: clean_heldout_test/28/auxiliary_LSTM records one consistent failure marker
PASS: runtime sample indices are in range for clean_heldout_test/28/auxiliary_LSTM
PASS: clean_heldout_test/auxiliary_LSTM/high_current sample_count recomputes
PASS: clean_heldout_test/auxiliary_LSTM/high_current trajectory_count recomputes
PASS: clean_heldout_test/auxiliary_LSTM/high_current finite_sample_count recomputes
PASS: clean_heldout_test/auxiliary_LSTM/high_current nonfinite_sample_count recomputes
PASS: clean_heldout_test/auxiliary_LSTM/high_current finite_fraction recomputes
PASS: clean_heldout_test/auxiliary_LSTM/high_current rmse_rad_s recomputes
PASS: clean_heldout_test/auxiliary_LSTM/high_current mae_rad_s recomputes
PASS: clean_heldout_test/auxiliary_LSTM/high_current bias_rad_s recomputes
PASS: clean_heldout_test/auxiliary_LSTM/high_current numerical_failure_count recomputes
PASS: clean_heldout_test/auxiliary_LSTM/high_current failure_run_count recomputes
PASS: clean_heldout_test/auxiliary_LSTM/high_current runtime_sample_count recomputes
PASS: clean_heldout_test/auxiliary_LSTM/high_current runtime_mean_us recomputes
PASS: clean_heldout_test/auxiliary_LSTM/high_current runtime_p50_us recomputes
PASS: clean_heldout_test/auxiliary_LSTM/high_current runtime_p95_us recomputes
PASS: clean_heldout_test/auxiliary_LSTM/high_current runtime_p99_us recomputes
PASS: clean_heldout_test/auxiliary_LSTM/high_current runtime_max_us recomputes
PASS: estimator trace covers clean_heldout_test test run 8
PASS: estimator trace sample seeds are numeric
PASS: estimator trace sample seeds are finite
PASS: estimator trace sample seeds are integers
PASS: each estimator trace run has contiguous sample indices
PASS: each estimator trace run uses the saved approximately 10 ms grid
PASS: clean_heldout_test/8/EKF records one consistent failure marker
PASS: runtime sample indices are in range for clean_heldout_test/8/EKF
PASS: estimator trace covers clean_heldout_test test run 15
PASS: estimator trace sample seeds are numeric
PASS: estimator trace sample seeds are finite
PASS: estimator trace sample seeds are integers
PASS: each estimator trace run has contiguous sample indices
PASS: each estimator trace run uses the saved approximately 10 ms grid
PASS: clean_heldout_test/15/EKF records one consistent failure marker
PASS: runtime sample indices are in range for clean_heldout_test/15/EKF
PASS: estimator trace covers clean_heldout_test test run 17
PASS: estimator trace sample seeds are numeric
PASS: estimator trace sample seeds are finite
PASS: estimator trace sample seeds are integers
PASS: each estimator trace run has contiguous sample indices
PASS: each estimator trace run uses the saved approximately 10 ms grid
PASS: clean_heldout_test/17/EKF records one consistent failure marker
PASS: runtime sample indices are in range for clean_heldout_test/17/EKF
PASS: estimator trace covers clean_heldout_test test run 22
PASS: estimator trace sample seeds are numeric
PASS: estimator trace sample seeds are finite
PASS: estimator trace sample seeds are integers
PASS: each estimator trace run has contiguous sample indices
PASS: each estimator trace run uses the saved approximately 10 ms grid
PASS: clean_heldout_test/22/EKF records one consistent failure marker
PASS: runtime sample indices are in range for clean_heldout_test/22/EKF
PASS: estimator trace covers clean_heldout_test test run 25
PASS: estimator trace sample seeds are numeric
PASS: estimator trace sample seeds are finite
PASS: estimator trace sample seeds are integers
PASS: each estimator trace run has contiguous sample indices
PASS: each estimator trace run uses the saved approximately 10 ms grid
PASS: clean_heldout_test/25/EKF records one consistent failure marker
PASS: runtime sample indices are in range for clean_heldout_test/25/EKF
PASS: estimator trace covers clean_heldout_test test run 28
PASS: estimator trace sample seeds are numeric
PASS: estimator trace sample seeds are finite
PASS: estimator trace sample seeds are integers
PASS: each estimator trace run has contiguous sample indices
PASS: each estimator trace run uses the saved approximately 10 ms grid
PASS: clean_heldout_test/28/EKF records one consistent failure marker
PASS: runtime sample indices are in range for clean_heldout_test/28/EKF
PASS: clean_heldout_test/EKF/low_speed sample_count recomputes
PASS: clean_heldout_test/EKF/low_speed trajectory_count recomputes
PASS: clean_heldout_test/EKF/low_speed finite_sample_count recomputes
PASS: clean_heldout_test/EKF/low_speed nonfinite_sample_count recomputes
PASS: clean_heldout_test/EKF/low_speed finite_fraction recomputes
PASS: clean_heldout_test/EKF/low_speed rmse_rad_s recomputes
PASS: clean_heldout_test/EKF/low_speed mae_rad_s recomputes
PASS: clean_heldout_test/EKF/low_speed bias_rad_s recomputes
PASS: clean_heldout_test/EKF/low_speed numerical_failure_count recomputes
PASS: clean_heldout_test/EKF/low_speed failure_run_count recomputes
PASS: clean_heldout_test/EKF/low_speed runtime_sample_count recomputes
PASS: clean_heldout_test/EKF/low_speed runtime_mean_us recomputes
PASS: clean_heldout_test/EKF/low_speed runtime_p50_us recomputes
PASS: clean_heldout_test/EKF/low_speed runtime_p95_us recomputes
PASS: clean_heldout_test/EKF/low_speed runtime_p99_us recomputes
PASS: clean_heldout_test/EKF/low_speed runtime_max_us recomputes
PASS: estimator trace covers clean_heldout_test test run 8
PASS: estimator trace sample seeds are numeric
PASS: estimator trace sample seeds are finite
PASS: estimator trace sample seeds are integers
PASS: each estimator trace run has contiguous sample indices
PASS: each estimator trace run uses the saved approximately 10 ms grid
PASS: clean_heldout_test/8/auxiliary_LSTM records one consistent failure marker
PASS: runtime sample indices are in range for clean_heldout_test/8/auxiliary_LSTM
PASS: estimator trace covers clean_heldout_test test run 15
PASS: estimator trace sample seeds are numeric
PASS: estimator trace sample seeds are finite
PASS: estimator trace sample seeds are integers
PASS: each estimator trace run has contiguous sample indices
PASS: each estimator trace run uses the saved approximately 10 ms grid
PASS: clean_heldout_test/15/auxiliary_LSTM records one consistent failure marker
PASS: runtime sample indices are in range for clean_heldout_test/15/auxiliary_LSTM
PASS: estimator trace covers clean_heldout_test test run 17
PASS: estimator trace sample seeds are numeric
PASS: estimator trace sample seeds are finite
PASS: estimator trace sample seeds are integers
PASS: each estimator trace run has contiguous sample indices
PASS: each estimator trace run uses the saved approximately 10 ms grid
PASS: clean_heldout_test/17/auxiliary_LSTM records one consistent failure marker
PASS: runtime sample indices are in range for clean_heldout_test/17/auxiliary_LSTM
PASS: estimator trace covers clean_heldout_test test run 22
PASS: estimator trace sample seeds are numeric
PASS: estimator trace sample seeds are finite
PASS: estimator trace sample seeds are integers
PASS: each estimator trace run has contiguous sample indices
PASS: each estimator trace run uses the saved approximately 10 ms grid
PASS: clean_heldout_test/22/auxiliary_LSTM records one consistent failure marker
PASS: runtime sample indices are in range for clean_heldout_test/22/auxiliary_LSTM
PASS: estimator trace covers clean_heldout_test test run 25
PASS: estimator trace sample seeds are numeric
PASS: estimator trace sample seeds are finite
PASS: estimator trace sample seeds are integers
PASS: each estimator trace run has contiguous sample indices
PASS: each estimator trace run uses the saved approximately 10 ms grid
PASS: clean_heldout_test/25/auxiliary_LSTM records one consistent failure marker
PASS: runtime sample indices are in range for clean_heldout_test/25/auxiliary_LSTM
PASS: estimator trace covers clean_heldout_test test run 28
PASS: estimator trace sample seeds are numeric
PASS: estimator trace sample seeds are finite
PASS: estimator trace sample seeds are integers
PASS: each estimator trace run has contiguous sample indices
PASS: each estimator trace run uses the saved approximately 10 ms grid
PASS: clean_heldout_test/28/auxiliary_LSTM records one consistent failure marker
PASS: runtime sample indices are in range for clean_heldout_test/28/auxiliary_LSTM
PASS: clean_heldout_test/auxiliary_LSTM/low_speed sample_count recomputes
PASS: clean_heldout_test/auxiliary_LSTM/low_speed trajectory_count recomputes
PASS: clean_heldout_test/auxiliary_LSTM/low_speed finite_sample_count recomputes
PASS: clean_heldout_test/auxiliary_LSTM/low_speed nonfinite_sample_count recomputes
PASS: clean_heldout_test/auxiliary_LSTM/low_speed finite_fraction recomputes
PASS: clean_heldout_test/auxiliary_LSTM/low_speed rmse_rad_s recomputes
PASS: clean_heldout_test/auxiliary_LSTM/low_speed mae_rad_s recomputes
PASS: clean_heldout_test/auxiliary_LSTM/low_speed bias_rad_s recomputes
PASS: clean_heldout_test/auxiliary_LSTM/low_speed numerical_failure_count recomputes
PASS: clean_heldout_test/auxiliary_LSTM/low_speed failure_run_count recomputes
PASS: clean_heldout_test/auxiliary_LSTM/low_speed runtime_sample_count recomputes
PASS: clean_heldout_test/auxiliary_LSTM/low_speed runtime_mean_us recomputes
PASS: clean_heldout_test/auxiliary_LSTM/low_speed runtime_p50_us recomputes
PASS: clean_heldout_test/auxiliary_LSTM/low_speed runtime_p95_us recomputes
PASS: clean_heldout_test/auxiliary_LSTM/low_speed runtime_p99_us recomputes
PASS: clean_heldout_test/auxiliary_LSTM/low_speed runtime_max_us recomputes
PASS: estimator trace covers clean_heldout_test test run 8
PASS: estimator trace sample seeds are numeric
PASS: estimator trace sample seeds are finite
PASS: estimator trace sample seeds are integers
PASS: each estimator trace run has contiguous sample indices
PASS: each estimator trace run uses the saved approximately 10 ms grid
PASS: clean_heldout_test/8/EKF records one consistent failure marker
PASS: runtime sample indices are in range for clean_heldout_test/8/EKF
PASS: estimator trace covers clean_heldout_test test run 15
PASS: estimator trace sample seeds are numeric
PASS: estimator trace sample seeds are finite
PASS: estimator trace sample seeds are integers
PASS: each estimator trace run has contiguous sample indices
PASS: each estimator trace run uses the saved approximately 10 ms grid
PASS: clean_heldout_test/15/EKF records one consistent failure marker
PASS: runtime sample indices are in range for clean_heldout_test/15/EKF
PASS: estimator trace covers clean_heldout_test test run 17
PASS: estimator trace sample seeds are numeric
PASS: estimator trace sample seeds are finite
PASS: estimator trace sample seeds are integers
PASS: each estimator trace run has contiguous sample indices
PASS: each estimator trace run uses the saved approximately 10 ms grid
PASS: clean_heldout_test/17/EKF records one consistent failure marker
PASS: runtime sample indices are in range for clean_heldout_test/17/EKF
PASS: estimator trace covers clean_heldout_test test run 22
PASS: estimator trace sample seeds are numeric
PASS: estimator trace sample seeds are finite
PASS: estimator trace sample seeds are integers
PASS: each estimator trace run has contiguous sample indices
PASS: each estimator trace run uses the saved approximately 10 ms grid
PASS: clean_heldout_test/22/EKF records one consistent failure marker
PASS: runtime sample indices are in range for clean_heldout_test/22/EKF
PASS: estimator trace covers clean_heldout_test test run 25
PASS: estimator trace sample seeds are numeric
PASS: estimator trace sample seeds are finite
PASS: estimator trace sample seeds are integers
PASS: each estimator trace run has contiguous sample indices
PASS: each estimator trace run uses the saved approximately 10 ms grid
PASS: clean_heldout_test/25/EKF records one consistent failure marker
PASS: runtime sample indices are in range for clean_heldout_test/25/EKF
PASS: estimator trace covers clean_heldout_test test run 28
PASS: estimator trace sample seeds are numeric
PASS: estimator trace sample seeds are finite
PASS: estimator trace sample seeds are integers
PASS: each estimator trace run has contiguous sample indices
PASS: each estimator trace run uses the saved approximately 10 ms grid
PASS: clean_heldout_test/28/EKF records one consistent failure marker
PASS: runtime sample indices are in range for clean_heldout_test/28/EKF
PASS: clean_heldout_test/EKF/high_speed sample_count recomputes
PASS: clean_heldout_test/EKF/high_speed trajectory_count recomputes
PASS: clean_heldout_test/EKF/high_speed finite_sample_count recomputes
PASS: clean_heldout_test/EKF/high_speed nonfinite_sample_count recomputes
PASS: clean_heldout_test/EKF/high_speed finite_fraction recomputes
PASS: clean_heldout_test/EKF/high_speed rmse_rad_s recomputes
PASS: clean_heldout_test/EKF/high_speed mae_rad_s recomputes
PASS: clean_heldout_test/EKF/high_speed bias_rad_s recomputes
PASS: clean_heldout_test/EKF/high_speed numerical_failure_count recomputes
PASS: clean_heldout_test/EKF/high_speed failure_run_count recomputes
PASS: clean_heldout_test/EKF/high_speed runtime_sample_count recomputes
PASS: clean_heldout_test/EKF/high_speed runtime_mean_us recomputes
PASS: clean_heldout_test/EKF/high_speed runtime_p50_us recomputes
PASS: clean_heldout_test/EKF/high_speed runtime_p95_us recomputes
PASS: clean_heldout_test/EKF/high_speed runtime_p99_us recomputes
PASS: clean_heldout_test/EKF/high_speed runtime_max_us recomputes
PASS: estimator trace covers clean_heldout_test test run 8
PASS: estimator trace sample seeds are numeric
PASS: estimator trace sample seeds are finite
PASS: estimator trace sample seeds are integers
PASS: each estimator trace run has contiguous sample indices
PASS: each estimator trace run uses the saved approximately 10 ms grid
PASS: clean_heldout_test/8/auxiliary_LSTM records one consistent failure marker
PASS: runtime sample indices are in range for clean_heldout_test/8/auxiliary_LSTM
PASS: estimator trace covers clean_heldout_test test run 15
PASS: estimator trace sample seeds are numeric
PASS: estimator trace sample seeds are finite
PASS: estimator trace sample seeds are integers
PASS: each estimator trace run has contiguous sample indices
PASS: each estimator trace run uses the saved approximately 10 ms grid
PASS: clean_heldout_test/15/auxiliary_LSTM records one consistent failure marker
PASS: runtime sample indices are in range for clean_heldout_test/15/auxiliary_LSTM
PASS: estimator trace covers clean_heldout_test test run 17
PASS: estimator trace sample seeds are numeric
PASS: estimator trace sample seeds are finite
PASS: estimator trace sample seeds are integers
PASS: each estimator trace run has contiguous sample indices
PASS: each estimator trace run uses the saved approximately 10 ms grid
PASS: clean_heldout_test/17/auxiliary_LSTM records one consistent failure marker
PASS: runtime sample indices are in range for clean_heldout_test/17/auxiliary_LSTM
PASS: estimator trace covers clean_heldout_test test run 22
PASS: estimator trace sample seeds are numeric
PASS: estimator trace sample seeds are finite
PASS: estimator trace sample seeds are integers
PASS: each estimator trace run has contiguous sample indices
PASS: each estimator trace run uses the saved approximately 10 ms grid
PASS: clean_heldout_test/22/auxiliary_LSTM records one consistent failure marker
PASS: runtime sample indices are in range for clean_heldout_test/22/auxiliary_LSTM
PASS: estimator trace covers clean_heldout_test test run 25
PASS: estimator trace sample seeds are numeric
PASS: estimator trace sample seeds are finite
PASS: estimator trace sample seeds are integers
PASS: each estimator trace run has contiguous sample indices
PASS: each estimator trace run uses the saved approximately 10 ms grid
PASS: clean_heldout_test/25/auxiliary_LSTM records one consistent failure marker
PASS: runtime sample indices are in range for clean_heldout_test/25/auxiliary_LSTM
PASS: estimator trace covers clean_heldout_test test run 28
PASS: estimator trace sample seeds are numeric
PASS: estimator trace sample seeds are finite
PASS: estimator trace sample seeds are integers
PASS: each estimator trace run has contiguous sample indices
PASS: each estimator trace run uses the saved approximately 10 ms grid
PASS: clean_heldout_test/28/auxiliary_LSTM records one consistent failure marker
PASS: runtime sample indices are in range for clean_heldout_test/28/auxiliary_LSTM
PASS: clean_heldout_test/auxiliary_LSTM/high_speed sample_count recomputes
PASS: clean_heldout_test/auxiliary_LSTM/high_speed trajectory_count recomputes
PASS: clean_heldout_test/auxiliary_LSTM/high_speed finite_sample_count recomputes
PASS: clean_heldout_test/auxiliary_LSTM/high_speed nonfinite_sample_count recomputes
PASS: clean_heldout_test/auxiliary_LSTM/high_speed finite_fraction recomputes
PASS: clean_heldout_test/auxiliary_LSTM/high_speed rmse_rad_s recomputes
PASS: clean_heldout_test/auxiliary_LSTM/high_speed mae_rad_s recomputes
PASS: clean_heldout_test/auxiliary_LSTM/high_speed bias_rad_s recomputes
PASS: clean_heldout_test/auxiliary_LSTM/high_speed numerical_failure_count recomputes
PASS: clean_heldout_test/auxiliary_LSTM/high_speed failure_run_count recomputes
PASS: clean_heldout_test/auxiliary_LSTM/high_speed runtime_sample_count recomputes
PASS: clean_heldout_test/auxiliary_LSTM/high_speed runtime_mean_us recomputes
PASS: clean_heldout_test/auxiliary_LSTM/high_speed runtime_p50_us recomputes
PASS: clean_heldout_test/auxiliary_LSTM/high_speed runtime_p95_us recomputes
PASS: clean_heldout_test/auxiliary_LSTM/high_speed runtime_p99_us recomputes
PASS: clean_heldout_test/auxiliary_LSTM/high_speed runtime_max_us recomputes
PASS: estimator trace covers clean_heldout_test test run 8
PASS: estimator trace sample seeds are numeric
PASS: estimator trace sample seeds are finite
PASS: estimator trace sample seeds are integers
PASS: each estimator trace run has contiguous sample indices
PASS: each estimator trace run uses the saved approximately 10 ms grid
PASS: clean_heldout_test/8/EKF records one consistent failure marker
PASS: runtime sample indices are in range for clean_heldout_test/8/EKF
PASS: estimator trace covers clean_heldout_test test run 15
PASS: estimator trace sample seeds are numeric
PASS: estimator trace sample seeds are finite
PASS: estimator trace sample seeds are integers
PASS: each estimator trace run has contiguous sample indices
PASS: each estimator trace run uses the saved approximately 10 ms grid
PASS: clean_heldout_test/15/EKF records one consistent failure marker
PASS: runtime sample indices are in range for clean_heldout_test/15/EKF
PASS: estimator trace covers clean_heldout_test test run 17
PASS: estimator trace sample seeds are numeric
PASS: estimator trace sample seeds are finite
PASS: estimator trace sample seeds are integers
PASS: each estimator trace run has contiguous sample indices
PASS: each estimator trace run uses the saved approximately 10 ms grid
PASS: clean_heldout_test/17/EKF records one consistent failure marker
PASS: runtime sample indices are in range for clean_heldout_test/17/EKF
PASS: estimator trace covers clean_heldout_test test run 22
PASS: estimator trace sample seeds are numeric
PASS: estimator trace sample seeds are finite
PASS: estimator trace sample seeds are integers
PASS: each estimator trace run has contiguous sample indices
PASS: each estimator trace run uses the saved approximately 10 ms grid
PASS: clean_heldout_test/22/EKF records one consistent failure marker
PASS: runtime sample indices are in range for clean_heldout_test/22/EKF
PASS: estimator trace covers clean_heldout_test test run 25
PASS: estimator trace sample seeds are numeric
PASS: estimator trace sample seeds are finite
PASS: estimator trace sample seeds are integers
PASS: each estimator trace run has contiguous sample indices
PASS: each estimator trace run uses the saved approximately 10 ms grid
PASS: clean_heldout_test/25/EKF records one consistent failure marker
PASS: runtime sample indices are in range for clean_heldout_test/25/EKF
PASS: estimator trace covers clean_heldout_test test run 28
PASS: estimator trace sample seeds are numeric
PASS: estimator trace sample seeds are finite
PASS: estimator trace sample seeds are integers
PASS: each estimator trace run has contiguous sample indices
PASS: each estimator trace run uses the saved approximately 10 ms grid
PASS: clean_heldout_test/28/EKF records one consistent failure marker
PASS: runtime sample indices are in range for clean_heldout_test/28/EKF
PASS: clean_heldout_test/EKF/low_acceleration sample_count recomputes
PASS: clean_heldout_test/EKF/low_acceleration trajectory_count recomputes
PASS: clean_heldout_test/EKF/low_acceleration finite_sample_count recomputes
PASS: clean_heldout_test/EKF/low_acceleration nonfinite_sample_count recomputes
PASS: clean_heldout_test/EKF/low_acceleration finite_fraction recomputes
PASS: clean_heldout_test/EKF/low_acceleration rmse_rad_s recomputes
PASS: clean_heldout_test/EKF/low_acceleration mae_rad_s recomputes
PASS: clean_heldout_test/EKF/low_acceleration bias_rad_s recomputes
PASS: clean_heldout_test/EKF/low_acceleration numerical_failure_count recomputes
PASS: clean_heldout_test/EKF/low_acceleration failure_run_count recomputes
PASS: clean_heldout_test/EKF/low_acceleration runtime_sample_count recomputes
PASS: clean_heldout_test/EKF/low_acceleration runtime_mean_us recomputes
PASS: clean_heldout_test/EKF/low_acceleration runtime_p50_us recomputes
PASS: clean_heldout_test/EKF/low_acceleration runtime_p95_us recomputes
PASS: clean_heldout_test/EKF/low_acceleration runtime_p99_us recomputes
PASS: clean_heldout_test/EKF/low_acceleration runtime_max_us recomputes
PASS: estimator trace covers clean_heldout_test test run 8
PASS: estimator trace sample seeds are numeric
PASS: estimator trace sample seeds are finite
PASS: estimator trace sample seeds are integers
PASS: each estimator trace run has contiguous sample indices
PASS: each estimator trace run uses the saved approximately 10 ms grid
PASS: clean_heldout_test/8/auxiliary_LSTM records one consistent failure marker
PASS: runtime sample indices are in range for clean_heldout_test/8/auxiliary_LSTM
PASS: estimator trace covers clean_heldout_test test run 15
PASS: estimator trace sample seeds are numeric
PASS: estimator trace sample seeds are finite
PASS: estimator trace sample seeds are integers
PASS: each estimator trace run has contiguous sample indices
PASS: each estimator trace run uses the saved approximately 10 ms grid
PASS: clean_heldout_test/15/auxiliary_LSTM records one consistent failure marker
PASS: runtime sample indices are in range for clean_heldout_test/15/auxiliary_LSTM
PASS: estimator trace covers clean_heldout_test test run 17
PASS: estimator trace sample seeds are numeric
PASS: estimator trace sample seeds are finite
PASS: estimator trace sample seeds are integers
PASS: each estimator trace run has contiguous sample indices
PASS: each estimator trace run uses the saved approximately 10 ms grid
PASS: clean_heldout_test/17/auxiliary_LSTM records one consistent failure marker
PASS: runtime sample indices are in range for clean_heldout_test/17/auxiliary_LSTM
PASS: estimator trace covers clean_heldout_test test run 22
PASS: estimator trace sample seeds are numeric
PASS: estimator trace sample seeds are finite
PASS: estimator trace sample seeds are integers
PASS: each estimator trace run has contiguous sample indices
PASS: each estimator trace run uses the saved approximately 10 ms grid
PASS: clean_heldout_test/22/auxiliary_LSTM records one consistent failure marker
PASS: runtime sample indices are in range for clean_heldout_test/22/auxiliary_LSTM
PASS: estimator trace covers clean_heldout_test test run 25
PASS: estimator trace sample seeds are numeric
PASS: estimator trace sample seeds are finite
PASS: estimator trace sample seeds are integers
PASS: each estimator trace run has contiguous sample indices
PASS: each estimator trace run uses the saved approximately 10 ms grid
PASS: clean_heldout_test/25/auxiliary_LSTM records one consistent failure marker
PASS: runtime sample indices are in range for clean_heldout_test/25/auxiliary_LSTM
PASS: estimator trace covers clean_heldout_test test run 28
PASS: estimator trace sample seeds are numeric
PASS: estimator trace sample seeds are finite
PASS: estimator trace sample seeds are integers
PASS: each estimator trace run has contiguous sample indices
PASS: each estimator trace run uses the saved approximately 10 ms grid
PASS: clean_heldout_test/28/auxiliary_LSTM records one consistent failure marker
PASS: runtime sample indices are in range for clean_heldout_test/28/auxiliary_LSTM
PASS: clean_heldout_test/auxiliary_LSTM/low_acceleration sample_count recomputes
PASS: clean_heldout_test/auxiliary_LSTM/low_acceleration trajectory_count recomputes
PASS: clean_heldout_test/auxiliary_LSTM/low_acceleration finite_sample_count recomputes
PASS: clean_heldout_test/auxiliary_LSTM/low_acceleration nonfinite_sample_count recomputes
PASS: clean_heldout_test/auxiliary_LSTM/low_acceleration finite_fraction recomputes
PASS: clean_heldout_test/auxiliary_LSTM/low_acceleration rmse_rad_s recomputes
PASS: clean_heldout_test/auxiliary_LSTM/low_acceleration mae_rad_s recomputes
PASS: clean_heldout_test/auxiliary_LSTM/low_acceleration bias_rad_s recomputes
PASS: clean_heldout_test/auxiliary_LSTM/low_acceleration numerical_failure_count recomputes
PASS: clean_heldout_test/auxiliary_LSTM/low_acceleration failure_run_count recomputes
PASS: clean_heldout_test/auxiliary_LSTM/low_acceleration runtime_sample_count recomputes
PASS: clean_heldout_test/auxiliary_LSTM/low_acceleration runtime_mean_us recomputes
PASS: clean_heldout_test/auxiliary_LSTM/low_acceleration runtime_p50_us recomputes
PASS: clean_heldout_test/auxiliary_LSTM/low_acceleration runtime_p95_us recomputes
PASS: clean_heldout_test/auxiliary_LSTM/low_acceleration runtime_p99_us recomputes
PASS: clean_heldout_test/auxiliary_LSTM/low_acceleration runtime_max_us recomputes
PASS: estimator trace covers clean_heldout_test test run 8
PASS: estimator trace sample seeds are numeric
PASS: estimator trace sample seeds are finite
PASS: estimator trace sample seeds are integers
PASS: each estimator trace run has contiguous sample indices
PASS: each estimator trace run uses the saved approximately 10 ms grid
PASS: clean_heldout_test/8/EKF records one consistent failure marker
PASS: runtime sample indices are in range for clean_heldout_test/8/EKF
PASS: estimator trace covers clean_heldout_test test run 15
PASS: estimator trace sample seeds are numeric
PASS: estimator trace sample seeds are finite
PASS: estimator trace sample seeds are integers
PASS: each estimator trace run has contiguous sample indices
PASS: each estimator trace run uses the saved approximately 10 ms grid
PASS: clean_heldout_test/15/EKF records one consistent failure marker
PASS: runtime sample indices are in range for clean_heldout_test/15/EKF
PASS: estimator trace covers clean_heldout_test test run 17
PASS: estimator trace sample seeds are numeric
PASS: estimator trace sample seeds are finite
PASS: estimator trace sample seeds are integers
PASS: each estimator trace run has contiguous sample indices
PASS: each estimator trace run uses the saved approximately 10 ms grid
PASS: clean_heldout_test/17/EKF records one consistent failure marker
PASS: runtime sample indices are in range for clean_heldout_test/17/EKF
PASS: estimator trace covers clean_heldout_test test run 22
PASS: estimator trace sample seeds are numeric
PASS: estimator trace sample seeds are finite
PASS: estimator trace sample seeds are integers
PASS: each estimator trace run has contiguous sample indices
PASS: each estimator trace run uses the saved approximately 10 ms grid
PASS: clean_heldout_test/22/EKF records one consistent failure marker
PASS: runtime sample indices are in range for clean_heldout_test/22/EKF
PASS: estimator trace covers clean_heldout_test test run 25
PASS: estimator trace sample seeds are numeric
PASS: estimator trace sample seeds are finite
PASS: estimator trace sample seeds are integers
PASS: each estimator trace run has contiguous sample indices
PASS: each estimator trace run uses the saved approximately 10 ms grid
PASS: clean_heldout_test/25/EKF records one consistent failure marker
PASS: runtime sample indices are in range for clean_heldout_test/25/EKF
PASS: estimator trace covers clean_heldout_test test run 28
PASS: estimator trace sample seeds are numeric
PASS: estimator trace sample seeds are finite
PASS: estimator trace sample seeds are integers
PASS: each estimator trace run has contiguous sample indices
PASS: each estimator trace run uses the saved approximately 10 ms grid
PASS: clean_heldout_test/28/EKF records one consistent failure marker
PASS: runtime sample indices are in range for clean_heldout_test/28/EKF
PASS: clean_heldout_test/EKF/high_acceleration sample_count recomputes
PASS: clean_heldout_test/EKF/high_acceleration trajectory_count recomputes
PASS: clean_heldout_test/EKF/high_acceleration finite_sample_count recomputes
PASS: clean_heldout_test/EKF/high_acceleration nonfinite_sample_count recomputes
PASS: clean_heldout_test/EKF/high_acceleration finite_fraction recomputes
PASS: clean_heldout_test/EKF/high_acceleration rmse_rad_s recomputes
PASS: clean_heldout_test/EKF/high_acceleration mae_rad_s recomputes
PASS: clean_heldout_test/EKF/high_acceleration bias_rad_s recomputes
PASS: clean_heldout_test/EKF/high_acceleration numerical_failure_count recomputes
PASS: clean_heldout_test/EKF/high_acceleration failure_run_count recomputes
PASS: clean_heldout_test/EKF/high_acceleration runtime_sample_count recomputes
PASS: clean_heldout_test/EKF/high_acceleration runtime_mean_us recomputes
PASS: clean_heldout_test/EKF/high_acceleration runtime_p50_us recomputes
PASS: clean_heldout_test/EKF/high_acceleration runtime_p95_us recomputes
PASS: clean_heldout_test/EKF/high_acceleration runtime_p99_us recomputes
PASS: clean_heldout_test/EKF/high_acceleration runtime_max_us recomputes
PASS: estimator trace covers clean_heldout_test test run 8
PASS: estimator trace sample seeds are numeric
PASS: estimator trace sample seeds are finite
PASS: estimator trace sample seeds are integers
PASS: each estimator trace run has contiguous sample indices
PASS: each estimator trace run uses the saved approximately 10 ms grid
PASS: clean_heldout_test/8/auxiliary_LSTM records one consistent failure marker
PASS: runtime sample indices are in range for clean_heldout_test/8/auxiliary_LSTM
PASS: estimator trace covers clean_heldout_test test run 15
PASS: estimator trace sample seeds are numeric
PASS: estimator trace sample seeds are finite
PASS: estimator trace sample seeds are integers
PASS: each estimator trace run has contiguous sample indices
PASS: each estimator trace run uses the saved approximately 10 ms grid
PASS: clean_heldout_test/15/auxiliary_LSTM records one consistent failure marker
PASS: runtime sample indices are in range for clean_heldout_test/15/auxiliary_LSTM
PASS: estimator trace covers clean_heldout_test test run 17
PASS: estimator trace sample seeds are numeric
PASS: estimator trace sample seeds are finite
PASS: estimator trace sample seeds are integers
PASS: each estimator trace run has contiguous sample indices
PASS: each estimator trace run uses the saved approximately 10 ms grid
PASS: clean_heldout_test/17/auxiliary_LSTM records one consistent failure marker
PASS: runtime sample indices are in range for clean_heldout_test/17/auxiliary_LSTM
PASS: estimator trace covers clean_heldout_test test run 22
PASS: estimator trace sample seeds are numeric
PASS: estimator trace sample seeds are finite
PASS: estimator trace sample seeds are integers
PASS: each estimator trace run has contiguous sample indices
PASS: each estimator trace run uses the saved approximately 10 ms grid
PASS: clean_heldout_test/22/auxiliary_LSTM records one consistent failure marker
PASS: runtime sample indices are in range for clean_heldout_test/22/auxiliary_LSTM
PASS: estimator trace covers clean_heldout_test test run 25
PASS: estimator trace sample seeds are numeric
PASS: estimator trace sample seeds are finite
PASS: estimator trace sample seeds are integers
PASS: each estimator trace run has contiguous sample indices
PASS: each estimator trace run uses the saved approximately 10 ms grid
PASS: clean_heldout_test/25/auxiliary_LSTM records one consistent failure marker
PASS: runtime sample indices are in range for clean_heldout_test/25/auxiliary_LSTM
PASS: estimator trace covers clean_heldout_test test run 28
PASS: estimator trace sample seeds are numeric
PASS: estimator trace sample seeds are finite
PASS: estimator trace sample seeds are integers
PASS: each estimator trace run has contiguous sample indices
PASS: each estimator trace run uses the saved approximately 10 ms grid
PASS: clean_heldout_test/28/auxiliary_LSTM records one consistent failure marker
PASS: runtime sample indices are in range for clean_heldout_test/28/auxiliary_LSTM
PASS: clean_heldout_test/auxiliary_LSTM/high_acceleration sample_count recomputes
PASS: clean_heldout_test/auxiliary_LSTM/high_acceleration trajectory_count recomputes
PASS: clean_heldout_test/auxiliary_LSTM/high_acceleration finite_sample_count recomputes
PASS: clean_heldout_test/auxiliary_LSTM/high_acceleration nonfinite_sample_count recomputes
PASS: clean_heldout_test/auxiliary_LSTM/high_acceleration finite_fraction recomputes
PASS: clean_heldout_test/auxiliary_LSTM/high_acceleration rmse_rad_s recomputes
PASS: clean_heldout_test/auxiliary_LSTM/high_acceleration mae_rad_s recomputes
PASS: clean_heldout_test/auxiliary_LSTM/high_acceleration bias_rad_s recomputes
PASS: clean_heldout_test/auxiliary_LSTM/high_acceleration numerical_failure_count recomputes
PASS: clean_heldout_test/auxiliary_LSTM/high_acceleration failure_run_count recomputes
PASS: clean_heldout_test/auxiliary_LSTM/high_acceleration runtime_sample_count recomputes
PASS: clean_heldout_test/auxiliary_LSTM/high_acceleration runtime_mean_us recomputes
PASS: clean_heldout_test/auxiliary_LSTM/high_acceleration runtime_p50_us recomputes
PASS: clean_heldout_test/auxiliary_LSTM/high_acceleration runtime_p95_us recomputes
PASS: clean_heldout_test/auxiliary_LSTM/high_acceleration runtime_p99_us recomputes
PASS: clean_heldout_test/auxiliary_LSTM/high_acceleration runtime_max_us recomputes
PASS: estimator trace covers clean_heldout_test test run 8
PASS: estimator trace sample seeds are numeric
PASS: estimator trace sample seeds are finite
PASS: estimator trace sample seeds are integers
PASS: each estimator trace run has contiguous sample indices
PASS: each estimator trace run uses the saved approximately 10 ms grid
PASS: clean_heldout_test/8/EKF records one consistent failure marker
PASS: runtime sample indices are in range for clean_heldout_test/8/EKF
PASS: estimator trace covers clean_heldout_test test run 15
PASS: estimator trace sample seeds are numeric
PASS: estimator trace sample seeds are finite
PASS: estimator trace sample seeds are integers
PASS: each estimator trace run has contiguous sample indices
PASS: each estimator trace run uses the saved approximately 10 ms grid
PASS: clean_heldout_test/15/EKF records one consistent failure marker
PASS: runtime sample indices are in range for clean_heldout_test/15/EKF
PASS: estimator trace covers clean_heldout_test test run 17
PASS: estimator trace sample seeds are numeric
PASS: estimator trace sample seeds are finite
PASS: estimator trace sample seeds are integers
PASS: each estimator trace run has contiguous sample indices
PASS: each estimator trace run uses the saved approximately 10 ms grid
PASS: clean_heldout_test/17/EKF records one consistent failure marker
PASS: runtime sample indices are in range for clean_heldout_test/17/EKF
PASS: estimator trace covers clean_heldout_test test run 22
PASS: estimator trace sample seeds are numeric
PASS: estimator trace sample seeds are finite
PASS: estimator trace sample seeds are integers
PASS: each estimator trace run has contiguous sample indices
PASS: each estimator trace run uses the saved approximately 10 ms grid
PASS: clean_heldout_test/22/EKF records one consistent failure marker
PASS: runtime sample indices are in range for clean_heldout_test/22/EKF
PASS: estimator trace covers clean_heldout_test test run 25
PASS: estimator trace sample seeds are numeric
PASS: estimator trace sample seeds are finite
PASS: estimator trace sample seeds are integers
PASS: each estimator trace run has contiguous sample indices
PASS: each estimator trace run uses the saved approximately 10 ms grid
PASS: clean_heldout_test/25/EKF records one consistent failure marker
PASS: runtime sample indices are in range for clean_heldout_test/25/EKF
PASS: estimator trace covers clean_heldout_test test run 28
PASS: estimator trace sample seeds are numeric
PASS: estimator trace sample seeds are finite
PASS: estimator trace sample seeds are integers
PASS: each estimator trace run has contiguous sample indices
PASS: each estimator trace run uses the saved approximately 10 ms grid
PASS: clean_heldout_test/28/EKF records one consistent failure marker
PASS: runtime sample indices are in range for clean_heldout_test/28/EKF
PASS: clean_heldout_test/EKF/voltage_saturation sample_count recomputes
PASS: clean_heldout_test/EKF/voltage_saturation trajectory_count recomputes
PASS: clean_heldout_test/EKF/voltage_saturation finite_sample_count recomputes
PASS: clean_heldout_test/EKF/voltage_saturation nonfinite_sample_count recomputes
PASS: clean_heldout_test/EKF/voltage_saturation finite_fraction recomputes
PASS: clean_heldout_test/EKF/voltage_saturation rmse_rad_s recomputes
PASS: clean_heldout_test/EKF/voltage_saturation mae_rad_s recomputes
PASS: clean_heldout_test/EKF/voltage_saturation bias_rad_s recomputes
PASS: clean_heldout_test/EKF/voltage_saturation numerical_failure_count recomputes
PASS: clean_heldout_test/EKF/voltage_saturation failure_run_count recomputes
PASS: clean_heldout_test/EKF/voltage_saturation runtime_sample_count recomputes
PASS: clean_heldout_test/EKF/voltage_saturation runtime_mean_us recomputes
PASS: clean_heldout_test/EKF/voltage_saturation runtime_p50_us recomputes
PASS: clean_heldout_test/EKF/voltage_saturation runtime_p95_us recomputes
PASS: clean_heldout_test/EKF/voltage_saturation runtime_p99_us recomputes
PASS: clean_heldout_test/EKF/voltage_saturation runtime_max_us recomputes
PASS: estimator trace covers clean_heldout_test test run 8
PASS: estimator trace sample seeds are numeric
PASS: estimator trace sample seeds are finite
PASS: estimator trace sample seeds are integers
PASS: each estimator trace run has contiguous sample indices
PASS: each estimator trace run uses the saved approximately 10 ms grid
PASS: clean_heldout_test/8/auxiliary_LSTM records one consistent failure marker
PASS: runtime sample indices are in range for clean_heldout_test/8/auxiliary_LSTM
PASS: estimator trace covers clean_heldout_test test run 15
PASS: estimator trace sample seeds are numeric
PASS: estimator trace sample seeds are finite
PASS: estimator trace sample seeds are integers
PASS: each estimator trace run has contiguous sample indices
PASS: each estimator trace run uses the saved approximately 10 ms grid
PASS: clean_heldout_test/15/auxiliary_LSTM records one consistent failure marker
PASS: runtime sample indices are in range for clean_heldout_test/15/auxiliary_LSTM
PASS: estimator trace covers clean_heldout_test test run 17
PASS: estimator trace sample seeds are numeric
PASS: estimator trace sample seeds are finite
PASS: estimator trace sample seeds are integers
PASS: each estimator trace run has contiguous sample indices
PASS: each estimator trace run uses the saved approximately 10 ms grid
PASS: clean_heldout_test/17/auxiliary_LSTM records one consistent failure marker
PASS: runtime sample indices are in range for clean_heldout_test/17/auxiliary_LSTM
PASS: estimator trace covers clean_heldout_test test run 22
PASS: estimator trace sample seeds are numeric
PASS: estimator trace sample seeds are finite
PASS: estimator trace sample seeds are integers
PASS: each estimator trace run has contiguous sample indices
PASS: each estimator trace run uses the saved approximately 10 ms grid
PASS: clean_heldout_test/22/auxiliary_LSTM records one consistent failure marker
PASS: runtime sample indices are in range for clean_heldout_test/22/auxiliary_LSTM
PASS: estimator trace covers clean_heldout_test test run 25
PASS: estimator trace sample seeds are numeric
PASS: estimator trace sample seeds are finite
PASS: estimator trace sample seeds are integers
PASS: each estimator trace run has contiguous sample indices
PASS: each estimator trace run uses the saved approximately 10 ms grid
PASS: clean_heldout_test/25/auxiliary_LSTM records one consistent failure marker
PASS: runtime sample indices are in range for clean_heldout_test/25/auxiliary_LSTM
PASS: estimator trace covers clean_heldout_test test run 28
PASS: estimator trace sample seeds are numeric
PASS: estimator trace sample seeds are finite
PASS: estimator trace sample seeds are integers
PASS: each estimator trace run has contiguous sample indices
PASS: each estimator trace run uses the saved approximately 10 ms grid
PASS: clean_heldout_test/28/auxiliary_LSTM records one consistent failure marker
PASS: runtime sample indices are in range for clean_heldout_test/28/auxiliary_LSTM
PASS: clean_heldout_test/auxiliary_LSTM/voltage_saturation sample_count recomputes
PASS: clean_heldout_test/auxiliary_LSTM/voltage_saturation trajectory_count recomputes
PASS: clean_heldout_test/auxiliary_LSTM/voltage_saturation finite_sample_count recomputes
PASS: clean_heldout_test/auxiliary_LSTM/voltage_saturation nonfinite_sample_count recomputes
PASS: clean_heldout_test/auxiliary_LSTM/voltage_saturation finite_fraction recomputes
PASS: clean_heldout_test/auxiliary_LSTM/voltage_saturation rmse_rad_s recomputes
PASS: clean_heldout_test/auxiliary_LSTM/voltage_saturation mae_rad_s recomputes
PASS: clean_heldout_test/auxiliary_LSTM/voltage_saturation bias_rad_s recomputes
PASS: clean_heldout_test/auxiliary_LSTM/voltage_saturation numerical_failure_count recomputes
PASS: clean_heldout_test/auxiliary_LSTM/voltage_saturation failure_run_count recomputes
PASS: clean_heldout_test/auxiliary_LSTM/voltage_saturation runtime_sample_count recomputes
PASS: clean_heldout_test/auxiliary_LSTM/voltage_saturation runtime_mean_us recomputes
PASS: clean_heldout_test/auxiliary_LSTM/voltage_saturation runtime_p50_us recomputes
PASS: clean_heldout_test/auxiliary_LSTM/voltage_saturation runtime_p95_us recomputes
PASS: clean_heldout_test/auxiliary_LSTM/voltage_saturation runtime_p99_us recomputes
PASS: clean_heldout_test/auxiliary_LSTM/voltage_saturation runtime_max_us recomputes
PASS: estimator trace covers clean_heldout_test test run 8
PASS: estimator trace sample seeds are numeric
PASS: estimator trace sample seeds are finite
PASS: estimator trace sample seeds are integers
PASS: each estimator trace run has contiguous sample indices
PASS: each estimator trace run uses the saved approximately 10 ms grid
PASS: clean_heldout_test/8/EKF records one consistent failure marker
PASS: runtime sample indices are in range for clean_heldout_test/8/EKF
PASS: estimator trace covers clean_heldout_test test run 15
PASS: estimator trace sample seeds are numeric
PASS: estimator trace sample seeds are finite
PASS: estimator trace sample seeds are integers
PASS: each estimator trace run has contiguous sample indices
PASS: each estimator trace run uses the saved approximately 10 ms grid
PASS: clean_heldout_test/15/EKF records one consistent failure marker
PASS: runtime sample indices are in range for clean_heldout_test/15/EKF
PASS: estimator trace covers clean_heldout_test test run 17
PASS: estimator trace sample seeds are numeric
PASS: estimator trace sample seeds are finite
PASS: estimator trace sample seeds are integers
PASS: each estimator trace run has contiguous sample indices
PASS: each estimator trace run uses the saved approximately 10 ms grid
PASS: clean_heldout_test/17/EKF records one consistent failure marker
PASS: runtime sample indices are in range for clean_heldout_test/17/EKF
PASS: estimator trace covers clean_heldout_test test run 22
PASS: estimator trace sample seeds are numeric
PASS: estimator trace sample seeds are finite
PASS: estimator trace sample seeds are integers
PASS: each estimator trace run has contiguous sample indices
PASS: each estimator trace run uses the saved approximately 10 ms grid
PASS: clean_heldout_test/22/EKF records one consistent failure marker
PASS: runtime sample indices are in range for clean_heldout_test/22/EKF
PASS: estimator trace covers clean_heldout_test test run 25
PASS: estimator trace sample seeds are numeric
PASS: estimator trace sample seeds are finite
PASS: estimator trace sample seeds are integers
PASS: each estimator trace run has contiguous sample indices
PASS: each estimator trace run uses the saved approximately 10 ms grid
PASS: clean_heldout_test/25/EKF records one consistent failure marker
PASS: runtime sample indices are in range for clean_heldout_test/25/EKF
PASS: estimator trace covers clean_heldout_test test run 28
PASS: estimator trace sample seeds are numeric
PASS: estimator trace sample seeds are finite
PASS: estimator trace sample seeds are integers
PASS: each estimator trace run has contiguous sample indices
PASS: each estimator trace run uses the saved approximately 10 ms grid
PASS: clean_heldout_test/28/EKF records one consistent failure marker
PASS: runtime sample indices are in range for clean_heldout_test/28/EKF
PASS: clean_heldout_test/EKF/weak_observability sample_count recomputes
PASS: clean_heldout_test/EKF/weak_observability trajectory_count recomputes
PASS: clean_heldout_test/EKF/weak_observability finite_sample_count recomputes
PASS: clean_heldout_test/EKF/weak_observability nonfinite_sample_count recomputes
PASS: clean_heldout_test/EKF/weak_observability finite_fraction recomputes
PASS: clean_heldout_test/EKF/weak_observability rmse_rad_s recomputes
PASS: clean_heldout_test/EKF/weak_observability mae_rad_s recomputes
PASS: clean_heldout_test/EKF/weak_observability bias_rad_s recomputes
PASS: clean_heldout_test/EKF/weak_observability numerical_failure_count recomputes
PASS: clean_heldout_test/EKF/weak_observability failure_run_count recomputes
PASS: clean_heldout_test/EKF/weak_observability runtime_sample_count recomputes
PASS: clean_heldout_test/EKF/weak_observability runtime_mean_us recomputes
PASS: clean_heldout_test/EKF/weak_observability runtime_p50_us recomputes
PASS: clean_heldout_test/EKF/weak_observability runtime_p95_us recomputes
PASS: clean_heldout_test/EKF/weak_observability runtime_p99_us recomputes
PASS: clean_heldout_test/EKF/weak_observability runtime_max_us recomputes
PASS: estimator trace covers clean_heldout_test test run 8
PASS: estimator trace sample seeds are numeric
PASS: estimator trace sample seeds are finite
PASS: estimator trace sample seeds are integers
PASS: each estimator trace run has contiguous sample indices
PASS: each estimator trace run uses the saved approximately 10 ms grid
PASS: clean_heldout_test/8/auxiliary_LSTM records one consistent failure marker
PASS: runtime sample indices are in range for clean_heldout_test/8/auxiliary_LSTM
PASS: estimator trace covers clean_heldout_test test run 15
PASS: estimator trace sample seeds are numeric
PASS: estimator trace sample seeds are finite
PASS: estimator trace sample seeds are integers
PASS: each estimator trace run has contiguous sample indices
PASS: each estimator trace run uses the saved approximately 10 ms grid
PASS: clean_heldout_test/15/auxiliary_LSTM records one consistent failure marker
PASS: runtime sample indices are in range for clean_heldout_test/15/auxiliary_LSTM
PASS: estimator trace covers clean_heldout_test test run 17
PASS: estimator trace sample seeds are numeric
PASS: estimator trace sample seeds are finite
PASS: estimator trace sample seeds are integers
PASS: each estimator trace run has contiguous sample indices
PASS: each estimator trace run uses the saved approximately 10 ms grid
PASS: clean_heldout_test/17/auxiliary_LSTM records one consistent failure marker
PASS: runtime sample indices are in range for clean_heldout_test/17/auxiliary_LSTM
PASS: estimator trace covers clean_heldout_test test run 22
PASS: estimator trace sample seeds are numeric
PASS: estimator trace sample seeds are finite
PASS: estimator trace sample seeds are integers
PASS: each estimator trace run has contiguous sample indices
PASS: each estimator trace run uses the saved approximately 10 ms grid
PASS: clean_heldout_test/22/auxiliary_LSTM records one consistent failure marker
PASS: runtime sample indices are in range for clean_heldout_test/22/auxiliary_LSTM
PASS: estimator trace covers clean_heldout_test test run 25
PASS: estimator trace sample seeds are numeric
PASS: estimator trace sample seeds are finite
PASS: estimator trace sample seeds are integers
PASS: each estimator trace run has contiguous sample indices
PASS: each estimator trace run uses the saved approximately 10 ms grid
PASS: clean_heldout_test/25/auxiliary_LSTM records one consistent failure marker
PASS: runtime sample indices are in range for clean_heldout_test/25/auxiliary_LSTM
PASS: estimator trace covers clean_heldout_test test run 28
PASS: estimator trace sample seeds are numeric
PASS: estimator trace sample seeds are finite
PASS: estimator trace sample seeds are integers
PASS: each estimator trace run has contiguous sample indices
PASS: each estimator trace run uses the saved approximately 10 ms grid
PASS: clean_heldout_test/28/auxiliary_LSTM records one consistent failure marker
PASS: runtime sample indices are in range for clean_heldout_test/28/auxiliary_LSTM
PASS: clean_heldout_test/auxiliary_LSTM/weak_observability sample_count recomputes
PASS: clean_heldout_test/auxiliary_LSTM/weak_observability trajectory_count recomputes
PASS: clean_heldout_test/auxiliary_LSTM/weak_observability finite_sample_count recomputes
PASS: clean_heldout_test/auxiliary_LSTM/weak_observability nonfinite_sample_count recomputes
PASS: clean_heldout_test/auxiliary_LSTM/weak_observability finite_fraction recomputes
PASS: clean_heldout_test/auxiliary_LSTM/weak_observability rmse_rad_s recomputes
PASS: clean_heldout_test/auxiliary_LSTM/weak_observability mae_rad_s recomputes
PASS: clean_heldout_test/auxiliary_LSTM/weak_observability bias_rad_s recomputes
PASS: clean_heldout_test/auxiliary_LSTM/weak_observability numerical_failure_count recomputes
PASS: clean_heldout_test/auxiliary_LSTM/weak_observability failure_run_count recomputes
PASS: clean_heldout_test/auxiliary_LSTM/weak_observability runtime_sample_count recomputes
PASS: clean_heldout_test/auxiliary_LSTM/weak_observability runtime_mean_us recomputes
PASS: clean_heldout_test/auxiliary_LSTM/weak_observability runtime_p50_us recomputes
PASS: clean_heldout_test/auxiliary_LSTM/weak_observability runtime_p95_us recomputes
PASS: clean_heldout_test/auxiliary_LSTM/weak_observability runtime_p99_us recomputes
PASS: clean_heldout_test/auxiliary_LSTM/weak_observability runtime_max_us recomputes
PASS: estimator trace covers load_disturbance_fixed_nominal_observer test run 8
PASS: estimator trace sample seeds are numeric
PASS: estimator trace sample seeds are finite
PASS: estimator trace sample seeds are integers
PASS: each estimator trace run has contiguous sample indices
PASS: each estimator trace run uses the saved approximately 10 ms grid
PASS: load-transfer sample seeds are numeric
PASS: load-transfer sample seeds are finite
PASS: load-transfer sample seeds are integers
PASS: load_disturbance_fixed_nominal_observer/8/EKF records one consistent failure marker
PASS: runtime sample indices are in range for load_disturbance_fixed_nominal_observer/8/EKF
PASS: estimator trace covers load_disturbance_fixed_nominal_observer test run 15
PASS: estimator trace sample seeds are numeric
PASS: estimator trace sample seeds are finite
PASS: estimator trace sample seeds are integers
PASS: each estimator trace run has contiguous sample indices
PASS: each estimator trace run uses the saved approximately 10 ms grid
PASS: load-transfer sample seeds are numeric
PASS: load-transfer sample seeds are finite
PASS: load-transfer sample seeds are integers
PASS: load_disturbance_fixed_nominal_observer/15/EKF records one consistent failure marker
PASS: runtime sample indices are in range for load_disturbance_fixed_nominal_observer/15/EKF
PASS: estimator trace covers load_disturbance_fixed_nominal_observer test run 17
PASS: estimator trace sample seeds are numeric
PASS: estimator trace sample seeds are finite
PASS: estimator trace sample seeds are integers
PASS: each estimator trace run has contiguous sample indices
PASS: each estimator trace run uses the saved approximately 10 ms grid
PASS: load-transfer sample seeds are numeric
PASS: load-transfer sample seeds are finite
PASS: load-transfer sample seeds are integers
PASS: load_disturbance_fixed_nominal_observer/17/EKF records one consistent failure marker
PASS: runtime sample indices are in range for load_disturbance_fixed_nominal_observer/17/EKF
PASS: estimator trace covers load_disturbance_fixed_nominal_observer test run 22
PASS: estimator trace sample seeds are numeric
PASS: estimator trace sample seeds are finite
PASS: estimator trace sample seeds are integers
PASS: each estimator trace run has contiguous sample indices
PASS: each estimator trace run uses the saved approximately 10 ms grid
PASS: load-transfer sample seeds are numeric
PASS: load-transfer sample seeds are finite
PASS: load-transfer sample seeds are integers
PASS: load_disturbance_fixed_nominal_observer/22/EKF records one consistent failure marker
PASS: runtime sample indices are in range for load_disturbance_fixed_nominal_observer/22/EKF
PASS: estimator trace covers load_disturbance_fixed_nominal_observer test run 25
PASS: estimator trace sample seeds are numeric
PASS: estimator trace sample seeds are finite
PASS: estimator trace sample seeds are integers
PASS: each estimator trace run has contiguous sample indices
PASS: each estimator trace run uses the saved approximately 10 ms grid
PASS: load-transfer sample seeds are numeric
PASS: load-transfer sample seeds are finite
PASS: load-transfer sample seeds are integers
PASS: load_disturbance_fixed_nominal_observer/25/EKF records one consistent failure marker
PASS: runtime sample indices are in range for load_disturbance_fixed_nominal_observer/25/EKF
PASS: estimator trace covers load_disturbance_fixed_nominal_observer test run 28
PASS: estimator trace sample seeds are numeric
PASS: estimator trace sample seeds are finite
PASS: estimator trace sample seeds are integers
PASS: each estimator trace run has contiguous sample indices
PASS: each estimator trace run uses the saved approximately 10 ms grid
PASS: load-transfer sample seeds are numeric
PASS: load-transfer sample seeds are finite
PASS: load-transfer sample seeds are integers
PASS: load_disturbance_fixed_nominal_observer/28/EKF records one consistent failure marker
PASS: runtime sample indices are in range for load_disturbance_fixed_nominal_observer/28/EKF
PASS: load_disturbance_fixed_nominal_observer/EKF/all_paired sample_count recomputes
PASS: load_disturbance_fixed_nominal_observer/EKF/all_paired trajectory_count recomputes
PASS: load_disturbance_fixed_nominal_observer/EKF/all_paired finite_sample_count recomputes
PASS: load_disturbance_fixed_nominal_observer/EKF/all_paired nonfinite_sample_count recomputes
PASS: load_disturbance_fixed_nominal_observer/EKF/all_paired finite_fraction recomputes
PASS: load_disturbance_fixed_nominal_observer/EKF/all_paired rmse_rad_s recomputes
PASS: load_disturbance_fixed_nominal_observer/EKF/all_paired mae_rad_s recomputes
PASS: load_disturbance_fixed_nominal_observer/EKF/all_paired bias_rad_s recomputes
PASS: load_disturbance_fixed_nominal_observer/EKF/all_paired numerical_failure_count recomputes
PASS: load_disturbance_fixed_nominal_observer/EKF/all_paired failure_run_count recomputes
PASS: load_disturbance_fixed_nominal_observer/EKF/all_paired runtime_sample_count recomputes
PASS: load_disturbance_fixed_nominal_observer/EKF/all_paired runtime_mean_us recomputes
PASS: load_disturbance_fixed_nominal_observer/EKF/all_paired runtime_p50_us recomputes
PASS: load_disturbance_fixed_nominal_observer/EKF/all_paired runtime_p95_us recomputes
PASS: load_disturbance_fixed_nominal_observer/EKF/all_paired runtime_p99_us recomputes
PASS: load_disturbance_fixed_nominal_observer/EKF/all_paired runtime_max_us recomputes
PASS: estimator trace covers load_disturbance_fixed_nominal_observer test run 8
PASS: estimator trace sample seeds are numeric
PASS: estimator trace sample seeds are finite
PASS: estimator trace sample seeds are integers
PASS: each estimator trace run has contiguous sample indices
PASS: each estimator trace run uses the saved approximately 10 ms grid
PASS: load-transfer sample seeds are numeric
PASS: load-transfer sample seeds are finite
PASS: load-transfer sample seeds are integers
PASS: load_disturbance_fixed_nominal_observer/8/auxiliary_LSTM records one consistent failure marker
PASS: runtime sample indices are in range for load_disturbance_fixed_nominal_observer/8/auxiliary_LSTM
PASS: estimator trace covers load_disturbance_fixed_nominal_observer test run 15
PASS: estimator trace sample seeds are numeric
PASS: estimator trace sample seeds are finite
PASS: estimator trace sample seeds are integers
PASS: each estimator trace run has contiguous sample indices
PASS: each estimator trace run uses the saved approximately 10 ms grid
PASS: load-transfer sample seeds are numeric
PASS: load-transfer sample seeds are finite
PASS: load-transfer sample seeds are integers
PASS: load_disturbance_fixed_nominal_observer/15/auxiliary_LSTM records one consistent failure marker
PASS: runtime sample indices are in range for load_disturbance_fixed_nominal_observer/15/auxiliary_LSTM
PASS: estimator trace covers load_disturbance_fixed_nominal_observer test run 17
PASS: estimator trace sample seeds are numeric
PASS: estimator trace sample seeds are finite
PASS: estimator trace sample seeds are integers
PASS: each estimator trace run has contiguous sample indices
PASS: each estimator trace run uses the saved approximately 10 ms grid
PASS: load-transfer sample seeds are numeric
PASS: load-transfer sample seeds are finite
PASS: load-transfer sample seeds are integers
PASS: load_disturbance_fixed_nominal_observer/17/auxiliary_LSTM records one consistent failure marker
PASS: runtime sample indices are in range for load_disturbance_fixed_nominal_observer/17/auxiliary_LSTM
PASS: estimator trace covers load_disturbance_fixed_nominal_observer test run 22
PASS: estimator trace sample seeds are numeric
PASS: estimator trace sample seeds are finite
PASS: estimator trace sample seeds are integers
PASS: each estimator trace run has contiguous sample indices
PASS: each estimator trace run uses the saved approximately 10 ms grid
PASS: load-transfer sample seeds are numeric
PASS: load-transfer sample seeds are finite
PASS: load-transfer sample seeds are integers
PASS: load_disturbance_fixed_nominal_observer/22/auxiliary_LSTM records one consistent failure marker
PASS: runtime sample indices are in range for load_disturbance_fixed_nominal_observer/22/auxiliary_LSTM
PASS: estimator trace covers load_disturbance_fixed_nominal_observer test run 25
PASS: estimator trace sample seeds are numeric
PASS: estimator trace sample seeds are finite
PASS: estimator trace sample seeds are integers
PASS: each estimator trace run has contiguous sample indices
PASS: each estimator trace run uses the saved approximately 10 ms grid
PASS: load-transfer sample seeds are numeric
PASS: load-transfer sample seeds are finite
PASS: load-transfer sample seeds are integers
PASS: load_disturbance_fixed_nominal_observer/25/auxiliary_LSTM records one consistent failure marker
PASS: runtime sample indices are in range for load_disturbance_fixed_nominal_observer/25/auxiliary_LSTM
PASS: estimator trace covers load_disturbance_fixed_nominal_observer test run 28
PASS: estimator trace sample seeds are numeric
PASS: estimator trace sample seeds are finite
PASS: estimator trace sample seeds are integers
PASS: each estimator trace run has contiguous sample indices
PASS: each estimator trace run uses the saved approximately 10 ms grid
PASS: load-transfer sample seeds are numeric
PASS: load-transfer sample seeds are finite
PASS: load-transfer sample seeds are integers
PASS: load_disturbance_fixed_nominal_observer/28/auxiliary_LSTM records one consistent failure marker
PASS: runtime sample indices are in range for load_disturbance_fixed_nominal_observer/28/auxiliary_LSTM
PASS: load_disturbance_fixed_nominal_observer/auxiliary_LSTM/all_paired sample_count recomputes
PASS: load_disturbance_fixed_nominal_observer/auxiliary_LSTM/all_paired trajectory_count recomputes
PASS: load_disturbance_fixed_nominal_observer/auxiliary_LSTM/all_paired finite_sample_count recomputes
PASS: load_disturbance_fixed_nominal_observer/auxiliary_LSTM/all_paired nonfinite_sample_count recomputes
PASS: load_disturbance_fixed_nominal_observer/auxiliary_LSTM/all_paired finite_fraction recomputes
PASS: load_disturbance_fixed_nominal_observer/auxiliary_LSTM/all_paired rmse_rad_s recomputes
PASS: load_disturbance_fixed_nominal_observer/auxiliary_LSTM/all_paired mae_rad_s recomputes
PASS: load_disturbance_fixed_nominal_observer/auxiliary_LSTM/all_paired bias_rad_s recomputes
PASS: load_disturbance_fixed_nominal_observer/auxiliary_LSTM/all_paired numerical_failure_count recomputes
PASS: load_disturbance_fixed_nominal_observer/auxiliary_LSTM/all_paired failure_run_count recomputes
PASS: load_disturbance_fixed_nominal_observer/auxiliary_LSTM/all_paired runtime_sample_count recomputes
PASS: load_disturbance_fixed_nominal_observer/auxiliary_LSTM/all_paired runtime_mean_us recomputes
PASS: load_disturbance_fixed_nominal_observer/auxiliary_LSTM/all_paired runtime_p50_us recomputes
PASS: load_disturbance_fixed_nominal_observer/auxiliary_LSTM/all_paired runtime_p95_us recomputes
PASS: load_disturbance_fixed_nominal_observer/auxiliary_LSTM/all_paired runtime_p99_us recomputes
PASS: load_disturbance_fixed_nominal_observer/auxiliary_LSTM/all_paired runtime_max_us recomputes
PASS: estimator trace covers load_disturbance_fixed_nominal_observer test run 8
PASS: estimator trace sample seeds are numeric
PASS: estimator trace sample seeds are finite
PASS: estimator trace sample seeds are integers
PASS: each estimator trace run has contiguous sample indices
PASS: each estimator trace run uses the saved approximately 10 ms grid
PASS: load-transfer sample seeds are numeric
PASS: load-transfer sample seeds are finite
PASS: load-transfer sample seeds are integers
PASS: load_disturbance_fixed_nominal_observer/8/EKF records one consistent failure marker
PASS: runtime sample indices are in range for load_disturbance_fixed_nominal_observer/8/EKF
PASS: estimator trace covers load_disturbance_fixed_nominal_observer test run 15
PASS: estimator trace sample seeds are numeric
PASS: estimator trace sample seeds are finite
PASS: estimator trace sample seeds are integers
PASS: each estimator trace run has contiguous sample indices
PASS: each estimator trace run uses the saved approximately 10 ms grid
PASS: load-transfer sample seeds are numeric
PASS: load-transfer sample seeds are finite
PASS: load-transfer sample seeds are integers
PASS: load_disturbance_fixed_nominal_observer/15/EKF records one consistent failure marker
PASS: runtime sample indices are in range for load_disturbance_fixed_nominal_observer/15/EKF
PASS: estimator trace covers load_disturbance_fixed_nominal_observer test run 17
PASS: estimator trace sample seeds are numeric
PASS: estimator trace sample seeds are finite
PASS: estimator trace sample seeds are integers
PASS: each estimator trace run has contiguous sample indices
PASS: each estimator trace run uses the saved approximately 10 ms grid
PASS: load-transfer sample seeds are numeric
PASS: load-transfer sample seeds are finite
PASS: load-transfer sample seeds are integers
PASS: load_disturbance_fixed_nominal_observer/17/EKF records one consistent failure marker
PASS: runtime sample indices are in range for load_disturbance_fixed_nominal_observer/17/EKF
PASS: estimator trace covers load_disturbance_fixed_nominal_observer test run 22
PASS: estimator trace sample seeds are numeric
PASS: estimator trace sample seeds are finite
PASS: estimator trace sample seeds are integers
PASS: each estimator trace run has contiguous sample indices
PASS: each estimator trace run uses the saved approximately 10 ms grid
PASS: load-transfer sample seeds are numeric
PASS: load-transfer sample seeds are finite
PASS: load-transfer sample seeds are integers
PASS: load_disturbance_fixed_nominal_observer/22/EKF records one consistent failure marker
PASS: runtime sample indices are in range for load_disturbance_fixed_nominal_observer/22/EKF
PASS: estimator trace covers load_disturbance_fixed_nominal_observer test run 25
PASS: estimator trace sample seeds are numeric
PASS: estimator trace sample seeds are finite
PASS: estimator trace sample seeds are integers
PASS: each estimator trace run has contiguous sample indices
PASS: each estimator trace run uses the saved approximately 10 ms grid
PASS: load-transfer sample seeds are numeric
PASS: load-transfer sample seeds are finite
PASS: load-transfer sample seeds are integers
PASS: load_disturbance_fixed_nominal_observer/25/EKF records one consistent failure marker
PASS: runtime sample indices are in range for load_disturbance_fixed_nominal_observer/25/EKF
PASS: estimator trace covers load_disturbance_fixed_nominal_observer test run 28
PASS: estimator trace sample seeds are numeric
PASS: estimator trace sample seeds are finite
PASS: estimator trace sample seeds are integers
PASS: each estimator trace run has contiguous sample indices
PASS: each estimator trace run uses the saved approximately 10 ms grid
PASS: load-transfer sample seeds are numeric
PASS: load-transfer sample seeds are finite
PASS: load-transfer sample seeds are integers
PASS: load_disturbance_fixed_nominal_observer/28/EKF records one consistent failure marker
PASS: runtime sample indices are in range for load_disturbance_fixed_nominal_observer/28/EKF
PASS: load_disturbance_fixed_nominal_observer/EKF/startup_pre_lstm_window_0_0p2s sample_count recomputes
PASS: load_disturbance_fixed_nominal_observer/EKF/startup_pre_lstm_window_0_0p2s trajectory_count recomputes
PASS: load_disturbance_fixed_nominal_observer/EKF/startup_pre_lstm_window_0_0p2s finite_sample_count recomputes
PASS: load_disturbance_fixed_nominal_observer/EKF/startup_pre_lstm_window_0_0p2s nonfinite_sample_count recomputes
PASS: load_disturbance_fixed_nominal_observer/EKF/startup_pre_lstm_window_0_0p2s finite_fraction recomputes
PASS: load_disturbance_fixed_nominal_observer/EKF/startup_pre_lstm_window_0_0p2s rmse_rad_s recomputes
PASS: load_disturbance_fixed_nominal_observer/EKF/startup_pre_lstm_window_0_0p2s mae_rad_s recomputes
PASS: load_disturbance_fixed_nominal_observer/EKF/startup_pre_lstm_window_0_0p2s bias_rad_s recomputes
PASS: load_disturbance_fixed_nominal_observer/EKF/startup_pre_lstm_window_0_0p2s numerical_failure_count recomputes
PASS: load_disturbance_fixed_nominal_observer/EKF/startup_pre_lstm_window_0_0p2s failure_run_count recomputes
PASS: load_disturbance_fixed_nominal_observer/EKF/startup_pre_lstm_window_0_0p2s runtime_sample_count recomputes
PASS: load_disturbance_fixed_nominal_observer/EKF/startup_pre_lstm_window_0_0p2s runtime_mean_us recomputes
PASS: load_disturbance_fixed_nominal_observer/EKF/startup_pre_lstm_window_0_0p2s runtime_p50_us recomputes
PASS: load_disturbance_fixed_nominal_observer/EKF/startup_pre_lstm_window_0_0p2s runtime_p95_us recomputes
PASS: load_disturbance_fixed_nominal_observer/EKF/startup_pre_lstm_window_0_0p2s runtime_p99_us recomputes
PASS: load_disturbance_fixed_nominal_observer/EKF/startup_pre_lstm_window_0_0p2s runtime_max_us recomputes
PASS: estimator trace covers load_disturbance_fixed_nominal_observer test run 8
PASS: estimator trace sample seeds are numeric
PASS: estimator trace sample seeds are finite
PASS: estimator trace sample seeds are integers
PASS: each estimator trace run has contiguous sample indices
PASS: each estimator trace run uses the saved approximately 10 ms grid
PASS: load-transfer sample seeds are numeric
PASS: load-transfer sample seeds are finite
PASS: load-transfer sample seeds are integers
PASS: load_disturbance_fixed_nominal_observer/8/EKF records one consistent failure marker
PASS: runtime sample indices are in range for load_disturbance_fixed_nominal_observer/8/EKF
PASS: estimator trace covers load_disturbance_fixed_nominal_observer test run 15
PASS: estimator trace sample seeds are numeric
PASS: estimator trace sample seeds are finite
PASS: estimator trace sample seeds are integers
PASS: each estimator trace run has contiguous sample indices
PASS: each estimator trace run uses the saved approximately 10 ms grid
PASS: load-transfer sample seeds are numeric
PASS: load-transfer sample seeds are finite
PASS: load-transfer sample seeds are integers
PASS: load_disturbance_fixed_nominal_observer/15/EKF records one consistent failure marker
PASS: runtime sample indices are in range for load_disturbance_fixed_nominal_observer/15/EKF
PASS: estimator trace covers load_disturbance_fixed_nominal_observer test run 17
PASS: estimator trace sample seeds are numeric
PASS: estimator trace sample seeds are finite
PASS: estimator trace sample seeds are integers
PASS: each estimator trace run has contiguous sample indices
PASS: each estimator trace run uses the saved approximately 10 ms grid
PASS: load-transfer sample seeds are numeric
PASS: load-transfer sample seeds are finite
PASS: load-transfer sample seeds are integers
PASS: load_disturbance_fixed_nominal_observer/17/EKF records one consistent failure marker
PASS: runtime sample indices are in range for load_disturbance_fixed_nominal_observer/17/EKF
PASS: estimator trace covers load_disturbance_fixed_nominal_observer test run 22
PASS: estimator trace sample seeds are numeric
PASS: estimator trace sample seeds are finite
PASS: estimator trace sample seeds are integers
PASS: each estimator trace run has contiguous sample indices
PASS: each estimator trace run uses the saved approximately 10 ms grid
PASS: load-transfer sample seeds are numeric
PASS: load-transfer sample seeds are finite
PASS: load-transfer sample seeds are integers
PASS: load_disturbance_fixed_nominal_observer/22/EKF records one consistent failure marker
PASS: runtime sample indices are in range for load_disturbance_fixed_nominal_observer/22/EKF
PASS: estimator trace covers load_disturbance_fixed_nominal_observer test run 25
PASS: estimator trace sample seeds are numeric
PASS: estimator trace sample seeds are finite
PASS: estimator trace sample seeds are integers
PASS: each estimator trace run has contiguous sample indices
PASS: each estimator trace run uses the saved approximately 10 ms grid
PASS: load-transfer sample seeds are numeric
PASS: load-transfer sample seeds are finite
PASS: load-transfer sample seeds are integers
PASS: load_disturbance_fixed_nominal_observer/25/EKF records one consistent failure marker
PASS: runtime sample indices are in range for load_disturbance_fixed_nominal_observer/25/EKF
PASS: estimator trace covers load_disturbance_fixed_nominal_observer test run 28
PASS: estimator trace sample seeds are numeric
PASS: estimator trace sample seeds are finite
PASS: estimator trace sample seeds are integers
PASS: each estimator trace run has contiguous sample indices
PASS: each estimator trace run uses the saved approximately 10 ms grid
PASS: load-transfer sample seeds are numeric
PASS: load-transfer sample seeds are finite
PASS: load-transfer sample seeds are integers
PASS: load_disturbance_fixed_nominal_observer/28/EKF records one consistent failure marker
PASS: runtime sample indices are in range for load_disturbance_fixed_nominal_observer/28/EKF
PASS: load_disturbance_fixed_nominal_observer/EKF/startup_post_window_to_0p5s sample_count recomputes
PASS: load_disturbance_fixed_nominal_observer/EKF/startup_post_window_to_0p5s trajectory_count recomputes
PASS: load_disturbance_fixed_nominal_observer/EKF/startup_post_window_to_0p5s finite_sample_count recomputes
PASS: load_disturbance_fixed_nominal_observer/EKF/startup_post_window_to_0p5s nonfinite_sample_count recomputes
PASS: load_disturbance_fixed_nominal_observer/EKF/startup_post_window_to_0p5s finite_fraction recomputes
PASS: load_disturbance_fixed_nominal_observer/EKF/startup_post_window_to_0p5s rmse_rad_s recomputes
PASS: load_disturbance_fixed_nominal_observer/EKF/startup_post_window_to_0p5s mae_rad_s recomputes
PASS: load_disturbance_fixed_nominal_observer/EKF/startup_post_window_to_0p5s bias_rad_s recomputes
PASS: load_disturbance_fixed_nominal_observer/EKF/startup_post_window_to_0p5s numerical_failure_count recomputes
PASS: load_disturbance_fixed_nominal_observer/EKF/startup_post_window_to_0p5s failure_run_count recomputes
PASS: load_disturbance_fixed_nominal_observer/EKF/startup_post_window_to_0p5s runtime_sample_count recomputes
PASS: load_disturbance_fixed_nominal_observer/EKF/startup_post_window_to_0p5s runtime_mean_us recomputes
PASS: load_disturbance_fixed_nominal_observer/EKF/startup_post_window_to_0p5s runtime_p50_us recomputes
PASS: load_disturbance_fixed_nominal_observer/EKF/startup_post_window_to_0p5s runtime_p95_us recomputes
PASS: load_disturbance_fixed_nominal_observer/EKF/startup_post_window_to_0p5s runtime_p99_us recomputes
PASS: load_disturbance_fixed_nominal_observer/EKF/startup_post_window_to_0p5s runtime_max_us recomputes
PASS: estimator trace covers load_disturbance_fixed_nominal_observer test run 8
PASS: estimator trace sample seeds are numeric
PASS: estimator trace sample seeds are finite
PASS: estimator trace sample seeds are integers
PASS: each estimator trace run has contiguous sample indices
PASS: each estimator trace run uses the saved approximately 10 ms grid
PASS: load-transfer sample seeds are numeric
PASS: load-transfer sample seeds are finite
PASS: load-transfer sample seeds are integers
PASS: load_disturbance_fixed_nominal_observer/8/auxiliary_LSTM records one consistent failure marker
PASS: runtime sample indices are in range for load_disturbance_fixed_nominal_observer/8/auxiliary_LSTM
PASS: estimator trace covers load_disturbance_fixed_nominal_observer test run 15
PASS: estimator trace sample seeds are numeric
PASS: estimator trace sample seeds are finite
PASS: estimator trace sample seeds are integers
PASS: each estimator trace run has contiguous sample indices
PASS: each estimator trace run uses the saved approximately 10 ms grid
PASS: load-transfer sample seeds are numeric
PASS: load-transfer sample seeds are finite
PASS: load-transfer sample seeds are integers
PASS: load_disturbance_fixed_nominal_observer/15/auxiliary_LSTM records one consistent failure marker
PASS: runtime sample indices are in range for load_disturbance_fixed_nominal_observer/15/auxiliary_LSTM
PASS: estimator trace covers load_disturbance_fixed_nominal_observer test run 17
PASS: estimator trace sample seeds are numeric
PASS: estimator trace sample seeds are finite
PASS: estimator trace sample seeds are integers
PASS: each estimator trace run has contiguous sample indices
PASS: each estimator trace run uses the saved approximately 10 ms grid
PASS: load-transfer sample seeds are numeric
PASS: load-transfer sample seeds are finite
PASS: load-transfer sample seeds are integers
PASS: load_disturbance_fixed_nominal_observer/17/auxiliary_LSTM records one consistent failure marker
PASS: runtime sample indices are in range for load_disturbance_fixed_nominal_observer/17/auxiliary_LSTM
PASS: estimator trace covers load_disturbance_fixed_nominal_observer test run 22
PASS: estimator trace sample seeds are numeric
PASS: estimator trace sample seeds are finite
PASS: estimator trace sample seeds are integers
PASS: each estimator trace run has contiguous sample indices
PASS: each estimator trace run uses the saved approximately 10 ms grid
PASS: load-transfer sample seeds are numeric
PASS: load-transfer sample seeds are finite
PASS: load-transfer sample seeds are integers
PASS: load_disturbance_fixed_nominal_observer/22/auxiliary_LSTM records one consistent failure marker
PASS: runtime sample indices are in range for load_disturbance_fixed_nominal_observer/22/auxiliary_LSTM
PASS: estimator trace covers load_disturbance_fixed_nominal_observer test run 25
PASS: estimator trace sample seeds are numeric
PASS: estimator trace sample seeds are finite
PASS: estimator trace sample seeds are integers
PASS: each estimator trace run has contiguous sample indices
PASS: each estimator trace run uses the saved approximately 10 ms grid
PASS: load-transfer sample seeds are numeric
PASS: load-transfer sample seeds are finite
PASS: load-transfer sample seeds are integers
PASS: load_disturbance_fixed_nominal_observer/25/auxiliary_LSTM records one consistent failure marker
PASS: runtime sample indices are in range for load_disturbance_fixed_nominal_observer/25/auxiliary_LSTM
PASS: estimator trace covers load_disturbance_fixed_nominal_observer test run 28
PASS: estimator trace sample seeds are numeric
PASS: estimator trace sample seeds are finite
PASS: estimator trace sample seeds are integers
PASS: each estimator trace run has contiguous sample indices
PASS: each estimator trace run uses the saved approximately 10 ms grid
PASS: load-transfer sample seeds are numeric
PASS: load-transfer sample seeds are finite
PASS: load-transfer sample seeds are integers
PASS: load_disturbance_fixed_nominal_observer/28/auxiliary_LSTM records one consistent failure marker
PASS: runtime sample indices are in range for load_disturbance_fixed_nominal_observer/28/auxiliary_LSTM
PASS: load_disturbance_fixed_nominal_observer/auxiliary_LSTM/startup_post_window_to_0p5s sample_count recomputes
PASS: load_disturbance_fixed_nominal_observer/auxiliary_LSTM/startup_post_window_to_0p5s trajectory_count recomputes
PASS: load_disturbance_fixed_nominal_observer/auxiliary_LSTM/startup_post_window_to_0p5s finite_sample_count recomputes
PASS: load_disturbance_fixed_nominal_observer/auxiliary_LSTM/startup_post_window_to_0p5s nonfinite_sample_count recomputes
PASS: load_disturbance_fixed_nominal_observer/auxiliary_LSTM/startup_post_window_to_0p5s finite_fraction recomputes
PASS: load_disturbance_fixed_nominal_observer/auxiliary_LSTM/startup_post_window_to_0p5s rmse_rad_s recomputes
PASS: load_disturbance_fixed_nominal_observer/auxiliary_LSTM/startup_post_window_to_0p5s mae_rad_s recomputes
PASS: load_disturbance_fixed_nominal_observer/auxiliary_LSTM/startup_post_window_to_0p5s bias_rad_s recomputes
PASS: load_disturbance_fixed_nominal_observer/auxiliary_LSTM/startup_post_window_to_0p5s numerical_failure_count recomputes
PASS: load_disturbance_fixed_nominal_observer/auxiliary_LSTM/startup_post_window_to_0p5s failure_run_count recomputes
PASS: load_disturbance_fixed_nominal_observer/auxiliary_LSTM/startup_post_window_to_0p5s runtime_sample_count recomputes
PASS: load_disturbance_fixed_nominal_observer/auxiliary_LSTM/startup_post_window_to_0p5s runtime_mean_us recomputes
PASS: load_disturbance_fixed_nominal_observer/auxiliary_LSTM/startup_post_window_to_0p5s runtime_p50_us recomputes
PASS: load_disturbance_fixed_nominal_observer/auxiliary_LSTM/startup_post_window_to_0p5s runtime_p95_us recomputes
PASS: load_disturbance_fixed_nominal_observer/auxiliary_LSTM/startup_post_window_to_0p5s runtime_p99_us recomputes
PASS: load_disturbance_fixed_nominal_observer/auxiliary_LSTM/startup_post_window_to_0p5s runtime_max_us recomputes
PASS: estimator trace covers load_disturbance_fixed_nominal_observer test run 8
PASS: estimator trace sample seeds are numeric
PASS: estimator trace sample seeds are finite
PASS: estimator trace sample seeds are integers
PASS: each estimator trace run has contiguous sample indices
PASS: each estimator trace run uses the saved approximately 10 ms grid
PASS: load-transfer sample seeds are numeric
PASS: load-transfer sample seeds are finite
PASS: load-transfer sample seeds are integers
PASS: load_disturbance_fixed_nominal_observer/8/EKF records one consistent failure marker
PASS: runtime sample indices are in range for load_disturbance_fixed_nominal_observer/8/EKF
PASS: estimator trace covers load_disturbance_fixed_nominal_observer test run 15
PASS: estimator trace sample seeds are numeric
PASS: estimator trace sample seeds are finite
PASS: estimator trace sample seeds are integers
PASS: each estimator trace run has contiguous sample indices
PASS: each estimator trace run uses the saved approximately 10 ms grid
PASS: load-transfer sample seeds are numeric
PASS: load-transfer sample seeds are finite
PASS: load-transfer sample seeds are integers
PASS: load_disturbance_fixed_nominal_observer/15/EKF records one consistent failure marker
PASS: runtime sample indices are in range for load_disturbance_fixed_nominal_observer/15/EKF
PASS: estimator trace covers load_disturbance_fixed_nominal_observer test run 17
PASS: estimator trace sample seeds are numeric
PASS: estimator trace sample seeds are finite
PASS: estimator trace sample seeds are integers
PASS: each estimator trace run has contiguous sample indices
PASS: each estimator trace run uses the saved approximately 10 ms grid
PASS: load-transfer sample seeds are numeric
PASS: load-transfer sample seeds are finite
PASS: load-transfer sample seeds are integers
PASS: load_disturbance_fixed_nominal_observer/17/EKF records one consistent failure marker
PASS: runtime sample indices are in range for load_disturbance_fixed_nominal_observer/17/EKF
PASS: estimator trace covers load_disturbance_fixed_nominal_observer test run 22
PASS: estimator trace sample seeds are numeric
PASS: estimator trace sample seeds are finite
PASS: estimator trace sample seeds are integers
PASS: each estimator trace run has contiguous sample indices
PASS: each estimator trace run uses the saved approximately 10 ms grid
PASS: load-transfer sample seeds are numeric
PASS: load-transfer sample seeds are finite
PASS: load-transfer sample seeds are integers
PASS: load_disturbance_fixed_nominal_observer/22/EKF records one consistent failure marker
PASS: runtime sample indices are in range for load_disturbance_fixed_nominal_observer/22/EKF
PASS: estimator trace covers load_disturbance_fixed_nominal_observer test run 25
PASS: estimator trace sample seeds are numeric
PASS: estimator trace sample seeds are finite
PASS: estimator trace sample seeds are integers
PASS: each estimator trace run has contiguous sample indices
PASS: each estimator trace run uses the saved approximately 10 ms grid
PASS: load-transfer sample seeds are numeric
PASS: load-transfer sample seeds are finite
PASS: load-transfer sample seeds are integers
PASS: load_disturbance_fixed_nominal_observer/25/EKF records one consistent failure marker
PASS: runtime sample indices are in range for load_disturbance_fixed_nominal_observer/25/EKF
PASS: estimator trace covers load_disturbance_fixed_nominal_observer test run 28
PASS: estimator trace sample seeds are numeric
PASS: estimator trace sample seeds are finite
PASS: estimator trace sample seeds are integers
PASS: each estimator trace run has contiguous sample indices
PASS: each estimator trace run uses the saved approximately 10 ms grid
PASS: load-transfer sample seeds are numeric
PASS: load-transfer sample seeds are finite
PASS: load-transfer sample seeds are integers
PASS: load_disturbance_fixed_nominal_observer/28/EKF records one consistent failure marker
PASS: runtime sample indices are in range for load_disturbance_fixed_nominal_observer/28/EKF
PASS: load_disturbance_fixed_nominal_observer/EKF/load_change sample_count recomputes
PASS: load_disturbance_fixed_nominal_observer/EKF/load_change trajectory_count recomputes
PASS: load_disturbance_fixed_nominal_observer/EKF/load_change finite_sample_count recomputes
PASS: load_disturbance_fixed_nominal_observer/EKF/load_change nonfinite_sample_count recomputes
PASS: load_disturbance_fixed_nominal_observer/EKF/load_change finite_fraction recomputes
PASS: load_disturbance_fixed_nominal_observer/EKF/load_change rmse_rad_s recomputes
PASS: load_disturbance_fixed_nominal_observer/EKF/load_change mae_rad_s recomputes
PASS: load_disturbance_fixed_nominal_observer/EKF/load_change bias_rad_s recomputes
PASS: load_disturbance_fixed_nominal_observer/EKF/load_change numerical_failure_count recomputes
PASS: load_disturbance_fixed_nominal_observer/EKF/load_change failure_run_count recomputes
PASS: load_disturbance_fixed_nominal_observer/EKF/load_change runtime_sample_count recomputes
PASS: load_disturbance_fixed_nominal_observer/EKF/load_change runtime_mean_us recomputes
PASS: load_disturbance_fixed_nominal_observer/EKF/load_change runtime_p50_us recomputes
PASS: load_disturbance_fixed_nominal_observer/EKF/load_change runtime_p95_us recomputes
PASS: load_disturbance_fixed_nominal_observer/EKF/load_change runtime_p99_us recomputes
PASS: load_disturbance_fixed_nominal_observer/EKF/load_change runtime_max_us recomputes
PASS: estimator trace covers load_disturbance_fixed_nominal_observer test run 8
PASS: estimator trace sample seeds are numeric
PASS: estimator trace sample seeds are finite
PASS: estimator trace sample seeds are integers
PASS: each estimator trace run has contiguous sample indices
PASS: each estimator trace run uses the saved approximately 10 ms grid
PASS: load-transfer sample seeds are numeric
PASS: load-transfer sample seeds are finite
PASS: load-transfer sample seeds are integers
PASS: load_disturbance_fixed_nominal_observer/8/auxiliary_LSTM records one consistent failure marker
PASS: runtime sample indices are in range for load_disturbance_fixed_nominal_observer/8/auxiliary_LSTM
PASS: estimator trace covers load_disturbance_fixed_nominal_observer test run 15
PASS: estimator trace sample seeds are numeric
PASS: estimator trace sample seeds are finite
PASS: estimator trace sample seeds are integers
PASS: each estimator trace run has contiguous sample indices
PASS: each estimator trace run uses the saved approximately 10 ms grid
PASS: load-transfer sample seeds are numeric
PASS: load-transfer sample seeds are finite
PASS: load-transfer sample seeds are integers
PASS: load_disturbance_fixed_nominal_observer/15/auxiliary_LSTM records one consistent failure marker
PASS: runtime sample indices are in range for load_disturbance_fixed_nominal_observer/15/auxiliary_LSTM
PASS: estimator trace covers load_disturbance_fixed_nominal_observer test run 17
PASS: estimator trace sample seeds are numeric
PASS: estimator trace sample seeds are finite
PASS: estimator trace sample seeds are integers
PASS: each estimator trace run has contiguous sample indices
PASS: each estimator trace run uses the saved approximately 10 ms grid
PASS: load-transfer sample seeds are numeric
PASS: load-transfer sample seeds are finite
PASS: load-transfer sample seeds are integers
PASS: load_disturbance_fixed_nominal_observer/17/auxiliary_LSTM records one consistent failure marker
PASS: runtime sample indices are in range for load_disturbance_fixed_nominal_observer/17/auxiliary_LSTM
PASS: estimator trace covers load_disturbance_fixed_nominal_observer test run 22
PASS: estimator trace sample seeds are numeric
PASS: estimator trace sample seeds are finite
PASS: estimator trace sample seeds are integers
PASS: each estimator trace run has contiguous sample indices
PASS: each estimator trace run uses the saved approximately 10 ms grid
PASS: load-transfer sample seeds are numeric
PASS: load-transfer sample seeds are finite
PASS: load-transfer sample seeds are integers
PASS: load_disturbance_fixed_nominal_observer/22/auxiliary_LSTM records one consistent failure marker
PASS: runtime sample indices are in range for load_disturbance_fixed_nominal_observer/22/auxiliary_LSTM
PASS: estimator trace covers load_disturbance_fixed_nominal_observer test run 25
PASS: estimator trace sample seeds are numeric
PASS: estimator trace sample seeds are finite
PASS: estimator trace sample seeds are integers
PASS: each estimator trace run has contiguous sample indices
PASS: each estimator trace run uses the saved approximately 10 ms grid
PASS: load-transfer sample seeds are numeric
PASS: load-transfer sample seeds are finite
PASS: load-transfer sample seeds are integers
PASS: load_disturbance_fixed_nominal_observer/25/auxiliary_LSTM records one consistent failure marker
PASS: runtime sample indices are in range for load_disturbance_fixed_nominal_observer/25/auxiliary_LSTM
PASS: estimator trace covers load_disturbance_fixed_nominal_observer test run 28
PASS: estimator trace sample seeds are numeric
PASS: estimator trace sample seeds are finite
PASS: estimator trace sample seeds are integers
PASS: each estimator trace run has contiguous sample indices
PASS: each estimator trace run uses the saved approximately 10 ms grid
PASS: load-transfer sample seeds are numeric
PASS: load-transfer sample seeds are finite
PASS: load-transfer sample seeds are integers
PASS: load_disturbance_fixed_nominal_observer/28/auxiliary_LSTM records one consistent failure marker
PASS: runtime sample indices are in range for load_disturbance_fixed_nominal_observer/28/auxiliary_LSTM
PASS: load_disturbance_fixed_nominal_observer/auxiliary_LSTM/load_change sample_count recomputes
PASS: load_disturbance_fixed_nominal_observer/auxiliary_LSTM/load_change trajectory_count recomputes
PASS: load_disturbance_fixed_nominal_observer/auxiliary_LSTM/load_change finite_sample_count recomputes
PASS: load_disturbance_fixed_nominal_observer/auxiliary_LSTM/load_change nonfinite_sample_count recomputes
PASS: load_disturbance_fixed_nominal_observer/auxiliary_LSTM/load_change finite_fraction recomputes
PASS: load_disturbance_fixed_nominal_observer/auxiliary_LSTM/load_change rmse_rad_s recomputes
PASS: load_disturbance_fixed_nominal_observer/auxiliary_LSTM/load_change mae_rad_s recomputes
PASS: load_disturbance_fixed_nominal_observer/auxiliary_LSTM/load_change bias_rad_s recomputes
PASS: load_disturbance_fixed_nominal_observer/auxiliary_LSTM/load_change numerical_failure_count recomputes
PASS: load_disturbance_fixed_nominal_observer/auxiliary_LSTM/load_change failure_run_count recomputes
PASS: load_disturbance_fixed_nominal_observer/auxiliary_LSTM/load_change runtime_sample_count recomputes
PASS: load_disturbance_fixed_nominal_observer/auxiliary_LSTM/load_change runtime_mean_us recomputes
PASS: load_disturbance_fixed_nominal_observer/auxiliary_LSTM/load_change runtime_p50_us recomputes
PASS: load_disturbance_fixed_nominal_observer/auxiliary_LSTM/load_change runtime_p95_us recomputes
PASS: load_disturbance_fixed_nominal_observer/auxiliary_LSTM/load_change runtime_p99_us recomputes
PASS: load_disturbance_fixed_nominal_observer/auxiliary_LSTM/load_change runtime_max_us recomputes
PASS: estimator trace covers load_disturbance_fixed_nominal_observer test run 8
PASS: estimator trace sample seeds are numeric
PASS: estimator trace sample seeds are finite
PASS: estimator trace sample seeds are integers
PASS: each estimator trace run has contiguous sample indices
PASS: each estimator trace run uses the saved approximately 10 ms grid
PASS: load-transfer sample seeds are numeric
PASS: load-transfer sample seeds are finite
PASS: load-transfer sample seeds are integers
PASS: load_disturbance_fixed_nominal_observer/8/EKF records one consistent failure marker
PASS: runtime sample indices are in range for load_disturbance_fixed_nominal_observer/8/EKF
PASS: estimator trace covers load_disturbance_fixed_nominal_observer test run 15
PASS: estimator trace sample seeds are numeric
PASS: estimator trace sample seeds are finite
PASS: estimator trace sample seeds are integers
PASS: each estimator trace run has contiguous sample indices
PASS: each estimator trace run uses the saved approximately 10 ms grid
PASS: load-transfer sample seeds are numeric
PASS: load-transfer sample seeds are finite
PASS: load-transfer sample seeds are integers
PASS: load_disturbance_fixed_nominal_observer/15/EKF records one consistent failure marker
PASS: runtime sample indices are in range for load_disturbance_fixed_nominal_observer/15/EKF
PASS: estimator trace covers load_disturbance_fixed_nominal_observer test run 17
PASS: estimator trace sample seeds are numeric
PASS: estimator trace sample seeds are finite
PASS: estimator trace sample seeds are integers
PASS: each estimator trace run has contiguous sample indices
PASS: each estimator trace run uses the saved approximately 10 ms grid
PASS: load-transfer sample seeds are numeric
PASS: load-transfer sample seeds are finite
PASS: load-transfer sample seeds are integers
PASS: load_disturbance_fixed_nominal_observer/17/EKF records one consistent failure marker
PASS: runtime sample indices are in range for load_disturbance_fixed_nominal_observer/17/EKF
PASS: estimator trace covers load_disturbance_fixed_nominal_observer test run 22
PASS: estimator trace sample seeds are numeric
PASS: estimator trace sample seeds are finite
PASS: estimator trace sample seeds are integers
PASS: each estimator trace run has contiguous sample indices
PASS: each estimator trace run uses the saved approximately 10 ms grid
PASS: load-transfer sample seeds are numeric
PASS: load-transfer sample seeds are finite
PASS: load-transfer sample seeds are integers
PASS: load_disturbance_fixed_nominal_observer/22/EKF records one consistent failure marker
PASS: runtime sample indices are in range for load_disturbance_fixed_nominal_observer/22/EKF
PASS: estimator trace covers load_disturbance_fixed_nominal_observer test run 25
PASS: estimator trace sample seeds are numeric
PASS: estimator trace sample seeds are finite
PASS: estimator trace sample seeds are integers
PASS: each estimator trace run has contiguous sample indices
PASS: each estimator trace run uses the saved approximately 10 ms grid
PASS: load-transfer sample seeds are numeric
PASS: load-transfer sample seeds are finite
PASS: load-transfer sample seeds are integers
PASS: load_disturbance_fixed_nominal_observer/25/EKF records one consistent failure marker
PASS: runtime sample indices are in range for load_disturbance_fixed_nominal_observer/25/EKF
PASS: estimator trace covers load_disturbance_fixed_nominal_observer test run 28
PASS: estimator trace sample seeds are numeric
PASS: estimator trace sample seeds are finite
PASS: estimator trace sample seeds are integers
PASS: each estimator trace run has contiguous sample indices
PASS: each estimator trace run uses the saved approximately 10 ms grid
PASS: load-transfer sample seeds are numeric
PASS: load-transfer sample seeds are finite
PASS: load-transfer sample seeds are integers
PASS: load_disturbance_fixed_nominal_observer/28/EKF records one consistent failure marker
PASS: runtime sample indices are in range for load_disturbance_fixed_nominal_observer/28/EKF
PASS: load_disturbance_fixed_nominal_observer/EKF/low_current sample_count recomputes
PASS: load_disturbance_fixed_nominal_observer/EKF/low_current trajectory_count recomputes
PASS: load_disturbance_fixed_nominal_observer/EKF/low_current finite_sample_count recomputes
PASS: load_disturbance_fixed_nominal_observer/EKF/low_current nonfinite_sample_count recomputes
PASS: load_disturbance_fixed_nominal_observer/EKF/low_current finite_fraction recomputes
PASS: load_disturbance_fixed_nominal_observer/EKF/low_current rmse_rad_s recomputes
PASS: load_disturbance_fixed_nominal_observer/EKF/low_current mae_rad_s recomputes
PASS: load_disturbance_fixed_nominal_observer/EKF/low_current bias_rad_s recomputes
PASS: load_disturbance_fixed_nominal_observer/EKF/low_current numerical_failure_count recomputes
PASS: load_disturbance_fixed_nominal_observer/EKF/low_current failure_run_count recomputes
PASS: load_disturbance_fixed_nominal_observer/EKF/low_current runtime_sample_count recomputes
PASS: load_disturbance_fixed_nominal_observer/EKF/low_current runtime_mean_us recomputes
PASS: load_disturbance_fixed_nominal_observer/EKF/low_current runtime_p50_us recomputes
PASS: load_disturbance_fixed_nominal_observer/EKF/low_current runtime_p95_us recomputes
PASS: load_disturbance_fixed_nominal_observer/EKF/low_current runtime_p99_us recomputes
PASS: load_disturbance_fixed_nominal_observer/EKF/low_current runtime_max_us recomputes
PASS: estimator trace covers load_disturbance_fixed_nominal_observer test run 8
PASS: estimator trace sample seeds are numeric
PASS: estimator trace sample seeds are finite
PASS: estimator trace sample seeds are integers
PASS: each estimator trace run has contiguous sample indices
PASS: each estimator trace run uses the saved approximately 10 ms grid
PASS: load-transfer sample seeds are numeric
PASS: load-transfer sample seeds are finite
PASS: load-transfer sample seeds are integers
PASS: load_disturbance_fixed_nominal_observer/8/auxiliary_LSTM records one consistent failure marker
PASS: runtime sample indices are in range for load_disturbance_fixed_nominal_observer/8/auxiliary_LSTM
PASS: estimator trace covers load_disturbance_fixed_nominal_observer test run 15
PASS: estimator trace sample seeds are numeric
PASS: estimator trace sample seeds are finite
PASS: estimator trace sample seeds are integers
PASS: each estimator trace run has contiguous sample indices
PASS: each estimator trace run uses the saved approximately 10 ms grid
PASS: load-transfer sample seeds are numeric
PASS: load-transfer sample seeds are finite
PASS: load-transfer sample seeds are integers
PASS: load_disturbance_fixed_nominal_observer/15/auxiliary_LSTM records one consistent failure marker
PASS: runtime sample indices are in range for load_disturbance_fixed_nominal_observer/15/auxiliary_LSTM
PASS: estimator trace covers load_disturbance_fixed_nominal_observer test run 17
PASS: estimator trace sample seeds are numeric
PASS: estimator trace sample seeds are finite
PASS: estimator trace sample seeds are integers
PASS: each estimator trace run has contiguous sample indices
PASS: each estimator trace run uses the saved approximately 10 ms grid
PASS: load-transfer sample seeds are numeric
PASS: load-transfer sample seeds are finite
PASS: load-transfer sample seeds are integers
PASS: load_disturbance_fixed_nominal_observer/17/auxiliary_LSTM records one consistent failure marker
PASS: runtime sample indices are in range for load_disturbance_fixed_nominal_observer/17/auxiliary_LSTM
PASS: estimator trace covers load_disturbance_fixed_nominal_observer test run 22
PASS: estimator trace sample seeds are numeric
PASS: estimator trace sample seeds are finite
PASS: estimator trace sample seeds are integers
PASS: each estimator trace run has contiguous sample indices
PASS: each estimator trace run uses the saved approximately 10 ms grid
PASS: load-transfer sample seeds are numeric
PASS: load-transfer sample seeds are finite
PASS: load-transfer sample seeds are integers
PASS: load_disturbance_fixed_nominal_observer/22/auxiliary_LSTM records one consistent failure marker
PASS: runtime sample indices are in range for load_disturbance_fixed_nominal_observer/22/auxiliary_LSTM
PASS: estimator trace covers load_disturbance_fixed_nominal_observer test run 25
PASS: estimator trace sample seeds are numeric
PASS: estimator trace sample seeds are finite
PASS: estimator trace sample seeds are integers
PASS: each estimator trace run has contiguous sample indices
PASS: each estimator trace run uses the saved approximately 10 ms grid
PASS: load-transfer sample seeds are numeric
PASS: load-transfer sample seeds are finite
PASS: load-transfer sample seeds are integers
PASS: load_disturbance_fixed_nominal_observer/25/auxiliary_LSTM records one consistent failure marker
PASS: runtime sample indices are in range for load_disturbance_fixed_nominal_observer/25/auxiliary_LSTM
PASS: estimator trace covers load_disturbance_fixed_nominal_observer test run 28
PASS: estimator trace sample seeds are numeric
PASS: estimator trace sample seeds are finite
PASS: estimator trace sample seeds are integers
PASS: each estimator trace run has contiguous sample indices
PASS: each estimator trace run uses the saved approximately 10 ms grid
PASS: load-transfer sample seeds are numeric
PASS: load-transfer sample seeds are finite
PASS: load-transfer sample seeds are integers
PASS: load_disturbance_fixed_nominal_observer/28/auxiliary_LSTM records one consistent failure marker
PASS: runtime sample indices are in range for load_disturbance_fixed_nominal_observer/28/auxiliary_LSTM
PASS: load_disturbance_fixed_nominal_observer/auxiliary_LSTM/low_current sample_count recomputes
PASS: load_disturbance_fixed_nominal_observer/auxiliary_LSTM/low_current trajectory_count recomputes
PASS: load_disturbance_fixed_nominal_observer/auxiliary_LSTM/low_current finite_sample_count recomputes
PASS: load_disturbance_fixed_nominal_observer/auxiliary_LSTM/low_current nonfinite_sample_count recomputes
PASS: load_disturbance_fixed_nominal_observer/auxiliary_LSTM/low_current finite_fraction recomputes
PASS: load_disturbance_fixed_nominal_observer/auxiliary_LSTM/low_current rmse_rad_s recomputes
PASS: load_disturbance_fixed_nominal_observer/auxiliary_LSTM/low_current mae_rad_s recomputes
PASS: load_disturbance_fixed_nominal_observer/auxiliary_LSTM/low_current bias_rad_s recomputes
PASS: load_disturbance_fixed_nominal_observer/auxiliary_LSTM/low_current numerical_failure_count recomputes
PASS: load_disturbance_fixed_nominal_observer/auxiliary_LSTM/low_current failure_run_count recomputes
PASS: load_disturbance_fixed_nominal_observer/auxiliary_LSTM/low_current runtime_sample_count recomputes
PASS: load_disturbance_fixed_nominal_observer/auxiliary_LSTM/low_current runtime_mean_us recomputes
PASS: load_disturbance_fixed_nominal_observer/auxiliary_LSTM/low_current runtime_p50_us recomputes
PASS: load_disturbance_fixed_nominal_observer/auxiliary_LSTM/low_current runtime_p95_us recomputes
PASS: load_disturbance_fixed_nominal_observer/auxiliary_LSTM/low_current runtime_p99_us recomputes
PASS: load_disturbance_fixed_nominal_observer/auxiliary_LSTM/low_current runtime_max_us recomputes
PASS: estimator trace covers load_disturbance_fixed_nominal_observer test run 8
PASS: estimator trace sample seeds are numeric
PASS: estimator trace sample seeds are finite
PASS: estimator trace sample seeds are integers
PASS: each estimator trace run has contiguous sample indices
PASS: each estimator trace run uses the saved approximately 10 ms grid
PASS: load-transfer sample seeds are numeric
PASS: load-transfer sample seeds are finite
PASS: load-transfer sample seeds are integers
PASS: load_disturbance_fixed_nominal_observer/8/EKF records one consistent failure marker
PASS: runtime sample indices are in range for load_disturbance_fixed_nominal_observer/8/EKF
PASS: estimator trace covers load_disturbance_fixed_nominal_observer test run 15
PASS: estimator trace sample seeds are numeric
PASS: estimator trace sample seeds are finite
PASS: estimator trace sample seeds are integers
PASS: each estimator trace run has contiguous sample indices
PASS: each estimator trace run uses the saved approximately 10 ms grid
PASS: load-transfer sample seeds are numeric
PASS: load-transfer sample seeds are finite
PASS: load-transfer sample seeds are integers
PASS: load_disturbance_fixed_nominal_observer/15/EKF records one consistent failure marker
PASS: runtime sample indices are in range for load_disturbance_fixed_nominal_observer/15/EKF
PASS: estimator trace covers load_disturbance_fixed_nominal_observer test run 17
PASS: estimator trace sample seeds are numeric
PASS: estimator trace sample seeds are finite
PASS: estimator trace sample seeds are integers
PASS: each estimator trace run has contiguous sample indices
PASS: each estimator trace run uses the saved approximately 10 ms grid
PASS: load-transfer sample seeds are numeric
PASS: load-transfer sample seeds are finite
PASS: load-transfer sample seeds are integers
PASS: load_disturbance_fixed_nominal_observer/17/EKF records one consistent failure marker
PASS: runtime sample indices are in range for load_disturbance_fixed_nominal_observer/17/EKF
PASS: estimator trace covers load_disturbance_fixed_nominal_observer test run 22
PASS: estimator trace sample seeds are numeric
PASS: estimator trace sample seeds are finite
PASS: estimator trace sample seeds are integers
PASS: each estimator trace run has contiguous sample indices
PASS: each estimator trace run uses the saved approximately 10 ms grid
PASS: load-transfer sample seeds are numeric
PASS: load-transfer sample seeds are finite
PASS: load-transfer sample seeds are integers
PASS: load_disturbance_fixed_nominal_observer/22/EKF records one consistent failure marker
PASS: runtime sample indices are in range for load_disturbance_fixed_nominal_observer/22/EKF
PASS: estimator trace covers load_disturbance_fixed_nominal_observer test run 25
PASS: estimator trace sample seeds are numeric
PASS: estimator trace sample seeds are finite
PASS: estimator trace sample seeds are integers
PASS: each estimator trace run has contiguous sample indices
PASS: each estimator trace run uses the saved approximately 10 ms grid
PASS: load-transfer sample seeds are numeric
PASS: load-transfer sample seeds are finite
PASS: load-transfer sample seeds are integers
PASS: load_disturbance_fixed_nominal_observer/25/EKF records one consistent failure marker
PASS: runtime sample indices are in range for load_disturbance_fixed_nominal_observer/25/EKF
PASS: estimator trace covers load_disturbance_fixed_nominal_observer test run 28
PASS: estimator trace sample seeds are numeric
PASS: estimator trace sample seeds are finite
PASS: estimator trace sample seeds are integers
PASS: each estimator trace run has contiguous sample indices
PASS: each estimator trace run uses the saved approximately 10 ms grid
PASS: load-transfer sample seeds are numeric
PASS: load-transfer sample seeds are finite
PASS: load-transfer sample seeds are integers
PASS: load_disturbance_fixed_nominal_observer/28/EKF records one consistent failure marker
PASS: runtime sample indices are in range for load_disturbance_fixed_nominal_observer/28/EKF
PASS: load_disturbance_fixed_nominal_observer/EKF/high_current sample_count recomputes
PASS: load_disturbance_fixed_nominal_observer/EKF/high_current trajectory_count recomputes
PASS: load_disturbance_fixed_nominal_observer/EKF/high_current finite_sample_count recomputes
PASS: load_disturbance_fixed_nominal_observer/EKF/high_current nonfinite_sample_count recomputes
PASS: load_disturbance_fixed_nominal_observer/EKF/high_current finite_fraction recomputes
PASS: load_disturbance_fixed_nominal_observer/EKF/high_current rmse_rad_s recomputes
PASS: load_disturbance_fixed_nominal_observer/EKF/high_current mae_rad_s recomputes
PASS: load_disturbance_fixed_nominal_observer/EKF/high_current bias_rad_s recomputes
PASS: load_disturbance_fixed_nominal_observer/EKF/high_current numerical_failure_count recomputes
PASS: load_disturbance_fixed_nominal_observer/EKF/high_current failure_run_count recomputes
PASS: load_disturbance_fixed_nominal_observer/EKF/high_current runtime_sample_count recomputes
PASS: load_disturbance_fixed_nominal_observer/EKF/high_current runtime_mean_us recomputes
PASS: load_disturbance_fixed_nominal_observer/EKF/high_current runtime_p50_us recomputes
PASS: load_disturbance_fixed_nominal_observer/EKF/high_current runtime_p95_us recomputes
PASS: load_disturbance_fixed_nominal_observer/EKF/high_current runtime_p99_us recomputes
PASS: load_disturbance_fixed_nominal_observer/EKF/high_current runtime_max_us recomputes
PASS: estimator trace covers load_disturbance_fixed_nominal_observer test run 8
PASS: estimator trace sample seeds are numeric
PASS: estimator trace sample seeds are finite
PASS: estimator trace sample seeds are integers
PASS: each estimator trace run has contiguous sample indices
PASS: each estimator trace run uses the saved approximately 10 ms grid
PASS: load-transfer sample seeds are numeric
PASS: load-transfer sample seeds are finite
PASS: load-transfer sample seeds are integers
PASS: load_disturbance_fixed_nominal_observer/8/auxiliary_LSTM records one consistent failure marker
PASS: runtime sample indices are in range for load_disturbance_fixed_nominal_observer/8/auxiliary_LSTM
PASS: estimator trace covers load_disturbance_fixed_nominal_observer test run 15
PASS: estimator trace sample seeds are numeric
PASS: estimator trace sample seeds are finite
PASS: estimator trace sample seeds are integers
PASS: each estimator trace run has contiguous sample indices
PASS: each estimator trace run uses the saved approximately 10 ms grid
PASS: load-transfer sample seeds are numeric
PASS: load-transfer sample seeds are finite
PASS: load-transfer sample seeds are integers
PASS: load_disturbance_fixed_nominal_observer/15/auxiliary_LSTM records one consistent failure marker
PASS: runtime sample indices are in range for load_disturbance_fixed_nominal_observer/15/auxiliary_LSTM
PASS: estimator trace covers load_disturbance_fixed_nominal_observer test run 17
PASS: estimator trace sample seeds are numeric
PASS: estimator trace sample seeds are finite
PASS: estimator trace sample seeds are integers
PASS: each estimator trace run has contiguous sample indices
PASS: each estimator trace run uses the saved approximately 10 ms grid
PASS: load-transfer sample seeds are numeric
PASS: load-transfer sample seeds are finite
PASS: load-transfer sample seeds are integers
PASS: load_disturbance_fixed_nominal_observer/17/auxiliary_LSTM records one consistent failure marker
PASS: runtime sample indices are in range for load_disturbance_fixed_nominal_observer/17/auxiliary_LSTM
PASS: estimator trace covers load_disturbance_fixed_nominal_observer test run 22
PASS: estimator trace sample seeds are numeric
PASS: estimator trace sample seeds are finite
PASS: estimator trace sample seeds are integers
PASS: each estimator trace run has contiguous sample indices
PASS: each estimator trace run uses the saved approximately 10 ms grid
PASS: load-transfer sample seeds are numeric
PASS: load-transfer sample seeds are finite
PASS: load-transfer sample seeds are integers
PASS: load_disturbance_fixed_nominal_observer/22/auxiliary_LSTM records one consistent failure marker
PASS: runtime sample indices are in range for load_disturbance_fixed_nominal_observer/22/auxiliary_LSTM
PASS: estimator trace covers load_disturbance_fixed_nominal_observer test run 25
PASS: estimator trace sample seeds are numeric
PASS: estimator trace sample seeds are finite
PASS: estimator trace sample seeds are integers
PASS: each estimator trace run has contiguous sample indices
PASS: each estimator trace run uses the saved approximately 10 ms grid
PASS: load-transfer sample seeds are numeric
PASS: load-transfer sample seeds are finite
PASS: load-transfer sample seeds are integers
PASS: load_disturbance_fixed_nominal_observer/25/auxiliary_LSTM records one consistent failure marker
PASS: runtime sample indices are in range for load_disturbance_fixed_nominal_observer/25/auxiliary_LSTM
PASS: estimator trace covers load_disturbance_fixed_nominal_observer test run 28
PASS: estimator trace sample seeds are numeric
PASS: estimator trace sample seeds are finite
PASS: estimator trace sample seeds are integers
PASS: each estimator trace run has contiguous sample indices
PASS: each estimator trace run uses the saved approximately 10 ms grid
PASS: load-transfer sample seeds are numeric
PASS: load-transfer sample seeds are finite
PASS: load-transfer sample seeds are integers
PASS: load_disturbance_fixed_nominal_observer/28/auxiliary_LSTM records one consistent failure marker
PASS: runtime sample indices are in range for load_disturbance_fixed_nominal_observer/28/auxiliary_LSTM
PASS: load_disturbance_fixed_nominal_observer/auxiliary_LSTM/high_current sample_count recomputes
PASS: load_disturbance_fixed_nominal_observer/auxiliary_LSTM/high_current trajectory_count recomputes
PASS: load_disturbance_fixed_nominal_observer/auxiliary_LSTM/high_current finite_sample_count recomputes
PASS: load_disturbance_fixed_nominal_observer/auxiliary_LSTM/high_current nonfinite_sample_count recomputes
PASS: load_disturbance_fixed_nominal_observer/auxiliary_LSTM/high_current finite_fraction recomputes
PASS: load_disturbance_fixed_nominal_observer/auxiliary_LSTM/high_current rmse_rad_s recomputes
PASS: load_disturbance_fixed_nominal_observer/auxiliary_LSTM/high_current mae_rad_s recomputes
PASS: load_disturbance_fixed_nominal_observer/auxiliary_LSTM/high_current bias_rad_s recomputes
PASS: load_disturbance_fixed_nominal_observer/auxiliary_LSTM/high_current numerical_failure_count recomputes
PASS: load_disturbance_fixed_nominal_observer/auxiliary_LSTM/high_current failure_run_count recomputes
PASS: load_disturbance_fixed_nominal_observer/auxiliary_LSTM/high_current runtime_sample_count recomputes
PASS: load_disturbance_fixed_nominal_observer/auxiliary_LSTM/high_current runtime_mean_us recomputes
PASS: load_disturbance_fixed_nominal_observer/auxiliary_LSTM/high_current runtime_p50_us recomputes
PASS: load_disturbance_fixed_nominal_observer/auxiliary_LSTM/high_current runtime_p95_us recomputes
PASS: load_disturbance_fixed_nominal_observer/auxiliary_LSTM/high_current runtime_p99_us recomputes
PASS: load_disturbance_fixed_nominal_observer/auxiliary_LSTM/high_current runtime_max_us recomputes
PASS: estimator trace covers load_disturbance_fixed_nominal_observer test run 8
PASS: estimator trace sample seeds are numeric
PASS: estimator trace sample seeds are finite
PASS: estimator trace sample seeds are integers
PASS: each estimator trace run has contiguous sample indices
PASS: each estimator trace run uses the saved approximately 10 ms grid
PASS: load-transfer sample seeds are numeric
PASS: load-transfer sample seeds are finite
PASS: load-transfer sample seeds are integers
PASS: load_disturbance_fixed_nominal_observer/8/EKF records one consistent failure marker
PASS: runtime sample indices are in range for load_disturbance_fixed_nominal_observer/8/EKF
PASS: estimator trace covers load_disturbance_fixed_nominal_observer test run 15
PASS: estimator trace sample seeds are numeric
PASS: estimator trace sample seeds are finite
PASS: estimator trace sample seeds are integers
PASS: each estimator trace run has contiguous sample indices
PASS: each estimator trace run uses the saved approximately 10 ms grid
PASS: load-transfer sample seeds are numeric
PASS: load-transfer sample seeds are finite
PASS: load-transfer sample seeds are integers
PASS: load_disturbance_fixed_nominal_observer/15/EKF records one consistent failure marker
PASS: runtime sample indices are in range for load_disturbance_fixed_nominal_observer/15/EKF
PASS: estimator trace covers load_disturbance_fixed_nominal_observer test run 17
PASS: estimator trace sample seeds are numeric
PASS: estimator trace sample seeds are finite
PASS: estimator trace sample seeds are integers
PASS: each estimator trace run has contiguous sample indices
PASS: each estimator trace run uses the saved approximately 10 ms grid
PASS: load-transfer sample seeds are numeric
PASS: load-transfer sample seeds are finite
PASS: load-transfer sample seeds are integers
PASS: load_disturbance_fixed_nominal_observer/17/EKF records one consistent failure marker
PASS: runtime sample indices are in range for load_disturbance_fixed_nominal_observer/17/EKF
PASS: estimator trace covers load_disturbance_fixed_nominal_observer test run 22
PASS: estimator trace sample seeds are numeric
PASS: estimator trace sample seeds are finite
PASS: estimator trace sample seeds are integers
PASS: each estimator trace run has contiguous sample indices
PASS: each estimator trace run uses the saved approximately 10 ms grid
PASS: load-transfer sample seeds are numeric
PASS: load-transfer sample seeds are finite
PASS: load-transfer sample seeds are integers
PASS: load_disturbance_fixed_nominal_observer/22/EKF records one consistent failure marker
PASS: runtime sample indices are in range for load_disturbance_fixed_nominal_observer/22/EKF
PASS: estimator trace covers load_disturbance_fixed_nominal_observer test run 25
PASS: estimator trace sample seeds are numeric
PASS: estimator trace sample seeds are finite
PASS: estimator trace sample seeds are integers
PASS: each estimator trace run has contiguous sample indices
PASS: each estimator trace run uses the saved approximately 10 ms grid
PASS: load-transfer sample seeds are numeric
PASS: load-transfer sample seeds are finite
PASS: load-transfer sample seeds are integers
PASS: load_disturbance_fixed_nominal_observer/25/EKF records one consistent failure marker
PASS: runtime sample indices are in range for load_disturbance_fixed_nominal_observer/25/EKF
PASS: estimator trace covers load_disturbance_fixed_nominal_observer test run 28
PASS: estimator trace sample seeds are numeric
PASS: estimator trace sample seeds are finite
PASS: estimator trace sample seeds are integers
PASS: each estimator trace run has contiguous sample indices
PASS: each estimator trace run uses the saved approximately 10 ms grid
PASS: load-transfer sample seeds are numeric
PASS: load-transfer sample seeds are finite
PASS: load-transfer sample seeds are integers
PASS: load_disturbance_fixed_nominal_observer/28/EKF records one consistent failure marker
PASS: runtime sample indices are in range for load_disturbance_fixed_nominal_observer/28/EKF
PASS: load_disturbance_fixed_nominal_observer/EKF/low_speed sample_count recomputes
PASS: load_disturbance_fixed_nominal_observer/EKF/low_speed trajectory_count recomputes
PASS: load_disturbance_fixed_nominal_observer/EKF/low_speed finite_sample_count recomputes
PASS: load_disturbance_fixed_nominal_observer/EKF/low_speed nonfinite_sample_count recomputes
PASS: load_disturbance_fixed_nominal_observer/EKF/low_speed finite_fraction recomputes
PASS: load_disturbance_fixed_nominal_observer/EKF/low_speed rmse_rad_s recomputes
PASS: load_disturbance_fixed_nominal_observer/EKF/low_speed mae_rad_s recomputes
PASS: load_disturbance_fixed_nominal_observer/EKF/low_speed bias_rad_s recomputes
PASS: load_disturbance_fixed_nominal_observer/EKF/low_speed numerical_failure_count recomputes
PASS: load_disturbance_fixed_nominal_observer/EKF/low_speed failure_run_count recomputes
PASS: load_disturbance_fixed_nominal_observer/EKF/low_speed runtime_sample_count recomputes
PASS: load_disturbance_fixed_nominal_observer/EKF/low_speed runtime_mean_us recomputes
PASS: load_disturbance_fixed_nominal_observer/EKF/low_speed runtime_p50_us recomputes
PASS: load_disturbance_fixed_nominal_observer/EKF/low_speed runtime_p95_us recomputes
PASS: load_disturbance_fixed_nominal_observer/EKF/low_speed runtime_p99_us recomputes
PASS: load_disturbance_fixed_nominal_observer/EKF/low_speed runtime_max_us recomputes
PASS: estimator trace covers load_disturbance_fixed_nominal_observer test run 8
PASS: estimator trace sample seeds are numeric
PASS: estimator trace sample seeds are finite
PASS: estimator trace sample seeds are integers
PASS: each estimator trace run has contiguous sample indices
PASS: each estimator trace run uses the saved approximately 10 ms grid
PASS: load-transfer sample seeds are numeric
PASS: load-transfer sample seeds are finite
PASS: load-transfer sample seeds are integers
PASS: load_disturbance_fixed_nominal_observer/8/auxiliary_LSTM records one consistent failure marker
PASS: runtime sample indices are in range for load_disturbance_fixed_nominal_observer/8/auxiliary_LSTM
PASS: estimator trace covers load_disturbance_fixed_nominal_observer test run 15
PASS: estimator trace sample seeds are numeric
PASS: estimator trace sample seeds are finite
PASS: estimator trace sample seeds are integers
PASS: each estimator trace run has contiguous sample indices
PASS: each estimator trace run uses the saved approximately 10 ms grid
PASS: load-transfer sample seeds are numeric
PASS: load-transfer sample seeds are finite
PASS: load-transfer sample seeds are integers
PASS: load_disturbance_fixed_nominal_observer/15/auxiliary_LSTM records one consistent failure marker
PASS: runtime sample indices are in range for load_disturbance_fixed_nominal_observer/15/auxiliary_LSTM
PASS: estimator trace covers load_disturbance_fixed_nominal_observer test run 17
PASS: estimator trace sample seeds are numeric
PASS: estimator trace sample seeds are finite
PASS: estimator trace sample seeds are integers
PASS: each estimator trace run has contiguous sample indices
PASS: each estimator trace run uses the saved approximately 10 ms grid
PASS: load-transfer sample seeds are numeric
PASS: load-transfer sample seeds are finite
PASS: load-transfer sample seeds are integers
PASS: load_disturbance_fixed_nominal_observer/17/auxiliary_LSTM records one consistent failure marker
PASS: runtime sample indices are in range for load_disturbance_fixed_nominal_observer/17/auxiliary_LSTM
PASS: estimator trace covers load_disturbance_fixed_nominal_observer test run 22
PASS: estimator trace sample seeds are numeric
PASS: estimator trace sample seeds are finite
PASS: estimator trace sample seeds are integers
PASS: each estimator trace run has contiguous sample indices
PASS: each estimator trace run uses the saved approximately 10 ms grid
PASS: load-transfer sample seeds are numeric
PASS: load-transfer sample seeds are finite
PASS: load-transfer sample seeds are integers
PASS: load_disturbance_fixed_nominal_observer/22/auxiliary_LSTM records one consistent failure marker
PASS: runtime sample indices are in range for load_disturbance_fixed_nominal_observer/22/auxiliary_LSTM
PASS: estimator trace covers load_disturbance_fixed_nominal_observer test run 25
PASS: estimator trace sample seeds are numeric
PASS: estimator trace sample seeds are finite
PASS: estimator trace sample seeds are integers
PASS: each estimator trace run has contiguous sample indices
PASS: each estimator trace run uses the saved approximately 10 ms grid
PASS: load-transfer sample seeds are numeric
PASS: load-transfer sample seeds are finite
PASS: load-transfer sample seeds are integers
PASS: load_disturbance_fixed_nominal_observer/25/auxiliary_LSTM records one consistent failure marker
PASS: runtime sample indices are in range for load_disturbance_fixed_nominal_observer/25/auxiliary_LSTM
PASS: estimator trace covers load_disturbance_fixed_nominal_observer test run 28
PASS: estimator trace sample seeds are numeric
PASS: estimator trace sample seeds are finite
PASS: estimator trace sample seeds are integers
PASS: each estimator trace run has contiguous sample indices
PASS: each estimator trace run uses the saved approximately 10 ms grid
PASS: load-transfer sample seeds are numeric
PASS: load-transfer sample seeds are finite
PASS: load-transfer sample seeds are integers
PASS: load_disturbance_fixed_nominal_observer/28/auxiliary_LSTM records one consistent failure marker
PASS: runtime sample indices are in range for load_disturbance_fixed_nominal_observer/28/auxiliary_LSTM
PASS: load_disturbance_fixed_nominal_observer/auxiliary_LSTM/low_speed sample_count recomputes
PASS: load_disturbance_fixed_nominal_observer/auxiliary_LSTM/low_speed trajectory_count recomputes
PASS: load_disturbance_fixed_nominal_observer/auxiliary_LSTM/low_speed finite_sample_count recomputes
PASS: load_disturbance_fixed_nominal_observer/auxiliary_LSTM/low_speed nonfinite_sample_count recomputes
PASS: load_disturbance_fixed_nominal_observer/auxiliary_LSTM/low_speed finite_fraction recomputes
PASS: load_disturbance_fixed_nominal_observer/auxiliary_LSTM/low_speed rmse_rad_s recomputes
PASS: load_disturbance_fixed_nominal_observer/auxiliary_LSTM/low_speed mae_rad_s recomputes
PASS: load_disturbance_fixed_nominal_observer/auxiliary_LSTM/low_speed bias_rad_s recomputes
PASS: load_disturbance_fixed_nominal_observer/auxiliary_LSTM/low_speed numerical_failure_count recomputes
PASS: load_disturbance_fixed_nominal_observer/auxiliary_LSTM/low_speed failure_run_count recomputes
PASS: load_disturbance_fixed_nominal_observer/auxiliary_LSTM/low_speed runtime_sample_count recomputes
PASS: load_disturbance_fixed_nominal_observer/auxiliary_LSTM/low_speed runtime_mean_us recomputes
PASS: load_disturbance_fixed_nominal_observer/auxiliary_LSTM/low_speed runtime_p50_us recomputes
PASS: load_disturbance_fixed_nominal_observer/auxiliary_LSTM/low_speed runtime_p95_us recomputes
PASS: load_disturbance_fixed_nominal_observer/auxiliary_LSTM/low_speed runtime_p99_us recomputes
PASS: load_disturbance_fixed_nominal_observer/auxiliary_LSTM/low_speed runtime_max_us recomputes
PASS: estimator trace covers load_disturbance_fixed_nominal_observer test run 8
PASS: estimator trace sample seeds are numeric
PASS: estimator trace sample seeds are finite
PASS: estimator trace sample seeds are integers
PASS: each estimator trace run has contiguous sample indices
PASS: each estimator trace run uses the saved approximately 10 ms grid
PASS: load-transfer sample seeds are numeric
PASS: load-transfer sample seeds are finite
PASS: load-transfer sample seeds are integers
PASS: load_disturbance_fixed_nominal_observer/8/EKF records one consistent failure marker
PASS: runtime sample indices are in range for load_disturbance_fixed_nominal_observer/8/EKF
PASS: estimator trace covers load_disturbance_fixed_nominal_observer test run 15
PASS: estimator trace sample seeds are numeric
PASS: estimator trace sample seeds are finite
PASS: estimator trace sample seeds are integers
PASS: each estimator trace run has contiguous sample indices
PASS: each estimator trace run uses the saved approximately 10 ms grid
PASS: load-transfer sample seeds are numeric
PASS: load-transfer sample seeds are finite
PASS: load-transfer sample seeds are integers
PASS: load_disturbance_fixed_nominal_observer/15/EKF records one consistent failure marker
PASS: runtime sample indices are in range for load_disturbance_fixed_nominal_observer/15/EKF
PASS: estimator trace covers load_disturbance_fixed_nominal_observer test run 17
PASS: estimator trace sample seeds are numeric
PASS: estimator trace sample seeds are finite
PASS: estimator trace sample seeds are integers
PASS: each estimator trace run has contiguous sample indices
PASS: each estimator trace run uses the saved approximately 10 ms grid
PASS: load-transfer sample seeds are numeric
PASS: load-transfer sample seeds are finite
PASS: load-transfer sample seeds are integers
PASS: load_disturbance_fixed_nominal_observer/17/EKF records one consistent failure marker
PASS: runtime sample indices are in range for load_disturbance_fixed_nominal_observer/17/EKF
PASS: estimator trace covers load_disturbance_fixed_nominal_observer test run 22
PASS: estimator trace sample seeds are numeric
PASS: estimator trace sample seeds are finite
PASS: estimator trace sample seeds are integers
PASS: each estimator trace run has contiguous sample indices
PASS: each estimator trace run uses the saved approximately 10 ms grid
PASS: load-transfer sample seeds are numeric
PASS: load-transfer sample seeds are finite
PASS: load-transfer sample seeds are integers
PASS: load_disturbance_fixed_nominal_observer/22/EKF records one consistent failure marker
PASS: runtime sample indices are in range for load_disturbance_fixed_nominal_observer/22/EKF
PASS: estimator trace covers load_disturbance_fixed_nominal_observer test run 25
PASS: estimator trace sample seeds are numeric
PASS: estimator trace sample seeds are finite
PASS: estimator trace sample seeds are integers
PASS: each estimator trace run has contiguous sample indices
PASS: each estimator trace run uses the saved approximately 10 ms grid
PASS: load-transfer sample seeds are numeric
PASS: load-transfer sample seeds are finite
PASS: load-transfer sample seeds are integers
PASS: load_disturbance_fixed_nominal_observer/25/EKF records one consistent failure marker
PASS: runtime sample indices are in range for load_disturbance_fixed_nominal_observer/25/EKF
PASS: estimator trace covers load_disturbance_fixed_nominal_observer test run 28
PASS: estimator trace sample seeds are numeric
PASS: estimator trace sample seeds are finite
PASS: estimator trace sample seeds are integers
PASS: each estimator trace run has contiguous sample indices
PASS: each estimator trace run uses the saved approximately 10 ms grid
PASS: load-transfer sample seeds are numeric
PASS: load-transfer sample seeds are finite
PASS: load-transfer sample seeds are integers
PASS: load_disturbance_fixed_nominal_observer/28/EKF records one consistent failure marker
PASS: runtime sample indices are in range for load_disturbance_fixed_nominal_observer/28/EKF
PASS: load_disturbance_fixed_nominal_observer/EKF/high_speed sample_count recomputes
PASS: load_disturbance_fixed_nominal_observer/EKF/high_speed trajectory_count recomputes
PASS: load_disturbance_fixed_nominal_observer/EKF/high_speed finite_sample_count recomputes
PASS: load_disturbance_fixed_nominal_observer/EKF/high_speed nonfinite_sample_count recomputes
PASS: load_disturbance_fixed_nominal_observer/EKF/high_speed finite_fraction recomputes
PASS: load_disturbance_fixed_nominal_observer/EKF/high_speed rmse_rad_s recomputes
PASS: load_disturbance_fixed_nominal_observer/EKF/high_speed mae_rad_s recomputes
PASS: load_disturbance_fixed_nominal_observer/EKF/high_speed bias_rad_s recomputes
PASS: load_disturbance_fixed_nominal_observer/EKF/high_speed numerical_failure_count recomputes
PASS: load_disturbance_fixed_nominal_observer/EKF/high_speed failure_run_count recomputes
PASS: load_disturbance_fixed_nominal_observer/EKF/high_speed runtime_sample_count recomputes
PASS: load_disturbance_fixed_nominal_observer/EKF/high_speed runtime_mean_us recomputes
PASS: load_disturbance_fixed_nominal_observer/EKF/high_speed runtime_p50_us recomputes
PASS: load_disturbance_fixed_nominal_observer/EKF/high_speed runtime_p95_us recomputes
PASS: load_disturbance_fixed_nominal_observer/EKF/high_speed runtime_p99_us recomputes
PASS: load_disturbance_fixed_nominal_observer/EKF/high_speed runtime_max_us recomputes
PASS: estimator trace covers load_disturbance_fixed_nominal_observer test run 8
PASS: estimator trace sample seeds are numeric
PASS: estimator trace sample seeds are finite
PASS: estimator trace sample seeds are integers
PASS: each estimator trace run has contiguous sample indices
PASS: each estimator trace run uses the saved approximately 10 ms grid
PASS: load-transfer sample seeds are numeric
PASS: load-transfer sample seeds are finite
PASS: load-transfer sample seeds are integers
PASS: load_disturbance_fixed_nominal_observer/8/auxiliary_LSTM records one consistent failure marker
PASS: runtime sample indices are in range for load_disturbance_fixed_nominal_observer/8/auxiliary_LSTM
PASS: estimator trace covers load_disturbance_fixed_nominal_observer test run 15
PASS: estimator trace sample seeds are numeric
PASS: estimator trace sample seeds are finite
PASS: estimator trace sample seeds are integers
PASS: each estimator trace run has contiguous sample indices
PASS: each estimator trace run uses the saved approximately 10 ms grid
PASS: load-transfer sample seeds are numeric
PASS: load-transfer sample seeds are finite
PASS: load-transfer sample seeds are integers
PASS: load_disturbance_fixed_nominal_observer/15/auxiliary_LSTM records one consistent failure marker
PASS: runtime sample indices are in range for load_disturbance_fixed_nominal_observer/15/auxiliary_LSTM
PASS: estimator trace covers load_disturbance_fixed_nominal_observer test run 17
PASS: estimator trace sample seeds are numeric
PASS: estimator trace sample seeds are finite
PASS: estimator trace sample seeds are integers
PASS: each estimator trace run has contiguous sample indices
PASS: each estimator trace run uses the saved approximately 10 ms grid
PASS: load-transfer sample seeds are numeric
PASS: load-transfer sample seeds are finite
PASS: load-transfer sample seeds are integers
PASS: load_disturbance_fixed_nominal_observer/17/auxiliary_LSTM records one consistent failure marker
PASS: runtime sample indices are in range for load_disturbance_fixed_nominal_observer/17/auxiliary_LSTM
PASS: estimator trace covers load_disturbance_fixed_nominal_observer test run 22
PASS: estimator trace sample seeds are numeric
PASS: estimator trace sample seeds are finite
PASS: estimator trace sample seeds are integers
PASS: each estimator trace run has contiguous sample indices
PASS: each estimator trace run uses the saved approximately 10 ms grid
PASS: load-transfer sample seeds are numeric
PASS: load-transfer sample seeds are finite
PASS: load-transfer sample seeds are integers
PASS: load_disturbance_fixed_nominal_observer/22/auxiliary_LSTM records one consistent failure marker
PASS: runtime sample indices are in range for load_disturbance_fixed_nominal_observer/22/auxiliary_LSTM
PASS: estimator trace covers load_disturbance_fixed_nominal_observer test run 25
PASS: estimator trace sample seeds are numeric
PASS: estimator trace sample seeds are finite
PASS: estimator trace sample seeds are integers
PASS: each estimator trace run has contiguous sample indices
PASS: each estimator trace run uses the saved approximately 10 ms grid
PASS: load-transfer sample seeds are numeric
PASS: load-transfer sample seeds are finite
PASS: load-transfer sample seeds are integers
PASS: load_disturbance_fixed_nominal_observer/25/auxiliary_LSTM records one consistent failure marker
PASS: runtime sample indices are in range for load_disturbance_fixed_nominal_observer/25/auxiliary_LSTM
PASS: estimator trace covers load_disturbance_fixed_nominal_observer test run 28
PASS: estimator trace sample seeds are numeric
PASS: estimator trace sample seeds are finite
PASS: estimator trace sample seeds are integers
PASS: each estimator trace run has contiguous sample indices
PASS: each estimator trace run uses the saved approximately 10 ms grid
PASS: load-transfer sample seeds are numeric
PASS: load-transfer sample seeds are finite
PASS: load-transfer sample seeds are integers
PASS: load_disturbance_fixed_nominal_observer/28/auxiliary_LSTM records one consistent failure marker
PASS: runtime sample indices are in range for load_disturbance_fixed_nominal_observer/28/auxiliary_LSTM
PASS: load_disturbance_fixed_nominal_observer/auxiliary_LSTM/high_speed sample_count recomputes
PASS: load_disturbance_fixed_nominal_observer/auxiliary_LSTM/high_speed trajectory_count recomputes
PASS: load_disturbance_fixed_nominal_observer/auxiliary_LSTM/high_speed finite_sample_count recomputes
PASS: load_disturbance_fixed_nominal_observer/auxiliary_LSTM/high_speed nonfinite_sample_count recomputes
PASS: load_disturbance_fixed_nominal_observer/auxiliary_LSTM/high_speed finite_fraction recomputes
PASS: load_disturbance_fixed_nominal_observer/auxiliary_LSTM/high_speed rmse_rad_s recomputes
PASS: load_disturbance_fixed_nominal_observer/auxiliary_LSTM/high_speed mae_rad_s recomputes
PASS: load_disturbance_fixed_nominal_observer/auxiliary_LSTM/high_speed bias_rad_s recomputes
PASS: load_disturbance_fixed_nominal_observer/auxiliary_LSTM/high_speed numerical_failure_count recomputes
PASS: load_disturbance_fixed_nominal_observer/auxiliary_LSTM/high_speed failure_run_count recomputes
PASS: load_disturbance_fixed_nominal_observer/auxiliary_LSTM/high_speed runtime_sample_count recomputes
PASS: load_disturbance_fixed_nominal_observer/auxiliary_LSTM/high_speed runtime_mean_us recomputes
PASS: load_disturbance_fixed_nominal_observer/auxiliary_LSTM/high_speed runtime_p50_us recomputes
PASS: load_disturbance_fixed_nominal_observer/auxiliary_LSTM/high_speed runtime_p95_us recomputes
PASS: load_disturbance_fixed_nominal_observer/auxiliary_LSTM/high_speed runtime_p99_us recomputes
PASS: load_disturbance_fixed_nominal_observer/auxiliary_LSTM/high_speed runtime_max_us recomputes
PASS: estimator trace covers load_disturbance_fixed_nominal_observer test run 8
PASS: estimator trace sample seeds are numeric
PASS: estimator trace sample seeds are finite
PASS: estimator trace sample seeds are integers
PASS: each estimator trace run has contiguous sample indices
PASS: each estimator trace run uses the saved approximately 10 ms grid
PASS: load-transfer sample seeds are numeric
PASS: load-transfer sample seeds are finite
PASS: load-transfer sample seeds are integers
PASS: load_disturbance_fixed_nominal_observer/8/EKF records one consistent failure marker
PASS: runtime sample indices are in range for load_disturbance_fixed_nominal_observer/8/EKF
PASS: estimator trace covers load_disturbance_fixed_nominal_observer test run 15
PASS: estimator trace sample seeds are numeric
PASS: estimator trace sample seeds are finite
PASS: estimator trace sample seeds are integers
PASS: each estimator trace run has contiguous sample indices
PASS: each estimator trace run uses the saved approximately 10 ms grid
PASS: load-transfer sample seeds are numeric
PASS: load-transfer sample seeds are finite
PASS: load-transfer sample seeds are integers
PASS: load_disturbance_fixed_nominal_observer/15/EKF records one consistent failure marker
PASS: runtime sample indices are in range for load_disturbance_fixed_nominal_observer/15/EKF
PASS: estimator trace covers load_disturbance_fixed_nominal_observer test run 17
PASS: estimator trace sample seeds are numeric
PASS: estimator trace sample seeds are finite
PASS: estimator trace sample seeds are integers
PASS: each estimator trace run has contiguous sample indices
PASS: each estimator trace run uses the saved approximately 10 ms grid
PASS: load-transfer sample seeds are numeric
PASS: load-transfer sample seeds are finite
PASS: load-transfer sample seeds are integers
PASS: load_disturbance_fixed_nominal_observer/17/EKF records one consistent failure marker
PASS: runtime sample indices are in range for load_disturbance_fixed_nominal_observer/17/EKF
PASS: estimator trace covers load_disturbance_fixed_nominal_observer test run 22
PASS: estimator trace sample seeds are numeric
PASS: estimator trace sample seeds are finite
PASS: estimator trace sample seeds are integers
PASS: each estimator trace run has contiguous sample indices
PASS: each estimator trace run uses the saved approximately 10 ms grid
PASS: load-transfer sample seeds are numeric
PASS: load-transfer sample seeds are finite
PASS: load-transfer sample seeds are integers
PASS: load_disturbance_fixed_nominal_observer/22/EKF records one consistent failure marker
PASS: runtime sample indices are in range for load_disturbance_fixed_nominal_observer/22/EKF
PASS: estimator trace covers load_disturbance_fixed_nominal_observer test run 25
PASS: estimator trace sample seeds are numeric
PASS: estimator trace sample seeds are finite
PASS: estimator trace sample seeds are integers
PASS: each estimator trace run has contiguous sample indices
PASS: each estimator trace run uses the saved approximately 10 ms grid
PASS: load-transfer sample seeds are numeric
PASS: load-transfer sample seeds are finite
PASS: load-transfer sample seeds are integers
PASS: load_disturbance_fixed_nominal_observer/25/EKF records one consistent failure marker
PASS: runtime sample indices are in range for load_disturbance_fixed_nominal_observer/25/EKF
PASS: estimator trace covers load_disturbance_fixed_nominal_observer test run 28
PASS: estimator trace sample seeds are numeric
PASS: estimator trace sample seeds are finite
PASS: estimator trace sample seeds are integers
PASS: each estimator trace run has contiguous sample indices
PASS: each estimator trace run uses the saved approximately 10 ms grid
PASS: load-transfer sample seeds are numeric
PASS: load-transfer sample seeds are finite
PASS: load-transfer sample seeds are integers
PASS: load_disturbance_fixed_nominal_observer/28/EKF records one consistent failure marker
PASS: runtime sample indices are in range for load_disturbance_fixed_nominal_observer/28/EKF
PASS: load_disturbance_fixed_nominal_observer/EKF/low_acceleration sample_count recomputes
PASS: load_disturbance_fixed_nominal_observer/EKF/low_acceleration trajectory_count recomputes
PASS: load_disturbance_fixed_nominal_observer/EKF/low_acceleration finite_sample_count recomputes
PASS: load_disturbance_fixed_nominal_observer/EKF/low_acceleration nonfinite_sample_count recomputes
PASS: load_disturbance_fixed_nominal_observer/EKF/low_acceleration finite_fraction recomputes
PASS: load_disturbance_fixed_nominal_observer/EKF/low_acceleration rmse_rad_s recomputes
PASS: load_disturbance_fixed_nominal_observer/EKF/low_acceleration mae_rad_s recomputes
PASS: load_disturbance_fixed_nominal_observer/EKF/low_acceleration bias_rad_s recomputes
PASS: load_disturbance_fixed_nominal_observer/EKF/low_acceleration numerical_failure_count recomputes
PASS: load_disturbance_fixed_nominal_observer/EKF/low_acceleration failure_run_count recomputes
PASS: load_disturbance_fixed_nominal_observer/EKF/low_acceleration runtime_sample_count recomputes
PASS: load_disturbance_fixed_nominal_observer/EKF/low_acceleration runtime_mean_us recomputes
PASS: load_disturbance_fixed_nominal_observer/EKF/low_acceleration runtime_p50_us recomputes
PASS: load_disturbance_fixed_nominal_observer/EKF/low_acceleration runtime_p95_us recomputes
PASS: load_disturbance_fixed_nominal_observer/EKF/low_acceleration runtime_p99_us recomputes
PASS: load_disturbance_fixed_nominal_observer/EKF/low_acceleration runtime_max_us recomputes
PASS: estimator trace covers load_disturbance_fixed_nominal_observer test run 8
PASS: estimator trace sample seeds are numeric
PASS: estimator trace sample seeds are finite
PASS: estimator trace sample seeds are integers
PASS: each estimator trace run has contiguous sample indices
PASS: each estimator trace run uses the saved approximately 10 ms grid
PASS: load-transfer sample seeds are numeric
PASS: load-transfer sample seeds are finite
PASS: load-transfer sample seeds are integers
PASS: load_disturbance_fixed_nominal_observer/8/auxiliary_LSTM records one consistent failure marker
PASS: runtime sample indices are in range for load_disturbance_fixed_nominal_observer/8/auxiliary_LSTM
PASS: estimator trace covers load_disturbance_fixed_nominal_observer test run 15
PASS: estimator trace sample seeds are numeric
PASS: estimator trace sample seeds are finite
PASS: estimator trace sample seeds are integers
PASS: each estimator trace run has contiguous sample indices
PASS: each estimator trace run uses the saved approximately 10 ms grid
PASS: load-transfer sample seeds are numeric
PASS: load-transfer sample seeds are finite
PASS: load-transfer sample seeds are integers
PASS: load_disturbance_fixed_nominal_observer/15/auxiliary_LSTM records one consistent failure marker
PASS: runtime sample indices are in range for load_disturbance_fixed_nominal_observer/15/auxiliary_LSTM
PASS: estimator trace covers load_disturbance_fixed_nominal_observer test run 17
PASS: estimator trace sample seeds are numeric
PASS: estimator trace sample seeds are finite
PASS: estimator trace sample seeds are integers
PASS: each estimator trace run has contiguous sample indices
PASS: each estimator trace run uses the saved approximately 10 ms grid
PASS: load-transfer sample seeds are numeric
PASS: load-transfer sample seeds are finite
PASS: load-transfer sample seeds are integers
PASS: load_disturbance_fixed_nominal_observer/17/auxiliary_LSTM records one consistent failure marker
PASS: runtime sample indices are in range for load_disturbance_fixed_nominal_observer/17/auxiliary_LSTM
PASS: estimator trace covers load_disturbance_fixed_nominal_observer test run 22
PASS: estimator trace sample seeds are numeric
PASS: estimator trace sample seeds are finite
PASS: estimator trace sample seeds are integers
PASS: each estimator trace run has contiguous sample indices
PASS: each estimator trace run uses the saved approximately 10 ms grid
PASS: load-transfer sample seeds are numeric
PASS: load-transfer sample seeds are finite
PASS: load-transfer sample seeds are integers
PASS: load_disturbance_fixed_nominal_observer/22/auxiliary_LSTM records one consistent failure marker
PASS: runtime sample indices are in range for load_disturbance_fixed_nominal_observer/22/auxiliary_LSTM
PASS: estimator trace covers load_disturbance_fixed_nominal_observer test run 25
PASS: estimator trace sample seeds are numeric
PASS: estimator trace sample seeds are finite
PASS: estimator trace sample seeds are integers
PASS: each estimator trace run has contiguous sample indices
PASS: each estimator trace run uses the saved approximately 10 ms grid
PASS: load-transfer sample seeds are numeric
PASS: load-transfer sample seeds are finite
PASS: load-transfer sample seeds are integers
PASS: load_disturbance_fixed_nominal_observer/25/auxiliary_LSTM records one consistent failure marker
PASS: runtime sample indices are in range for load_disturbance_fixed_nominal_observer/25/auxiliary_LSTM
PASS: estimator trace covers load_disturbance_fixed_nominal_observer test run 28
PASS: estimator trace sample seeds are numeric
PASS: estimator trace sample seeds are finite
PASS: estimator trace sample seeds are integers
PASS: each estimator trace run has contiguous sample indices
PASS: each estimator trace run uses the saved approximately 10 ms grid
PASS: load-transfer sample seeds are numeric
PASS: load-transfer sample seeds are finite
PASS: load-transfer sample seeds are integers
PASS: load_disturbance_fixed_nominal_observer/28/auxiliary_LSTM records one consistent failure marker
PASS: runtime sample indices are in range for load_disturbance_fixed_nominal_observer/28/auxiliary_LSTM
PASS: load_disturbance_fixed_nominal_observer/auxiliary_LSTM/low_acceleration sample_count recomputes
PASS: load_disturbance_fixed_nominal_observer/auxiliary_LSTM/low_acceleration trajectory_count recomputes
PASS: load_disturbance_fixed_nominal_observer/auxiliary_LSTM/low_acceleration finite_sample_count recomputes
PASS: load_disturbance_fixed_nominal_observer/auxiliary_LSTM/low_acceleration nonfinite_sample_count recomputes
PASS: load_disturbance_fixed_nominal_observer/auxiliary_LSTM/low_acceleration finite_fraction recomputes
PASS: load_disturbance_fixed_nominal_observer/auxiliary_LSTM/low_acceleration rmse_rad_s recomputes
PASS: load_disturbance_fixed_nominal_observer/auxiliary_LSTM/low_acceleration mae_rad_s recomputes
PASS: load_disturbance_fixed_nominal_observer/auxiliary_LSTM/low_acceleration bias_rad_s recomputes
PASS: load_disturbance_fixed_nominal_observer/auxiliary_LSTM/low_acceleration numerical_failure_count recomputes
PASS: load_disturbance_fixed_nominal_observer/auxiliary_LSTM/low_acceleration failure_run_count recomputes
PASS: load_disturbance_fixed_nominal_observer/auxiliary_LSTM/low_acceleration runtime_sample_count recomputes
PASS: load_disturbance_fixed_nominal_observer/auxiliary_LSTM/low_acceleration runtime_mean_us recomputes
PASS: load_disturbance_fixed_nominal_observer/auxiliary_LSTM/low_acceleration runtime_p50_us recomputes
PASS: load_disturbance_fixed_nominal_observer/auxiliary_LSTM/low_acceleration runtime_p95_us recomputes
PASS: load_disturbance_fixed_nominal_observer/auxiliary_LSTM/low_acceleration runtime_p99_us recomputes
PASS: load_disturbance_fixed_nominal_observer/auxiliary_LSTM/low_acceleration runtime_max_us recomputes
PASS: estimator trace covers load_disturbance_fixed_nominal_observer test run 8
PASS: estimator trace sample seeds are numeric
PASS: estimator trace sample seeds are finite
PASS: estimator trace sample seeds are integers
PASS: each estimator trace run has contiguous sample indices
PASS: each estimator trace run uses the saved approximately 10 ms grid
PASS: load-transfer sample seeds are numeric
PASS: load-transfer sample seeds are finite
PASS: load-transfer sample seeds are integers
PASS: load_disturbance_fixed_nominal_observer/8/EKF records one consistent failure marker
PASS: runtime sample indices are in range for load_disturbance_fixed_nominal_observer/8/EKF
PASS: estimator trace covers load_disturbance_fixed_nominal_observer test run 15
PASS: estimator trace sample seeds are numeric
PASS: estimator trace sample seeds are finite
PASS: estimator trace sample seeds are integers
PASS: each estimator trace run has contiguous sample indices
PASS: each estimator trace run uses the saved approximately 10 ms grid
PASS: load-transfer sample seeds are numeric
PASS: load-transfer sample seeds are finite
PASS: load-transfer sample seeds are integers
PASS: load_disturbance_fixed_nominal_observer/15/EKF records one consistent failure marker
PASS: runtime sample indices are in range for load_disturbance_fixed_nominal_observer/15/EKF
PASS: estimator trace covers load_disturbance_fixed_nominal_observer test run 17
PASS: estimator trace sample seeds are numeric
PASS: estimator trace sample seeds are finite
PASS: estimator trace sample seeds are integers
PASS: each estimator trace run has contiguous sample indices
PASS: each estimator trace run uses the saved approximately 10 ms grid
PASS: load-transfer sample seeds are numeric
PASS: load-transfer sample seeds are finite
PASS: load-transfer sample seeds are integers
PASS: load_disturbance_fixed_nominal_observer/17/EKF records one consistent failure marker
PASS: runtime sample indices are in range for load_disturbance_fixed_nominal_observer/17/EKF
PASS: estimator trace covers load_disturbance_fixed_nominal_observer test run 22
PASS: estimator trace sample seeds are numeric
PASS: estimator trace sample seeds are finite
PASS: estimator trace sample seeds are integers
PASS: each estimator trace run has contiguous sample indices
PASS: each estimator trace run uses the saved approximately 10 ms grid
PASS: load-transfer sample seeds are numeric
PASS: load-transfer sample seeds are finite
PASS: load-transfer sample seeds are integers
PASS: load_disturbance_fixed_nominal_observer/22/EKF records one consistent failure marker
PASS: runtime sample indices are in range for load_disturbance_fixed_nominal_observer/22/EKF
PASS: estimator trace covers load_disturbance_fixed_nominal_observer test run 25
PASS: estimator trace sample seeds are numeric
PASS: estimator trace sample seeds are finite
PASS: estimator trace sample seeds are integers
PASS: each estimator trace run has contiguous sample indices
PASS: each estimator trace run uses the saved approximately 10 ms grid
PASS: load-transfer sample seeds are numeric
PASS: load-transfer sample seeds are finite
PASS: load-transfer sample seeds are integers
PASS: load_disturbance_fixed_nominal_observer/25/EKF records one consistent failure marker
PASS: runtime sample indices are in range for load_disturbance_fixed_nominal_observer/25/EKF
PASS: estimator trace covers load_disturbance_fixed_nominal_observer test run 28
PASS: estimator trace sample seeds are numeric
PASS: estimator trace sample seeds are finite
PASS: estimator trace sample seeds are integers
PASS: each estimator trace run has contiguous sample indices
PASS: each estimator trace run uses the saved approximately 10 ms grid
PASS: load-transfer sample seeds are numeric
PASS: load-transfer sample seeds are finite
PASS: load-transfer sample seeds are integers
PASS: load_disturbance_fixed_nominal_observer/28/EKF records one consistent failure marker
PASS: runtime sample indices are in range for load_disturbance_fixed_nominal_observer/28/EKF
PASS: load_disturbance_fixed_nominal_observer/EKF/high_acceleration sample_count recomputes
PASS: load_disturbance_fixed_nominal_observer/EKF/high_acceleration trajectory_count recomputes
PASS: load_disturbance_fixed_nominal_observer/EKF/high_acceleration finite_sample_count recomputes
PASS: load_disturbance_fixed_nominal_observer/EKF/high_acceleration nonfinite_sample_count recomputes
PASS: load_disturbance_fixed_nominal_observer/EKF/high_acceleration finite_fraction recomputes
PASS: load_disturbance_fixed_nominal_observer/EKF/high_acceleration rmse_rad_s recomputes
PASS: load_disturbance_fixed_nominal_observer/EKF/high_acceleration mae_rad_s recomputes
PASS: load_disturbance_fixed_nominal_observer/EKF/high_acceleration bias_rad_s recomputes
PASS: load_disturbance_fixed_nominal_observer/EKF/high_acceleration numerical_failure_count recomputes
PASS: load_disturbance_fixed_nominal_observer/EKF/high_acceleration failure_run_count recomputes
PASS: load_disturbance_fixed_nominal_observer/EKF/high_acceleration runtime_sample_count recomputes
PASS: load_disturbance_fixed_nominal_observer/EKF/high_acceleration runtime_mean_us recomputes
PASS: load_disturbance_fixed_nominal_observer/EKF/high_acceleration runtime_p50_us recomputes
PASS: load_disturbance_fixed_nominal_observer/EKF/high_acceleration runtime_p95_us recomputes
PASS: load_disturbance_fixed_nominal_observer/EKF/high_acceleration runtime_p99_us recomputes
PASS: load_disturbance_fixed_nominal_observer/EKF/high_acceleration runtime_max_us recomputes
PASS: estimator trace covers load_disturbance_fixed_nominal_observer test run 8
PASS: estimator trace sample seeds are numeric
PASS: estimator trace sample seeds are finite
PASS: estimator trace sample seeds are integers
PASS: each estimator trace run has contiguous sample indices
PASS: each estimator trace run uses the saved approximately 10 ms grid
PASS: load-transfer sample seeds are numeric
PASS: load-transfer sample seeds are finite
PASS: load-transfer sample seeds are integers
PASS: load_disturbance_fixed_nominal_observer/8/auxiliary_LSTM records one consistent failure marker
PASS: runtime sample indices are in range for load_disturbance_fixed_nominal_observer/8/auxiliary_LSTM
PASS: estimator trace covers load_disturbance_fixed_nominal_observer test run 15
PASS: estimator trace sample seeds are numeric
PASS: estimator trace sample seeds are finite
PASS: estimator trace sample seeds are integers
PASS: each estimator trace run has contiguous sample indices
PASS: each estimator trace run uses the saved approximately 10 ms grid
PASS: load-transfer sample seeds are numeric
PASS: load-transfer sample seeds are finite
PASS: load-transfer sample seeds are integers
PASS: load_disturbance_fixed_nominal_observer/15/auxiliary_LSTM records one consistent failure marker
PASS: runtime sample indices are in range for load_disturbance_fixed_nominal_observer/15/auxiliary_LSTM
PASS: estimator trace covers load_disturbance_fixed_nominal_observer test run 17
PASS: estimator trace sample seeds are numeric
PASS: estimator trace sample seeds are finite
PASS: estimator trace sample seeds are integers
PASS: each estimator trace run has contiguous sample indices
PASS: each estimator trace run uses the saved approximately 10 ms grid
PASS: load-transfer sample seeds are numeric
PASS: load-transfer sample seeds are finite
PASS: load-transfer sample seeds are integers
PASS: load_disturbance_fixed_nominal_observer/17/auxiliary_LSTM records one consistent failure marker
PASS: runtime sample indices are in range for load_disturbance_fixed_nominal_observer/17/auxiliary_LSTM
PASS: estimator trace covers load_disturbance_fixed_nominal_observer test run 22
PASS: estimator trace sample seeds are numeric
PASS: estimator trace sample seeds are finite
PASS: estimator trace sample seeds are integers
PASS: each estimator trace run has contiguous sample indices
PASS: each estimator trace run uses the saved approximately 10 ms grid
PASS: load-transfer sample seeds are numeric
PASS: load-transfer sample seeds are finite
PASS: load-transfer sample seeds are integers
PASS: load_disturbance_fixed_nominal_observer/22/auxiliary_LSTM records one consistent failure marker
PASS: runtime sample indices are in range for load_disturbance_fixed_nominal_observer/22/auxiliary_LSTM
PASS: estimator trace covers load_disturbance_fixed_nominal_observer test run 25
PASS: estimator trace sample seeds are numeric
PASS: estimator trace sample seeds are finite
PASS: estimator trace sample seeds are integers
PASS: each estimator trace run has contiguous sample indices
PASS: each estimator trace run uses the saved approximately 10 ms grid
PASS: load-transfer sample seeds are numeric
PASS: load-transfer sample seeds are finite
PASS: load-transfer sample seeds are integers
PASS: load_disturbance_fixed_nominal_observer/25/auxiliary_LSTM records one consistent failure marker
PASS: runtime sample indices are in range for load_disturbance_fixed_nominal_observer/25/auxiliary_LSTM
PASS: estimator trace covers load_disturbance_fixed_nominal_observer test run 28
PASS: estimator trace sample seeds are numeric
PASS: estimator trace sample seeds are finite
PASS: estimator trace sample seeds are integers
PASS: each estimator trace run has contiguous sample indices
PASS: each estimator trace run uses the saved approximately 10 ms grid
PASS: load-transfer sample seeds are numeric
PASS: load-transfer sample seeds are finite
PASS: load-transfer sample seeds are integers
PASS: load_disturbance_fixed_nominal_observer/28/auxiliary_LSTM records one consistent failure marker
PASS: runtime sample indices are in range for load_disturbance_fixed_nominal_observer/28/auxiliary_LSTM
PASS: load_disturbance_fixed_nominal_observer/auxiliary_LSTM/high_acceleration sample_count recomputes
PASS: load_disturbance_fixed_nominal_observer/auxiliary_LSTM/high_acceleration trajectory_count recomputes
PASS: load_disturbance_fixed_nominal_observer/auxiliary_LSTM/high_acceleration finite_sample_count recomputes
PASS: load_disturbance_fixed_nominal_observer/auxiliary_LSTM/high_acceleration nonfinite_sample_count recomputes
PASS: load_disturbance_fixed_nominal_observer/auxiliary_LSTM/high_acceleration finite_fraction recomputes
PASS: load_disturbance_fixed_nominal_observer/auxiliary_LSTM/high_acceleration rmse_rad_s recomputes
PASS: load_disturbance_fixed_nominal_observer/auxiliary_LSTM/high_acceleration mae_rad_s recomputes
PASS: load_disturbance_fixed_nominal_observer/auxiliary_LSTM/high_acceleration bias_rad_s recomputes
PASS: load_disturbance_fixed_nominal_observer/auxiliary_LSTM/high_acceleration numerical_failure_count recomputes
PASS: load_disturbance_fixed_nominal_observer/auxiliary_LSTM/high_acceleration failure_run_count recomputes
PASS: load_disturbance_fixed_nominal_observer/auxiliary_LSTM/high_acceleration runtime_sample_count recomputes
PASS: load_disturbance_fixed_nominal_observer/auxiliary_LSTM/high_acceleration runtime_mean_us recomputes
PASS: load_disturbance_fixed_nominal_observer/auxiliary_LSTM/high_acceleration runtime_p50_us recomputes
PASS: load_disturbance_fixed_nominal_observer/auxiliary_LSTM/high_acceleration runtime_p95_us recomputes
PASS: load_disturbance_fixed_nominal_observer/auxiliary_LSTM/high_acceleration runtime_p99_us recomputes
PASS: load_disturbance_fixed_nominal_observer/auxiliary_LSTM/high_acceleration runtime_max_us recomputes
PASS: estimator trace covers load_disturbance_fixed_nominal_observer test run 8
PASS: estimator trace sample seeds are numeric
PASS: estimator trace sample seeds are finite
PASS: estimator trace sample seeds are integers
PASS: each estimator trace run has contiguous sample indices
PASS: each estimator trace run uses the saved approximately 10 ms grid
PASS: load-transfer sample seeds are numeric
PASS: load-transfer sample seeds are finite
PASS: load-transfer sample seeds are integers
PASS: load_disturbance_fixed_nominal_observer/8/EKF records one consistent failure marker
PASS: runtime sample indices are in range for load_disturbance_fixed_nominal_observer/8/EKF
PASS: estimator trace covers load_disturbance_fixed_nominal_observer test run 15
PASS: estimator trace sample seeds are numeric
PASS: estimator trace sample seeds are finite
PASS: estimator trace sample seeds are integers
PASS: each estimator trace run has contiguous sample indices
PASS: each estimator trace run uses the saved approximately 10 ms grid
PASS: load-transfer sample seeds are numeric
PASS: load-transfer sample seeds are finite
PASS: load-transfer sample seeds are integers
PASS: load_disturbance_fixed_nominal_observer/15/EKF records one consistent failure marker
PASS: runtime sample indices are in range for load_disturbance_fixed_nominal_observer/15/EKF
PASS: estimator trace covers load_disturbance_fixed_nominal_observer test run 17
PASS: estimator trace sample seeds are numeric
PASS: estimator trace sample seeds are finite
PASS: estimator trace sample seeds are integers
PASS: each estimator trace run has contiguous sample indices
PASS: each estimator trace run uses the saved approximately 10 ms grid
PASS: load-transfer sample seeds are numeric
PASS: load-transfer sample seeds are finite
PASS: load-transfer sample seeds are integers
PASS: load_disturbance_fixed_nominal_observer/17/EKF records one consistent failure marker
PASS: runtime sample indices are in range for load_disturbance_fixed_nominal_observer/17/EKF
PASS: estimator trace covers load_disturbance_fixed_nominal_observer test run 22
PASS: estimator trace sample seeds are numeric
PASS: estimator trace sample seeds are finite
PASS: estimator trace sample seeds are integers
PASS: each estimator trace run has contiguous sample indices
PASS: each estimator trace run uses the saved approximately 10 ms grid
PASS: load-transfer sample seeds are numeric
PASS: load-transfer sample seeds are finite
PASS: load-transfer sample seeds are integers
PASS: load_disturbance_fixed_nominal_observer/22/EKF records one consistent failure marker
PASS: runtime sample indices are in range for load_disturbance_fixed_nominal_observer/22/EKF
PASS: estimator trace covers load_disturbance_fixed_nominal_observer test run 25
PASS: estimator trace sample seeds are numeric
PASS: estimator trace sample seeds are finite
PASS: estimator trace sample seeds are integers
PASS: each estimator trace run has contiguous sample indices
PASS: each estimator trace run uses the saved approximately 10 ms grid
PASS: load-transfer sample seeds are numeric
PASS: load-transfer sample seeds are finite
PASS: load-transfer sample seeds are integers
PASS: load_disturbance_fixed_nominal_observer/25/EKF records one consistent failure marker
PASS: runtime sample indices are in range for load_disturbance_fixed_nominal_observer/25/EKF
PASS: estimator trace covers load_disturbance_fixed_nominal_observer test run 28
PASS: estimator trace sample seeds are numeric
PASS: estimator trace sample seeds are finite
PASS: estimator trace sample seeds are integers
PASS: each estimator trace run has contiguous sample indices
PASS: each estimator trace run uses the saved approximately 10 ms grid
PASS: load-transfer sample seeds are numeric
PASS: load-transfer sample seeds are finite
PASS: load-transfer sample seeds are integers
PASS: load_disturbance_fixed_nominal_observer/28/EKF records one consistent failure marker
PASS: runtime sample indices are in range for load_disturbance_fixed_nominal_observer/28/EKF
PASS: load_disturbance_fixed_nominal_observer/EKF/voltage_saturation sample_count recomputes
PASS: load_disturbance_fixed_nominal_observer/EKF/voltage_saturation trajectory_count recomputes
PASS: load_disturbance_fixed_nominal_observer/EKF/voltage_saturation finite_sample_count recomputes
PASS: load_disturbance_fixed_nominal_observer/EKF/voltage_saturation nonfinite_sample_count recomputes
PASS: load_disturbance_fixed_nominal_observer/EKF/voltage_saturation finite_fraction recomputes
PASS: load_disturbance_fixed_nominal_observer/EKF/voltage_saturation rmse_rad_s recomputes
PASS: load_disturbance_fixed_nominal_observer/EKF/voltage_saturation mae_rad_s recomputes
PASS: load_disturbance_fixed_nominal_observer/EKF/voltage_saturation bias_rad_s recomputes
PASS: load_disturbance_fixed_nominal_observer/EKF/voltage_saturation numerical_failure_count recomputes
PASS: load_disturbance_fixed_nominal_observer/EKF/voltage_saturation failure_run_count recomputes
PASS: load_disturbance_fixed_nominal_observer/EKF/voltage_saturation runtime_sample_count recomputes
PASS: load_disturbance_fixed_nominal_observer/EKF/voltage_saturation runtime_mean_us recomputes
PASS: load_disturbance_fixed_nominal_observer/EKF/voltage_saturation runtime_p50_us recomputes
PASS: load_disturbance_fixed_nominal_observer/EKF/voltage_saturation runtime_p95_us recomputes
PASS: load_disturbance_fixed_nominal_observer/EKF/voltage_saturation runtime_p99_us recomputes
PASS: load_disturbance_fixed_nominal_observer/EKF/voltage_saturation runtime_max_us recomputes
PASS: estimator trace covers load_disturbance_fixed_nominal_observer test run 8
PASS: estimator trace sample seeds are numeric
PASS: estimator trace sample seeds are finite
PASS: estimator trace sample seeds are integers
PASS: each estimator trace run has contiguous sample indices
PASS: each estimator trace run uses the saved approximately 10 ms grid
PASS: load-transfer sample seeds are numeric
PASS: load-transfer sample seeds are finite
PASS: load-transfer sample seeds are integers
PASS: load_disturbance_fixed_nominal_observer/8/auxiliary_LSTM records one consistent failure marker
PASS: runtime sample indices are in range for load_disturbance_fixed_nominal_observer/8/auxiliary_LSTM
PASS: estimator trace covers load_disturbance_fixed_nominal_observer test run 15
PASS: estimator trace sample seeds are numeric
PASS: estimator trace sample seeds are finite
PASS: estimator trace sample seeds are integers
PASS: each estimator trace run has contiguous sample indices
PASS: each estimator trace run uses the saved approximately 10 ms grid
PASS: load-transfer sample seeds are numeric
PASS: load-transfer sample seeds are finite
PASS: load-transfer sample seeds are integers
PASS: load_disturbance_fixed_nominal_observer/15/auxiliary_LSTM records one consistent failure marker
PASS: runtime sample indices are in range for load_disturbance_fixed_nominal_observer/15/auxiliary_LSTM
PASS: estimator trace covers load_disturbance_fixed_nominal_observer test run 17
PASS: estimator trace sample seeds are numeric
PASS: estimator trace sample seeds are finite
PASS: estimator trace sample seeds are integers
PASS: each estimator trace run has contiguous sample indices
PASS: each estimator trace run uses the saved approximately 10 ms grid
PASS: load-transfer sample seeds are numeric
PASS: load-transfer sample seeds are finite
PASS: load-transfer sample seeds are integers
PASS: load_disturbance_fixed_nominal_observer/17/auxiliary_LSTM records one consistent failure marker
PASS: runtime sample indices are in range for load_disturbance_fixed_nominal_observer/17/auxiliary_LSTM
PASS: estimator trace covers load_disturbance_fixed_nominal_observer test run 22
PASS: estimator trace sample seeds are numeric
PASS: estimator trace sample seeds are finite
PASS: estimator trace sample seeds are integers
PASS: each estimator trace run has contiguous sample indices
PASS: each estimator trace run uses the saved approximately 10 ms grid
PASS: load-transfer sample seeds are numeric
PASS: load-transfer sample seeds are finite
PASS: load-transfer sample seeds are integers
PASS: load_disturbance_fixed_nominal_observer/22/auxiliary_LSTM records one consistent failure marker
PASS: runtime sample indices are in range for load_disturbance_fixed_nominal_observer/22/auxiliary_LSTM
PASS: estimator trace covers load_disturbance_fixed_nominal_observer test run 25
PASS: estimator trace sample seeds are numeric
PASS: estimator trace sample seeds are finite
PASS: estimator trace sample seeds are integers
PASS: each estimator trace run has contiguous sample indices
PASS: each estimator trace run uses the saved approximately 10 ms grid
PASS: load-transfer sample seeds are numeric
PASS: load-transfer sample seeds are finite
PASS: load-transfer sample seeds are integers
PASS: load_disturbance_fixed_nominal_observer/25/auxiliary_LSTM records one consistent failure marker
PASS: runtime sample indices are in range for load_disturbance_fixed_nominal_observer/25/auxiliary_LSTM
PASS: estimator trace covers load_disturbance_fixed_nominal_observer test run 28
PASS: estimator trace sample seeds are numeric
PASS: estimator trace sample seeds are finite
PASS: estimator trace sample seeds are integers
PASS: each estimator trace run has contiguous sample indices
PASS: each estimator trace run uses the saved approximately 10 ms grid
PASS: load-transfer sample seeds are numeric
PASS: load-transfer sample seeds are finite
PASS: load-transfer sample seeds are integers
PASS: load_disturbance_fixed_nominal_observer/28/auxiliary_LSTM records one consistent failure marker
PASS: runtime sample indices are in range for load_disturbance_fixed_nominal_observer/28/auxiliary_LSTM
PASS: load_disturbance_fixed_nominal_observer/auxiliary_LSTM/voltage_saturation sample_count recomputes
PASS: load_disturbance_fixed_nominal_observer/auxiliary_LSTM/voltage_saturation trajectory_count recomputes
PASS: load_disturbance_fixed_nominal_observer/auxiliary_LSTM/voltage_saturation finite_sample_count recomputes
PASS: load_disturbance_fixed_nominal_observer/auxiliary_LSTM/voltage_saturation nonfinite_sample_count recomputes
PASS: load_disturbance_fixed_nominal_observer/auxiliary_LSTM/voltage_saturation finite_fraction recomputes
PASS: load_disturbance_fixed_nominal_observer/auxiliary_LSTM/voltage_saturation rmse_rad_s recomputes
PASS: load_disturbance_fixed_nominal_observer/auxiliary_LSTM/voltage_saturation mae_rad_s recomputes
PASS: load_disturbance_fixed_nominal_observer/auxiliary_LSTM/voltage_saturation bias_rad_s recomputes
PASS: load_disturbance_fixed_nominal_observer/auxiliary_LSTM/voltage_saturation numerical_failure_count recomputes
PASS: load_disturbance_fixed_nominal_observer/auxiliary_LSTM/voltage_saturation failure_run_count recomputes
PASS: load_disturbance_fixed_nominal_observer/auxiliary_LSTM/voltage_saturation runtime_sample_count recomputes
PASS: load_disturbance_fixed_nominal_observer/auxiliary_LSTM/voltage_saturation runtime_mean_us recomputes
PASS: load_disturbance_fixed_nominal_observer/auxiliary_LSTM/voltage_saturation runtime_p50_us recomputes
PASS: load_disturbance_fixed_nominal_observer/auxiliary_LSTM/voltage_saturation runtime_p95_us recomputes
PASS: load_disturbance_fixed_nominal_observer/auxiliary_LSTM/voltage_saturation runtime_p99_us recomputes
PASS: load_disturbance_fixed_nominal_observer/auxiliary_LSTM/voltage_saturation runtime_max_us recomputes
PASS: estimator trace covers load_disturbance_fixed_nominal_observer test run 8
PASS: estimator trace sample seeds are numeric
PASS: estimator trace sample seeds are finite
PASS: estimator trace sample seeds are integers
PASS: each estimator trace run has contiguous sample indices
PASS: each estimator trace run uses the saved approximately 10 ms grid
PASS: load-transfer sample seeds are numeric
PASS: load-transfer sample seeds are finite
PASS: load-transfer sample seeds are integers
PASS: load_disturbance_fixed_nominal_observer/8/EKF records one consistent failure marker
PASS: runtime sample indices are in range for load_disturbance_fixed_nominal_observer/8/EKF
PASS: estimator trace covers load_disturbance_fixed_nominal_observer test run 15
PASS: estimator trace sample seeds are numeric
PASS: estimator trace sample seeds are finite
PASS: estimator trace sample seeds are integers
PASS: each estimator trace run has contiguous sample indices
PASS: each estimator trace run uses the saved approximately 10 ms grid
PASS: load-transfer sample seeds are numeric
PASS: load-transfer sample seeds are finite
PASS: load-transfer sample seeds are integers
PASS: load_disturbance_fixed_nominal_observer/15/EKF records one consistent failure marker
PASS: runtime sample indices are in range for load_disturbance_fixed_nominal_observer/15/EKF
PASS: estimator trace covers load_disturbance_fixed_nominal_observer test run 17
PASS: estimator trace sample seeds are numeric
PASS: estimator trace sample seeds are finite
PASS: estimator trace sample seeds are integers
PASS: each estimator trace run has contiguous sample indices
PASS: each estimator trace run uses the saved approximately 10 ms grid
PASS: load-transfer sample seeds are numeric
PASS: load-transfer sample seeds are finite
PASS: load-transfer sample seeds are integers
PASS: load_disturbance_fixed_nominal_observer/17/EKF records one consistent failure marker
PASS: runtime sample indices are in range for load_disturbance_fixed_nominal_observer/17/EKF
PASS: estimator trace covers load_disturbance_fixed_nominal_observer test run 22
PASS: estimator trace sample seeds are numeric
PASS: estimator trace sample seeds are finite
PASS: estimator trace sample seeds are integers
PASS: each estimator trace run has contiguous sample indices
PASS: each estimator trace run uses the saved approximately 10 ms grid
PASS: load-transfer sample seeds are numeric
PASS: load-transfer sample seeds are finite
PASS: load-transfer sample seeds are integers
PASS: load_disturbance_fixed_nominal_observer/22/EKF records one consistent failure marker
PASS: runtime sample indices are in range for load_disturbance_fixed_nominal_observer/22/EKF
PASS: estimator trace covers load_disturbance_fixed_nominal_observer test run 25
PASS: estimator trace sample seeds are numeric
PASS: estimator trace sample seeds are finite
PASS: estimator trace sample seeds are integers
PASS: each estimator trace run has contiguous sample indices
PASS: each estimator trace run uses the saved approximately 10 ms grid
PASS: load-transfer sample seeds are numeric
PASS: load-transfer sample seeds are finite
PASS: load-transfer sample seeds are integers
PASS: load_disturbance_fixed_nominal_observer/25/EKF records one consistent failure marker
PASS: runtime sample indices are in range for load_disturbance_fixed_nominal_observer/25/EKF
PASS: estimator trace covers load_disturbance_fixed_nominal_observer test run 28
PASS: estimator trace sample seeds are numeric
PASS: estimator trace sample seeds are finite
PASS: estimator trace sample seeds are integers
PASS: each estimator trace run has contiguous sample indices
PASS: each estimator trace run uses the saved approximately 10 ms grid
PASS: load-transfer sample seeds are numeric
PASS: load-transfer sample seeds are finite
PASS: load-transfer sample seeds are integers
PASS: load_disturbance_fixed_nominal_observer/28/EKF records one consistent failure marker
PASS: runtime sample indices are in range for load_disturbance_fixed_nominal_observer/28/EKF
PASS: load_disturbance_fixed_nominal_observer/EKF/weak_observability sample_count recomputes
PASS: load_disturbance_fixed_nominal_observer/EKF/weak_observability trajectory_count recomputes
PASS: load_disturbance_fixed_nominal_observer/EKF/weak_observability finite_sample_count recomputes
PASS: load_disturbance_fixed_nominal_observer/EKF/weak_observability nonfinite_sample_count recomputes
PASS: load_disturbance_fixed_nominal_observer/EKF/weak_observability finite_fraction recomputes
PASS: load_disturbance_fixed_nominal_observer/EKF/weak_observability rmse_rad_s recomputes
PASS: load_disturbance_fixed_nominal_observer/EKF/weak_observability mae_rad_s recomputes
PASS: load_disturbance_fixed_nominal_observer/EKF/weak_observability bias_rad_s recomputes
PASS: load_disturbance_fixed_nominal_observer/EKF/weak_observability numerical_failure_count recomputes
PASS: load_disturbance_fixed_nominal_observer/EKF/weak_observability failure_run_count recomputes
PASS: load_disturbance_fixed_nominal_observer/EKF/weak_observability runtime_sample_count recomputes
PASS: load_disturbance_fixed_nominal_observer/EKF/weak_observability runtime_mean_us recomputes
PASS: load_disturbance_fixed_nominal_observer/EKF/weak_observability runtime_p50_us recomputes
PASS: load_disturbance_fixed_nominal_observer/EKF/weak_observability runtime_p95_us recomputes
PASS: load_disturbance_fixed_nominal_observer/EKF/weak_observability runtime_p99_us recomputes
PASS: load_disturbance_fixed_nominal_observer/EKF/weak_observability runtime_max_us recomputes
PASS: estimator trace covers load_disturbance_fixed_nominal_observer test run 8
PASS: estimator trace sample seeds are numeric
PASS: estimator trace sample seeds are finite
PASS: estimator trace sample seeds are integers
PASS: each estimator trace run has contiguous sample indices
PASS: each estimator trace run uses the saved approximately 10 ms grid
PASS: load-transfer sample seeds are numeric
PASS: load-transfer sample seeds are finite
PASS: load-transfer sample seeds are integers
PASS: load_disturbance_fixed_nominal_observer/8/auxiliary_LSTM records one consistent failure marker
PASS: runtime sample indices are in range for load_disturbance_fixed_nominal_observer/8/auxiliary_LSTM
PASS: estimator trace covers load_disturbance_fixed_nominal_observer test run 15
PASS: estimator trace sample seeds are numeric
PASS: estimator trace sample seeds are finite
PASS: estimator trace sample seeds are integers
PASS: each estimator trace run has contiguous sample indices
PASS: each estimator trace run uses the saved approximately 10 ms grid
PASS: load-transfer sample seeds are numeric
PASS: load-transfer sample seeds are finite
PASS: load-transfer sample seeds are integers
PASS: load_disturbance_fixed_nominal_observer/15/auxiliary_LSTM records one consistent failure marker
PASS: runtime sample indices are in range for load_disturbance_fixed_nominal_observer/15/auxiliary_LSTM
PASS: estimator trace covers load_disturbance_fixed_nominal_observer test run 17
PASS: estimator trace sample seeds are numeric
PASS: estimator trace sample seeds are finite
PASS: estimator trace sample seeds are integers
PASS: each estimator trace run has contiguous sample indices
PASS: each estimator trace run uses the saved approximately 10 ms grid
PASS: load-transfer sample seeds are numeric
PASS: load-transfer sample seeds are finite
PASS: load-transfer sample seeds are integers
PASS: load_disturbance_fixed_nominal_observer/17/auxiliary_LSTM records one consistent failure marker
PASS: runtime sample indices are in range for load_disturbance_fixed_nominal_observer/17/auxiliary_LSTM
PASS: estimator trace covers load_disturbance_fixed_nominal_observer test run 22
PASS: estimator trace sample seeds are numeric
PASS: estimator trace sample seeds are finite
PASS: estimator trace sample seeds are integers
PASS: each estimator trace run has contiguous sample indices
PASS: each estimator trace run uses the saved approximately 10 ms grid
PASS: load-transfer sample seeds are numeric
PASS: load-transfer sample seeds are finite
PASS: load-transfer sample seeds are integers
PASS: load_disturbance_fixed_nominal_observer/22/auxiliary_LSTM records one consistent failure marker
PASS: runtime sample indices are in range for load_disturbance_fixed_nominal_observer/22/auxiliary_LSTM
PASS: estimator trace covers load_disturbance_fixed_nominal_observer test run 25
PASS: estimator trace sample seeds are numeric
PASS: estimator trace sample seeds are finite
PASS: estimator trace sample seeds are integers
PASS: each estimator trace run has contiguous sample indices
PASS: each estimator trace run uses the saved approximately 10 ms grid
PASS: load-transfer sample seeds are numeric
PASS: load-transfer sample seeds are finite
PASS: load-transfer sample seeds are integers
PASS: load_disturbance_fixed_nominal_observer/25/auxiliary_LSTM records one consistent failure marker
PASS: runtime sample indices are in range for load_disturbance_fixed_nominal_observer/25/auxiliary_LSTM
PASS: estimator trace covers load_disturbance_fixed_nominal_observer test run 28
PASS: estimator trace sample seeds are numeric
PASS: estimator trace sample seeds are finite
PASS: estimator trace sample seeds are integers
PASS: each estimator trace run has contiguous sample indices
PASS: each estimator trace run uses the saved approximately 10 ms grid
PASS: load-transfer sample seeds are numeric
PASS: load-transfer sample seeds are finite
PASS: load-transfer sample seeds are integers
PASS: load_disturbance_fixed_nominal_observer/28/auxiliary_LSTM records one consistent failure marker
PASS: runtime sample indices are in range for load_disturbance_fixed_nominal_observer/28/auxiliary_LSTM
PASS: load_disturbance_fixed_nominal_observer/auxiliary_LSTM/weak_observability sample_count recomputes
PASS: load_disturbance_fixed_nominal_observer/auxiliary_LSTM/weak_observability trajectory_count recomputes
PASS: load_disturbance_fixed_nominal_observer/auxiliary_LSTM/weak_observability finite_sample_count recomputes
PASS: load_disturbance_fixed_nominal_observer/auxiliary_LSTM/weak_observability nonfinite_sample_count recomputes
PASS: load_disturbance_fixed_nominal_observer/auxiliary_LSTM/weak_observability finite_fraction recomputes
PASS: load_disturbance_fixed_nominal_observer/auxiliary_LSTM/weak_observability rmse_rad_s recomputes
PASS: load_disturbance_fixed_nominal_observer/auxiliary_LSTM/weak_observability mae_rad_s recomputes
PASS: load_disturbance_fixed_nominal_observer/auxiliary_LSTM/weak_observability bias_rad_s recomputes
PASS: load_disturbance_fixed_nominal_observer/auxiliary_LSTM/weak_observability numerical_failure_count recomputes
PASS: load_disturbance_fixed_nominal_observer/auxiliary_LSTM/weak_observability failure_run_count recomputes
PASS: load_disturbance_fixed_nominal_observer/auxiliary_LSTM/weak_observability runtime_sample_count recomputes
PASS: load_disturbance_fixed_nominal_observer/auxiliary_LSTM/weak_observability runtime_mean_us recomputes
PASS: load_disturbance_fixed_nominal_observer/auxiliary_LSTM/weak_observability runtime_p50_us recomputes
PASS: load_disturbance_fixed_nominal_observer/auxiliary_LSTM/weak_observability runtime_p95_us recomputes
PASS: load_disturbance_fixed_nominal_observer/auxiliary_LSTM/weak_observability runtime_p99_us recomputes
PASS: load_disturbance_fixed_nominal_observer/auxiliary_LSTM/weak_observability runtime_max_us recomputes
PASS: estimator trace covers load_disturbance_fixed_nominal_observer test run 8
PASS: estimator trace sample seeds are numeric
PASS: estimator trace sample seeds are finite
PASS: estimator trace sample seeds are integers
PASS: each estimator trace run has contiguous sample indices
PASS: each estimator trace run uses the saved approximately 10 ms grid
PASS: load-transfer sample seeds are numeric
PASS: load-transfer sample seeds are finite
PASS: load-transfer sample seeds are integers
PASS: load_disturbance_fixed_nominal_observer/8/EKF records one consistent failure marker
PASS: runtime sample indices are in range for load_disturbance_fixed_nominal_observer/8/EKF
PASS: estimator trace covers load_disturbance_fixed_nominal_observer test run 15
PASS: estimator trace sample seeds are numeric
PASS: estimator trace sample seeds are finite
PASS: estimator trace sample seeds are integers
PASS: each estimator trace run has contiguous sample indices
PASS: each estimator trace run uses the saved approximately 10 ms grid
PASS: load-transfer sample seeds are numeric
PASS: load-transfer sample seeds are finite
PASS: load-transfer sample seeds are integers
PASS: load_disturbance_fixed_nominal_observer/15/EKF records one consistent failure marker
PASS: runtime sample indices are in range for load_disturbance_fixed_nominal_observer/15/EKF
PASS: estimator trace covers load_disturbance_fixed_nominal_observer test run 17
PASS: estimator trace sample seeds are numeric
PASS: estimator trace sample seeds are finite
PASS: estimator trace sample seeds are integers
PASS: each estimator trace run has contiguous sample indices
PASS: each estimator trace run uses the saved approximately 10 ms grid
PASS: load-transfer sample seeds are numeric
PASS: load-transfer sample seeds are finite
PASS: load-transfer sample seeds are integers
PASS: load_disturbance_fixed_nominal_observer/17/EKF records one consistent failure marker
PASS: runtime sample indices are in range for load_disturbance_fixed_nominal_observer/17/EKF
PASS: estimator trace covers load_disturbance_fixed_nominal_observer test run 22
PASS: estimator trace sample seeds are numeric
PASS: estimator trace sample seeds are finite
PASS: estimator trace sample seeds are integers
PASS: each estimator trace run has contiguous sample indices
PASS: each estimator trace run uses the saved approximately 10 ms grid
PASS: load-transfer sample seeds are numeric
PASS: load-transfer sample seeds are finite
PASS: load-transfer sample seeds are integers
PASS: load_disturbance_fixed_nominal_observer/22/EKF records one consistent failure marker
PASS: runtime sample indices are in range for load_disturbance_fixed_nominal_observer/22/EKF
PASS: estimator trace covers load_disturbance_fixed_nominal_observer test run 25
PASS: estimator trace sample seeds are numeric
PASS: estimator trace sample seeds are finite
PASS: estimator trace sample seeds are integers
PASS: each estimator trace run has contiguous sample indices
PASS: each estimator trace run uses the saved approximately 10 ms grid
PASS: load-transfer sample seeds are numeric
PASS: load-transfer sample seeds are finite
PASS: load-transfer sample seeds are integers
PASS: load_disturbance_fixed_nominal_observer/25/EKF records one consistent failure marker
PASS: runtime sample indices are in range for load_disturbance_fixed_nominal_observer/25/EKF
PASS: estimator trace covers load_disturbance_fixed_nominal_observer test run 28
PASS: estimator trace sample seeds are numeric
PASS: estimator trace sample seeds are finite
PASS: estimator trace sample seeds are integers
PASS: each estimator trace run has contiguous sample indices
PASS: each estimator trace run uses the saved approximately 10 ms grid
PASS: load-transfer sample seeds are numeric
PASS: load-transfer sample seeds are finite
PASS: load-transfer sample seeds are integers
PASS: load_disturbance_fixed_nominal_observer/28/EKF records one consistent failure marker
PASS: runtime sample indices are in range for load_disturbance_fixed_nominal_observer/28/EKF
PASS: load_disturbance_fixed_nominal_observer/EKF/load_step_post_3s sample_count recomputes
PASS: load_disturbance_fixed_nominal_observer/EKF/load_step_post_3s trajectory_count recomputes
PASS: load_disturbance_fixed_nominal_observer/EKF/load_step_post_3s finite_sample_count recomputes
PASS: load_disturbance_fixed_nominal_observer/EKF/load_step_post_3s nonfinite_sample_count recomputes
PASS: load_disturbance_fixed_nominal_observer/EKF/load_step_post_3s finite_fraction recomputes
PASS: load_disturbance_fixed_nominal_observer/EKF/load_step_post_3s rmse_rad_s recomputes
PASS: load_disturbance_fixed_nominal_observer/EKF/load_step_post_3s mae_rad_s recomputes
PASS: load_disturbance_fixed_nominal_observer/EKF/load_step_post_3s bias_rad_s recomputes
PASS: load_disturbance_fixed_nominal_observer/EKF/load_step_post_3s numerical_failure_count recomputes
PASS: load_disturbance_fixed_nominal_observer/EKF/load_step_post_3s failure_run_count recomputes
PASS: load_disturbance_fixed_nominal_observer/EKF/load_step_post_3s runtime_sample_count recomputes
PASS: load_disturbance_fixed_nominal_observer/EKF/load_step_post_3s runtime_mean_us recomputes
PASS: load_disturbance_fixed_nominal_observer/EKF/load_step_post_3s runtime_p50_us recomputes
PASS: load_disturbance_fixed_nominal_observer/EKF/load_step_post_3s runtime_p95_us recomputes
PASS: load_disturbance_fixed_nominal_observer/EKF/load_step_post_3s runtime_p99_us recomputes
PASS: load_disturbance_fixed_nominal_observer/EKF/load_step_post_3s runtime_max_us recomputes
PASS: estimator trace covers load_disturbance_fixed_nominal_observer test run 8
PASS: estimator trace sample seeds are numeric
PASS: estimator trace sample seeds are finite
PASS: estimator trace sample seeds are integers
PASS: each estimator trace run has contiguous sample indices
PASS: each estimator trace run uses the saved approximately 10 ms grid
PASS: load-transfer sample seeds are numeric
PASS: load-transfer sample seeds are finite
PASS: load-transfer sample seeds are integers
PASS: load_disturbance_fixed_nominal_observer/8/auxiliary_LSTM records one consistent failure marker
PASS: runtime sample indices are in range for load_disturbance_fixed_nominal_observer/8/auxiliary_LSTM
PASS: estimator trace covers load_disturbance_fixed_nominal_observer test run 15
PASS: estimator trace sample seeds are numeric
PASS: estimator trace sample seeds are finite
PASS: estimator trace sample seeds are integers
PASS: each estimator trace run has contiguous sample indices
PASS: each estimator trace run uses the saved approximately 10 ms grid
PASS: load-transfer sample seeds are numeric
PASS: load-transfer sample seeds are finite
PASS: load-transfer sample seeds are integers
PASS: load_disturbance_fixed_nominal_observer/15/auxiliary_LSTM records one consistent failure marker
PASS: runtime sample indices are in range for load_disturbance_fixed_nominal_observer/15/auxiliary_LSTM
PASS: estimator trace covers load_disturbance_fixed_nominal_observer test run 17
PASS: estimator trace sample seeds are numeric
PASS: estimator trace sample seeds are finite
PASS: estimator trace sample seeds are integers
PASS: each estimator trace run has contiguous sample indices
PASS: each estimator trace run uses the saved approximately 10 ms grid
PASS: load-transfer sample seeds are numeric
PASS: load-transfer sample seeds are finite
PASS: load-transfer sample seeds are integers
PASS: load_disturbance_fixed_nominal_observer/17/auxiliary_LSTM records one consistent failure marker
PASS: runtime sample indices are in range for load_disturbance_fixed_nominal_observer/17/auxiliary_LSTM
PASS: estimator trace covers load_disturbance_fixed_nominal_observer test run 22
PASS: estimator trace sample seeds are numeric
PASS: estimator trace sample seeds are finite
PASS: estimator trace sample seeds are integers
PASS: each estimator trace run has contiguous sample indices
PASS: each estimator trace run uses the saved approximately 10 ms grid
PASS: load-transfer sample seeds are numeric
PASS: load-transfer sample seeds are finite
PASS: load-transfer sample seeds are integers
PASS: load_disturbance_fixed_nominal_observer/22/auxiliary_LSTM records one consistent failure marker
PASS: runtime sample indices are in range for load_disturbance_fixed_nominal_observer/22/auxiliary_LSTM
PASS: estimator trace covers load_disturbance_fixed_nominal_observer test run 25
PASS: estimator trace sample seeds are numeric
PASS: estimator trace sample seeds are finite
PASS: estimator trace sample seeds are integers
PASS: each estimator trace run has contiguous sample indices
PASS: each estimator trace run uses the saved approximately 10 ms grid
PASS: load-transfer sample seeds are numeric
PASS: load-transfer sample seeds are finite
PASS: load-transfer sample seeds are integers
PASS: load_disturbance_fixed_nominal_observer/25/auxiliary_LSTM records one consistent failure marker
PASS: runtime sample indices are in range for load_disturbance_fixed_nominal_observer/25/auxiliary_LSTM
PASS: estimator trace covers load_disturbance_fixed_nominal_observer test run 28
PASS: estimator trace sample seeds are numeric
PASS: estimator trace sample seeds are finite
PASS: estimator trace sample seeds are integers
PASS: each estimator trace run has contiguous sample indices
PASS: each estimator trace run uses the saved approximately 10 ms grid
PASS: load-transfer sample seeds are numeric
PASS: load-transfer sample seeds are finite
PASS: load-transfer sample seeds are integers
PASS: load_disturbance_fixed_nominal_observer/28/auxiliary_LSTM records one consistent failure marker
PASS: runtime sample indices are in range for load_disturbance_fixed_nominal_observer/28/auxiliary_LSTM
PASS: load_disturbance_fixed_nominal_observer/auxiliary_LSTM/load_step_post_3s sample_count recomputes
PASS: load_disturbance_fixed_nominal_observer/auxiliary_LSTM/load_step_post_3s trajectory_count recomputes
PASS: load_disturbance_fixed_nominal_observer/auxiliary_LSTM/load_step_post_3s finite_sample_count recomputes
PASS: load_disturbance_fixed_nominal_observer/auxiliary_LSTM/load_step_post_3s nonfinite_sample_count recomputes
PASS: load_disturbance_fixed_nominal_observer/auxiliary_LSTM/load_step_post_3s finite_fraction recomputes
PASS: load_disturbance_fixed_nominal_observer/auxiliary_LSTM/load_step_post_3s rmse_rad_s recomputes
PASS: load_disturbance_fixed_nominal_observer/auxiliary_LSTM/load_step_post_3s mae_rad_s recomputes
PASS: load_disturbance_fixed_nominal_observer/auxiliary_LSTM/load_step_post_3s bias_rad_s recomputes
PASS: load_disturbance_fixed_nominal_observer/auxiliary_LSTM/load_step_post_3s numerical_failure_count recomputes
PASS: load_disturbance_fixed_nominal_observer/auxiliary_LSTM/load_step_post_3s failure_run_count recomputes
PASS: load_disturbance_fixed_nominal_observer/auxiliary_LSTM/load_step_post_3s runtime_sample_count recomputes
PASS: load_disturbance_fixed_nominal_observer/auxiliary_LSTM/load_step_post_3s runtime_mean_us recomputes
PASS: load_disturbance_fixed_nominal_observer/auxiliary_LSTM/load_step_post_3s runtime_p50_us recomputes
PASS: load_disturbance_fixed_nominal_observer/auxiliary_LSTM/load_step_post_3s runtime_p95_us recomputes
PASS: load_disturbance_fixed_nominal_observer/auxiliary_LSTM/load_step_post_3s runtime_p99_us recomputes
PASS: load_disturbance_fixed_nominal_observer/auxiliary_LSTM/load_step_post_3s runtime_max_us recomputes
PASS: estimator trace covers parameter_variation_fixed_nominal_observer test run 8
PASS: estimator trace sample seeds are numeric
PASS: estimator trace sample seeds are finite
PASS: estimator trace sample seeds are integers
PASS: each estimator trace run has contiguous sample indices
PASS: each estimator trace run uses the saved approximately 10 ms grid
PASS: parameter-transfer sample seeds are numeric
PASS: parameter-transfer sample seeds are finite
PASS: parameter-transfer sample seeds are integers
PASS: parameter_variation_fixed_nominal_observer/8/EKF records one consistent failure marker
PASS: runtime sample indices are in range for parameter_variation_fixed_nominal_observer/8/EKF
PASS: estimator trace covers parameter_variation_fixed_nominal_observer test run 15
PASS: estimator trace sample seeds are numeric
PASS: estimator trace sample seeds are finite
PASS: estimator trace sample seeds are integers
PASS: each estimator trace run has contiguous sample indices
PASS: each estimator trace run uses the saved approximately 10 ms grid
PASS: parameter-transfer sample seeds are numeric
PASS: parameter-transfer sample seeds are finite
PASS: parameter-transfer sample seeds are integers
PASS: parameter_variation_fixed_nominal_observer/15/EKF records one consistent failure marker
PASS: runtime sample indices are in range for parameter_variation_fixed_nominal_observer/15/EKF
PASS: estimator trace covers parameter_variation_fixed_nominal_observer test run 17
PASS: estimator trace sample seeds are numeric
PASS: estimator trace sample seeds are finite
PASS: estimator trace sample seeds are integers
PASS: each estimator trace run has contiguous sample indices
PASS: each estimator trace run uses the saved approximately 10 ms grid
PASS: parameter-transfer sample seeds are numeric
PASS: parameter-transfer sample seeds are finite
PASS: parameter-transfer sample seeds are integers
PASS: parameter_variation_fixed_nominal_observer/17/EKF records one consistent failure marker
PASS: runtime sample indices are in range for parameter_variation_fixed_nominal_observer/17/EKF
PASS: estimator trace covers parameter_variation_fixed_nominal_observer test run 22
PASS: estimator trace sample seeds are numeric
PASS: estimator trace sample seeds are finite
PASS: estimator trace sample seeds are integers
PASS: each estimator trace run has contiguous sample indices
PASS: each estimator trace run uses the saved approximately 10 ms grid
PASS: parameter-transfer sample seeds are numeric
PASS: parameter-transfer sample seeds are finite
PASS: parameter-transfer sample seeds are integers
PASS: parameter_variation_fixed_nominal_observer/22/EKF records one consistent failure marker
PASS: runtime sample indices are in range for parameter_variation_fixed_nominal_observer/22/EKF
PASS: estimator trace covers parameter_variation_fixed_nominal_observer test run 25
PASS: estimator trace sample seeds are numeric
PASS: estimator trace sample seeds are finite
PASS: estimator trace sample seeds are integers
PASS: each estimator trace run has contiguous sample indices
PASS: each estimator trace run uses the saved approximately 10 ms grid
PASS: parameter-transfer sample seeds are numeric
PASS: parameter-transfer sample seeds are finite
PASS: parameter-transfer sample seeds are integers
PASS: parameter_variation_fixed_nominal_observer/25/EKF records one consistent failure marker
PASS: runtime sample indices are in range for parameter_variation_fixed_nominal_observer/25/EKF
PASS: estimator trace covers parameter_variation_fixed_nominal_observer test run 28
PASS: estimator trace sample seeds are numeric
PASS: estimator trace sample seeds are finite
PASS: estimator trace sample seeds are integers
PASS: each estimator trace run has contiguous sample indices
PASS: each estimator trace run uses the saved approximately 10 ms grid
PASS: parameter-transfer sample seeds are numeric
PASS: parameter-transfer sample seeds are finite
PASS: parameter-transfer sample seeds are integers
PASS: parameter_variation_fixed_nominal_observer/28/EKF records one consistent failure marker
PASS: runtime sample indices are in range for parameter_variation_fixed_nominal_observer/28/EKF
PASS: parameter_variation_fixed_nominal_observer/EKF/all_paired sample_count recomputes
PASS: parameter_variation_fixed_nominal_observer/EKF/all_paired trajectory_count recomputes
PASS: parameter_variation_fixed_nominal_observer/EKF/all_paired finite_sample_count recomputes
PASS: parameter_variation_fixed_nominal_observer/EKF/all_paired nonfinite_sample_count recomputes
PASS: parameter_variation_fixed_nominal_observer/EKF/all_paired finite_fraction recomputes
PASS: parameter_variation_fixed_nominal_observer/EKF/all_paired rmse_rad_s recomputes
PASS: parameter_variation_fixed_nominal_observer/EKF/all_paired mae_rad_s recomputes
PASS: parameter_variation_fixed_nominal_observer/EKF/all_paired bias_rad_s recomputes
PASS: parameter_variation_fixed_nominal_observer/EKF/all_paired numerical_failure_count recomputes
PASS: parameter_variation_fixed_nominal_observer/EKF/all_paired failure_run_count recomputes
PASS: parameter_variation_fixed_nominal_observer/EKF/all_paired runtime_sample_count recomputes
PASS: parameter_variation_fixed_nominal_observer/EKF/all_paired runtime_mean_us recomputes
PASS: parameter_variation_fixed_nominal_observer/EKF/all_paired runtime_p50_us recomputes
PASS: parameter_variation_fixed_nominal_observer/EKF/all_paired runtime_p95_us recomputes
PASS: parameter_variation_fixed_nominal_observer/EKF/all_paired runtime_p99_us recomputes
PASS: parameter_variation_fixed_nominal_observer/EKF/all_paired runtime_max_us recomputes
PASS: estimator trace covers parameter_variation_fixed_nominal_observer test run 8
PASS: estimator trace sample seeds are numeric
PASS: estimator trace sample seeds are finite
PASS: estimator trace sample seeds are integers
PASS: each estimator trace run has contiguous sample indices
PASS: each estimator trace run uses the saved approximately 10 ms grid
PASS: parameter-transfer sample seeds are numeric
PASS: parameter-transfer sample seeds are finite
PASS: parameter-transfer sample seeds are integers
PASS: parameter_variation_fixed_nominal_observer/8/auxiliary_LSTM records one consistent failure marker
PASS: runtime sample indices are in range for parameter_variation_fixed_nominal_observer/8/auxiliary_LSTM
PASS: estimator trace covers parameter_variation_fixed_nominal_observer test run 15
PASS: estimator trace sample seeds are numeric
PASS: estimator trace sample seeds are finite
PASS: estimator trace sample seeds are integers
PASS: each estimator trace run has contiguous sample indices
PASS: each estimator trace run uses the saved approximately 10 ms grid
PASS: parameter-transfer sample seeds are numeric
PASS: parameter-transfer sample seeds are finite
PASS: parameter-transfer sample seeds are integers
PASS: parameter_variation_fixed_nominal_observer/15/auxiliary_LSTM records one consistent failure marker
PASS: runtime sample indices are in range for parameter_variation_fixed_nominal_observer/15/auxiliary_LSTM
PASS: estimator trace covers parameter_variation_fixed_nominal_observer test run 17
PASS: estimator trace sample seeds are numeric
PASS: estimator trace sample seeds are finite
PASS: estimator trace sample seeds are integers
PASS: each estimator trace run has contiguous sample indices
PASS: each estimator trace run uses the saved approximately 10 ms grid
PASS: parameter-transfer sample seeds are numeric
PASS: parameter-transfer sample seeds are finite
PASS: parameter-transfer sample seeds are integers
PASS: parameter_variation_fixed_nominal_observer/17/auxiliary_LSTM records one consistent failure marker
PASS: runtime sample indices are in range for parameter_variation_fixed_nominal_observer/17/auxiliary_LSTM
PASS: estimator trace covers parameter_variation_fixed_nominal_observer test run 22
PASS: estimator trace sample seeds are numeric
PASS: estimator trace sample seeds are finite
PASS: estimator trace sample seeds are integers
PASS: each estimator trace run has contiguous sample indices
PASS: each estimator trace run uses the saved approximately 10 ms grid
PASS: parameter-transfer sample seeds are numeric
PASS: parameter-transfer sample seeds are finite
PASS: parameter-transfer sample seeds are integers
PASS: parameter_variation_fixed_nominal_observer/22/auxiliary_LSTM records one consistent failure marker
PASS: runtime sample indices are in range for parameter_variation_fixed_nominal_observer/22/auxiliary_LSTM
PASS: estimator trace covers parameter_variation_fixed_nominal_observer test run 25
PASS: estimator trace sample seeds are numeric
PASS: estimator trace sample seeds are finite
PASS: estimator trace sample seeds are integers
PASS: each estimator trace run has contiguous sample indices
PASS: each estimator trace run uses the saved approximately 10 ms grid
PASS: parameter-transfer sample seeds are numeric
PASS: parameter-transfer sample seeds are finite
PASS: parameter-transfer sample seeds are integers
PASS: parameter_variation_fixed_nominal_observer/25/auxiliary_LSTM records one consistent failure marker
PASS: runtime sample indices are in range for parameter_variation_fixed_nominal_observer/25/auxiliary_LSTM
PASS: estimator trace covers parameter_variation_fixed_nominal_observer test run 28
PASS: estimator trace sample seeds are numeric
PASS: estimator trace sample seeds are finite
PASS: estimator trace sample seeds are integers
PASS: each estimator trace run has contiguous sample indices
PASS: each estimator trace run uses the saved approximately 10 ms grid
PASS: parameter-transfer sample seeds are numeric
PASS: parameter-transfer sample seeds are finite
PASS: parameter-transfer sample seeds are integers
PASS: parameter_variation_fixed_nominal_observer/28/auxiliary_LSTM records one consistent failure marker
PASS: runtime sample indices are in range for parameter_variation_fixed_nominal_observer/28/auxiliary_LSTM
PASS: parameter_variation_fixed_nominal_observer/auxiliary_LSTM/all_paired sample_count recomputes
PASS: parameter_variation_fixed_nominal_observer/auxiliary_LSTM/all_paired trajectory_count recomputes
PASS: parameter_variation_fixed_nominal_observer/auxiliary_LSTM/all_paired finite_sample_count recomputes
PASS: parameter_variation_fixed_nominal_observer/auxiliary_LSTM/all_paired nonfinite_sample_count recomputes
PASS: parameter_variation_fixed_nominal_observer/auxiliary_LSTM/all_paired finite_fraction recomputes
PASS: parameter_variation_fixed_nominal_observer/auxiliary_LSTM/all_paired rmse_rad_s recomputes
PASS: parameter_variation_fixed_nominal_observer/auxiliary_LSTM/all_paired mae_rad_s recomputes
PASS: parameter_variation_fixed_nominal_observer/auxiliary_LSTM/all_paired bias_rad_s recomputes
PASS: parameter_variation_fixed_nominal_observer/auxiliary_LSTM/all_paired numerical_failure_count recomputes
PASS: parameter_variation_fixed_nominal_observer/auxiliary_LSTM/all_paired failure_run_count recomputes
PASS: parameter_variation_fixed_nominal_observer/auxiliary_LSTM/all_paired runtime_sample_count recomputes
PASS: parameter_variation_fixed_nominal_observer/auxiliary_LSTM/all_paired runtime_mean_us recomputes
PASS: parameter_variation_fixed_nominal_observer/auxiliary_LSTM/all_paired runtime_p50_us recomputes
PASS: parameter_variation_fixed_nominal_observer/auxiliary_LSTM/all_paired runtime_p95_us recomputes
PASS: parameter_variation_fixed_nominal_observer/auxiliary_LSTM/all_paired runtime_p99_us recomputes
PASS: parameter_variation_fixed_nominal_observer/auxiliary_LSTM/all_paired runtime_max_us recomputes
PASS: estimator trace covers parameter_variation_fixed_nominal_observer test run 8
PASS: estimator trace sample seeds are numeric
PASS: estimator trace sample seeds are finite
PASS: estimator trace sample seeds are integers
PASS: each estimator trace run has contiguous sample indices
PASS: each estimator trace run uses the saved approximately 10 ms grid
PASS: parameter-transfer sample seeds are numeric
PASS: parameter-transfer sample seeds are finite
PASS: parameter-transfer sample seeds are integers
PASS: parameter_variation_fixed_nominal_observer/8/EKF records one consistent failure marker
PASS: runtime sample indices are in range for parameter_variation_fixed_nominal_observer/8/EKF
PASS: estimator trace covers parameter_variation_fixed_nominal_observer test run 15
PASS: estimator trace sample seeds are numeric
PASS: estimator trace sample seeds are finite
PASS: estimator trace sample seeds are integers
PASS: each estimator trace run has contiguous sample indices
PASS: each estimator trace run uses the saved approximately 10 ms grid
PASS: parameter-transfer sample seeds are numeric
PASS: parameter-transfer sample seeds are finite
PASS: parameter-transfer sample seeds are integers
PASS: parameter_variation_fixed_nominal_observer/15/EKF records one consistent failure marker
PASS: runtime sample indices are in range for parameter_variation_fixed_nominal_observer/15/EKF
PASS: estimator trace covers parameter_variation_fixed_nominal_observer test run 17
PASS: estimator trace sample seeds are numeric
PASS: estimator trace sample seeds are finite
PASS: estimator trace sample seeds are integers
PASS: each estimator trace run has contiguous sample indices
PASS: each estimator trace run uses the saved approximately 10 ms grid
PASS: parameter-transfer sample seeds are numeric
PASS: parameter-transfer sample seeds are finite
PASS: parameter-transfer sample seeds are integers
PASS: parameter_variation_fixed_nominal_observer/17/EKF records one consistent failure marker
PASS: runtime sample indices are in range for parameter_variation_fixed_nominal_observer/17/EKF
PASS: estimator trace covers parameter_variation_fixed_nominal_observer test run 22
PASS: estimator trace sample seeds are numeric
PASS: estimator trace sample seeds are finite
PASS: estimator trace sample seeds are integers
PASS: each estimator trace run has contiguous sample indices
PASS: each estimator trace run uses the saved approximately 10 ms grid
PASS: parameter-transfer sample seeds are numeric
PASS: parameter-transfer sample seeds are finite
PASS: parameter-transfer sample seeds are integers
PASS: parameter_variation_fixed_nominal_observer/22/EKF records one consistent failure marker
PASS: runtime sample indices are in range for parameter_variation_fixed_nominal_observer/22/EKF
PASS: estimator trace covers parameter_variation_fixed_nominal_observer test run 25
PASS: estimator trace sample seeds are numeric
PASS: estimator trace sample seeds are finite
PASS: estimator trace sample seeds are integers
PASS: each estimator trace run has contiguous sample indices
PASS: each estimator trace run uses the saved approximately 10 ms grid
PASS: parameter-transfer sample seeds are numeric
PASS: parameter-transfer sample seeds are finite
PASS: parameter-transfer sample seeds are integers
PASS: parameter_variation_fixed_nominal_observer/25/EKF records one consistent failure marker
PASS: runtime sample indices are in range for parameter_variation_fixed_nominal_observer/25/EKF
PASS: estimator trace covers parameter_variation_fixed_nominal_observer test run 28
PASS: estimator trace sample seeds are numeric
PASS: estimator trace sample seeds are finite
PASS: estimator trace sample seeds are integers
PASS: each estimator trace run has contiguous sample indices
PASS: each estimator trace run uses the saved approximately 10 ms grid
PASS: parameter-transfer sample seeds are numeric
PASS: parameter-transfer sample seeds are finite
PASS: parameter-transfer sample seeds are integers
PASS: parameter_variation_fixed_nominal_observer/28/EKF records one consistent failure marker
PASS: runtime sample indices are in range for parameter_variation_fixed_nominal_observer/28/EKF
PASS: parameter_variation_fixed_nominal_observer/EKF/startup_pre_lstm_window_0_0p2s sample_count recomputes
PASS: parameter_variation_fixed_nominal_observer/EKF/startup_pre_lstm_window_0_0p2s trajectory_count recomputes
PASS: parameter_variation_fixed_nominal_observer/EKF/startup_pre_lstm_window_0_0p2s finite_sample_count recomputes
PASS: parameter_variation_fixed_nominal_observer/EKF/startup_pre_lstm_window_0_0p2s nonfinite_sample_count recomputes
PASS: parameter_variation_fixed_nominal_observer/EKF/startup_pre_lstm_window_0_0p2s finite_fraction recomputes
PASS: parameter_variation_fixed_nominal_observer/EKF/startup_pre_lstm_window_0_0p2s rmse_rad_s recomputes
PASS: parameter_variation_fixed_nominal_observer/EKF/startup_pre_lstm_window_0_0p2s mae_rad_s recomputes
PASS: parameter_variation_fixed_nominal_observer/EKF/startup_pre_lstm_window_0_0p2s bias_rad_s recomputes
PASS: parameter_variation_fixed_nominal_observer/EKF/startup_pre_lstm_window_0_0p2s numerical_failure_count recomputes
PASS: parameter_variation_fixed_nominal_observer/EKF/startup_pre_lstm_window_0_0p2s failure_run_count recomputes
PASS: parameter_variation_fixed_nominal_observer/EKF/startup_pre_lstm_window_0_0p2s runtime_sample_count recomputes
PASS: parameter_variation_fixed_nominal_observer/EKF/startup_pre_lstm_window_0_0p2s runtime_mean_us recomputes
PASS: parameter_variation_fixed_nominal_observer/EKF/startup_pre_lstm_window_0_0p2s runtime_p50_us recomputes
PASS: parameter_variation_fixed_nominal_observer/EKF/startup_pre_lstm_window_0_0p2s runtime_p95_us recomputes
PASS: parameter_variation_fixed_nominal_observer/EKF/startup_pre_lstm_window_0_0p2s runtime_p99_us recomputes
PASS: parameter_variation_fixed_nominal_observer/EKF/startup_pre_lstm_window_0_0p2s runtime_max_us recomputes
PASS: estimator trace covers parameter_variation_fixed_nominal_observer test run 8
PASS: estimator trace sample seeds are numeric
PASS: estimator trace sample seeds are finite
PASS: estimator trace sample seeds are integers
PASS: each estimator trace run has contiguous sample indices
PASS: each estimator trace run uses the saved approximately 10 ms grid
PASS: parameter-transfer sample seeds are numeric
PASS: parameter-transfer sample seeds are finite
PASS: parameter-transfer sample seeds are integers
PASS: parameter_variation_fixed_nominal_observer/8/EKF records one consistent failure marker
PASS: runtime sample indices are in range for parameter_variation_fixed_nominal_observer/8/EKF
PASS: estimator trace covers parameter_variation_fixed_nominal_observer test run 15
PASS: estimator trace sample seeds are numeric
PASS: estimator trace sample seeds are finite
PASS: estimator trace sample seeds are integers
PASS: each estimator trace run has contiguous sample indices
PASS: each estimator trace run uses the saved approximately 10 ms grid
PASS: parameter-transfer sample seeds are numeric
PASS: parameter-transfer sample seeds are finite
PASS: parameter-transfer sample seeds are integers
PASS: parameter_variation_fixed_nominal_observer/15/EKF records one consistent failure marker
PASS: runtime sample indices are in range for parameter_variation_fixed_nominal_observer/15/EKF
PASS: estimator trace covers parameter_variation_fixed_nominal_observer test run 17
PASS: estimator trace sample seeds are numeric
PASS: estimator trace sample seeds are finite
PASS: estimator trace sample seeds are integers
PASS: each estimator trace run has contiguous sample indices
PASS: each estimator trace run uses the saved approximately 10 ms grid
PASS: parameter-transfer sample seeds are numeric
PASS: parameter-transfer sample seeds are finite
PASS: parameter-transfer sample seeds are integers
PASS: parameter_variation_fixed_nominal_observer/17/EKF records one consistent failure marker
PASS: runtime sample indices are in range for parameter_variation_fixed_nominal_observer/17/EKF
PASS: estimator trace covers parameter_variation_fixed_nominal_observer test run 22
PASS: estimator trace sample seeds are numeric
PASS: estimator trace sample seeds are finite
PASS: estimator trace sample seeds are integers
PASS: each estimator trace run has contiguous sample indices
PASS: each estimator trace run uses the saved approximately 10 ms grid
PASS: parameter-transfer sample seeds are numeric
PASS: parameter-transfer sample seeds are finite
PASS: parameter-transfer sample seeds are integers
PASS: parameter_variation_fixed_nominal_observer/22/EKF records one consistent failure marker
PASS: runtime sample indices are in range for parameter_variation_fixed_nominal_observer/22/EKF
PASS: estimator trace covers parameter_variation_fixed_nominal_observer test run 25
PASS: estimator trace sample seeds are numeric
PASS: estimator trace sample seeds are finite
PASS: estimator trace sample seeds are integers
PASS: each estimator trace run has contiguous sample indices
PASS: each estimator trace run uses the saved approximately 10 ms grid
PASS: parameter-transfer sample seeds are numeric
PASS: parameter-transfer sample seeds are finite
PASS: parameter-transfer sample seeds are integers
PASS: parameter_variation_fixed_nominal_observer/25/EKF records one consistent failure marker
PASS: runtime sample indices are in range for parameter_variation_fixed_nominal_observer/25/EKF
PASS: estimator trace covers parameter_variation_fixed_nominal_observer test run 28
PASS: estimator trace sample seeds are numeric
PASS: estimator trace sample seeds are finite
PASS: estimator trace sample seeds are integers
PASS: each estimator trace run has contiguous sample indices
PASS: each estimator trace run uses the saved approximately 10 ms grid
PASS: parameter-transfer sample seeds are numeric
PASS: parameter-transfer sample seeds are finite
PASS: parameter-transfer sample seeds are integers
PASS: parameter_variation_fixed_nominal_observer/28/EKF records one consistent failure marker
PASS: runtime sample indices are in range for parameter_variation_fixed_nominal_observer/28/EKF
PASS: parameter_variation_fixed_nominal_observer/EKF/startup_post_window_to_0p5s sample_count recomputes
PASS: parameter_variation_fixed_nominal_observer/EKF/startup_post_window_to_0p5s trajectory_count recomputes
PASS: parameter_variation_fixed_nominal_observer/EKF/startup_post_window_to_0p5s finite_sample_count recomputes
PASS: parameter_variation_fixed_nominal_observer/EKF/startup_post_window_to_0p5s nonfinite_sample_count recomputes
PASS: parameter_variation_fixed_nominal_observer/EKF/startup_post_window_to_0p5s finite_fraction recomputes
PASS: parameter_variation_fixed_nominal_observer/EKF/startup_post_window_to_0p5s rmse_rad_s recomputes
PASS: parameter_variation_fixed_nominal_observer/EKF/startup_post_window_to_0p5s mae_rad_s recomputes
PASS: parameter_variation_fixed_nominal_observer/EKF/startup_post_window_to_0p5s bias_rad_s recomputes
PASS: parameter_variation_fixed_nominal_observer/EKF/startup_post_window_to_0p5s numerical_failure_count recomputes
PASS: parameter_variation_fixed_nominal_observer/EKF/startup_post_window_to_0p5s failure_run_count recomputes
PASS: parameter_variation_fixed_nominal_observer/EKF/startup_post_window_to_0p5s runtime_sample_count recomputes
PASS: parameter_variation_fixed_nominal_observer/EKF/startup_post_window_to_0p5s runtime_mean_us recomputes
PASS: parameter_variation_fixed_nominal_observer/EKF/startup_post_window_to_0p5s runtime_p50_us recomputes
PASS: parameter_variation_fixed_nominal_observer/EKF/startup_post_window_to_0p5s runtime_p95_us recomputes
PASS: parameter_variation_fixed_nominal_observer/EKF/startup_post_window_to_0p5s runtime_p99_us recomputes
PASS: parameter_variation_fixed_nominal_observer/EKF/startup_post_window_to_0p5s runtime_max_us recomputes
PASS: estimator trace covers parameter_variation_fixed_nominal_observer test run 8
PASS: estimator trace sample seeds are numeric
PASS: estimator trace sample seeds are finite
PASS: estimator trace sample seeds are integers
PASS: each estimator trace run has contiguous sample indices
PASS: each estimator trace run uses the saved approximately 10 ms grid
PASS: parameter-transfer sample seeds are numeric
PASS: parameter-transfer sample seeds are finite
PASS: parameter-transfer sample seeds are integers
PASS: parameter_variation_fixed_nominal_observer/8/auxiliary_LSTM records one consistent failure marker
PASS: runtime sample indices are in range for parameter_variation_fixed_nominal_observer/8/auxiliary_LSTM
PASS: estimator trace covers parameter_variation_fixed_nominal_observer test run 15
PASS: estimator trace sample seeds are numeric
PASS: estimator trace sample seeds are finite
PASS: estimator trace sample seeds are integers
PASS: each estimator trace run has contiguous sample indices
PASS: each estimator trace run uses the saved approximately 10 ms grid
PASS: parameter-transfer sample seeds are numeric
PASS: parameter-transfer sample seeds are finite
PASS: parameter-transfer sample seeds are integers
PASS: parameter_variation_fixed_nominal_observer/15/auxiliary_LSTM records one consistent failure marker
PASS: runtime sample indices are in range for parameter_variation_fixed_nominal_observer/15/auxiliary_LSTM
PASS: estimator trace covers parameter_variation_fixed_nominal_observer test run 17
PASS: estimator trace sample seeds are numeric
PASS: estimator trace sample seeds are finite
PASS: estimator trace sample seeds are integers
PASS: each estimator trace run has contiguous sample indices
PASS: each estimator trace run uses the saved approximately 10 ms grid
PASS: parameter-transfer sample seeds are numeric
PASS: parameter-transfer sample seeds are finite
PASS: parameter-transfer sample seeds are integers
PASS: parameter_variation_fixed_nominal_observer/17/auxiliary_LSTM records one consistent failure marker
PASS: runtime sample indices are in range for parameter_variation_fixed_nominal_observer/17/auxiliary_LSTM
PASS: estimator trace covers parameter_variation_fixed_nominal_observer test run 22
PASS: estimator trace sample seeds are numeric
PASS: estimator trace sample seeds are finite
PASS: estimator trace sample seeds are integers
PASS: each estimator trace run has contiguous sample indices
PASS: each estimator trace run uses the saved approximately 10 ms grid
PASS: parameter-transfer sample seeds are numeric
PASS: parameter-transfer sample seeds are finite
PASS: parameter-transfer sample seeds are integers
PASS: parameter_variation_fixed_nominal_observer/22/auxiliary_LSTM records one consistent failure marker
PASS: runtime sample indices are in range for parameter_variation_fixed_nominal_observer/22/auxiliary_LSTM
PASS: estimator trace covers parameter_variation_fixed_nominal_observer test run 25
PASS: estimator trace sample seeds are numeric
PASS: estimator trace sample seeds are finite
PASS: estimator trace sample seeds are integers
PASS: each estimator trace run has contiguous sample indices
PASS: each estimator trace run uses the saved approximately 10 ms grid
PASS: parameter-transfer sample seeds are numeric
PASS: parameter-transfer sample seeds are finite
PASS: parameter-transfer sample seeds are integers
PASS: parameter_variation_fixed_nominal_observer/25/auxiliary_LSTM records one consistent failure marker
PASS: runtime sample indices are in range for parameter_variation_fixed_nominal_observer/25/auxiliary_LSTM
PASS: estimator trace covers parameter_variation_fixed_nominal_observer test run 28
PASS: estimator trace sample seeds are numeric
PASS: estimator trace sample seeds are finite
PASS: estimator trace sample seeds are integers
PASS: each estimator trace run has contiguous sample indices
PASS: each estimator trace run uses the saved approximately 10 ms grid
PASS: parameter-transfer sample seeds are numeric
PASS: parameter-transfer sample seeds are finite
PASS: parameter-transfer sample seeds are integers
PASS: parameter_variation_fixed_nominal_observer/28/auxiliary_LSTM records one consistent failure marker
PASS: runtime sample indices are in range for parameter_variation_fixed_nominal_observer/28/auxiliary_LSTM
PASS: parameter_variation_fixed_nominal_observer/auxiliary_LSTM/startup_post_window_to_0p5s sample_count recomputes
PASS: parameter_variation_fixed_nominal_observer/auxiliary_LSTM/startup_post_window_to_0p5s trajectory_count recomputes
PASS: parameter_variation_fixed_nominal_observer/auxiliary_LSTM/startup_post_window_to_0p5s finite_sample_count recomputes
PASS: parameter_variation_fixed_nominal_observer/auxiliary_LSTM/startup_post_window_to_0p5s nonfinite_sample_count recomputes
PASS: parameter_variation_fixed_nominal_observer/auxiliary_LSTM/startup_post_window_to_0p5s finite_fraction recomputes
PASS: parameter_variation_fixed_nominal_observer/auxiliary_LSTM/startup_post_window_to_0p5s rmse_rad_s recomputes
PASS: parameter_variation_fixed_nominal_observer/auxiliary_LSTM/startup_post_window_to_0p5s mae_rad_s recomputes
PASS: parameter_variation_fixed_nominal_observer/auxiliary_LSTM/startup_post_window_to_0p5s bias_rad_s recomputes
PASS: parameter_variation_fixed_nominal_observer/auxiliary_LSTM/startup_post_window_to_0p5s numerical_failure_count recomputes
PASS: parameter_variation_fixed_nominal_observer/auxiliary_LSTM/startup_post_window_to_0p5s failure_run_count recomputes
PASS: parameter_variation_fixed_nominal_observer/auxiliary_LSTM/startup_post_window_to_0p5s runtime_sample_count recomputes
PASS: parameter_variation_fixed_nominal_observer/auxiliary_LSTM/startup_post_window_to_0p5s runtime_mean_us recomputes
PASS: parameter_variation_fixed_nominal_observer/auxiliary_LSTM/startup_post_window_to_0p5s runtime_p50_us recomputes
PASS: parameter_variation_fixed_nominal_observer/auxiliary_LSTM/startup_post_window_to_0p5s runtime_p95_us recomputes
PASS: parameter_variation_fixed_nominal_observer/auxiliary_LSTM/startup_post_window_to_0p5s runtime_p99_us recomputes
PASS: parameter_variation_fixed_nominal_observer/auxiliary_LSTM/startup_post_window_to_0p5s runtime_max_us recomputes
PASS: estimator trace covers parameter_variation_fixed_nominal_observer test run 8
PASS: estimator trace sample seeds are numeric
PASS: estimator trace sample seeds are finite
PASS: estimator trace sample seeds are integers
PASS: each estimator trace run has contiguous sample indices
PASS: each estimator trace run uses the saved approximately 10 ms grid
PASS: parameter-transfer sample seeds are numeric
PASS: parameter-transfer sample seeds are finite
PASS: parameter-transfer sample seeds are integers
PASS: parameter_variation_fixed_nominal_observer/8/EKF records one consistent failure marker
PASS: runtime sample indices are in range for parameter_variation_fixed_nominal_observer/8/EKF
PASS: estimator trace covers parameter_variation_fixed_nominal_observer test run 15
PASS: estimator trace sample seeds are numeric
PASS: estimator trace sample seeds are finite
PASS: estimator trace sample seeds are integers
PASS: each estimator trace run has contiguous sample indices
PASS: each estimator trace run uses the saved approximately 10 ms grid
PASS: parameter-transfer sample seeds are numeric
PASS: parameter-transfer sample seeds are finite
PASS: parameter-transfer sample seeds are integers
PASS: parameter_variation_fixed_nominal_observer/15/EKF records one consistent failure marker
PASS: runtime sample indices are in range for parameter_variation_fixed_nominal_observer/15/EKF
PASS: estimator trace covers parameter_variation_fixed_nominal_observer test run 17
PASS: estimator trace sample seeds are numeric
PASS: estimator trace sample seeds are finite
PASS: estimator trace sample seeds are integers
PASS: each estimator trace run has contiguous sample indices
PASS: each estimator trace run uses the saved approximately 10 ms grid
PASS: parameter-transfer sample seeds are numeric
PASS: parameter-transfer sample seeds are finite
PASS: parameter-transfer sample seeds are integers
PASS: parameter_variation_fixed_nominal_observer/17/EKF records one consistent failure marker
PASS: runtime sample indices are in range for parameter_variation_fixed_nominal_observer/17/EKF
PASS: estimator trace covers parameter_variation_fixed_nominal_observer test run 22
PASS: estimator trace sample seeds are numeric
PASS: estimator trace sample seeds are finite
PASS: estimator trace sample seeds are integers
PASS: each estimator trace run has contiguous sample indices
PASS: each estimator trace run uses the saved approximately 10 ms grid
PASS: parameter-transfer sample seeds are numeric
PASS: parameter-transfer sample seeds are finite
PASS: parameter-transfer sample seeds are integers
PASS: parameter_variation_fixed_nominal_observer/22/EKF records one consistent failure marker
PASS: runtime sample indices are in range for parameter_variation_fixed_nominal_observer/22/EKF
PASS: estimator trace covers parameter_variation_fixed_nominal_observer test run 25
PASS: estimator trace sample seeds are numeric
PASS: estimator trace sample seeds are finite
PASS: estimator trace sample seeds are integers
PASS: each estimator trace run has contiguous sample indices
PASS: each estimator trace run uses the saved approximately 10 ms grid
PASS: parameter-transfer sample seeds are numeric
PASS: parameter-transfer sample seeds are finite
PASS: parameter-transfer sample seeds are integers
PASS: parameter_variation_fixed_nominal_observer/25/EKF records one consistent failure marker
PASS: runtime sample indices are in range for parameter_variation_fixed_nominal_observer/25/EKF
PASS: estimator trace covers parameter_variation_fixed_nominal_observer test run 28
PASS: estimator trace sample seeds are numeric
PASS: estimator trace sample seeds are finite
PASS: estimator trace sample seeds are integers
PASS: each estimator trace run has contiguous sample indices
PASS: each estimator trace run uses the saved approximately 10 ms grid
PASS: parameter-transfer sample seeds are numeric
PASS: parameter-transfer sample seeds are finite
PASS: parameter-transfer sample seeds are integers
PASS: parameter_variation_fixed_nominal_observer/28/EKF records one consistent failure marker
PASS: runtime sample indices are in range for parameter_variation_fixed_nominal_observer/28/EKF
PASS: parameter_variation_fixed_nominal_observer/EKF/load_change sample_count recomputes
PASS: parameter_variation_fixed_nominal_observer/EKF/load_change trajectory_count recomputes
PASS: parameter_variation_fixed_nominal_observer/EKF/load_change finite_sample_count recomputes
PASS: parameter_variation_fixed_nominal_observer/EKF/load_change nonfinite_sample_count recomputes
PASS: parameter_variation_fixed_nominal_observer/EKF/load_change finite_fraction preserves empty-stratum NaN
PASS: parameter_variation_fixed_nominal_observer/EKF/load_change rmse_rad_s preserves empty-stratum NaN
PASS: parameter_variation_fixed_nominal_observer/EKF/load_change mae_rad_s preserves empty-stratum NaN
PASS: parameter_variation_fixed_nominal_observer/EKF/load_change bias_rad_s preserves empty-stratum NaN
PASS: parameter_variation_fixed_nominal_observer/EKF/load_change numerical_failure_count recomputes
PASS: parameter_variation_fixed_nominal_observer/EKF/load_change failure_run_count recomputes
PASS: parameter_variation_fixed_nominal_observer/EKF/load_change runtime_sample_count recomputes
PASS: parameter_variation_fixed_nominal_observer/EKF/load_change runtime_mean_us preserves empty-stratum NaN
PASS: parameter_variation_fixed_nominal_observer/EKF/load_change runtime_p50_us preserves empty-stratum NaN
PASS: parameter_variation_fixed_nominal_observer/EKF/load_change runtime_p95_us preserves empty-stratum NaN
PASS: parameter_variation_fixed_nominal_observer/EKF/load_change runtime_p99_us preserves empty-stratum NaN
PASS: parameter_variation_fixed_nominal_observer/EKF/load_change runtime_max_us preserves empty-stratum NaN
PASS: estimator trace covers parameter_variation_fixed_nominal_observer test run 8
PASS: estimator trace sample seeds are numeric
PASS: estimator trace sample seeds are finite
PASS: estimator trace sample seeds are integers
PASS: each estimator trace run has contiguous sample indices
PASS: each estimator trace run uses the saved approximately 10 ms grid
PASS: parameter-transfer sample seeds are numeric
PASS: parameter-transfer sample seeds are finite
PASS: parameter-transfer sample seeds are integers
PASS: parameter_variation_fixed_nominal_observer/8/auxiliary_LSTM records one consistent failure marker
PASS: runtime sample indices are in range for parameter_variation_fixed_nominal_observer/8/auxiliary_LSTM
PASS: estimator trace covers parameter_variation_fixed_nominal_observer test run 15
PASS: estimator trace sample seeds are numeric
PASS: estimator trace sample seeds are finite
PASS: estimator trace sample seeds are integers
PASS: each estimator trace run has contiguous sample indices
PASS: each estimator trace run uses the saved approximately 10 ms grid
PASS: parameter-transfer sample seeds are numeric
PASS: parameter-transfer sample seeds are finite
PASS: parameter-transfer sample seeds are integers
PASS: parameter_variation_fixed_nominal_observer/15/auxiliary_LSTM records one consistent failure marker
PASS: runtime sample indices are in range for parameter_variation_fixed_nominal_observer/15/auxiliary_LSTM
PASS: estimator trace covers parameter_variation_fixed_nominal_observer test run 17
PASS: estimator trace sample seeds are numeric
PASS: estimator trace sample seeds are finite
PASS: estimator trace sample seeds are integers
PASS: each estimator trace run has contiguous sample indices
PASS: each estimator trace run uses the saved approximately 10 ms grid
PASS: parameter-transfer sample seeds are numeric
PASS: parameter-transfer sample seeds are finite
PASS: parameter-transfer sample seeds are integers
PASS: parameter_variation_fixed_nominal_observer/17/auxiliary_LSTM records one consistent failure marker
PASS: runtime sample indices are in range for parameter_variation_fixed_nominal_observer/17/auxiliary_LSTM
PASS: estimator trace covers parameter_variation_fixed_nominal_observer test run 22
PASS: estimator trace sample seeds are numeric
PASS: estimator trace sample seeds are finite
PASS: estimator trace sample seeds are integers
PASS: each estimator trace run has contiguous sample indices
PASS: each estimator trace run uses the saved approximately 10 ms grid
PASS: parameter-transfer sample seeds are numeric
PASS: parameter-transfer sample seeds are finite
PASS: parameter-transfer sample seeds are integers
PASS: parameter_variation_fixed_nominal_observer/22/auxiliary_LSTM records one consistent failure marker
PASS: runtime sample indices are in range for parameter_variation_fixed_nominal_observer/22/auxiliary_LSTM
PASS: estimator trace covers parameter_variation_fixed_nominal_observer test run 25
PASS: estimator trace sample seeds are numeric
PASS: estimator trace sample seeds are finite
PASS: estimator trace sample seeds are integers
PASS: each estimator trace run has contiguous sample indices
PASS: each estimator trace run uses the saved approximately 10 ms grid
PASS: parameter-transfer sample seeds are numeric
PASS: parameter-transfer sample seeds are finite
PASS: parameter-transfer sample seeds are integers
PASS: parameter_variation_fixed_nominal_observer/25/auxiliary_LSTM records one consistent failure marker
PASS: runtime sample indices are in range for parameter_variation_fixed_nominal_observer/25/auxiliary_LSTM
PASS: estimator trace covers parameter_variation_fixed_nominal_observer test run 28
PASS: estimator trace sample seeds are numeric
PASS: estimator trace sample seeds are finite
PASS: estimator trace sample seeds are integers
PASS: each estimator trace run has contiguous sample indices
PASS: each estimator trace run uses the saved approximately 10 ms grid
PASS: parameter-transfer sample seeds are numeric
PASS: parameter-transfer sample seeds are finite
PASS: parameter-transfer sample seeds are integers
PASS: parameter_variation_fixed_nominal_observer/28/auxiliary_LSTM records one consistent failure marker
PASS: runtime sample indices are in range for parameter_variation_fixed_nominal_observer/28/auxiliary_LSTM
PASS: parameter_variation_fixed_nominal_observer/auxiliary_LSTM/load_change sample_count recomputes
PASS: parameter_variation_fixed_nominal_observer/auxiliary_LSTM/load_change trajectory_count recomputes
PASS: parameter_variation_fixed_nominal_observer/auxiliary_LSTM/load_change finite_sample_count recomputes
PASS: parameter_variation_fixed_nominal_observer/auxiliary_LSTM/load_change nonfinite_sample_count recomputes
PASS: parameter_variation_fixed_nominal_observer/auxiliary_LSTM/load_change finite_fraction preserves empty-stratum NaN
PASS: parameter_variation_fixed_nominal_observer/auxiliary_LSTM/load_change rmse_rad_s preserves empty-stratum NaN
PASS: parameter_variation_fixed_nominal_observer/auxiliary_LSTM/load_change mae_rad_s preserves empty-stratum NaN
PASS: parameter_variation_fixed_nominal_observer/auxiliary_LSTM/load_change bias_rad_s preserves empty-stratum NaN
PASS: parameter_variation_fixed_nominal_observer/auxiliary_LSTM/load_change numerical_failure_count recomputes
PASS: parameter_variation_fixed_nominal_observer/auxiliary_LSTM/load_change failure_run_count recomputes
PASS: parameter_variation_fixed_nominal_observer/auxiliary_LSTM/load_change runtime_sample_count recomputes
PASS: parameter_variation_fixed_nominal_observer/auxiliary_LSTM/load_change runtime_mean_us preserves empty-stratum NaN
PASS: parameter_variation_fixed_nominal_observer/auxiliary_LSTM/load_change runtime_p50_us preserves empty-stratum NaN
PASS: parameter_variation_fixed_nominal_observer/auxiliary_LSTM/load_change runtime_p95_us preserves empty-stratum NaN
PASS: parameter_variation_fixed_nominal_observer/auxiliary_LSTM/load_change runtime_p99_us preserves empty-stratum NaN
PASS: parameter_variation_fixed_nominal_observer/auxiliary_LSTM/load_change runtime_max_us preserves empty-stratum NaN
PASS: estimator trace covers parameter_variation_fixed_nominal_observer test run 8
PASS: estimator trace sample seeds are numeric
PASS: estimator trace sample seeds are finite
PASS: estimator trace sample seeds are integers
PASS: each estimator trace run has contiguous sample indices
PASS: each estimator trace run uses the saved approximately 10 ms grid
PASS: parameter-transfer sample seeds are numeric
PASS: parameter-transfer sample seeds are finite
PASS: parameter-transfer sample seeds are integers
PASS: parameter_variation_fixed_nominal_observer/8/EKF records one consistent failure marker
PASS: runtime sample indices are in range for parameter_variation_fixed_nominal_observer/8/EKF
PASS: estimator trace covers parameter_variation_fixed_nominal_observer test run 15
PASS: estimator trace sample seeds are numeric
PASS: estimator trace sample seeds are finite
PASS: estimator trace sample seeds are integers
PASS: each estimator trace run has contiguous sample indices
PASS: each estimator trace run uses the saved approximately 10 ms grid
PASS: parameter-transfer sample seeds are numeric
PASS: parameter-transfer sample seeds are finite
PASS: parameter-transfer sample seeds are integers
PASS: parameter_variation_fixed_nominal_observer/15/EKF records one consistent failure marker
PASS: runtime sample indices are in range for parameter_variation_fixed_nominal_observer/15/EKF
PASS: estimator trace covers parameter_variation_fixed_nominal_observer test run 17
PASS: estimator trace sample seeds are numeric
PASS: estimator trace sample seeds are finite
PASS: estimator trace sample seeds are integers
PASS: each estimator trace run has contiguous sample indices
PASS: each estimator trace run uses the saved approximately 10 ms grid
PASS: parameter-transfer sample seeds are numeric
PASS: parameter-transfer sample seeds are finite
PASS: parameter-transfer sample seeds are integers
PASS: parameter_variation_fixed_nominal_observer/17/EKF records one consistent failure marker
PASS: runtime sample indices are in range for parameter_variation_fixed_nominal_observer/17/EKF
PASS: estimator trace covers parameter_variation_fixed_nominal_observer test run 22
PASS: estimator trace sample seeds are numeric
PASS: estimator trace sample seeds are finite
PASS: estimator trace sample seeds are integers
PASS: each estimator trace run has contiguous sample indices
PASS: each estimator trace run uses the saved approximately 10 ms grid
PASS: parameter-transfer sample seeds are numeric
PASS: parameter-transfer sample seeds are finite
PASS: parameter-transfer sample seeds are integers
PASS: parameter_variation_fixed_nominal_observer/22/EKF records one consistent failure marker
PASS: runtime sample indices are in range for parameter_variation_fixed_nominal_observer/22/EKF
PASS: estimator trace covers parameter_variation_fixed_nominal_observer test run 25
PASS: estimator trace sample seeds are numeric
PASS: estimator trace sample seeds are finite
PASS: estimator trace sample seeds are integers
PASS: each estimator trace run has contiguous sample indices
PASS: each estimator trace run uses the saved approximately 10 ms grid
PASS: parameter-transfer sample seeds are numeric
PASS: parameter-transfer sample seeds are finite
PASS: parameter-transfer sample seeds are integers
PASS: parameter_variation_fixed_nominal_observer/25/EKF records one consistent failure marker
PASS: runtime sample indices are in range for parameter_variation_fixed_nominal_observer/25/EKF
PASS: estimator trace covers parameter_variation_fixed_nominal_observer test run 28
PASS: estimator trace sample seeds are numeric
PASS: estimator trace sample seeds are finite
PASS: estimator trace sample seeds are integers
PASS: each estimator trace run has contiguous sample indices
PASS: each estimator trace run uses the saved approximately 10 ms grid
PASS: parameter-transfer sample seeds are numeric
PASS: parameter-transfer sample seeds are finite
PASS: parameter-transfer sample seeds are integers
PASS: parameter_variation_fixed_nominal_observer/28/EKF records one consistent failure marker
PASS: runtime sample indices are in range for parameter_variation_fixed_nominal_observer/28/EKF
PASS: parameter_variation_fixed_nominal_observer/EKF/low_current sample_count recomputes
PASS: parameter_variation_fixed_nominal_observer/EKF/low_current trajectory_count recomputes
PASS: parameter_variation_fixed_nominal_observer/EKF/low_current finite_sample_count recomputes
PASS: parameter_variation_fixed_nominal_observer/EKF/low_current nonfinite_sample_count recomputes
PASS: parameter_variation_fixed_nominal_observer/EKF/low_current finite_fraction recomputes
PASS: parameter_variation_fixed_nominal_observer/EKF/low_current rmse_rad_s recomputes
PASS: parameter_variation_fixed_nominal_observer/EKF/low_current mae_rad_s recomputes
PASS: parameter_variation_fixed_nominal_observer/EKF/low_current bias_rad_s recomputes
PASS: parameter_variation_fixed_nominal_observer/EKF/low_current numerical_failure_count recomputes
PASS: parameter_variation_fixed_nominal_observer/EKF/low_current failure_run_count recomputes
PASS: parameter_variation_fixed_nominal_observer/EKF/low_current runtime_sample_count recomputes
PASS: parameter_variation_fixed_nominal_observer/EKF/low_current runtime_mean_us recomputes
PASS: parameter_variation_fixed_nominal_observer/EKF/low_current runtime_p50_us recomputes
PASS: parameter_variation_fixed_nominal_observer/EKF/low_current runtime_p95_us recomputes
PASS: parameter_variation_fixed_nominal_observer/EKF/low_current runtime_p99_us recomputes
PASS: parameter_variation_fixed_nominal_observer/EKF/low_current runtime_max_us recomputes
PASS: estimator trace covers parameter_variation_fixed_nominal_observer test run 8
PASS: estimator trace sample seeds are numeric
PASS: estimator trace sample seeds are finite
PASS: estimator trace sample seeds are integers
PASS: each estimator trace run has contiguous sample indices
PASS: each estimator trace run uses the saved approximately 10 ms grid
PASS: parameter-transfer sample seeds are numeric
PASS: parameter-transfer sample seeds are finite
PASS: parameter-transfer sample seeds are integers
PASS: parameter_variation_fixed_nominal_observer/8/auxiliary_LSTM records one consistent failure marker
PASS: runtime sample indices are in range for parameter_variation_fixed_nominal_observer/8/auxiliary_LSTM
PASS: estimator trace covers parameter_variation_fixed_nominal_observer test run 15
PASS: estimator trace sample seeds are numeric
PASS: estimator trace sample seeds are finite
PASS: estimator trace sample seeds are integers
PASS: each estimator trace run has contiguous sample indices
PASS: each estimator trace run uses the saved approximately 10 ms grid
PASS: parameter-transfer sample seeds are numeric
PASS: parameter-transfer sample seeds are finite
PASS: parameter-transfer sample seeds are integers
PASS: parameter_variation_fixed_nominal_observer/15/auxiliary_LSTM records one consistent failure marker
PASS: runtime sample indices are in range for parameter_variation_fixed_nominal_observer/15/auxiliary_LSTM
PASS: estimator trace covers parameter_variation_fixed_nominal_observer test run 17
PASS: estimator trace sample seeds are numeric
PASS: estimator trace sample seeds are finite
PASS: estimator trace sample seeds are integers
PASS: each estimator trace run has contiguous sample indices
PASS: each estimator trace run uses the saved approximately 10 ms grid
PASS: parameter-transfer sample seeds are numeric
PASS: parameter-transfer sample seeds are finite
PASS: parameter-transfer sample seeds are integers
PASS: parameter_variation_fixed_nominal_observer/17/auxiliary_LSTM records one consistent failure marker
PASS: runtime sample indices are in range for parameter_variation_fixed_nominal_observer/17/auxiliary_LSTM
PASS: estimator trace covers parameter_variation_fixed_nominal_observer test run 22
PASS: estimator trace sample seeds are numeric
PASS: estimator trace sample seeds are finite
PASS: estimator trace sample seeds are integers
PASS: each estimator trace run has contiguous sample indices
PASS: each estimator trace run uses the saved approximately 10 ms grid
PASS: parameter-transfer sample seeds are numeric
PASS: parameter-transfer sample seeds are finite
PASS: parameter-transfer sample seeds are integers
PASS: parameter_variation_fixed_nominal_observer/22/auxiliary_LSTM records one consistent failure marker
PASS: runtime sample indices are in range for parameter_variation_fixed_nominal_observer/22/auxiliary_LSTM
PASS: estimator trace covers parameter_variation_fixed_nominal_observer test run 25
PASS: estimator trace sample seeds are numeric
PASS: estimator trace sample seeds are finite
PASS: estimator trace sample seeds are integers
PASS: each estimator trace run has contiguous sample indices
PASS: each estimator trace run uses the saved approximately 10 ms grid
PASS: parameter-transfer sample seeds are numeric
PASS: parameter-transfer sample seeds are finite
PASS: parameter-transfer sample seeds are integers
PASS: parameter_variation_fixed_nominal_observer/25/auxiliary_LSTM records one consistent failure marker
PASS: runtime sample indices are in range for parameter_variation_fixed_nominal_observer/25/auxiliary_LSTM
PASS: estimator trace covers parameter_variation_fixed_nominal_observer test run 28
PASS: estimator trace sample seeds are numeric
PASS: estimator trace sample seeds are finite
PASS: estimator trace sample seeds are integers
PASS: each estimator trace run has contiguous sample indices
PASS: each estimator trace run uses the saved approximately 10 ms grid
PASS: parameter-transfer sample seeds are numeric
PASS: parameter-transfer sample seeds are finite
PASS: parameter-transfer sample seeds are integers
PASS: parameter_variation_fixed_nominal_observer/28/auxiliary_LSTM records one consistent failure marker
PASS: runtime sample indices are in range for parameter_variation_fixed_nominal_observer/28/auxiliary_LSTM
PASS: parameter_variation_fixed_nominal_observer/auxiliary_LSTM/low_current sample_count recomputes
PASS: parameter_variation_fixed_nominal_observer/auxiliary_LSTM/low_current trajectory_count recomputes
PASS: parameter_variation_fixed_nominal_observer/auxiliary_LSTM/low_current finite_sample_count recomputes
PASS: parameter_variation_fixed_nominal_observer/auxiliary_LSTM/low_current nonfinite_sample_count recomputes
PASS: parameter_variation_fixed_nominal_observer/auxiliary_LSTM/low_current finite_fraction recomputes
PASS: parameter_variation_fixed_nominal_observer/auxiliary_LSTM/low_current rmse_rad_s recomputes
PASS: parameter_variation_fixed_nominal_observer/auxiliary_LSTM/low_current mae_rad_s recomputes
PASS: parameter_variation_fixed_nominal_observer/auxiliary_LSTM/low_current bias_rad_s recomputes
PASS: parameter_variation_fixed_nominal_observer/auxiliary_LSTM/low_current numerical_failure_count recomputes
PASS: parameter_variation_fixed_nominal_observer/auxiliary_LSTM/low_current failure_run_count recomputes
PASS: parameter_variation_fixed_nominal_observer/auxiliary_LSTM/low_current runtime_sample_count recomputes
PASS: parameter_variation_fixed_nominal_observer/auxiliary_LSTM/low_current runtime_mean_us recomputes
PASS: parameter_variation_fixed_nominal_observer/auxiliary_LSTM/low_current runtime_p50_us recomputes
PASS: parameter_variation_fixed_nominal_observer/auxiliary_LSTM/low_current runtime_p95_us recomputes
PASS: parameter_variation_fixed_nominal_observer/auxiliary_LSTM/low_current runtime_p99_us recomputes
PASS: parameter_variation_fixed_nominal_observer/auxiliary_LSTM/low_current runtime_max_us recomputes
PASS: estimator trace covers parameter_variation_fixed_nominal_observer test run 8
PASS: estimator trace sample seeds are numeric
PASS: estimator trace sample seeds are finite
PASS: estimator trace sample seeds are integers
PASS: each estimator trace run has contiguous sample indices
PASS: each estimator trace run uses the saved approximately 10 ms grid
PASS: parameter-transfer sample seeds are numeric
PASS: parameter-transfer sample seeds are finite
PASS: parameter-transfer sample seeds are integers
PASS: parameter_variation_fixed_nominal_observer/8/EKF records one consistent failure marker
PASS: runtime sample indices are in range for parameter_variation_fixed_nominal_observer/8/EKF
PASS: estimator trace covers parameter_variation_fixed_nominal_observer test run 15
PASS: estimator trace sample seeds are numeric
PASS: estimator trace sample seeds are finite
PASS: estimator trace sample seeds are integers
PASS: each estimator trace run has contiguous sample indices
PASS: each estimator trace run uses the saved approximately 10 ms grid
PASS: parameter-transfer sample seeds are numeric
PASS: parameter-transfer sample seeds are finite
PASS: parameter-transfer sample seeds are integers
PASS: parameter_variation_fixed_nominal_observer/15/EKF records one consistent failure marker
PASS: runtime sample indices are in range for parameter_variation_fixed_nominal_observer/15/EKF
PASS: estimator trace covers parameter_variation_fixed_nominal_observer test run 17
PASS: estimator trace sample seeds are numeric
PASS: estimator trace sample seeds are finite
PASS: estimator trace sample seeds are integers
PASS: each estimator trace run has contiguous sample indices
PASS: each estimator trace run uses the saved approximately 10 ms grid
PASS: parameter-transfer sample seeds are numeric
PASS: parameter-transfer sample seeds are finite
PASS: parameter-transfer sample seeds are integers
PASS: parameter_variation_fixed_nominal_observer/17/EKF records one consistent failure marker
PASS: runtime sample indices are in range for parameter_variation_fixed_nominal_observer/17/EKF
PASS: estimator trace covers parameter_variation_fixed_nominal_observer test run 22
PASS: estimator trace sample seeds are numeric
PASS: estimator trace sample seeds are finite
PASS: estimator trace sample seeds are integers
PASS: each estimator trace run has contiguous sample indices
PASS: each estimator trace run uses the saved approximately 10 ms grid
PASS: parameter-transfer sample seeds are numeric
PASS: parameter-transfer sample seeds are finite
PASS: parameter-transfer sample seeds are integers
PASS: parameter_variation_fixed_nominal_observer/22/EKF records one consistent failure marker
PASS: runtime sample indices are in range for parameter_variation_fixed_nominal_observer/22/EKF
PASS: estimator trace covers parameter_variation_fixed_nominal_observer test run 25
PASS: estimator trace sample seeds are numeric
PASS: estimator trace sample seeds are finite
PASS: estimator trace sample seeds are integers
PASS: each estimator trace run has contiguous sample indices
PASS: each estimator trace run uses the saved approximately 10 ms grid
PASS: parameter-transfer sample seeds are numeric
PASS: parameter-transfer sample seeds are finite
PASS: parameter-transfer sample seeds are integers
PASS: parameter_variation_fixed_nominal_observer/25/EKF records one consistent failure marker
PASS: runtime sample indices are in range for parameter_variation_fixed_nominal_observer/25/EKF
PASS: estimator trace covers parameter_variation_fixed_nominal_observer test run 28
PASS: estimator trace sample seeds are numeric
PASS: estimator trace sample seeds are finite
PASS: estimator trace sample seeds are integers
PASS: each estimator trace run has contiguous sample indices
PASS: each estimator trace run uses the saved approximately 10 ms grid
PASS: parameter-transfer sample seeds are numeric
PASS: parameter-transfer sample seeds are finite
PASS: parameter-transfer sample seeds are integers
PASS: parameter_variation_fixed_nominal_observer/28/EKF records one consistent failure marker
PASS: runtime sample indices are in range for parameter_variation_fixed_nominal_observer/28/EKF
PASS: parameter_variation_fixed_nominal_observer/EKF/high_current sample_count recomputes
PASS: parameter_variation_fixed_nominal_observer/EKF/high_current trajectory_count recomputes
PASS: parameter_variation_fixed_nominal_observer/EKF/high_current finite_sample_count recomputes
PASS: parameter_variation_fixed_nominal_observer/EKF/high_current nonfinite_sample_count recomputes
PASS: parameter_variation_fixed_nominal_observer/EKF/high_current finite_fraction recomputes
PASS: parameter_variation_fixed_nominal_observer/EKF/high_current rmse_rad_s recomputes
PASS: parameter_variation_fixed_nominal_observer/EKF/high_current mae_rad_s recomputes
PASS: parameter_variation_fixed_nominal_observer/EKF/high_current bias_rad_s recomputes
PASS: parameter_variation_fixed_nominal_observer/EKF/high_current numerical_failure_count recomputes
PASS: parameter_variation_fixed_nominal_observer/EKF/high_current failure_run_count recomputes
PASS: parameter_variation_fixed_nominal_observer/EKF/high_current runtime_sample_count recomputes
PASS: parameter_variation_fixed_nominal_observer/EKF/high_current runtime_mean_us recomputes
PASS: parameter_variation_fixed_nominal_observer/EKF/high_current runtime_p50_us recomputes
PASS: parameter_variation_fixed_nominal_observer/EKF/high_current runtime_p95_us recomputes
PASS: parameter_variation_fixed_nominal_observer/EKF/high_current runtime_p99_us recomputes
PASS: parameter_variation_fixed_nominal_observer/EKF/high_current runtime_max_us recomputes
PASS: estimator trace covers parameter_variation_fixed_nominal_observer test run 8
PASS: estimator trace sample seeds are numeric
PASS: estimator trace sample seeds are finite
PASS: estimator trace sample seeds are integers
PASS: each estimator trace run has contiguous sample indices
PASS: each estimator trace run uses the saved approximately 10 ms grid
PASS: parameter-transfer sample seeds are numeric
PASS: parameter-transfer sample seeds are finite
PASS: parameter-transfer sample seeds are integers
PASS: parameter_variation_fixed_nominal_observer/8/auxiliary_LSTM records one consistent failure marker
PASS: runtime sample indices are in range for parameter_variation_fixed_nominal_observer/8/auxiliary_LSTM
PASS: estimator trace covers parameter_variation_fixed_nominal_observer test run 15
PASS: estimator trace sample seeds are numeric
PASS: estimator trace sample seeds are finite
PASS: estimator trace sample seeds are integers
PASS: each estimator trace run has contiguous sample indices
PASS: each estimator trace run uses the saved approximately 10 ms grid
PASS: parameter-transfer sample seeds are numeric
PASS: parameter-transfer sample seeds are finite
PASS: parameter-transfer sample seeds are integers
PASS: parameter_variation_fixed_nominal_observer/15/auxiliary_LSTM records one consistent failure marker
PASS: runtime sample indices are in range for parameter_variation_fixed_nominal_observer/15/auxiliary_LSTM
PASS: estimator trace covers parameter_variation_fixed_nominal_observer test run 17
PASS: estimator trace sample seeds are numeric
PASS: estimator trace sample seeds are finite
PASS: estimator trace sample seeds are integers
PASS: each estimator trace run has contiguous sample indices
PASS: each estimator trace run uses the saved approximately 10 ms grid
PASS: parameter-transfer sample seeds are numeric
PASS: parameter-transfer sample seeds are finite
PASS: parameter-transfer sample seeds are integers
PASS: parameter_variation_fixed_nominal_observer/17/auxiliary_LSTM records one consistent failure marker
PASS: runtime sample indices are in range for parameter_variation_fixed_nominal_observer/17/auxiliary_LSTM
PASS: estimator trace covers parameter_variation_fixed_nominal_observer test run 22
PASS: estimator trace sample seeds are numeric
PASS: estimator trace sample seeds are finite
PASS: estimator trace sample seeds are integers
PASS: each estimator trace run has contiguous sample indices
PASS: each estimator trace run uses the saved approximately 10 ms grid
PASS: parameter-transfer sample seeds are numeric
PASS: parameter-transfer sample seeds are finite
PASS: parameter-transfer sample seeds are integers
PASS: parameter_variation_fixed_nominal_observer/22/auxiliary_LSTM records one consistent failure marker
PASS: runtime sample indices are in range for parameter_variation_fixed_nominal_observer/22/auxiliary_LSTM
PASS: estimator trace covers parameter_variation_fixed_nominal_observer test run 25
PASS: estimator trace sample seeds are numeric
PASS: estimator trace sample seeds are finite
PASS: estimator trace sample seeds are integers
PASS: each estimator trace run has contiguous sample indices
PASS: each estimator trace run uses the saved approximately 10 ms grid
PASS: parameter-transfer sample seeds are numeric
PASS: parameter-transfer sample seeds are finite
PASS: parameter-transfer sample seeds are integers
PASS: parameter_variation_fixed_nominal_observer/25/auxiliary_LSTM records one consistent failure marker
PASS: runtime sample indices are in range for parameter_variation_fixed_nominal_observer/25/auxiliary_LSTM
PASS: estimator trace covers parameter_variation_fixed_nominal_observer test run 28
PASS: estimator trace sample seeds are numeric
PASS: estimator trace sample seeds are finite
PASS: estimator trace sample seeds are integers
PASS: each estimator trace run has contiguous sample indices
PASS: each estimator trace run uses the saved approximately 10 ms grid
PASS: parameter-transfer sample seeds are numeric
PASS: parameter-transfer sample seeds are finite
PASS: parameter-transfer sample seeds are integers
PASS: parameter_variation_fixed_nominal_observer/28/auxiliary_LSTM records one consistent failure marker
PASS: runtime sample indices are in range for parameter_variation_fixed_nominal_observer/28/auxiliary_LSTM
PASS: parameter_variation_fixed_nominal_observer/auxiliary_LSTM/high_current sample_count recomputes
PASS: parameter_variation_fixed_nominal_observer/auxiliary_LSTM/high_current trajectory_count recomputes
PASS: parameter_variation_fixed_nominal_observer/auxiliary_LSTM/high_current finite_sample_count recomputes
PASS: parameter_variation_fixed_nominal_observer/auxiliary_LSTM/high_current nonfinite_sample_count recomputes
PASS: parameter_variation_fixed_nominal_observer/auxiliary_LSTM/high_current finite_fraction recomputes
PASS: parameter_variation_fixed_nominal_observer/auxiliary_LSTM/high_current rmse_rad_s recomputes
PASS: parameter_variation_fixed_nominal_observer/auxiliary_LSTM/high_current mae_rad_s recomputes
PASS: parameter_variation_fixed_nominal_observer/auxiliary_LSTM/high_current bias_rad_s recomputes
PASS: parameter_variation_fixed_nominal_observer/auxiliary_LSTM/high_current numerical_failure_count recomputes
PASS: parameter_variation_fixed_nominal_observer/auxiliary_LSTM/high_current failure_run_count recomputes
PASS: parameter_variation_fixed_nominal_observer/auxiliary_LSTM/high_current runtime_sample_count recomputes
PASS: parameter_variation_fixed_nominal_observer/auxiliary_LSTM/high_current runtime_mean_us recomputes
PASS: parameter_variation_fixed_nominal_observer/auxiliary_LSTM/high_current runtime_p50_us recomputes
PASS: parameter_variation_fixed_nominal_observer/auxiliary_LSTM/high_current runtime_p95_us recomputes
PASS: parameter_variation_fixed_nominal_observer/auxiliary_LSTM/high_current runtime_p99_us recomputes
PASS: parameter_variation_fixed_nominal_observer/auxiliary_LSTM/high_current runtime_max_us recomputes
PASS: estimator trace covers parameter_variation_fixed_nominal_observer test run 8
PASS: estimator trace sample seeds are numeric
PASS: estimator trace sample seeds are finite
PASS: estimator trace sample seeds are integers
PASS: each estimator trace run has contiguous sample indices
PASS: each estimator trace run uses the saved approximately 10 ms grid
PASS: parameter-transfer sample seeds are numeric
PASS: parameter-transfer sample seeds are finite
PASS: parameter-transfer sample seeds are integers
PASS: parameter_variation_fixed_nominal_observer/8/EKF records one consistent failure marker
PASS: runtime sample indices are in range for parameter_variation_fixed_nominal_observer/8/EKF
PASS: estimator trace covers parameter_variation_fixed_nominal_observer test run 15
PASS: estimator trace sample seeds are numeric
PASS: estimator trace sample seeds are finite
PASS: estimator trace sample seeds are integers
PASS: each estimator trace run has contiguous sample indices
PASS: each estimator trace run uses the saved approximately 10 ms grid
PASS: parameter-transfer sample seeds are numeric
PASS: parameter-transfer sample seeds are finite
PASS: parameter-transfer sample seeds are integers
PASS: parameter_variation_fixed_nominal_observer/15/EKF records one consistent failure marker
PASS: runtime sample indices are in range for parameter_variation_fixed_nominal_observer/15/EKF
PASS: estimator trace covers parameter_variation_fixed_nominal_observer test run 17
PASS: estimator trace sample seeds are numeric
PASS: estimator trace sample seeds are finite
PASS: estimator trace sample seeds are integers
PASS: each estimator trace run has contiguous sample indices
PASS: each estimator trace run uses the saved approximately 10 ms grid
PASS: parameter-transfer sample seeds are numeric
PASS: parameter-transfer sample seeds are finite
PASS: parameter-transfer sample seeds are integers
PASS: parameter_variation_fixed_nominal_observer/17/EKF records one consistent failure marker
PASS: runtime sample indices are in range for parameter_variation_fixed_nominal_observer/17/EKF
PASS: estimator trace covers parameter_variation_fixed_nominal_observer test run 22
PASS: estimator trace sample seeds are numeric
PASS: estimator trace sample seeds are finite
PASS: estimator trace sample seeds are integers
PASS: each estimator trace run has contiguous sample indices
PASS: each estimator trace run uses the saved approximately 10 ms grid
PASS: parameter-transfer sample seeds are numeric
PASS: parameter-transfer sample seeds are finite
PASS: parameter-transfer sample seeds are integers
PASS: parameter_variation_fixed_nominal_observer/22/EKF records one consistent failure marker
PASS: runtime sample indices are in range for parameter_variation_fixed_nominal_observer/22/EKF
PASS: estimator trace covers parameter_variation_fixed_nominal_observer test run 25
PASS: estimator trace sample seeds are numeric
PASS: estimator trace sample seeds are finite
PASS: estimator trace sample seeds are integers
PASS: each estimator trace run has contiguous sample indices
PASS: each estimator trace run uses the saved approximately 10 ms grid
PASS: parameter-transfer sample seeds are numeric
PASS: parameter-transfer sample seeds are finite
PASS: parameter-transfer sample seeds are integers
PASS: parameter_variation_fixed_nominal_observer/25/EKF records one consistent failure marker
PASS: runtime sample indices are in range for parameter_variation_fixed_nominal_observer/25/EKF
PASS: estimator trace covers parameter_variation_fixed_nominal_observer test run 28
PASS: estimator trace sample seeds are numeric
PASS: estimator trace sample seeds are finite
PASS: estimator trace sample seeds are integers
PASS: each estimator trace run has contiguous sample indices
PASS: each estimator trace run uses the saved approximately 10 ms grid
PASS: parameter-transfer sample seeds are numeric
PASS: parameter-transfer sample seeds are finite
PASS: parameter-transfer sample seeds are integers
PASS: parameter_variation_fixed_nominal_observer/28/EKF records one consistent failure marker
PASS: runtime sample indices are in range for parameter_variation_fixed_nominal_observer/28/EKF
PASS: parameter_variation_fixed_nominal_observer/EKF/low_speed sample_count recomputes
PASS: parameter_variation_fixed_nominal_observer/EKF/low_speed trajectory_count recomputes
PASS: parameter_variation_fixed_nominal_observer/EKF/low_speed finite_sample_count recomputes
PASS: parameter_variation_fixed_nominal_observer/EKF/low_speed nonfinite_sample_count recomputes
PASS: parameter_variation_fixed_nominal_observer/EKF/low_speed finite_fraction recomputes
PASS: parameter_variation_fixed_nominal_observer/EKF/low_speed rmse_rad_s recomputes
PASS: parameter_variation_fixed_nominal_observer/EKF/low_speed mae_rad_s recomputes
PASS: parameter_variation_fixed_nominal_observer/EKF/low_speed bias_rad_s recomputes
PASS: parameter_variation_fixed_nominal_observer/EKF/low_speed numerical_failure_count recomputes
PASS: parameter_variation_fixed_nominal_observer/EKF/low_speed failure_run_count recomputes
PASS: parameter_variation_fixed_nominal_observer/EKF/low_speed runtime_sample_count recomputes
PASS: parameter_variation_fixed_nominal_observer/EKF/low_speed runtime_mean_us recomputes
PASS: parameter_variation_fixed_nominal_observer/EKF/low_speed runtime_p50_us recomputes
PASS: parameter_variation_fixed_nominal_observer/EKF/low_speed runtime_p95_us recomputes
PASS: parameter_variation_fixed_nominal_observer/EKF/low_speed runtime_p99_us recomputes
PASS: parameter_variation_fixed_nominal_observer/EKF/low_speed runtime_max_us recomputes
PASS: estimator trace covers parameter_variation_fixed_nominal_observer test run 8
PASS: estimator trace sample seeds are numeric
PASS: estimator trace sample seeds are finite
PASS: estimator trace sample seeds are integers
PASS: each estimator trace run has contiguous sample indices
PASS: each estimator trace run uses the saved approximately 10 ms grid
PASS: parameter-transfer sample seeds are numeric
PASS: parameter-transfer sample seeds are finite
PASS: parameter-transfer sample seeds are integers
PASS: parameter_variation_fixed_nominal_observer/8/auxiliary_LSTM records one consistent failure marker
PASS: runtime sample indices are in range for parameter_variation_fixed_nominal_observer/8/auxiliary_LSTM
PASS: estimator trace covers parameter_variation_fixed_nominal_observer test run 15
PASS: estimator trace sample seeds are numeric
PASS: estimator trace sample seeds are finite
PASS: estimator trace sample seeds are integers
PASS: each estimator trace run has contiguous sample indices
PASS: each estimator trace run uses the saved approximately 10 ms grid
PASS: parameter-transfer sample seeds are numeric
PASS: parameter-transfer sample seeds are finite
PASS: parameter-transfer sample seeds are integers
PASS: parameter_variation_fixed_nominal_observer/15/auxiliary_LSTM records one consistent failure marker
PASS: runtime sample indices are in range for parameter_variation_fixed_nominal_observer/15/auxiliary_LSTM
PASS: estimator trace covers parameter_variation_fixed_nominal_observer test run 17
PASS: estimator trace sample seeds are numeric
PASS: estimator trace sample seeds are finite
PASS: estimator trace sample seeds are integers
PASS: each estimator trace run has contiguous sample indices
PASS: each estimator trace run uses the saved approximately 10 ms grid
PASS: parameter-transfer sample seeds are numeric
PASS: parameter-transfer sample seeds are finite
PASS: parameter-transfer sample seeds are integers
PASS: parameter_variation_fixed_nominal_observer/17/auxiliary_LSTM records one consistent failure marker
PASS: runtime sample indices are in range for parameter_variation_fixed_nominal_observer/17/auxiliary_LSTM
PASS: estimator trace covers parameter_variation_fixed_nominal_observer test run 22
PASS: estimator trace sample seeds are numeric
PASS: estimator trace sample seeds are finite
PASS: estimator trace sample seeds are integers
PASS: each estimator trace run has contiguous sample indices
PASS: each estimator trace run uses the saved approximately 10 ms grid
PASS: parameter-transfer sample seeds are numeric
PASS: parameter-transfer sample seeds are finite
PASS: parameter-transfer sample seeds are integers
PASS: parameter_variation_fixed_nominal_observer/22/auxiliary_LSTM records one consistent failure marker
PASS: runtime sample indices are in range for parameter_variation_fixed_nominal_observer/22/auxiliary_LSTM
PASS: estimator trace covers parameter_variation_fixed_nominal_observer test run 25
PASS: estimator trace sample seeds are numeric
PASS: estimator trace sample seeds are finite
PASS: estimator trace sample seeds are integers
PASS: each estimator trace run has contiguous sample indices
PASS: each estimator trace run uses the saved approximately 10 ms grid
PASS: parameter-transfer sample seeds are numeric
PASS: parameter-transfer sample seeds are finite
PASS: parameter-transfer sample seeds are integers
PASS: parameter_variation_fixed_nominal_observer/25/auxiliary_LSTM records one consistent failure marker
PASS: runtime sample indices are in range for parameter_variation_fixed_nominal_observer/25/auxiliary_LSTM
PASS: estimator trace covers parameter_variation_fixed_nominal_observer test run 28
PASS: estimator trace sample seeds are numeric
PASS: estimator trace sample seeds are finite
PASS: estimator trace sample seeds are integers
PASS: each estimator trace run has contiguous sample indices
PASS: each estimator trace run uses the saved approximately 10 ms grid
PASS: parameter-transfer sample seeds are numeric
PASS: parameter-transfer sample seeds are finite
PASS: parameter-transfer sample seeds are integers
PASS: parameter_variation_fixed_nominal_observer/28/auxiliary_LSTM records one consistent failure marker
PASS: runtime sample indices are in range for parameter_variation_fixed_nominal_observer/28/auxiliary_LSTM
PASS: parameter_variation_fixed_nominal_observer/auxiliary_LSTM/low_speed sample_count recomputes
PASS: parameter_variation_fixed_nominal_observer/auxiliary_LSTM/low_speed trajectory_count recomputes
PASS: parameter_variation_fixed_nominal_observer/auxiliary_LSTM/low_speed finite_sample_count recomputes
PASS: parameter_variation_fixed_nominal_observer/auxiliary_LSTM/low_speed nonfinite_sample_count recomputes
PASS: parameter_variation_fixed_nominal_observer/auxiliary_LSTM/low_speed finite_fraction recomputes
PASS: parameter_variation_fixed_nominal_observer/auxiliary_LSTM/low_speed rmse_rad_s recomputes
PASS: parameter_variation_fixed_nominal_observer/auxiliary_LSTM/low_speed mae_rad_s recomputes
PASS: parameter_variation_fixed_nominal_observer/auxiliary_LSTM/low_speed bias_rad_s recomputes
PASS: parameter_variation_fixed_nominal_observer/auxiliary_LSTM/low_speed numerical_failure_count recomputes
PASS: parameter_variation_fixed_nominal_observer/auxiliary_LSTM/low_speed failure_run_count recomputes
PASS: parameter_variation_fixed_nominal_observer/auxiliary_LSTM/low_speed runtime_sample_count recomputes
PASS: parameter_variation_fixed_nominal_observer/auxiliary_LSTM/low_speed runtime_mean_us recomputes
PASS: parameter_variation_fixed_nominal_observer/auxiliary_LSTM/low_speed runtime_p50_us recomputes
PASS: parameter_variation_fixed_nominal_observer/auxiliary_LSTM/low_speed runtime_p95_us recomputes
PASS: parameter_variation_fixed_nominal_observer/auxiliary_LSTM/low_speed runtime_p99_us recomputes
PASS: parameter_variation_fixed_nominal_observer/auxiliary_LSTM/low_speed runtime_max_us recomputes
PASS: estimator trace covers parameter_variation_fixed_nominal_observer test run 8
PASS: estimator trace sample seeds are numeric
PASS: estimator trace sample seeds are finite
PASS: estimator trace sample seeds are integers
PASS: each estimator trace run has contiguous sample indices
PASS: each estimator trace run uses the saved approximately 10 ms grid
PASS: parameter-transfer sample seeds are numeric
PASS: parameter-transfer sample seeds are finite
PASS: parameter-transfer sample seeds are integers
PASS: parameter_variation_fixed_nominal_observer/8/EKF records one consistent failure marker
PASS: runtime sample indices are in range for parameter_variation_fixed_nominal_observer/8/EKF
PASS: estimator trace covers parameter_variation_fixed_nominal_observer test run 15
PASS: estimator trace sample seeds are numeric
PASS: estimator trace sample seeds are finite
PASS: estimator trace sample seeds are integers
PASS: each estimator trace run has contiguous sample indices
PASS: each estimator trace run uses the saved approximately 10 ms grid
PASS: parameter-transfer sample seeds are numeric
PASS: parameter-transfer sample seeds are finite
PASS: parameter-transfer sample seeds are integers
PASS: parameter_variation_fixed_nominal_observer/15/EKF records one consistent failure marker
PASS: runtime sample indices are in range for parameter_variation_fixed_nominal_observer/15/EKF
PASS: estimator trace covers parameter_variation_fixed_nominal_observer test run 17
PASS: estimator trace sample seeds are numeric
PASS: estimator trace sample seeds are finite
PASS: estimator trace sample seeds are integers
PASS: each estimator trace run has contiguous sample indices
PASS: each estimator trace run uses the saved approximately 10 ms grid
PASS: parameter-transfer sample seeds are numeric
PASS: parameter-transfer sample seeds are finite
PASS: parameter-transfer sample seeds are integers
PASS: parameter_variation_fixed_nominal_observer/17/EKF records one consistent failure marker
PASS: runtime sample indices are in range for parameter_variation_fixed_nominal_observer/17/EKF
PASS: estimator trace covers parameter_variation_fixed_nominal_observer test run 22
PASS: estimator trace sample seeds are numeric
PASS: estimator trace sample seeds are finite
PASS: estimator trace sample seeds are integers
PASS: each estimator trace run has contiguous sample indices
PASS: each estimator trace run uses the saved approximately 10 ms grid
PASS: parameter-transfer sample seeds are numeric
PASS: parameter-transfer sample seeds are finite
PASS: parameter-transfer sample seeds are integers
PASS: parameter_variation_fixed_nominal_observer/22/EKF records one consistent failure marker
PASS: runtime sample indices are in range for parameter_variation_fixed_nominal_observer/22/EKF
PASS: estimator trace covers parameter_variation_fixed_nominal_observer test run 25
PASS: estimator trace sample seeds are numeric
PASS: estimator trace sample seeds are finite
PASS: estimator trace sample seeds are integers
PASS: each estimator trace run has contiguous sample indices
PASS: each estimator trace run uses the saved approximately 10 ms grid
PASS: parameter-transfer sample seeds are numeric
PASS: parameter-transfer sample seeds are finite
PASS: parameter-transfer sample seeds are integers
PASS: parameter_variation_fixed_nominal_observer/25/EKF records one consistent failure marker
PASS: runtime sample indices are in range for parameter_variation_fixed_nominal_observer/25/EKF
PASS: estimator trace covers parameter_variation_fixed_nominal_observer test run 28
PASS: estimator trace sample seeds are numeric
PASS: estimator trace sample seeds are finite
PASS: estimator trace sample seeds are integers
PASS: each estimator trace run has contiguous sample indices
PASS: each estimator trace run uses the saved approximately 10 ms grid
PASS: parameter-transfer sample seeds are numeric
PASS: parameter-transfer sample seeds are finite
PASS: parameter-transfer sample seeds are integers
PASS: parameter_variation_fixed_nominal_observer/28/EKF records one consistent failure marker
PASS: runtime sample indices are in range for parameter_variation_fixed_nominal_observer/28/EKF
PASS: parameter_variation_fixed_nominal_observer/EKF/high_speed sample_count recomputes
PASS: parameter_variation_fixed_nominal_observer/EKF/high_speed trajectory_count recomputes
PASS: parameter_variation_fixed_nominal_observer/EKF/high_speed finite_sample_count recomputes
PASS: parameter_variation_fixed_nominal_observer/EKF/high_speed nonfinite_sample_count recomputes
PASS: parameter_variation_fixed_nominal_observer/EKF/high_speed finite_fraction recomputes
PASS: parameter_variation_fixed_nominal_observer/EKF/high_speed rmse_rad_s recomputes
PASS: parameter_variation_fixed_nominal_observer/EKF/high_speed mae_rad_s recomputes
PASS: parameter_variation_fixed_nominal_observer/EKF/high_speed bias_rad_s recomputes
PASS: parameter_variation_fixed_nominal_observer/EKF/high_speed numerical_failure_count recomputes
PASS: parameter_variation_fixed_nominal_observer/EKF/high_speed failure_run_count recomputes
PASS: parameter_variation_fixed_nominal_observer/EKF/high_speed runtime_sample_count recomputes
PASS: parameter_variation_fixed_nominal_observer/EKF/high_speed runtime_mean_us recomputes
PASS: parameter_variation_fixed_nominal_observer/EKF/high_speed runtime_p50_us recomputes
PASS: parameter_variation_fixed_nominal_observer/EKF/high_speed runtime_p95_us recomputes
PASS: parameter_variation_fixed_nominal_observer/EKF/high_speed runtime_p99_us recomputes
PASS: parameter_variation_fixed_nominal_observer/EKF/high_speed runtime_max_us recomputes
PASS: estimator trace covers parameter_variation_fixed_nominal_observer test run 8
PASS: estimator trace sample seeds are numeric
PASS: estimator trace sample seeds are finite
PASS: estimator trace sample seeds are integers
PASS: each estimator trace run has contiguous sample indices
PASS: each estimator trace run uses the saved approximately 10 ms grid
PASS: parameter-transfer sample seeds are numeric
PASS: parameter-transfer sample seeds are finite
PASS: parameter-transfer sample seeds are integers
PASS: parameter_variation_fixed_nominal_observer/8/auxiliary_LSTM records one consistent failure marker
PASS: runtime sample indices are in range for parameter_variation_fixed_nominal_observer/8/auxiliary_LSTM
PASS: estimator trace covers parameter_variation_fixed_nominal_observer test run 15
PASS: estimator trace sample seeds are numeric
PASS: estimator trace sample seeds are finite
PASS: estimator trace sample seeds are integers
PASS: each estimator trace run has contiguous sample indices
PASS: each estimator trace run uses the saved approximately 10 ms grid
PASS: parameter-transfer sample seeds are numeric
PASS: parameter-transfer sample seeds are finite
PASS: parameter-transfer sample seeds are integers
PASS: parameter_variation_fixed_nominal_observer/15/auxiliary_LSTM records one consistent failure marker
PASS: runtime sample indices are in range for parameter_variation_fixed_nominal_observer/15/auxiliary_LSTM
PASS: estimator trace covers parameter_variation_fixed_nominal_observer test run 17
PASS: estimator trace sample seeds are numeric
PASS: estimator trace sample seeds are finite
PASS: estimator trace sample seeds are integers
PASS: each estimator trace run has contiguous sample indices
PASS: each estimator trace run uses the saved approximately 10 ms grid
PASS: parameter-transfer sample seeds are numeric
PASS: parameter-transfer sample seeds are finite
PASS: parameter-transfer sample seeds are integers
PASS: parameter_variation_fixed_nominal_observer/17/auxiliary_LSTM records one consistent failure marker
PASS: runtime sample indices are in range for parameter_variation_fixed_nominal_observer/17/auxiliary_LSTM
PASS: estimator trace covers parameter_variation_fixed_nominal_observer test run 22
PASS: estimator trace sample seeds are numeric
PASS: estimator trace sample seeds are finite
PASS: estimator trace sample seeds are integers
PASS: each estimator trace run has contiguous sample indices
PASS: each estimator trace run uses the saved approximately 10 ms grid
PASS: parameter-transfer sample seeds are numeric
PASS: parameter-transfer sample seeds are finite
PASS: parameter-transfer sample seeds are integers
PASS: parameter_variation_fixed_nominal_observer/22/auxiliary_LSTM records one consistent failure marker
PASS: runtime sample indices are in range for parameter_variation_fixed_nominal_observer/22/auxiliary_LSTM
PASS: estimator trace covers parameter_variation_fixed_nominal_observer test run 25
PASS: estimator trace sample seeds are numeric
PASS: estimator trace sample seeds are finite
PASS: estimator trace sample seeds are integers
PASS: each estimator trace run has contiguous sample indices
PASS: each estimator trace run uses the saved approximately 10 ms grid
PASS: parameter-transfer sample seeds are numeric
PASS: parameter-transfer sample seeds are finite
PASS: parameter-transfer sample seeds are integers
PASS: parameter_variation_fixed_nominal_observer/25/auxiliary_LSTM records one consistent failure marker
PASS: runtime sample indices are in range for parameter_variation_fixed_nominal_observer/25/auxiliary_LSTM
PASS: estimator trace covers parameter_variation_fixed_nominal_observer test run 28
PASS: estimator trace sample seeds are numeric
PASS: estimator trace sample seeds are finite
PASS: estimator trace sample seeds are integers
PASS: each estimator trace run has contiguous sample indices
PASS: each estimator trace run uses the saved approximately 10 ms grid
PASS: parameter-transfer sample seeds are numeric
PASS: parameter-transfer sample seeds are finite
PASS: parameter-transfer sample seeds are integers
PASS: parameter_variation_fixed_nominal_observer/28/auxiliary_LSTM records one consistent failure marker
PASS: runtime sample indices are in range for parameter_variation_fixed_nominal_observer/28/auxiliary_LSTM
PASS: parameter_variation_fixed_nominal_observer/auxiliary_LSTM/high_speed sample_count recomputes
PASS: parameter_variation_fixed_nominal_observer/auxiliary_LSTM/high_speed trajectory_count recomputes
PASS: parameter_variation_fixed_nominal_observer/auxiliary_LSTM/high_speed finite_sample_count recomputes
PASS: parameter_variation_fixed_nominal_observer/auxiliary_LSTM/high_speed nonfinite_sample_count recomputes
PASS: parameter_variation_fixed_nominal_observer/auxiliary_LSTM/high_speed finite_fraction recomputes
PASS: parameter_variation_fixed_nominal_observer/auxiliary_LSTM/high_speed rmse_rad_s recomputes
PASS: parameter_variation_fixed_nominal_observer/auxiliary_LSTM/high_speed mae_rad_s recomputes
PASS: parameter_variation_fixed_nominal_observer/auxiliary_LSTM/high_speed bias_rad_s recomputes
PASS: parameter_variation_fixed_nominal_observer/auxiliary_LSTM/high_speed numerical_failure_count recomputes
PASS: parameter_variation_fixed_nominal_observer/auxiliary_LSTM/high_speed failure_run_count recomputes
PASS: parameter_variation_fixed_nominal_observer/auxiliary_LSTM/high_speed runtime_sample_count recomputes
PASS: parameter_variation_fixed_nominal_observer/auxiliary_LSTM/high_speed runtime_mean_us recomputes
PASS: parameter_variation_fixed_nominal_observer/auxiliary_LSTM/high_speed runtime_p50_us recomputes
PASS: parameter_variation_fixed_nominal_observer/auxiliary_LSTM/high_speed runtime_p95_us recomputes
PASS: parameter_variation_fixed_nominal_observer/auxiliary_LSTM/high_speed runtime_p99_us recomputes
PASS: parameter_variation_fixed_nominal_observer/auxiliary_LSTM/high_speed runtime_max_us recomputes
PASS: estimator trace covers parameter_variation_fixed_nominal_observer test run 8
PASS: estimator trace sample seeds are numeric
PASS: estimator trace sample seeds are finite
PASS: estimator trace sample seeds are integers
PASS: each estimator trace run has contiguous sample indices
PASS: each estimator trace run uses the saved approximately 10 ms grid
PASS: parameter-transfer sample seeds are numeric
PASS: parameter-transfer sample seeds are finite
PASS: parameter-transfer sample seeds are integers
PASS: parameter_variation_fixed_nominal_observer/8/EKF records one consistent failure marker
PASS: runtime sample indices are in range for parameter_variation_fixed_nominal_observer/8/EKF
PASS: estimator trace covers parameter_variation_fixed_nominal_observer test run 15
PASS: estimator trace sample seeds are numeric
PASS: estimator trace sample seeds are finite
PASS: estimator trace sample seeds are integers
PASS: each estimator trace run has contiguous sample indices
PASS: each estimator trace run uses the saved approximately 10 ms grid
PASS: parameter-transfer sample seeds are numeric
PASS: parameter-transfer sample seeds are finite
PASS: parameter-transfer sample seeds are integers
PASS: parameter_variation_fixed_nominal_observer/15/EKF records one consistent failure marker
PASS: runtime sample indices are in range for parameter_variation_fixed_nominal_observer/15/EKF
PASS: estimator trace covers parameter_variation_fixed_nominal_observer test run 17
PASS: estimator trace sample seeds are numeric
PASS: estimator trace sample seeds are finite
PASS: estimator trace sample seeds are integers
PASS: each estimator trace run has contiguous sample indices
PASS: each estimator trace run uses the saved approximately 10 ms grid
PASS: parameter-transfer sample seeds are numeric
PASS: parameter-transfer sample seeds are finite
PASS: parameter-transfer sample seeds are integers
PASS: parameter_variation_fixed_nominal_observer/17/EKF records one consistent failure marker
PASS: runtime sample indices are in range for parameter_variation_fixed_nominal_observer/17/EKF
PASS: estimator trace covers parameter_variation_fixed_nominal_observer test run 22
PASS: estimator trace sample seeds are numeric
PASS: estimator trace sample seeds are finite
PASS: estimator trace sample seeds are integers
PASS: each estimator trace run has contiguous sample indices
PASS: each estimator trace run uses the saved approximately 10 ms grid
PASS: parameter-transfer sample seeds are numeric
PASS: parameter-transfer sample seeds are finite
PASS: parameter-transfer sample seeds are integers
PASS: parameter_variation_fixed_nominal_observer/22/EKF records one consistent failure marker
PASS: runtime sample indices are in range for parameter_variation_fixed_nominal_observer/22/EKF
PASS: estimator trace covers parameter_variation_fixed_nominal_observer test run 25
PASS: estimator trace sample seeds are numeric
PASS: estimator trace sample seeds are finite
PASS: estimator trace sample seeds are integers
PASS: each estimator trace run has contiguous sample indices
PASS: each estimator trace run uses the saved approximately 10 ms grid
PASS: parameter-transfer sample seeds are numeric
PASS: parameter-transfer sample seeds are finite
PASS: parameter-transfer sample seeds are integers
PASS: parameter_variation_fixed_nominal_observer/25/EKF records one consistent failure marker
PASS: runtime sample indices are in range for parameter_variation_fixed_nominal_observer/25/EKF
PASS: estimator trace covers parameter_variation_fixed_nominal_observer test run 28
PASS: estimator trace sample seeds are numeric
PASS: estimator trace sample seeds are finite
PASS: estimator trace sample seeds are integers
PASS: each estimator trace run has contiguous sample indices
PASS: each estimator trace run uses the saved approximately 10 ms grid
PASS: parameter-transfer sample seeds are numeric
PASS: parameter-transfer sample seeds are finite
PASS: parameter-transfer sample seeds are integers
PASS: parameter_variation_fixed_nominal_observer/28/EKF records one consistent failure marker
PASS: runtime sample indices are in range for parameter_variation_fixed_nominal_observer/28/EKF
PASS: parameter_variation_fixed_nominal_observer/EKF/low_acceleration sample_count recomputes
PASS: parameter_variation_fixed_nominal_observer/EKF/low_acceleration trajectory_count recomputes
PASS: parameter_variation_fixed_nominal_observer/EKF/low_acceleration finite_sample_count recomputes
PASS: parameter_variation_fixed_nominal_observer/EKF/low_acceleration nonfinite_sample_count recomputes
PASS: parameter_variation_fixed_nominal_observer/EKF/low_acceleration finite_fraction recomputes
PASS: parameter_variation_fixed_nominal_observer/EKF/low_acceleration rmse_rad_s recomputes
PASS: parameter_variation_fixed_nominal_observer/EKF/low_acceleration mae_rad_s recomputes
PASS: parameter_variation_fixed_nominal_observer/EKF/low_acceleration bias_rad_s recomputes
PASS: parameter_variation_fixed_nominal_observer/EKF/low_acceleration numerical_failure_count recomputes
PASS: parameter_variation_fixed_nominal_observer/EKF/low_acceleration failure_run_count recomputes
PASS: parameter_variation_fixed_nominal_observer/EKF/low_acceleration runtime_sample_count recomputes
PASS: parameter_variation_fixed_nominal_observer/EKF/low_acceleration runtime_mean_us recomputes
PASS: parameter_variation_fixed_nominal_observer/EKF/low_acceleration runtime_p50_us recomputes
PASS: parameter_variation_fixed_nominal_observer/EKF/low_acceleration runtime_p95_us recomputes
PASS: parameter_variation_fixed_nominal_observer/EKF/low_acceleration runtime_p99_us recomputes
PASS: parameter_variation_fixed_nominal_observer/EKF/low_acceleration runtime_max_us recomputes
PASS: estimator trace covers parameter_variation_fixed_nominal_observer test run 8
PASS: estimator trace sample seeds are numeric
PASS: estimator trace sample seeds are finite
PASS: estimator trace sample seeds are integers
PASS: each estimator trace run has contiguous sample indices
PASS: each estimator trace run uses the saved approximately 10 ms grid
PASS: parameter-transfer sample seeds are numeric
PASS: parameter-transfer sample seeds are finite
PASS: parameter-transfer sample seeds are integers
PASS: parameter_variation_fixed_nominal_observer/8/auxiliary_LSTM records one consistent failure marker
PASS: runtime sample indices are in range for parameter_variation_fixed_nominal_observer/8/auxiliary_LSTM
PASS: estimator trace covers parameter_variation_fixed_nominal_observer test run 15
PASS: estimator trace sample seeds are numeric
PASS: estimator trace sample seeds are finite
PASS: estimator trace sample seeds are integers
PASS: each estimator trace run has contiguous sample indices
PASS: each estimator trace run uses the saved approximately 10 ms grid
PASS: parameter-transfer sample seeds are numeric
PASS: parameter-transfer sample seeds are finite
PASS: parameter-transfer sample seeds are integers
PASS: parameter_variation_fixed_nominal_observer/15/auxiliary_LSTM records one consistent failure marker
PASS: runtime sample indices are in range for parameter_variation_fixed_nominal_observer/15/auxiliary_LSTM
PASS: estimator trace covers parameter_variation_fixed_nominal_observer test run 17
PASS: estimator trace sample seeds are numeric
PASS: estimator trace sample seeds are finite
PASS: estimator trace sample seeds are integers
PASS: each estimator trace run has contiguous sample indices
PASS: each estimator trace run uses the saved approximately 10 ms grid
PASS: parameter-transfer sample seeds are numeric
PASS: parameter-transfer sample seeds are finite
PASS: parameter-transfer sample seeds are integers
PASS: parameter_variation_fixed_nominal_observer/17/auxiliary_LSTM records one consistent failure marker
PASS: runtime sample indices are in range for parameter_variation_fixed_nominal_observer/17/auxiliary_LSTM
PASS: estimator trace covers parameter_variation_fixed_nominal_observer test run 22
PASS: estimator trace sample seeds are numeric
PASS: estimator trace sample seeds are finite
PASS: estimator trace sample seeds are integers
PASS: each estimator trace run has contiguous sample indices
PASS: each estimator trace run uses the saved approximately 10 ms grid
PASS: parameter-transfer sample seeds are numeric
PASS: parameter-transfer sample seeds are finite
PASS: parameter-transfer sample seeds are integers
PASS: parameter_variation_fixed_nominal_observer/22/auxiliary_LSTM records one consistent failure marker
PASS: runtime sample indices are in range for parameter_variation_fixed_nominal_observer/22/auxiliary_LSTM
PASS: estimator trace covers parameter_variation_fixed_nominal_observer test run 25
PASS: estimator trace sample seeds are numeric
PASS: estimator trace sample seeds are finite
PASS: estimator trace sample seeds are integers
PASS: each estimator trace run has contiguous sample indices
PASS: each estimator trace run uses the saved approximately 10 ms grid
PASS: parameter-transfer sample seeds are numeric
PASS: parameter-transfer sample seeds are finite
PASS: parameter-transfer sample seeds are integers
PASS: parameter_variation_fixed_nominal_observer/25/auxiliary_LSTM records one consistent failure marker
PASS: runtime sample indices are in range for parameter_variation_fixed_nominal_observer/25/auxiliary_LSTM
PASS: estimator trace covers parameter_variation_fixed_nominal_observer test run 28
PASS: estimator trace sample seeds are numeric
PASS: estimator trace sample seeds are finite
PASS: estimator trace sample seeds are integers
PASS: each estimator trace run has contiguous sample indices
PASS: each estimator trace run uses the saved approximately 10 ms grid
PASS: parameter-transfer sample seeds are numeric
PASS: parameter-transfer sample seeds are finite
PASS: parameter-transfer sample seeds are integers
PASS: parameter_variation_fixed_nominal_observer/28/auxiliary_LSTM records one consistent failure marker
PASS: runtime sample indices are in range for parameter_variation_fixed_nominal_observer/28/auxiliary_LSTM
PASS: parameter_variation_fixed_nominal_observer/auxiliary_LSTM/low_acceleration sample_count recomputes
PASS: parameter_variation_fixed_nominal_observer/auxiliary_LSTM/low_acceleration trajectory_count recomputes
PASS: parameter_variation_fixed_nominal_observer/auxiliary_LSTM/low_acceleration finite_sample_count recomputes
PASS: parameter_variation_fixed_nominal_observer/auxiliary_LSTM/low_acceleration nonfinite_sample_count recomputes
PASS: parameter_variation_fixed_nominal_observer/auxiliary_LSTM/low_acceleration finite_fraction recomputes
PASS: parameter_variation_fixed_nominal_observer/auxiliary_LSTM/low_acceleration rmse_rad_s recomputes
PASS: parameter_variation_fixed_nominal_observer/auxiliary_LSTM/low_acceleration mae_rad_s recomputes
PASS: parameter_variation_fixed_nominal_observer/auxiliary_LSTM/low_acceleration bias_rad_s recomputes
PASS: parameter_variation_fixed_nominal_observer/auxiliary_LSTM/low_acceleration numerical_failure_count recomputes
PASS: parameter_variation_fixed_nominal_observer/auxiliary_LSTM/low_acceleration failure_run_count recomputes
PASS: parameter_variation_fixed_nominal_observer/auxiliary_LSTM/low_acceleration runtime_sample_count recomputes
PASS: parameter_variation_fixed_nominal_observer/auxiliary_LSTM/low_acceleration runtime_mean_us recomputes
PASS: parameter_variation_fixed_nominal_observer/auxiliary_LSTM/low_acceleration runtime_p50_us recomputes
PASS: parameter_variation_fixed_nominal_observer/auxiliary_LSTM/low_acceleration runtime_p95_us recomputes
PASS: parameter_variation_fixed_nominal_observer/auxiliary_LSTM/low_acceleration runtime_p99_us recomputes
PASS: parameter_variation_fixed_nominal_observer/auxiliary_LSTM/low_acceleration runtime_max_us recomputes
PASS: estimator trace covers parameter_variation_fixed_nominal_observer test run 8
PASS: estimator trace sample seeds are numeric
PASS: estimator trace sample seeds are finite
PASS: estimator trace sample seeds are integers
PASS: each estimator trace run has contiguous sample indices
PASS: each estimator trace run uses the saved approximately 10 ms grid
PASS: parameter-transfer sample seeds are numeric
PASS: parameter-transfer sample seeds are finite
PASS: parameter-transfer sample seeds are integers
PASS: parameter_variation_fixed_nominal_observer/8/EKF records one consistent failure marker
PASS: runtime sample indices are in range for parameter_variation_fixed_nominal_observer/8/EKF
PASS: estimator trace covers parameter_variation_fixed_nominal_observer test run 15
PASS: estimator trace sample seeds are numeric
PASS: estimator trace sample seeds are finite
PASS: estimator trace sample seeds are integers
PASS: each estimator trace run has contiguous sample indices
PASS: each estimator trace run uses the saved approximately 10 ms grid
PASS: parameter-transfer sample seeds are numeric
PASS: parameter-transfer sample seeds are finite
PASS: parameter-transfer sample seeds are integers
PASS: parameter_variation_fixed_nominal_observer/15/EKF records one consistent failure marker
PASS: runtime sample indices are in range for parameter_variation_fixed_nominal_observer/15/EKF
PASS: estimator trace covers parameter_variation_fixed_nominal_observer test run 17
PASS: estimator trace sample seeds are numeric
PASS: estimator trace sample seeds are finite
PASS: estimator trace sample seeds are integers
PASS: each estimator trace run has contiguous sample indices
PASS: each estimator trace run uses the saved approximately 10 ms grid
PASS: parameter-transfer sample seeds are numeric
PASS: parameter-transfer sample seeds are finite
PASS: parameter-transfer sample seeds are integers
PASS: parameter_variation_fixed_nominal_observer/17/EKF records one consistent failure marker
PASS: runtime sample indices are in range for parameter_variation_fixed_nominal_observer/17/EKF
PASS: estimator trace covers parameter_variation_fixed_nominal_observer test run 22
PASS: estimator trace sample seeds are numeric
PASS: estimator trace sample seeds are finite
PASS: estimator trace sample seeds are integers
PASS: each estimator trace run has contiguous sample indices
PASS: each estimator trace run uses the saved approximately 10 ms grid
PASS: parameter-transfer sample seeds are numeric
PASS: parameter-transfer sample seeds are finite
PASS: parameter-transfer sample seeds are integers
PASS: parameter_variation_fixed_nominal_observer/22/EKF records one consistent failure marker
PASS: runtime sample indices are in range for parameter_variation_fixed_nominal_observer/22/EKF
PASS: estimator trace covers parameter_variation_fixed_nominal_observer test run 25
PASS: estimator trace sample seeds are numeric
PASS: estimator trace sample seeds are finite
PASS: estimator trace sample seeds are integers
PASS: each estimator trace run has contiguous sample indices
PASS: each estimator trace run uses the saved approximately 10 ms grid
PASS: parameter-transfer sample seeds are numeric
PASS: parameter-transfer sample seeds are finite
PASS: parameter-transfer sample seeds are integers
PASS: parameter_variation_fixed_nominal_observer/25/EKF records one consistent failure marker
PASS: runtime sample indices are in range for parameter_variation_fixed_nominal_observer/25/EKF
PASS: estimator trace covers parameter_variation_fixed_nominal_observer test run 28
PASS: estimator trace sample seeds are numeric
PASS: estimator trace sample seeds are finite
PASS: estimator trace sample seeds are integers
PASS: each estimator trace run has contiguous sample indices
PASS: each estimator trace run uses the saved approximately 10 ms grid
PASS: parameter-transfer sample seeds are numeric
PASS: parameter-transfer sample seeds are finite
PASS: parameter-transfer sample seeds are integers
PASS: parameter_variation_fixed_nominal_observer/28/EKF records one consistent failure marker
PASS: runtime sample indices are in range for parameter_variation_fixed_nominal_observer/28/EKF
PASS: parameter_variation_fixed_nominal_observer/EKF/high_acceleration sample_count recomputes
PASS: parameter_variation_fixed_nominal_observer/EKF/high_acceleration trajectory_count recomputes
PASS: parameter_variation_fixed_nominal_observer/EKF/high_acceleration finite_sample_count recomputes
PASS: parameter_variation_fixed_nominal_observer/EKF/high_acceleration nonfinite_sample_count recomputes
PASS: parameter_variation_fixed_nominal_observer/EKF/high_acceleration finite_fraction recomputes
PASS: parameter_variation_fixed_nominal_observer/EKF/high_acceleration rmse_rad_s recomputes
PASS: parameter_variation_fixed_nominal_observer/EKF/high_acceleration mae_rad_s recomputes
PASS: parameter_variation_fixed_nominal_observer/EKF/high_acceleration bias_rad_s recomputes
PASS: parameter_variation_fixed_nominal_observer/EKF/high_acceleration numerical_failure_count recomputes
PASS: parameter_variation_fixed_nominal_observer/EKF/high_acceleration failure_run_count recomputes
PASS: parameter_variation_fixed_nominal_observer/EKF/high_acceleration runtime_sample_count recomputes
PASS: parameter_variation_fixed_nominal_observer/EKF/high_acceleration runtime_mean_us recomputes
PASS: parameter_variation_fixed_nominal_observer/EKF/high_acceleration runtime_p50_us recomputes
PASS: parameter_variation_fixed_nominal_observer/EKF/high_acceleration runtime_p95_us recomputes
PASS: parameter_variation_fixed_nominal_observer/EKF/high_acceleration runtime_p99_us recomputes
PASS: parameter_variation_fixed_nominal_observer/EKF/high_acceleration runtime_max_us recomputes
PASS: estimator trace covers parameter_variation_fixed_nominal_observer test run 8
PASS: estimator trace sample seeds are numeric
PASS: estimator trace sample seeds are finite
PASS: estimator trace sample seeds are integers
PASS: each estimator trace run has contiguous sample indices
PASS: each estimator trace run uses the saved approximately 10 ms grid
PASS: parameter-transfer sample seeds are numeric
PASS: parameter-transfer sample seeds are finite
PASS: parameter-transfer sample seeds are integers
PASS: parameter_variation_fixed_nominal_observer/8/auxiliary_LSTM records one consistent failure marker
PASS: runtime sample indices are in range for parameter_variation_fixed_nominal_observer/8/auxiliary_LSTM
PASS: estimator trace covers parameter_variation_fixed_nominal_observer test run 15
PASS: estimator trace sample seeds are numeric
PASS: estimator trace sample seeds are finite
PASS: estimator trace sample seeds are integers
PASS: each estimator trace run has contiguous sample indices
PASS: each estimator trace run uses the saved approximately 10 ms grid
PASS: parameter-transfer sample seeds are numeric
PASS: parameter-transfer sample seeds are finite
PASS: parameter-transfer sample seeds are integers
PASS: parameter_variation_fixed_nominal_observer/15/auxiliary_LSTM records one consistent failure marker
PASS: runtime sample indices are in range for parameter_variation_fixed_nominal_observer/15/auxiliary_LSTM
PASS: estimator trace covers parameter_variation_fixed_nominal_observer test run 17
PASS: estimator trace sample seeds are numeric
PASS: estimator trace sample seeds are finite
PASS: estimator trace sample seeds are integers
PASS: each estimator trace run has contiguous sample indices
PASS: each estimator trace run uses the saved approximately 10 ms grid
PASS: parameter-transfer sample seeds are numeric
PASS: parameter-transfer sample seeds are finite
PASS: parameter-transfer sample seeds are integers
PASS: parameter_variation_fixed_nominal_observer/17/auxiliary_LSTM records one consistent failure marker
PASS: runtime sample indices are in range for parameter_variation_fixed_nominal_observer/17/auxiliary_LSTM
PASS: estimator trace covers parameter_variation_fixed_nominal_observer test run 22
PASS: estimator trace sample seeds are numeric
PASS: estimator trace sample seeds are finite
PASS: estimator trace sample seeds are integers
PASS: each estimator trace run has contiguous sample indices
PASS: each estimator trace run uses the saved approximately 10 ms grid
PASS: parameter-transfer sample seeds are numeric
PASS: parameter-transfer sample seeds are finite
PASS: parameter-transfer sample seeds are integers
PASS: parameter_variation_fixed_nominal_observer/22/auxiliary_LSTM records one consistent failure marker
PASS: runtime sample indices are in range for parameter_variation_fixed_nominal_observer/22/auxiliary_LSTM
PASS: estimator trace covers parameter_variation_fixed_nominal_observer test run 25
PASS: estimator trace sample seeds are numeric
PASS: estimator trace sample seeds are finite
PASS: estimator trace sample seeds are integers
PASS: each estimator trace run has contiguous sample indices
PASS: each estimator trace run uses the saved approximately 10 ms grid
PASS: parameter-transfer sample seeds are numeric
PASS: parameter-transfer sample seeds are finite
PASS: parameter-transfer sample seeds are integers
PASS: parameter_variation_fixed_nominal_observer/25/auxiliary_LSTM records one consistent failure marker
PASS: runtime sample indices are in range for parameter_variation_fixed_nominal_observer/25/auxiliary_LSTM
PASS: estimator trace covers parameter_variation_fixed_nominal_observer test run 28
PASS: estimator trace sample seeds are numeric
PASS: estimator trace sample seeds are finite
PASS: estimator trace sample seeds are integers
PASS: each estimator trace run has contiguous sample indices
PASS: each estimator trace run uses the saved approximately 10 ms grid
PASS: parameter-transfer sample seeds are numeric
PASS: parameter-transfer sample seeds are finite
PASS: parameter-transfer sample seeds are integers
PASS: parameter_variation_fixed_nominal_observer/28/auxiliary_LSTM records one consistent failure marker
PASS: runtime sample indices are in range for parameter_variation_fixed_nominal_observer/28/auxiliary_LSTM
PASS: parameter_variation_fixed_nominal_observer/auxiliary_LSTM/high_acceleration sample_count recomputes
PASS: parameter_variation_fixed_nominal_observer/auxiliary_LSTM/high_acceleration trajectory_count recomputes
PASS: parameter_variation_fixed_nominal_observer/auxiliary_LSTM/high_acceleration finite_sample_count recomputes
PASS: parameter_variation_fixed_nominal_observer/auxiliary_LSTM/high_acceleration nonfinite_sample_count recomputes
PASS: parameter_variation_fixed_nominal_observer/auxiliary_LSTM/high_acceleration finite_fraction recomputes
PASS: parameter_variation_fixed_nominal_observer/auxiliary_LSTM/high_acceleration rmse_rad_s recomputes
PASS: parameter_variation_fixed_nominal_observer/auxiliary_LSTM/high_acceleration mae_rad_s recomputes
PASS: parameter_variation_fixed_nominal_observer/auxiliary_LSTM/high_acceleration bias_rad_s recomputes
PASS: parameter_variation_fixed_nominal_observer/auxiliary_LSTM/high_acceleration numerical_failure_count recomputes
PASS: parameter_variation_fixed_nominal_observer/auxiliary_LSTM/high_acceleration failure_run_count recomputes
PASS: parameter_variation_fixed_nominal_observer/auxiliary_LSTM/high_acceleration runtime_sample_count recomputes
PASS: parameter_variation_fixed_nominal_observer/auxiliary_LSTM/high_acceleration runtime_mean_us recomputes
PASS: parameter_variation_fixed_nominal_observer/auxiliary_LSTM/high_acceleration runtime_p50_us recomputes
PASS: parameter_variation_fixed_nominal_observer/auxiliary_LSTM/high_acceleration runtime_p95_us recomputes
PASS: parameter_variation_fixed_nominal_observer/auxiliary_LSTM/high_acceleration runtime_p99_us recomputes
PASS: parameter_variation_fixed_nominal_observer/auxiliary_LSTM/high_acceleration runtime_max_us recomputes
PASS: estimator trace covers parameter_variation_fixed_nominal_observer test run 8
PASS: estimator trace sample seeds are numeric
PASS: estimator trace sample seeds are finite
PASS: estimator trace sample seeds are integers
PASS: each estimator trace run has contiguous sample indices
PASS: each estimator trace run uses the saved approximately 10 ms grid
PASS: parameter-transfer sample seeds are numeric
PASS: parameter-transfer sample seeds are finite
PASS: parameter-transfer sample seeds are integers
PASS: parameter_variation_fixed_nominal_observer/8/EKF records one consistent failure marker
PASS: runtime sample indices are in range for parameter_variation_fixed_nominal_observer/8/EKF
PASS: estimator trace covers parameter_variation_fixed_nominal_observer test run 15
PASS: estimator trace sample seeds are numeric
PASS: estimator trace sample seeds are finite
PASS: estimator trace sample seeds are integers
PASS: each estimator trace run has contiguous sample indices
PASS: each estimator trace run uses the saved approximately 10 ms grid
PASS: parameter-transfer sample seeds are numeric
PASS: parameter-transfer sample seeds are finite
PASS: parameter-transfer sample seeds are integers
PASS: parameter_variation_fixed_nominal_observer/15/EKF records one consistent failure marker
PASS: runtime sample indices are in range for parameter_variation_fixed_nominal_observer/15/EKF
PASS: estimator trace covers parameter_variation_fixed_nominal_observer test run 17
PASS: estimator trace sample seeds are numeric
PASS: estimator trace sample seeds are finite
PASS: estimator trace sample seeds are integers
PASS: each estimator trace run has contiguous sample indices
PASS: each estimator trace run uses the saved approximately 10 ms grid
PASS: parameter-transfer sample seeds are numeric
PASS: parameter-transfer sample seeds are finite
PASS: parameter-transfer sample seeds are integers
PASS: parameter_variation_fixed_nominal_observer/17/EKF records one consistent failure marker
PASS: runtime sample indices are in range for parameter_variation_fixed_nominal_observer/17/EKF
PASS: estimator trace covers parameter_variation_fixed_nominal_observer test run 22
PASS: estimator trace sample seeds are numeric
PASS: estimator trace sample seeds are finite
PASS: estimator trace sample seeds are integers
PASS: each estimator trace run has contiguous sample indices
PASS: each estimator trace run uses the saved approximately 10 ms grid
PASS: parameter-transfer sample seeds are numeric
PASS: parameter-transfer sample seeds are finite
PASS: parameter-transfer sample seeds are integers
PASS: parameter_variation_fixed_nominal_observer/22/EKF records one consistent failure marker
PASS: runtime sample indices are in range for parameter_variation_fixed_nominal_observer/22/EKF
PASS: estimator trace covers parameter_variation_fixed_nominal_observer test run 25
PASS: estimator trace sample seeds are numeric
PASS: estimator trace sample seeds are finite
PASS: estimator trace sample seeds are integers
PASS: each estimator trace run has contiguous sample indices
PASS: each estimator trace run uses the saved approximately 10 ms grid
PASS: parameter-transfer sample seeds are numeric
PASS: parameter-transfer sample seeds are finite
PASS: parameter-transfer sample seeds are integers
PASS: parameter_variation_fixed_nominal_observer/25/EKF records one consistent failure marker
PASS: runtime sample indices are in range for parameter_variation_fixed_nominal_observer/25/EKF
PASS: estimator trace covers parameter_variation_fixed_nominal_observer test run 28
PASS: estimator trace sample seeds are numeric
PASS: estimator trace sample seeds are finite
PASS: estimator trace sample seeds are integers
PASS: each estimator trace run has contiguous sample indices
PASS: each estimator trace run uses the saved approximately 10 ms grid
PASS: parameter-transfer sample seeds are numeric
PASS: parameter-transfer sample seeds are finite
PASS: parameter-transfer sample seeds are integers
PASS: parameter_variation_fixed_nominal_observer/28/EKF records one consistent failure marker
PASS: runtime sample indices are in range for parameter_variation_fixed_nominal_observer/28/EKF
PASS: parameter_variation_fixed_nominal_observer/EKF/voltage_saturation sample_count recomputes
PASS: parameter_variation_fixed_nominal_observer/EKF/voltage_saturation trajectory_count recomputes
PASS: parameter_variation_fixed_nominal_observer/EKF/voltage_saturation finite_sample_count recomputes
PASS: parameter_variation_fixed_nominal_observer/EKF/voltage_saturation nonfinite_sample_count recomputes
PASS: parameter_variation_fixed_nominal_observer/EKF/voltage_saturation finite_fraction recomputes
PASS: parameter_variation_fixed_nominal_observer/EKF/voltage_saturation rmse_rad_s recomputes
PASS: parameter_variation_fixed_nominal_observer/EKF/voltage_saturation mae_rad_s recomputes
PASS: parameter_variation_fixed_nominal_observer/EKF/voltage_saturation bias_rad_s recomputes
PASS: parameter_variation_fixed_nominal_observer/EKF/voltage_saturation numerical_failure_count recomputes
PASS: parameter_variation_fixed_nominal_observer/EKF/voltage_saturation failure_run_count recomputes
PASS: parameter_variation_fixed_nominal_observer/EKF/voltage_saturation runtime_sample_count recomputes
PASS: parameter_variation_fixed_nominal_observer/EKF/voltage_saturation runtime_mean_us recomputes
PASS: parameter_variation_fixed_nominal_observer/EKF/voltage_saturation runtime_p50_us recomputes
PASS: parameter_variation_fixed_nominal_observer/EKF/voltage_saturation runtime_p95_us recomputes
PASS: parameter_variation_fixed_nominal_observer/EKF/voltage_saturation runtime_p99_us recomputes
PASS: parameter_variation_fixed_nominal_observer/EKF/voltage_saturation runtime_max_us recomputes
PASS: estimator trace covers parameter_variation_fixed_nominal_observer test run 8
PASS: estimator trace sample seeds are numeric
PASS: estimator trace sample seeds are finite
PASS: estimator trace sample seeds are integers
PASS: each estimator trace run has contiguous sample indices
PASS: each estimator trace run uses the saved approximately 10 ms grid
PASS: parameter-transfer sample seeds are numeric
PASS: parameter-transfer sample seeds are finite
PASS: parameter-transfer sample seeds are integers
PASS: parameter_variation_fixed_nominal_observer/8/auxiliary_LSTM records one consistent failure marker
PASS: runtime sample indices are in range for parameter_variation_fixed_nominal_observer/8/auxiliary_LSTM
PASS: estimator trace covers parameter_variation_fixed_nominal_observer test run 15
PASS: estimator trace sample seeds are numeric
PASS: estimator trace sample seeds are finite
PASS: estimator trace sample seeds are integers
PASS: each estimator trace run has contiguous sample indices
PASS: each estimator trace run uses the saved approximately 10 ms grid
PASS: parameter-transfer sample seeds are numeric
PASS: parameter-transfer sample seeds are finite
PASS: parameter-transfer sample seeds are integers
PASS: parameter_variation_fixed_nominal_observer/15/auxiliary_LSTM records one consistent failure marker
PASS: runtime sample indices are in range for parameter_variation_fixed_nominal_observer/15/auxiliary_LSTM
PASS: estimator trace covers parameter_variation_fixed_nominal_observer test run 17
PASS: estimator trace sample seeds are numeric
PASS: estimator trace sample seeds are finite
PASS: estimator trace sample seeds are integers
PASS: each estimator trace run has contiguous sample indices
PASS: each estimator trace run uses the saved approximately 10 ms grid
PASS: parameter-transfer sample seeds are numeric
PASS: parameter-transfer sample seeds are finite
PASS: parameter-transfer sample seeds are integers
PASS: parameter_variation_fixed_nominal_observer/17/auxiliary_LSTM records one consistent failure marker
PASS: runtime sample indices are in range for parameter_variation_fixed_nominal_observer/17/auxiliary_LSTM
PASS: estimator trace covers parameter_variation_fixed_nominal_observer test run 22
PASS: estimator trace sample seeds are numeric
PASS: estimator trace sample seeds are finite
PASS: estimator trace sample seeds are integers
PASS: each estimator trace run has contiguous sample indices
PASS: each estimator trace run uses the saved approximately 10 ms grid
PASS: parameter-transfer sample seeds are numeric
PASS: parameter-transfer sample seeds are finite
PASS: parameter-transfer sample seeds are integers
PASS: parameter_variation_fixed_nominal_observer/22/auxiliary_LSTM records one consistent failure marker
PASS: runtime sample indices are in range for parameter_variation_fixed_nominal_observer/22/auxiliary_LSTM
PASS: estimator trace covers parameter_variation_fixed_nominal_observer test run 25
PASS: estimator trace sample seeds are numeric
PASS: estimator trace sample seeds are finite
PASS: estimator trace sample seeds are integers
PASS: each estimator trace run has contiguous sample indices
PASS: each estimator trace run uses the saved approximately 10 ms grid
PASS: parameter-transfer sample seeds are numeric
PASS: parameter-transfer sample seeds are finite
PASS: parameter-transfer sample seeds are integers
PASS: parameter_variation_fixed_nominal_observer/25/auxiliary_LSTM records one consistent failure marker
PASS: runtime sample indices are in range for parameter_variation_fixed_nominal_observer/25/auxiliary_LSTM
PASS: estimator trace covers parameter_variation_fixed_nominal_observer test run 28
PASS: estimator trace sample seeds are numeric
PASS: estimator trace sample seeds are finite
PASS: estimator trace sample seeds are integers
PASS: each estimator trace run has contiguous sample indices
PASS: each estimator trace run uses the saved approximately 10 ms grid
PASS: parameter-transfer sample seeds are numeric
PASS: parameter-transfer sample seeds are finite
PASS: parameter-transfer sample seeds are integers
PASS: parameter_variation_fixed_nominal_observer/28/auxiliary_LSTM records one consistent failure marker
PASS: runtime sample indices are in range for parameter_variation_fixed_nominal_observer/28/auxiliary_LSTM
PASS: parameter_variation_fixed_nominal_observer/auxiliary_LSTM/voltage_saturation sample_count recomputes
PASS: parameter_variation_fixed_nominal_observer/auxiliary_LSTM/voltage_saturation trajectory_count recomputes
PASS: parameter_variation_fixed_nominal_observer/auxiliary_LSTM/voltage_saturation finite_sample_count recomputes
PASS: parameter_variation_fixed_nominal_observer/auxiliary_LSTM/voltage_saturation nonfinite_sample_count recomputes
PASS: parameter_variation_fixed_nominal_observer/auxiliary_LSTM/voltage_saturation finite_fraction recomputes
PASS: parameter_variation_fixed_nominal_observer/auxiliary_LSTM/voltage_saturation rmse_rad_s recomputes
PASS: parameter_variation_fixed_nominal_observer/auxiliary_LSTM/voltage_saturation mae_rad_s recomputes
PASS: parameter_variation_fixed_nominal_observer/auxiliary_LSTM/voltage_saturation bias_rad_s recomputes
PASS: parameter_variation_fixed_nominal_observer/auxiliary_LSTM/voltage_saturation numerical_failure_count recomputes
PASS: parameter_variation_fixed_nominal_observer/auxiliary_LSTM/voltage_saturation failure_run_count recomputes
PASS: parameter_variation_fixed_nominal_observer/auxiliary_LSTM/voltage_saturation runtime_sample_count recomputes
PASS: parameter_variation_fixed_nominal_observer/auxiliary_LSTM/voltage_saturation runtime_mean_us recomputes
PASS: parameter_variation_fixed_nominal_observer/auxiliary_LSTM/voltage_saturation runtime_p50_us recomputes
PASS: parameter_variation_fixed_nominal_observer/auxiliary_LSTM/voltage_saturation runtime_p95_us recomputes
PASS: parameter_variation_fixed_nominal_observer/auxiliary_LSTM/voltage_saturation runtime_p99_us recomputes
PASS: parameter_variation_fixed_nominal_observer/auxiliary_LSTM/voltage_saturation runtime_max_us recomputes
PASS: estimator trace covers parameter_variation_fixed_nominal_observer test run 8
PASS: estimator trace sample seeds are numeric
PASS: estimator trace sample seeds are finite
PASS: estimator trace sample seeds are integers
PASS: each estimator trace run has contiguous sample indices
PASS: each estimator trace run uses the saved approximately 10 ms grid
PASS: parameter-transfer sample seeds are numeric
PASS: parameter-transfer sample seeds are finite
PASS: parameter-transfer sample seeds are integers
PASS: parameter_variation_fixed_nominal_observer/8/EKF records one consistent failure marker
PASS: runtime sample indices are in range for parameter_variation_fixed_nominal_observer/8/EKF
PASS: estimator trace covers parameter_variation_fixed_nominal_observer test run 15
PASS: estimator trace sample seeds are numeric
PASS: estimator trace sample seeds are finite
PASS: estimator trace sample seeds are integers
PASS: each estimator trace run has contiguous sample indices
PASS: each estimator trace run uses the saved approximately 10 ms grid
PASS: parameter-transfer sample seeds are numeric
PASS: parameter-transfer sample seeds are finite
PASS: parameter-transfer sample seeds are integers
PASS: parameter_variation_fixed_nominal_observer/15/EKF records one consistent failure marker
PASS: runtime sample indices are in range for parameter_variation_fixed_nominal_observer/15/EKF
PASS: estimator trace covers parameter_variation_fixed_nominal_observer test run 17
PASS: estimator trace sample seeds are numeric
PASS: estimator trace sample seeds are finite
PASS: estimator trace sample seeds are integers
PASS: each estimator trace run has contiguous sample indices
PASS: each estimator trace run uses the saved approximately 10 ms grid
PASS: parameter-transfer sample seeds are numeric
PASS: parameter-transfer sample seeds are finite
PASS: parameter-transfer sample seeds are integers
PASS: parameter_variation_fixed_nominal_observer/17/EKF records one consistent failure marker
PASS: runtime sample indices are in range for parameter_variation_fixed_nominal_observer/17/EKF
PASS: estimator trace covers parameter_variation_fixed_nominal_observer test run 22
PASS: estimator trace sample seeds are numeric
PASS: estimator trace sample seeds are finite
PASS: estimator trace sample seeds are integers
PASS: each estimator trace run has contiguous sample indices
PASS: each estimator trace run uses the saved approximately 10 ms grid
PASS: parameter-transfer sample seeds are numeric
PASS: parameter-transfer sample seeds are finite
PASS: parameter-transfer sample seeds are integers
PASS: parameter_variation_fixed_nominal_observer/22/EKF records one consistent failure marker
PASS: runtime sample indices are in range for parameter_variation_fixed_nominal_observer/22/EKF
PASS: estimator trace covers parameter_variation_fixed_nominal_observer test run 25
PASS: estimator trace sample seeds are numeric
PASS: estimator trace sample seeds are finite
PASS: estimator trace sample seeds are integers
PASS: each estimator trace run has contiguous sample indices
PASS: each estimator trace run uses the saved approximately 10 ms grid
PASS: parameter-transfer sample seeds are numeric
PASS: parameter-transfer sample seeds are finite
PASS: parameter-transfer sample seeds are integers
PASS: parameter_variation_fixed_nominal_observer/25/EKF records one consistent failure marker
PASS: runtime sample indices are in range for parameter_variation_fixed_nominal_observer/25/EKF
PASS: estimator trace covers parameter_variation_fixed_nominal_observer test run 28
PASS: estimator trace sample seeds are numeric
PASS: estimator trace sample seeds are finite
PASS: estimator trace sample seeds are integers
PASS: each estimator trace run has contiguous sample indices
PASS: each estimator trace run uses the saved approximately 10 ms grid
PASS: parameter-transfer sample seeds are numeric
PASS: parameter-transfer sample seeds are finite
PASS: parameter-transfer sample seeds are integers
PASS: parameter_variation_fixed_nominal_observer/28/EKF records one consistent failure marker
PASS: runtime sample indices are in range for parameter_variation_fixed_nominal_observer/28/EKF
PASS: parameter_variation_fixed_nominal_observer/EKF/weak_observability sample_count recomputes
PASS: parameter_variation_fixed_nominal_observer/EKF/weak_observability trajectory_count recomputes
PASS: parameter_variation_fixed_nominal_observer/EKF/weak_observability finite_sample_count recomputes
PASS: parameter_variation_fixed_nominal_observer/EKF/weak_observability nonfinite_sample_count recomputes
PASS: parameter_variation_fixed_nominal_observer/EKF/weak_observability finite_fraction recomputes
PASS: parameter_variation_fixed_nominal_observer/EKF/weak_observability rmse_rad_s recomputes
PASS: parameter_variation_fixed_nominal_observer/EKF/weak_observability mae_rad_s recomputes
PASS: parameter_variation_fixed_nominal_observer/EKF/weak_observability bias_rad_s recomputes
PASS: parameter_variation_fixed_nominal_observer/EKF/weak_observability numerical_failure_count recomputes
PASS: parameter_variation_fixed_nominal_observer/EKF/weak_observability failure_run_count recomputes
PASS: parameter_variation_fixed_nominal_observer/EKF/weak_observability runtime_sample_count recomputes
PASS: parameter_variation_fixed_nominal_observer/EKF/weak_observability runtime_mean_us recomputes
PASS: parameter_variation_fixed_nominal_observer/EKF/weak_observability runtime_p50_us recomputes
PASS: parameter_variation_fixed_nominal_observer/EKF/weak_observability runtime_p95_us recomputes
PASS: parameter_variation_fixed_nominal_observer/EKF/weak_observability runtime_p99_us recomputes
PASS: parameter_variation_fixed_nominal_observer/EKF/weak_observability runtime_max_us recomputes
PASS: estimator trace covers parameter_variation_fixed_nominal_observer test run 8
PASS: estimator trace sample seeds are numeric
PASS: estimator trace sample seeds are finite
PASS: estimator trace sample seeds are integers
PASS: each estimator trace run has contiguous sample indices
PASS: each estimator trace run uses the saved approximately 10 ms grid
PASS: parameter-transfer sample seeds are numeric
PASS: parameter-transfer sample seeds are finite
PASS: parameter-transfer sample seeds are integers
PASS: parameter_variation_fixed_nominal_observer/8/auxiliary_LSTM records one consistent failure marker
PASS: runtime sample indices are in range for parameter_variation_fixed_nominal_observer/8/auxiliary_LSTM
PASS: estimator trace covers parameter_variation_fixed_nominal_observer test run 15
PASS: estimator trace sample seeds are numeric
PASS: estimator trace sample seeds are finite
PASS: estimator trace sample seeds are integers
PASS: each estimator trace run has contiguous sample indices
PASS: each estimator trace run uses the saved approximately 10 ms grid
PASS: parameter-transfer sample seeds are numeric
PASS: parameter-transfer sample seeds are finite
PASS: parameter-transfer sample seeds are integers
PASS: parameter_variation_fixed_nominal_observer/15/auxiliary_LSTM records one consistent failure marker
PASS: runtime sample indices are in range for parameter_variation_fixed_nominal_observer/15/auxiliary_LSTM
PASS: estimator trace covers parameter_variation_fixed_nominal_observer test run 17
PASS: estimator trace sample seeds are numeric
PASS: estimator trace sample seeds are finite
PASS: estimator trace sample seeds are integers
PASS: each estimator trace run has contiguous sample indices
PASS: each estimator trace run uses the saved approximately 10 ms grid
PASS: parameter-transfer sample seeds are numeric
PASS: parameter-transfer sample seeds are finite
PASS: parameter-transfer sample seeds are integers
PASS: parameter_variation_fixed_nominal_observer/17/auxiliary_LSTM records one consistent failure marker
PASS: runtime sample indices are in range for parameter_variation_fixed_nominal_observer/17/auxiliary_LSTM
PASS: estimator trace covers parameter_variation_fixed_nominal_observer test run 22
PASS: estimator trace sample seeds are numeric
PASS: estimator trace sample seeds are finite
PASS: estimator trace sample seeds are integers
PASS: each estimator trace run has contiguous sample indices
PASS: each estimator trace run uses the saved approximately 10 ms grid
PASS: parameter-transfer sample seeds are numeric
PASS: parameter-transfer sample seeds are finite
PASS: parameter-transfer sample seeds are integers
PASS: parameter_variation_fixed_nominal_observer/22/auxiliary_LSTM records one consistent failure marker
PASS: runtime sample indices are in range for parameter_variation_fixed_nominal_observer/22/auxiliary_LSTM
PASS: estimator trace covers parameter_variation_fixed_nominal_observer test run 25
PASS: estimator trace sample seeds are numeric
PASS: estimator trace sample seeds are finite
PASS: estimator trace sample seeds are integers
PASS: each estimator trace run has contiguous sample indices
PASS: each estimator trace run uses the saved approximately 10 ms grid
PASS: parameter-transfer sample seeds are numeric
PASS: parameter-transfer sample seeds are finite
PASS: parameter-transfer sample seeds are integers
PASS: parameter_variation_fixed_nominal_observer/25/auxiliary_LSTM records one consistent failure marker
PASS: runtime sample indices are in range for parameter_variation_fixed_nominal_observer/25/auxiliary_LSTM
PASS: estimator trace covers parameter_variation_fixed_nominal_observer test run 28
PASS: estimator trace sample seeds are numeric
PASS: estimator trace sample seeds are finite
PASS: estimator trace sample seeds are integers
PASS: each estimator trace run has contiguous sample indices
PASS: each estimator trace run uses the saved approximately 10 ms grid
PASS: parameter-transfer sample seeds are numeric
PASS: parameter-transfer sample seeds are finite
PASS: parameter-transfer sample seeds are integers
PASS: parameter_variation_fixed_nominal_observer/28/auxiliary_LSTM records one consistent failure marker
PASS: runtime sample indices are in range for parameter_variation_fixed_nominal_observer/28/auxiliary_LSTM
PASS: parameter_variation_fixed_nominal_observer/auxiliary_LSTM/weak_observability sample_count recomputes
PASS: parameter_variation_fixed_nominal_observer/auxiliary_LSTM/weak_observability trajectory_count recomputes
PASS: parameter_variation_fixed_nominal_observer/auxiliary_LSTM/weak_observability finite_sample_count recomputes
PASS: parameter_variation_fixed_nominal_observer/auxiliary_LSTM/weak_observability nonfinite_sample_count recomputes
PASS: parameter_variation_fixed_nominal_observer/auxiliary_LSTM/weak_observability finite_fraction recomputes
PASS: parameter_variation_fixed_nominal_observer/auxiliary_LSTM/weak_observability rmse_rad_s recomputes
PASS: parameter_variation_fixed_nominal_observer/auxiliary_LSTM/weak_observability mae_rad_s recomputes
PASS: parameter_variation_fixed_nominal_observer/auxiliary_LSTM/weak_observability bias_rad_s recomputes
PASS: parameter_variation_fixed_nominal_observer/auxiliary_LSTM/weak_observability numerical_failure_count recomputes
PASS: parameter_variation_fixed_nominal_observer/auxiliary_LSTM/weak_observability failure_run_count recomputes
PASS: parameter_variation_fixed_nominal_observer/auxiliary_LSTM/weak_observability runtime_sample_count recomputes
PASS: parameter_variation_fixed_nominal_observer/auxiliary_LSTM/weak_observability runtime_mean_us recomputes
PASS: parameter_variation_fixed_nominal_observer/auxiliary_LSTM/weak_observability runtime_p50_us recomputes
PASS: parameter_variation_fixed_nominal_observer/auxiliary_LSTM/weak_observability runtime_p95_us recomputes
PASS: parameter_variation_fixed_nominal_observer/auxiliary_LSTM/weak_observability runtime_p99_us recomputes
PASS: parameter_variation_fixed_nominal_observer/auxiliary_LSTM/weak_observability runtime_max_us recomputes
PASS: estimator trace covers parameter_variation_fixed_nominal_observer test run 8
PASS: estimator trace sample seeds are numeric
PASS: estimator trace sample seeds are finite
PASS: estimator trace sample seeds are integers
PASS: each estimator trace run has contiguous sample indices
PASS: each estimator trace run uses the saved approximately 10 ms grid
PASS: parameter-transfer sample seeds are numeric
PASS: parameter-transfer sample seeds are finite
PASS: parameter-transfer sample seeds are integers
PASS: parameter_variation_fixed_nominal_observer/8/EKF records one consistent failure marker
PASS: runtime sample indices are in range for parameter_variation_fixed_nominal_observer/8/EKF
PASS: estimator trace covers parameter_variation_fixed_nominal_observer test run 15
PASS: estimator trace sample seeds are numeric
PASS: estimator trace sample seeds are finite
PASS: estimator trace sample seeds are integers
PASS: each estimator trace run has contiguous sample indices
PASS: each estimator trace run uses the saved approximately 10 ms grid
PASS: parameter-transfer sample seeds are numeric
PASS: parameter-transfer sample seeds are finite
PASS: parameter-transfer sample seeds are integers
PASS: parameter_variation_fixed_nominal_observer/15/EKF records one consistent failure marker
PASS: runtime sample indices are in range for parameter_variation_fixed_nominal_observer/15/EKF
PASS: estimator trace covers parameter_variation_fixed_nominal_observer test run 17
PASS: estimator trace sample seeds are numeric
PASS: estimator trace sample seeds are finite
PASS: estimator trace sample seeds are integers
PASS: each estimator trace run has contiguous sample indices
PASS: each estimator trace run uses the saved approximately 10 ms grid
PASS: parameter-transfer sample seeds are numeric
PASS: parameter-transfer sample seeds are finite
PASS: parameter-transfer sample seeds are integers
PASS: parameter_variation_fixed_nominal_observer/17/EKF records one consistent failure marker
PASS: runtime sample indices are in range for parameter_variation_fixed_nominal_observer/17/EKF
PASS: estimator trace covers parameter_variation_fixed_nominal_observer test run 22
PASS: estimator trace sample seeds are numeric
PASS: estimator trace sample seeds are finite
PASS: estimator trace sample seeds are integers
PASS: each estimator trace run has contiguous sample indices
PASS: each estimator trace run uses the saved approximately 10 ms grid
PASS: parameter-transfer sample seeds are numeric
PASS: parameter-transfer sample seeds are finite
PASS: parameter-transfer sample seeds are integers
PASS: parameter_variation_fixed_nominal_observer/22/EKF records one consistent failure marker
PASS: runtime sample indices are in range for parameter_variation_fixed_nominal_observer/22/EKF
PASS: estimator trace covers parameter_variation_fixed_nominal_observer test run 25
PASS: estimator trace sample seeds are numeric
PASS: estimator trace sample seeds are finite
PASS: estimator trace sample seeds are integers
PASS: each estimator trace run has contiguous sample indices
PASS: each estimator trace run uses the saved approximately 10 ms grid
PASS: parameter-transfer sample seeds are numeric
PASS: parameter-transfer sample seeds are finite
PASS: parameter-transfer sample seeds are integers
PASS: parameter_variation_fixed_nominal_observer/25/EKF records one consistent failure marker
PASS: runtime sample indices are in range for parameter_variation_fixed_nominal_observer/25/EKF
PASS: estimator trace covers parameter_variation_fixed_nominal_observer test run 28
PASS: estimator trace sample seeds are numeric
PASS: estimator trace sample seeds are finite
PASS: estimator trace sample seeds are integers
PASS: each estimator trace run has contiguous sample indices
PASS: each estimator trace run uses the saved approximately 10 ms grid
PASS: parameter-transfer sample seeds are numeric
PASS: parameter-transfer sample seeds are finite
PASS: parameter-transfer sample seeds are integers
PASS: parameter_variation_fixed_nominal_observer/28/EKF records one consistent failure marker
PASS: runtime sample indices are in range for parameter_variation_fixed_nominal_observer/28/EKF
PASS: parameter_variation_fixed_nominal_observer/EKF/parameter_shift_post_3s sample_count recomputes
PASS: parameter_variation_fixed_nominal_observer/EKF/parameter_shift_post_3s trajectory_count recomputes
PASS: parameter_variation_fixed_nominal_observer/EKF/parameter_shift_post_3s finite_sample_count recomputes
PASS: parameter_variation_fixed_nominal_observer/EKF/parameter_shift_post_3s nonfinite_sample_count recomputes
PASS: parameter_variation_fixed_nominal_observer/EKF/parameter_shift_post_3s finite_fraction recomputes
PASS: parameter_variation_fixed_nominal_observer/EKF/parameter_shift_post_3s rmse_rad_s recomputes
PASS: parameter_variation_fixed_nominal_observer/EKF/parameter_shift_post_3s mae_rad_s recomputes
PASS: parameter_variation_fixed_nominal_observer/EKF/parameter_shift_post_3s bias_rad_s recomputes
PASS: parameter_variation_fixed_nominal_observer/EKF/parameter_shift_post_3s numerical_failure_count recomputes
PASS: parameter_variation_fixed_nominal_observer/EKF/parameter_shift_post_3s failure_run_count recomputes
PASS: parameter_variation_fixed_nominal_observer/EKF/parameter_shift_post_3s runtime_sample_count recomputes
PASS: parameter_variation_fixed_nominal_observer/EKF/parameter_shift_post_3s runtime_mean_us recomputes
PASS: parameter_variation_fixed_nominal_observer/EKF/parameter_shift_post_3s runtime_p50_us recomputes
PASS: parameter_variation_fixed_nominal_observer/EKF/parameter_shift_post_3s runtime_p95_us recomputes
PASS: parameter_variation_fixed_nominal_observer/EKF/parameter_shift_post_3s runtime_p99_us recomputes
PASS: parameter_variation_fixed_nominal_observer/EKF/parameter_shift_post_3s runtime_max_us recomputes
PASS: estimator trace covers parameter_variation_fixed_nominal_observer test run 8
PASS: estimator trace sample seeds are numeric
PASS: estimator trace sample seeds are finite
PASS: estimator trace sample seeds are integers
PASS: each estimator trace run has contiguous sample indices
PASS: each estimator trace run uses the saved approximately 10 ms grid
PASS: parameter-transfer sample seeds are numeric
PASS: parameter-transfer sample seeds are finite
PASS: parameter-transfer sample seeds are integers
PASS: parameter_variation_fixed_nominal_observer/8/auxiliary_LSTM records one consistent failure marker
PASS: runtime sample indices are in range for parameter_variation_fixed_nominal_observer/8/auxiliary_LSTM
PASS: estimator trace covers parameter_variation_fixed_nominal_observer test run 15
PASS: estimator trace sample seeds are numeric
PASS: estimator trace sample seeds are finite
PASS: estimator trace sample seeds are integers
PASS: each estimator trace run has contiguous sample indices
PASS: each estimator trace run uses the saved approximately 10 ms grid
PASS: parameter-transfer sample seeds are numeric
PASS: parameter-transfer sample seeds are finite
PASS: parameter-transfer sample seeds are integers
PASS: parameter_variation_fixed_nominal_observer/15/auxiliary_LSTM records one consistent failure marker
PASS: runtime sample indices are in range for parameter_variation_fixed_nominal_observer/15/auxiliary_LSTM
PASS: estimator trace covers parameter_variation_fixed_nominal_observer test run 17
PASS: estimator trace sample seeds are numeric
PASS: estimator trace sample seeds are finite
PASS: estimator trace sample seeds are integers
PASS: each estimator trace run has contiguous sample indices
PASS: each estimator trace run uses the saved approximately 10 ms grid
PASS: parameter-transfer sample seeds are numeric
PASS: parameter-transfer sample seeds are finite
PASS: parameter-transfer sample seeds are integers
PASS: parameter_variation_fixed_nominal_observer/17/auxiliary_LSTM records one consistent failure marker
PASS: runtime sample indices are in range for parameter_variation_fixed_nominal_observer/17/auxiliary_LSTM
PASS: estimator trace covers parameter_variation_fixed_nominal_observer test run 22
PASS: estimator trace sample seeds are numeric
PASS: estimator trace sample seeds are finite
PASS: estimator trace sample seeds are integers
PASS: each estimator trace run has contiguous sample indices
PASS: each estimator trace run uses the saved approximately 10 ms grid
PASS: parameter-transfer sample seeds are numeric
PASS: parameter-transfer sample seeds are finite
PASS: parameter-transfer sample seeds are integers
PASS: parameter_variation_fixed_nominal_observer/22/auxiliary_LSTM records one consistent failure marker
PASS: runtime sample indices are in range for parameter_variation_fixed_nominal_observer/22/auxiliary_LSTM
PASS: estimator trace covers parameter_variation_fixed_nominal_observer test run 25
PASS: estimator trace sample seeds are numeric
PASS: estimator trace sample seeds are finite
PASS: estimator trace sample seeds are integers
PASS: each estimator trace run has contiguous sample indices
PASS: each estimator trace run uses the saved approximately 10 ms grid
PASS: parameter-transfer sample seeds are numeric
PASS: parameter-transfer sample seeds are finite
PASS: parameter-transfer sample seeds are integers
PASS: parameter_variation_fixed_nominal_observer/25/auxiliary_LSTM records one consistent failure marker
PASS: runtime sample indices are in range for parameter_variation_fixed_nominal_observer/25/auxiliary_LSTM
PASS: estimator trace covers parameter_variation_fixed_nominal_observer test run 28
PASS: estimator trace sample seeds are numeric
PASS: estimator trace sample seeds are finite
PASS: estimator trace sample seeds are integers
PASS: each estimator trace run has contiguous sample indices
PASS: each estimator trace run uses the saved approximately 10 ms grid
PASS: parameter-transfer sample seeds are numeric
PASS: parameter-transfer sample seeds are finite
PASS: parameter-transfer sample seeds are integers
PASS: parameter_variation_fixed_nominal_observer/28/auxiliary_LSTM records one consistent failure marker
PASS: runtime sample indices are in range for parameter_variation_fixed_nominal_observer/28/auxiliary_LSTM
PASS: parameter_variation_fixed_nominal_observer/auxiliary_LSTM/parameter_shift_post_3s sample_count recomputes
PASS: parameter_variation_fixed_nominal_observer/auxiliary_LSTM/parameter_shift_post_3s trajectory_count recomputes
PASS: parameter_variation_fixed_nominal_observer/auxiliary_LSTM/parameter_shift_post_3s finite_sample_count recomputes
PASS: parameter_variation_fixed_nominal_observer/auxiliary_LSTM/parameter_shift_post_3s nonfinite_sample_count recomputes
PASS: parameter_variation_fixed_nominal_observer/auxiliary_LSTM/parameter_shift_post_3s finite_fraction recomputes
PASS: parameter_variation_fixed_nominal_observer/auxiliary_LSTM/parameter_shift_post_3s rmse_rad_s recomputes
PASS: parameter_variation_fixed_nominal_observer/auxiliary_LSTM/parameter_shift_post_3s mae_rad_s recomputes
PASS: parameter_variation_fixed_nominal_observer/auxiliary_LSTM/parameter_shift_post_3s bias_rad_s recomputes
PASS: parameter_variation_fixed_nominal_observer/auxiliary_LSTM/parameter_shift_post_3s numerical_failure_count recomputes
PASS: parameter_variation_fixed_nominal_observer/auxiliary_LSTM/parameter_shift_post_3s failure_run_count recomputes
PASS: parameter_variation_fixed_nominal_observer/auxiliary_LSTM/parameter_shift_post_3s runtime_sample_count recomputes
PASS: parameter_variation_fixed_nominal_observer/auxiliary_LSTM/parameter_shift_post_3s runtime_mean_us recomputes
PASS: parameter_variation_fixed_nominal_observer/auxiliary_LSTM/parameter_shift_post_3s runtime_p50_us recomputes
PASS: parameter_variation_fixed_nominal_observer/auxiliary_LSTM/parameter_shift_post_3s runtime_p95_us recomputes
PASS: parameter_variation_fixed_nominal_observer/auxiliary_LSTM/parameter_shift_post_3s runtime_p99_us recomputes
PASS: parameter_variation_fixed_nominal_observer/auxiliary_LSTM/parameter_shift_post_3s runtime_max_us recomputes
PASS: clean_heldout_test primary paired estimator comparison contains both estimators
PASS: clean_heldout_test pre-window startup is reported for EKF separately
PASS: clean_heldout_test all-paired primary estimator endpoint has scored samples
PASS: load_disturbance_fixed_nominal_observer primary paired estimator comparison contains both estimators
PASS: load_disturbance_fixed_nominal_observer pre-window startup is reported for EKF separately
PASS: load_disturbance_fixed_nominal_observer all-paired primary estimator endpoint has scored samples
PASS: parameter_variation_fixed_nominal_observer primary paired estimator comparison contains both estimators
PASS: parameter_variation_fixed_nominal_observer pre-window startup is reported for EKF separately
PASS: parameter_variation_fixed_nominal_observer all-paired primary estimator endpoint has scored samples
PASS: parameter-transfer primary endpoint covers both estimators after the frozen shift
PASS: load-disturbance transfer endpoint covers both estimators after the frozen load step
PASS: reserved seeds 39026-39030 are absent from non-config result evidence (conflicts={})
PASS: required JSON exists: results\configs\ekf_closed_loop_plan.json
PASS: ekf_closed_loop_plan.json contains one JSON object
PASS: closed-loop plan was frozen before the first run
PASS: closed-loop plan binds the exact frozen EKF config
PASS: closed-loop plan binds the exact EKF preregistration
PASS: required file exists: results\configs\ekf_frozen_evidence_hashes.json
PASS: closed-loop plan binds the complete pre-EKF frozen evidence manifest
PASS: closed-loop plan freezes exact B/C1/C3/E controller order
PASS: closed-loop plan freezes exact five primary scenarios
PASS: closed-loop plan freezes development seeds 19026-19030
PASS: closed-loop plan preserves reserved seeds 39026-39030
PASS: closed-loop plan binds the frozen V3 matrix
PASS: closed-loop plan binds the frozen C4 development matrix
PASS: closed-loop plan freezes separate observer/reliability and SLSQP runtime accounting
PASS: required file exists: scripts\evaluate_ekf_closed_loop.py
PASS: closed-loop plan binds the exact evaluator source used before the first run
PASS: required file exists: results\configs\ekf_closed_loop_plan.json
PASS: closed-loop run matrix exists
PASS: closed-loop summary exists
PASS: closed-loop trace evidence exists
PASS: EKF closed-loop matrix contains required columns (missing=[])
PASS: EKF closed-loop matrix seeds are numeric
PASS: EKF closed-loop matrix seeds are finite
PASS: EKF closed-loop matrix seeds are integers
PASS: closed-loop matrix contains exactly 4 x 5 x 5 = 100 rows
PASS: closed-loop matrix contains exactly B/C1/C3/E
PASS: closed-loop matrix contains exactly the five preregistered primary scenarios
PASS: closed-loop matrix uses exactly development seeds 19026-19030
PASS: closed-loop matrix does not use reserved seeds 39026-39030
PASS: closed-loop matrix has no duplicate controller/scenario/seed keys
PASS: closed-loop matrix has no missing or unexpected paired keys
PASS: EKF contributes exactly 25 primary closed-loop rows
PASS: EKF closed-loop rows contains required columns (missing=[])
PASS: EKF run_complete contains booleans
PASS: EKF completed_samples contains only numeric values
PASS: EKF completed_samples is non-missing
PASS: present EKF completed_samples values are finite
PASS: present EKF completed_samples values are nonnegative
PASS: present EKF completed_samples values are exact integers
PASS: EKF finite sample rate contains only numeric values
PASS: EKF finite sample rate is non-missing
PASS: present EKF finite sample rate values are finite
PASS: EKF finite sample rates lie in [0,1]
PASS: EKF completed sample counts are nonnegative
PASS: EKF ekf_numerical_failures contains only numeric values
PASS: EKF ekf_numerical_failures is non-missing
PASS: present EKF ekf_numerical_failures values are finite
PASS: present EKF ekf_numerical_failures values are nonnegative
PASS: present EKF ekf_numerical_failures values are exact integers
PASS: EKF ekf_nonfinite_failures contains only numeric values
PASS: EKF ekf_nonfinite_failures is non-missing
PASS: present EKF ekf_nonfinite_failures values are finite
PASS: present EKF ekf_nonfinite_failures values are nonnegative
PASS: present EKF ekf_nonfinite_failures values are exact integers
PASS: EKF ekf_psd_failures contains only numeric values
PASS: EKF ekf_psd_failures is non-missing
PASS: present EKF ekf_psd_failures values are finite
PASS: present EKF ekf_psd_failures values are nonnegative
PASS: present EKF ekf_psd_failures values are exact integers
PASS: EKF ekf_symmetry_failures contains only numeric values
PASS: EKF ekf_symmetry_failures is non-missing
PASS: present EKF ekf_symmetry_failures values are finite
PASS: present EKF ekf_symmetry_failures values are nonnegative
PASS: present EKF ekf_symmetry_failures values are exact integers
PASS: EKF optimizer_failures contains only numeric values
PASS: EKF optimizer_failures is non-missing
PASS: present EKF optimizer_failures values are finite
PASS: present EKF optimizer_failures values are nonnegative
PASS: present EKF optimizer_failures values are exact integers
PASS: EKF nonfinite_events contains only numeric values
PASS: EKF nonfinite_events is non-missing
PASS: present EKF nonfinite_events values are finite
PASS: present EKF nonfinite_events values are nonnegative
PASS: present EKF nonfinite_events values are exact integers
PASS: EKF main_prediction_failures contains only numeric values
PASS: EKF main_prediction_failures is non-missing
PASS: present EKF main_prediction_failures values are finite
PASS: present EKF main_prediction_failures values are nonnegative
PASS: present EKF main_prediction_failures values are exact integers
PASS: EKF aux_prediction_failures contains only numeric values
PASS: EKF aux_prediction_failures is non-missing
PASS: present EKF aux_prediction_failures values are finite
PASS: present EKF aux_prediction_failures values are nonnegative
PASS: present EKF aux_prediction_failures values are exact integers
PASS: EKF voltage_violations contains only numeric values
PASS: present EKF voltage_violations values are finite
PASS: present EKF voltage_violations values are nonnegative
PASS: present EKF voltage_violations values are exact integers
PASS: EKF rate_violations contains only numeric values
PASS: present EKF rate_violations values are finite
PASS: present EKF rate_violations values are nonnegative
PASS: present EKF rate_violations values are exact integers
PASS: EKF total_reliability_observer_overhead_sample_count contains only numeric values
PASS: EKF total_reliability_observer_overhead_sample_count is non-missing
PASS: present EKF total_reliability_observer_overhead_sample_count values are finite
PASS: present EKF total_reliability_observer_overhead_sample_count values are nonnegative
PASS: present EKF total_reliability_observer_overhead_sample_count values are exact integers
PASS: EKF total_reliability_observer_overhead_sample_count is nonnegative
PASS: EKF slsqp_solve_count contains only numeric values
PASS: EKF slsqp_solve_count is non-missing
PASS: present EKF slsqp_solve_count values are finite
PASS: present EKF slsqp_solve_count values are nonnegative
PASS: present EKF slsqp_solve_count values are exact integers
PASS: EKF slsqp_solve_count is nonnegative
PASS: EKF mean_ekf_update_ms contains only numeric values
PASS: EKF mean_ekf_update_ms is non-missing
PASS: present EKF mean_ekf_update_ms values are finite
PASS: EKF mean_ekf_update_ms is nonnegative
PASS: EKF median_ekf_update_ms contains only numeric values
PASS: EKF median_ekf_update_ms is non-missing
PASS: present EKF median_ekf_update_ms values are finite
PASS: EKF median_ekf_update_ms is nonnegative
PASS: EKF p95_ekf_update_ms contains only numeric values
PASS: EKF p95_ekf_update_ms is non-missing
PASS: present EKF p95_ekf_update_ms values are finite
PASS: EKF p95_ekf_update_ms is nonnegative
PASS: EKF p99_ekf_update_ms contains only numeric values
PASS: EKF p99_ekf_update_ms is non-missing
PASS: present EKF p99_ekf_update_ms values are finite
PASS: EKF p99_ekf_update_ms is nonnegative
PASS: EKF max_ekf_update_ms contains only numeric values
PASS: EKF max_ekf_update_ms is non-missing
PASS: present EKF max_ekf_update_ms values are finite
PASS: EKF max_ekf_update_ms is nonnegative
PASS: EKF mean_total_reliability_observer_overhead_ms contains only numeric values
PASS: EKF mean_total_reliability_observer_overhead_ms is non-missing
PASS: present EKF mean_total_reliability_observer_overhead_ms values are finite
PASS: EKF mean_total_reliability_observer_overhead_ms is nonnegative
PASS: EKF median_total_reliability_observer_overhead_ms contains only numeric values
PASS: EKF median_total_reliability_observer_overhead_ms is non-missing
PASS: present EKF median_total_reliability_observer_overhead_ms values are finite
PASS: EKF median_total_reliability_observer_overhead_ms is nonnegative
PASS: EKF p95_total_reliability_observer_overhead_ms contains only numeric values
PASS: EKF p95_total_reliability_observer_overhead_ms is non-missing
PASS: present EKF p95_total_reliability_observer_overhead_ms values are finite
PASS: EKF p95_total_reliability_observer_overhead_ms is nonnegative
PASS: EKF p99_total_reliability_observer_overhead_ms contains only numeric values
PASS: EKF p99_total_reliability_observer_overhead_ms is non-missing
PASS: present EKF p99_total_reliability_observer_overhead_ms values are finite
PASS: EKF p99_total_reliability_observer_overhead_ms is nonnegative
PASS: EKF max_total_reliability_observer_overhead_ms contains only numeric values
PASS: EKF max_total_reliability_observer_overhead_ms is non-missing
PASS: present EKF max_total_reliability_observer_overhead_ms values are finite
PASS: EKF max_total_reliability_observer_overhead_ms is nonnegative
PASS: EKF mean_slsqp_solve_ms contains only numeric values
PASS: EKF mean_slsqp_solve_ms is non-missing
PASS: present EKF mean_slsqp_solve_ms values are finite
PASS: EKF mean_slsqp_solve_ms is nonnegative
PASS: EKF median_slsqp_solve_ms contains only numeric values
PASS: EKF median_slsqp_solve_ms is non-missing
PASS: present EKF median_slsqp_solve_ms values are finite
PASS: EKF median_slsqp_solve_ms is nonnegative
PASS: EKF p95_slsqp_solve_ms contains only numeric values
PASS: EKF p95_slsqp_solve_ms is non-missing
PASS: present EKF p95_slsqp_solve_ms values are finite
PASS: EKF p95_slsqp_solve_ms is nonnegative
PASS: EKF p99_slsqp_solve_ms contains only numeric values
PASS: EKF p99_slsqp_solve_ms is non-missing
PASS: present EKF p99_slsqp_solve_ms values are finite
PASS: EKF p99_slsqp_solve_ms is nonnegative
PASS: EKF max_slsqp_solve_ms contains only numeric values
PASS: EKF max_slsqp_solve_ms is non-missing
PASS: present EKF max_slsqp_solve_ms values are finite
PASS: EKF max_slsqp_solve_ms is nonnegative
PASS: EKF sim_time_s contains only numeric values
PASS: EKF sim_time_s is non-missing
PASS: present EKF sim_time_s values are finite
PASS: EKF sim_time_s is nonnegative
PASS: EKF update median/p95/p99/max ordering is valid
PASS: total reliability+observer overhead median/p95/p99/max ordering is valid
PASS: SLSQP median/p95/p99/max ordering is valid
PASS: complete EKF fault_window_rmse contains only numeric values
PASS: complete EKF fault_window_rmse is non-missing
PASS: present complete EKF fault_window_rmse values are finite
PASS: complete EKF fault_window_rmse is nonnegative
PASS: complete EKF sub_fraction contains only numeric values
PASS: complete EKF sub_fraction is non-missing
PASS: present complete EKF sub_fraction values are finite
PASS: complete EKF sub_fraction is nonnegative
PASS: complete EKF sub_samples contains only numeric values
PASS: complete EKF sub_samples is non-missing
PASS: present complete EKF sub_samples values are finite
PASS: complete EKF sub_samples is nonnegative
PASS: complete EKF false_substitution_count contains only numeric values
PASS: complete EKF false_substitution_count is non-missing
PASS: present complete EKF false_substitution_count values are finite
PASS: complete EKF false_substitution_count is nonnegative
PASS: complete EKF false_substitution_fraction contains only numeric values
PASS: complete EKF false_substitution_fraction is non-missing
PASS: present complete EKF false_substitution_fraction values are finite
PASS: complete EKF false_substitution_fraction is nonnegative
PASS: complete EKF finite rate contains only numeric values
PASS: complete EKF finite rate is non-missing
PASS: present complete EKF finite rate values are finite
PASS: completed EKF runs are finite at every sample
PASS: required JSON exists: results\metrics\ekf_closed_loop_summary.json
PASS: ekf_closed_loop_summary.json contains one JSON object
PASS: closed-loop summary is labeled development comparator evidence
PASS: closed-loop summary names the EKF comparator
PASS: closed-loop summary records exact development seeds
PASS: closed-loop summary records exact primary scenarios
PASS: closed-loop summary run_count matches 100-row paired matrix
PASS: closed-loop summary binds exact frozen EKF config
PASS: closed-loop summary binds immutable pre-run plan
PASS: required file exists: scripts\evaluate_ekf_closed_loop.py
PASS: closed-loop summary binds evaluator source frozen by the pre-run plan
PASS: closed-loop summary records the frozen runtime-accounting contract
PASS: closed-loop summary records runtime source hashes
PASS: closed-loop runtime sources exactly match pre-EKF frozen evidence
PASS: closed-loop summary records separate runtime overhead evidence
PASS: runtime summary has five paired E/C3 rows for sensor_bias_5
PASS: runtime summary has five paired E/C3 rows for sensor_dropout
PASS: runtime summary has five paired E/C3 rows for load_disturbance
PASS: runtime summary has five paired E/C3 rows for combined_fault_load
PASS: runtime summary has five paired E/C3 rows for parameter_variation
PASS: runtime_overhead_vs_c3 has matching mapping type
PASS: runtime_overhead_vs_c3 has matching keys
PASS: runtime_overhead_vs_c3.sensor_bias_5 has matching mapping type
PASS: runtime_overhead_vs_c3.sensor_bias_5 has matching keys
PASS: runtime_overhead_vs_c3.sensor_bias_5.mean_ekf_sim_time_s numeric value reproduces
PASS: runtime_overhead_vs_c3.sensor_bias_5.mean_c3_sim_time_s numeric value reproduces
PASS: runtime_overhead_vs_c3.sensor_bias_5.mean_overhead_s numeric value reproduces
PASS: runtime_overhead_vs_c3.sensor_bias_5.mean_overhead_fraction_vs_c3 numeric value reproduces
PASS: runtime_overhead_vs_c3.sensor_bias_5.mean_ekf_update_ms numeric value reproduces
PASS: runtime_overhead_vs_c3.sensor_bias_5.p95_ekf_update_ms_across_seed_summaries numeric value reproduces
PASS: runtime_overhead_vs_c3.sensor_bias_5.total_reliability_observer_overhead_ms has matching mapping type
PASS: runtime_overhead_vs_c3.sensor_bias_5.total_reliability_observer_overhead_ms has matching keys
PASS: runtime_overhead_vs_c3.sensor_bias_5.total_reliability_observer_overhead_ms.mean_of_run_means numeric value reproduces
PASS: runtime_overhead_vs_c3.sensor_bias_5.total_reliability_observer_overhead_ms.mean_of_run_medians numeric value reproduces
PASS: runtime_overhead_vs_c3.sensor_bias_5.total_reliability_observer_overhead_ms.mean_of_run_p95s numeric value reproduces
PASS: runtime_overhead_vs_c3.sensor_bias_5.total_reliability_observer_overhead_ms.mean_of_run_p99s numeric value reproduces
PASS: runtime_overhead_vs_c3.sensor_bias_5.total_reliability_observer_overhead_ms.max_across_runs numeric value reproduces
PASS: runtime_overhead_vs_c3.sensor_bias_5.slsqp_solve_ms has matching mapping type
PASS: runtime_overhead_vs_c3.sensor_bias_5.slsqp_solve_ms has matching keys
PASS: runtime_overhead_vs_c3.sensor_bias_5.slsqp_solve_ms.mean_of_run_means numeric value reproduces
PASS: runtime_overhead_vs_c3.sensor_bias_5.slsqp_solve_ms.mean_of_run_medians numeric value reproduces
PASS: runtime_overhead_vs_c3.sensor_bias_5.slsqp_solve_ms.mean_of_run_p95s numeric value reproduces
PASS: runtime_overhead_vs_c3.sensor_bias_5.slsqp_solve_ms.mean_of_run_p99s numeric value reproduces
PASS: runtime_overhead_vs_c3.sensor_bias_5.slsqp_solve_ms.max_across_runs numeric value reproduces
PASS: runtime_overhead_vs_c3.sensor_dropout has matching mapping type
PASS: runtime_overhead_vs_c3.sensor_dropout has matching keys
PASS: runtime_overhead_vs_c3.sensor_dropout.mean_ekf_sim_time_s numeric value reproduces
PASS: runtime_overhead_vs_c3.sensor_dropout.mean_c3_sim_time_s numeric value reproduces
PASS: runtime_overhead_vs_c3.sensor_dropout.mean_overhead_s numeric value reproduces
PASS: runtime_overhead_vs_c3.sensor_dropout.mean_overhead_fraction_vs_c3 numeric value reproduces
PASS: runtime_overhead_vs_c3.sensor_dropout.mean_ekf_update_ms numeric value reproduces
PASS: runtime_overhead_vs_c3.sensor_dropout.p95_ekf_update_ms_across_seed_summaries numeric value reproduces
PASS: runtime_overhead_vs_c3.sensor_dropout.total_reliability_observer_overhead_ms has matching mapping type
PASS: runtime_overhead_vs_c3.sensor_dropout.total_reliability_observer_overhead_ms has matching keys
PASS: runtime_overhead_vs_c3.sensor_dropout.total_reliability_observer_overhead_ms.mean_of_run_means numeric value reproduces
PASS: runtime_overhead_vs_c3.sensor_dropout.total_reliability_observer_overhead_ms.mean_of_run_medians numeric value reproduces
PASS: runtime_overhead_vs_c3.sensor_dropout.total_reliability_observer_overhead_ms.mean_of_run_p95s numeric value reproduces
PASS: runtime_overhead_vs_c3.sensor_dropout.total_reliability_observer_overhead_ms.mean_of_run_p99s numeric value reproduces
PASS: runtime_overhead_vs_c3.sensor_dropout.total_reliability_observer_overhead_ms.max_across_runs numeric value reproduces
PASS: runtime_overhead_vs_c3.sensor_dropout.slsqp_solve_ms has matching mapping type
PASS: runtime_overhead_vs_c3.sensor_dropout.slsqp_solve_ms has matching keys
PASS: runtime_overhead_vs_c3.sensor_dropout.slsqp_solve_ms.mean_of_run_means numeric value reproduces
PASS: runtime_overhead_vs_c3.sensor_dropout.slsqp_solve_ms.mean_of_run_medians numeric value reproduces
PASS: runtime_overhead_vs_c3.sensor_dropout.slsqp_solve_ms.mean_of_run_p95s numeric value reproduces
PASS: runtime_overhead_vs_c3.sensor_dropout.slsqp_solve_ms.mean_of_run_p99s numeric value reproduces
PASS: runtime_overhead_vs_c3.sensor_dropout.slsqp_solve_ms.max_across_runs numeric value reproduces
PASS: runtime_overhead_vs_c3.load_disturbance has matching mapping type
PASS: runtime_overhead_vs_c3.load_disturbance has matching keys
PASS: runtime_overhead_vs_c3.load_disturbance.mean_ekf_sim_time_s numeric value reproduces
PASS: runtime_overhead_vs_c3.load_disturbance.mean_c3_sim_time_s numeric value reproduces
PASS: runtime_overhead_vs_c3.load_disturbance.mean_overhead_s numeric value reproduces
PASS: runtime_overhead_vs_c3.load_disturbance.mean_overhead_fraction_vs_c3 numeric value reproduces
PASS: runtime_overhead_vs_c3.load_disturbance.mean_ekf_update_ms numeric value reproduces
PASS: runtime_overhead_vs_c3.load_disturbance.p95_ekf_update_ms_across_seed_summaries numeric value reproduces
PASS: runtime_overhead_vs_c3.load_disturbance.total_reliability_observer_overhead_ms has matching mapping type
PASS: runtime_overhead_vs_c3.load_disturbance.total_reliability_observer_overhead_ms has matching keys
PASS: runtime_overhead_vs_c3.load_disturbance.total_reliability_observer_overhead_ms.mean_of_run_means numeric value reproduces
PASS: runtime_overhead_vs_c3.load_disturbance.total_reliability_observer_overhead_ms.mean_of_run_medians numeric value reproduces
PASS: runtime_overhead_vs_c3.load_disturbance.total_reliability_observer_overhead_ms.mean_of_run_p95s numeric value reproduces
PASS: runtime_overhead_vs_c3.load_disturbance.total_reliability_observer_overhead_ms.mean_of_run_p99s numeric value reproduces
PASS: runtime_overhead_vs_c3.load_disturbance.total_reliability_observer_overhead_ms.max_across_runs numeric value reproduces
PASS: runtime_overhead_vs_c3.load_disturbance.slsqp_solve_ms has matching mapping type
PASS: runtime_overhead_vs_c3.load_disturbance.slsqp_solve_ms has matching keys
PASS: runtime_overhead_vs_c3.load_disturbance.slsqp_solve_ms.mean_of_run_means numeric value reproduces
PASS: runtime_overhead_vs_c3.load_disturbance.slsqp_solve_ms.mean_of_run_medians numeric value reproduces
PASS: runtime_overhead_vs_c3.load_disturbance.slsqp_solve_ms.mean_of_run_p95s numeric value reproduces
PASS: runtime_overhead_vs_c3.load_disturbance.slsqp_solve_ms.mean_of_run_p99s numeric value reproduces
PASS: runtime_overhead_vs_c3.load_disturbance.slsqp_solve_ms.max_across_runs numeric value reproduces
PASS: runtime_overhead_vs_c3.combined_fault_load has matching mapping type
PASS: runtime_overhead_vs_c3.combined_fault_load has matching keys
PASS: runtime_overhead_vs_c3.combined_fault_load.mean_ekf_sim_time_s numeric value reproduces
PASS: runtime_overhead_vs_c3.combined_fault_load.mean_c3_sim_time_s numeric value reproduces
PASS: runtime_overhead_vs_c3.combined_fault_load.mean_overhead_s numeric value reproduces
PASS: runtime_overhead_vs_c3.combined_fault_load.mean_overhead_fraction_vs_c3 numeric value reproduces
PASS: runtime_overhead_vs_c3.combined_fault_load.mean_ekf_update_ms numeric value reproduces
PASS: runtime_overhead_vs_c3.combined_fault_load.p95_ekf_update_ms_across_seed_summaries numeric value reproduces
PASS: runtime_overhead_vs_c3.combined_fault_load.total_reliability_observer_overhead_ms has matching mapping type
PASS: runtime_overhead_vs_c3.combined_fault_load.total_reliability_observer_overhead_ms has matching keys
PASS: runtime_overhead_vs_c3.combined_fault_load.total_reliability_observer_overhead_ms.mean_of_run_means numeric value reproduces
PASS: runtime_overhead_vs_c3.combined_fault_load.total_reliability_observer_overhead_ms.mean_of_run_medians numeric value reproduces
PASS: runtime_overhead_vs_c3.combined_fault_load.total_reliability_observer_overhead_ms.mean_of_run_p95s numeric value reproduces
PASS: runtime_overhead_vs_c3.combined_fault_load.total_reliability_observer_overhead_ms.mean_of_run_p99s numeric value reproduces
PASS: runtime_overhead_vs_c3.combined_fault_load.total_reliability_observer_overhead_ms.max_across_runs numeric value reproduces
PASS: runtime_overhead_vs_c3.combined_fault_load.slsqp_solve_ms has matching mapping type
PASS: runtime_overhead_vs_c3.combined_fault_load.slsqp_solve_ms has matching keys
PASS: runtime_overhead_vs_c3.combined_fault_load.slsqp_solve_ms.mean_of_run_means numeric value reproduces
PASS: runtime_overhead_vs_c3.combined_fault_load.slsqp_solve_ms.mean_of_run_medians numeric value reproduces
PASS: runtime_overhead_vs_c3.combined_fault_load.slsqp_solve_ms.mean_of_run_p95s numeric value reproduces
PASS: runtime_overhead_vs_c3.combined_fault_load.slsqp_solve_ms.mean_of_run_p99s numeric value reproduces
PASS: runtime_overhead_vs_c3.combined_fault_load.slsqp_solve_ms.max_across_runs numeric value reproduces
PASS: runtime_overhead_vs_c3.parameter_variation has matching mapping type
PASS: runtime_overhead_vs_c3.parameter_variation has matching keys
PASS: runtime_overhead_vs_c3.parameter_variation.mean_ekf_sim_time_s numeric value reproduces
PASS: runtime_overhead_vs_c3.parameter_variation.mean_c3_sim_time_s numeric value reproduces
PASS: runtime_overhead_vs_c3.parameter_variation.mean_overhead_s numeric value reproduces
PASS: runtime_overhead_vs_c3.parameter_variation.mean_overhead_fraction_vs_c3 numeric value reproduces
PASS: runtime_overhead_vs_c3.parameter_variation.mean_ekf_update_ms numeric value reproduces
PASS: runtime_overhead_vs_c3.parameter_variation.p95_ekf_update_ms_across_seed_summaries numeric value reproduces
PASS: runtime_overhead_vs_c3.parameter_variation.total_reliability_observer_overhead_ms has matching mapping type
PASS: runtime_overhead_vs_c3.parameter_variation.total_reliability_observer_overhead_ms has matching keys
PASS: runtime_overhead_vs_c3.parameter_variation.total_reliability_observer_overhead_ms.mean_of_run_means numeric value reproduces
PASS: runtime_overhead_vs_c3.parameter_variation.total_reliability_observer_overhead_ms.mean_of_run_medians numeric value reproduces
PASS: runtime_overhead_vs_c3.parameter_variation.total_reliability_observer_overhead_ms.mean_of_run_p95s numeric value reproduces
PASS: runtime_overhead_vs_c3.parameter_variation.total_reliability_observer_overhead_ms.mean_of_run_p99s numeric value reproduces
PASS: runtime_overhead_vs_c3.parameter_variation.total_reliability_observer_overhead_ms.max_across_runs numeric value reproduces
PASS: runtime_overhead_vs_c3.parameter_variation.slsqp_solve_ms has matching mapping type
PASS: runtime_overhead_vs_c3.parameter_variation.slsqp_solve_ms has matching keys
PASS: runtime_overhead_vs_c3.parameter_variation.slsqp_solve_ms.mean_of_run_means numeric value reproduces
PASS: runtime_overhead_vs_c3.parameter_variation.slsqp_solve_ms.mean_of_run_medians numeric value reproduces
PASS: runtime_overhead_vs_c3.parameter_variation.slsqp_solve_ms.mean_of_run_p95s numeric value reproduces
PASS: runtime_overhead_vs_c3.parameter_variation.slsqp_solve_ms.mean_of_run_p99s numeric value reproduces
PASS: runtime_overhead_vs_c3.parameter_variation.slsqp_solve_ms.max_across_runs numeric value reproduces
PASS: closed-loop summary contains saved role gate
PASS: role-gate EKF run_complete contains booleans
PASS: role_gate has matching mapping type
PASS: role_gate has matching keys
PASS: role_gate.decision value reproduces
PASS: role_gate.finite_every_sample value reproduces
PASS: role_gate.zero_new_safety_failures value reproduces
PASS: role_gate.safety_failure_count numeric value reproduces
PASS: role_gate.isolated_sensor_faults has matching mapping type
PASS: role_gate.isolated_sensor_faults has matching keys
PASS: role_gate.isolated_sensor_faults.sensor_bias_5 has matching mapping type
PASS: role_gate.isolated_sensor_faults.sensor_bias_5 has matching keys
PASS: role_gate.isolated_sensor_faults.sensor_bias_5.mean_relative_degradation numeric value reproduces
PASS: role_gate.isolated_sensor_faults.sensor_bias_5.paired_seed_passes numeric value reproduces
PASS: role_gate.isolated_sensor_faults.sensor_bias_5.pass value reproduces
PASS: role_gate.isolated_sensor_faults.sensor_dropout has matching mapping type
PASS: role_gate.isolated_sensor_faults.sensor_dropout has matching keys
PASS: role_gate.isolated_sensor_faults.sensor_dropout.mean_relative_degradation numeric value reproduces
PASS: role_gate.isolated_sensor_faults.sensor_dropout.paired_seed_passes numeric value reproduces
PASS: role_gate.isolated_sensor_faults.sensor_dropout.pass value reproduces
PASS: role_gate.combined_fault_load has matching mapping type
PASS: role_gate.combined_fault_load has matching keys
PASS: role_gate.combined_fault_load.mean_relative_improvement numeric value reproduces
PASS: role_gate.combined_fault_load.paired_seed_passes numeric value reproduces
PASS: role_gate.combined_fault_load.pass value reproduces
PASS: role_gate.load_disturbance has matching mapping type
PASS: role_gate.load_disturbance has matching keys
PASS: role_gate.load_disturbance.mean_tracking_penalty_reduction numeric value reproduces
PASS: role_gate.load_disturbance.paired_tracking_seed_passes numeric value reproduces
PASS: role_gate.load_disturbance.false_substitution_nonworse_seed_passes numeric value reproduces
PASS: role_gate.load_disturbance.false_substitution_nonworse value reproduces
PASS: role_gate.load_disturbance.pass value reproduces
PASS: role_gate.qr_selected_from_preregistered_27_candidate_calibration value reproduces
PASS: role_gate.all_successor_criteria_pass value reproduces
PASS: EKF closed-loop trace contains required columns (missing=[])
PASS: closed-loop trace contains only EKF comparator samples
PASS: closed-loop trace seeds are numeric
PASS: closed-loop trace seeds are finite
PASS: closed-loop trace seeds are integers
PASS: closed-loop trace uses no reserved 39026-39030 seed
PASS: trace sample count matches combined_fault_load/19026 completed_samples
PASS: trace combined_fault_load/19026 step seeds are numeric
PASS: trace combined_fault_load/19026 step seeds are finite
PASS: trace combined_fault_load/19026 step seeds are integers
PASS: trace steps are contiguous for combined_fault_load/19026
PASS: trace combined_fault_load/19026 EKF speed contains only numeric values
PASS: trace combined_fault_load/19026 EKF speed is non-missing
PASS: present trace combined_fault_load/19026 EKF speed values are finite
PASS: trace combined_fault_load/19026 EKF load contains only numeric values
PASS: trace combined_fault_load/19026 EKF load is non-missing
PASS: present trace combined_fault_load/19026 EKF load values are finite
PASS: trace combined_fault_load/19026 covariance asymmetry contains only numeric values
PASS: present trace combined_fault_load/19026 covariance asymmetry values are finite
PASS: trace covariance symmetry stays within tolerance for combined_fault_load/19026
PASS: trace combined_fault_load/19026 covariance eigenvalue contains only numeric values
PASS: present trace combined_fault_load/19026 covariance eigenvalue values are finite
PASS: trace covariance remains PSD for combined_fault_load/19026
PASS: trace combined_fault_load/19026 EKF timing contains only numeric values
PASS: trace combined_fault_load/19026 EKF timing is non-missing
PASS: present trace combined_fault_load/19026 EKF timing values are finite
PASS: trace combined_fault_load/19026 auxiliary timing contains only numeric values
PASS: trace combined_fault_load/19026 auxiliary timing is non-missing
PASS: present trace combined_fault_load/19026 auxiliary timing values are finite
PASS: trace combined_fault_load/19026 reliability timing contains only numeric values
PASS: trace combined_fault_load/19026 reliability timing is non-missing
PASS: present trace combined_fault_load/19026 reliability timing values are finite
PASS: trace combined_fault_load/19026 total reliability+observer overhead contains only numeric values
PASS: trace combined_fault_load/19026 total reliability+observer overhead is non-missing
PASS: present trace combined_fault_load/19026 total reliability+observer overhead values are finite
PASS: trace combined_fault_load/19026 SLSQP timing contains only numeric values
PASS: present trace combined_fault_load/19026 SLSQP timing values are finite
PASS: trace combined_fault_load/19026 EKF update timing is nonnegative
PASS: trace combined_fault_load/19026 auxiliary inference timing is nonnegative
PASS: trace combined_fault_load/19026 reliability update timing is nonnegative
PASS: trace combined_fault_load/19026 total reliability+observer overhead timing is nonnegative
PASS: trace combined_fault_load/19026 SLSQP timing is nonnegative when present
PASS: trace combined_fault_load/19026 total overhead equals EKF + auxiliary + reliability timing
PASS: trace combined_fault_load/19026 pre-window auxiliary/reliability overhead is zero
PASS: trace combined_fault_load/19026 SLSQP timing exists only at control updates
PASS: timing distribution contains at least one finite sample
PASS: timing distribution samples are nonnegative
PASS: timing distribution contains at least one finite sample
PASS: timing distribution samples are nonnegative
PASS: timing distribution contains at least one finite sample
PASS: timing distribution samples are nonnegative
PASS: run combined_fault_load/19026 mean_ekf_update_ms recomputes from raw timing
PASS: run combined_fault_load/19026 median_ekf_update_ms recomputes from raw timing
PASS: run combined_fault_load/19026 p95_ekf_update_ms recomputes from raw timing
PASS: run combined_fault_load/19026 p99_ekf_update_ms recomputes from raw timing
PASS: run combined_fault_load/19026 max_ekf_update_ms recomputes from raw timing
PASS: run combined_fault_load/19026 total_reliability_observer_overhead_sample_count recomputes from raw timing
PASS: run combined_fault_load/19026 mean_total_reliability_observer_overhead_ms recomputes from raw timing
PASS: run combined_fault_load/19026 median_total_reliability_observer_overhead_ms recomputes from raw timing
PASS: run combined_fault_load/19026 p95_total_reliability_observer_overhead_ms recomputes from raw timing
PASS: run combined_fault_load/19026 p99_total_reliability_observer_overhead_ms recomputes from raw timing
PASS: run combined_fault_load/19026 max_total_reliability_observer_overhead_ms recomputes from raw timing
PASS: run combined_fault_load/19026 slsqp_solve_count recomputes from raw timing
PASS: run combined_fault_load/19026 mean_slsqp_solve_ms recomputes from raw timing
PASS: run combined_fault_load/19026 median_slsqp_solve_ms recomputes from raw timing
PASS: run combined_fault_load/19026 p95_slsqp_solve_ms recomputes from raw timing
PASS: run combined_fault_load/19026 p99_slsqp_solve_ms recomputes from raw timing
PASS: run combined_fault_load/19026 max_slsqp_solve_ms recomputes from raw timing
PASS: trace sample count matches combined_fault_load/19027 completed_samples
PASS: trace combined_fault_load/19027 step seeds are numeric
PASS: trace combined_fault_load/19027 step seeds are finite
PASS: trace combined_fault_load/19027 step seeds are integers
PASS: trace steps are contiguous for combined_fault_load/19027
PASS: trace combined_fault_load/19027 EKF speed contains only numeric values
PASS: trace combined_fault_load/19027 EKF speed is non-missing
PASS: present trace combined_fault_load/19027 EKF speed values are finite
PASS: trace combined_fault_load/19027 EKF load contains only numeric values
PASS: trace combined_fault_load/19027 EKF load is non-missing
PASS: present trace combined_fault_load/19027 EKF load values are finite
PASS: trace combined_fault_load/19027 covariance asymmetry contains only numeric values
PASS: present trace combined_fault_load/19027 covariance asymmetry values are finite
PASS: trace covariance symmetry stays within tolerance for combined_fault_load/19027
PASS: trace combined_fault_load/19027 covariance eigenvalue contains only numeric values
PASS: present trace combined_fault_load/19027 covariance eigenvalue values are finite
PASS: trace covariance remains PSD for combined_fault_load/19027
PASS: trace combined_fault_load/19027 EKF timing contains only numeric values
PASS: trace combined_fault_load/19027 EKF timing is non-missing
PASS: present trace combined_fault_load/19027 EKF timing values are finite
PASS: trace combined_fault_load/19027 auxiliary timing contains only numeric values
PASS: trace combined_fault_load/19027 auxiliary timing is non-missing
PASS: present trace combined_fault_load/19027 auxiliary timing values are finite
PASS: trace combined_fault_load/19027 reliability timing contains only numeric values
PASS: trace combined_fault_load/19027 reliability timing is non-missing
PASS: present trace combined_fault_load/19027 reliability timing values are finite
PASS: trace combined_fault_load/19027 total reliability+observer overhead contains only numeric values
PASS: trace combined_fault_load/19027 total reliability+observer overhead is non-missing
PASS: present trace combined_fault_load/19027 total reliability+observer overhead values are finite
PASS: trace combined_fault_load/19027 SLSQP timing contains only numeric values
PASS: present trace combined_fault_load/19027 SLSQP timing values are finite
PASS: trace combined_fault_load/19027 EKF update timing is nonnegative
PASS: trace combined_fault_load/19027 auxiliary inference timing is nonnegative
PASS: trace combined_fault_load/19027 reliability update timing is nonnegative
PASS: trace combined_fault_load/19027 total reliability+observer overhead timing is nonnegative
PASS: trace combined_fault_load/19027 SLSQP timing is nonnegative when present
PASS: trace combined_fault_load/19027 total overhead equals EKF + auxiliary + reliability timing
PASS: trace combined_fault_load/19027 pre-window auxiliary/reliability overhead is zero
PASS: trace combined_fault_load/19027 SLSQP timing exists only at control updates
PASS: timing distribution contains at least one finite sample
PASS: timing distribution samples are nonnegative
PASS: timing distribution contains at least one finite sample
PASS: timing distribution samples are nonnegative
PASS: timing distribution contains at least one finite sample
PASS: timing distribution samples are nonnegative
PASS: run combined_fault_load/19027 mean_ekf_update_ms recomputes from raw timing
PASS: run combined_fault_load/19027 median_ekf_update_ms recomputes from raw timing
PASS: run combined_fault_load/19027 p95_ekf_update_ms recomputes from raw timing
PASS: run combined_fault_load/19027 p99_ekf_update_ms recomputes from raw timing
PASS: run combined_fault_load/19027 max_ekf_update_ms recomputes from raw timing
PASS: run combined_fault_load/19027 total_reliability_observer_overhead_sample_count recomputes from raw timing
PASS: run combined_fault_load/19027 mean_total_reliability_observer_overhead_ms recomputes from raw timing
PASS: run combined_fault_load/19027 median_total_reliability_observer_overhead_ms recomputes from raw timing
PASS: run combined_fault_load/19027 p95_total_reliability_observer_overhead_ms recomputes from raw timing
PASS: run combined_fault_load/19027 p99_total_reliability_observer_overhead_ms recomputes from raw timing
PASS: run combined_fault_load/19027 max_total_reliability_observer_overhead_ms recomputes from raw timing
PASS: run combined_fault_load/19027 slsqp_solve_count recomputes from raw timing
PASS: run combined_fault_load/19027 mean_slsqp_solve_ms recomputes from raw timing
PASS: run combined_fault_load/19027 median_slsqp_solve_ms recomputes from raw timing
PASS: run combined_fault_load/19027 p95_slsqp_solve_ms recomputes from raw timing
PASS: run combined_fault_load/19027 p99_slsqp_solve_ms recomputes from raw timing
PASS: run combined_fault_load/19027 max_slsqp_solve_ms recomputes from raw timing
PASS: trace sample count matches combined_fault_load/19028 completed_samples
PASS: trace combined_fault_load/19028 step seeds are numeric
PASS: trace combined_fault_load/19028 step seeds are finite
PASS: trace combined_fault_load/19028 step seeds are integers
PASS: trace steps are contiguous for combined_fault_load/19028
PASS: trace combined_fault_load/19028 EKF speed contains only numeric values
PASS: trace combined_fault_load/19028 EKF speed is non-missing
PASS: present trace combined_fault_load/19028 EKF speed values are finite
PASS: trace combined_fault_load/19028 EKF load contains only numeric values
PASS: trace combined_fault_load/19028 EKF load is non-missing
PASS: present trace combined_fault_load/19028 EKF load values are finite
PASS: trace combined_fault_load/19028 covariance asymmetry contains only numeric values
PASS: present trace combined_fault_load/19028 covariance asymmetry values are finite
PASS: trace covariance symmetry stays within tolerance for combined_fault_load/19028
PASS: trace combined_fault_load/19028 covariance eigenvalue contains only numeric values
PASS: present trace combined_fault_load/19028 covariance eigenvalue values are finite
PASS: trace covariance remains PSD for combined_fault_load/19028
PASS: trace combined_fault_load/19028 EKF timing contains only numeric values
PASS: trace combined_fault_load/19028 EKF timing is non-missing
PASS: present trace combined_fault_load/19028 EKF timing values are finite
PASS: trace combined_fault_load/19028 auxiliary timing contains only numeric values
PASS: trace combined_fault_load/19028 auxiliary timing is non-missing
PASS: present trace combined_fault_load/19028 auxiliary timing values are finite
PASS: trace combined_fault_load/19028 reliability timing contains only numeric values
PASS: trace combined_fault_load/19028 reliability timing is non-missing
PASS: present trace combined_fault_load/19028 reliability timing values are finite
PASS: trace combined_fault_load/19028 total reliability+observer overhead contains only numeric values
PASS: trace combined_fault_load/19028 total reliability+observer overhead is non-missing
PASS: present trace combined_fault_load/19028 total reliability+observer overhead values are finite
PASS: trace combined_fault_load/19028 SLSQP timing contains only numeric values
PASS: present trace combined_fault_load/19028 SLSQP timing values are finite
PASS: trace combined_fault_load/19028 EKF update timing is nonnegative
PASS: trace combined_fault_load/19028 auxiliary inference timing is nonnegative
PASS: trace combined_fault_load/19028 reliability update timing is nonnegative
PASS: trace combined_fault_load/19028 total reliability+observer overhead timing is nonnegative
PASS: trace combined_fault_load/19028 SLSQP timing is nonnegative when present
PASS: trace combined_fault_load/19028 total overhead equals EKF + auxiliary + reliability timing
PASS: trace combined_fault_load/19028 pre-window auxiliary/reliability overhead is zero
PASS: trace combined_fault_load/19028 SLSQP timing exists only at control updates
PASS: timing distribution contains at least one finite sample
PASS: timing distribution samples are nonnegative
PASS: timing distribution contains at least one finite sample
PASS: timing distribution samples are nonnegative
PASS: timing distribution contains at least one finite sample
PASS: timing distribution samples are nonnegative
PASS: run combined_fault_load/19028 mean_ekf_update_ms recomputes from raw timing
PASS: run combined_fault_load/19028 median_ekf_update_ms recomputes from raw timing
PASS: run combined_fault_load/19028 p95_ekf_update_ms recomputes from raw timing
PASS: run combined_fault_load/19028 p99_ekf_update_ms recomputes from raw timing
PASS: run combined_fault_load/19028 max_ekf_update_ms recomputes from raw timing
PASS: run combined_fault_load/19028 total_reliability_observer_overhead_sample_count recomputes from raw timing
PASS: run combined_fault_load/19028 mean_total_reliability_observer_overhead_ms recomputes from raw timing
PASS: run combined_fault_load/19028 median_total_reliability_observer_overhead_ms recomputes from raw timing
PASS: run combined_fault_load/19028 p95_total_reliability_observer_overhead_ms recomputes from raw timing
PASS: run combined_fault_load/19028 p99_total_reliability_observer_overhead_ms recomputes from raw timing
PASS: run combined_fault_load/19028 max_total_reliability_observer_overhead_ms recomputes from raw timing
PASS: run combined_fault_load/19028 slsqp_solve_count recomputes from raw timing
PASS: run combined_fault_load/19028 mean_slsqp_solve_ms recomputes from raw timing
PASS: run combined_fault_load/19028 median_slsqp_solve_ms recomputes from raw timing
PASS: run combined_fault_load/19028 p95_slsqp_solve_ms recomputes from raw timing
PASS: run combined_fault_load/19028 p99_slsqp_solve_ms recomputes from raw timing
PASS: run combined_fault_load/19028 max_slsqp_solve_ms recomputes from raw timing
PASS: trace sample count matches combined_fault_load/19029 completed_samples
PASS: trace combined_fault_load/19029 step seeds are numeric
PASS: trace combined_fault_load/19029 step seeds are finite
PASS: trace combined_fault_load/19029 step seeds are integers
PASS: trace steps are contiguous for combined_fault_load/19029
PASS: trace combined_fault_load/19029 EKF speed contains only numeric values
PASS: trace combined_fault_load/19029 EKF speed is non-missing
PASS: present trace combined_fault_load/19029 EKF speed values are finite
PASS: trace combined_fault_load/19029 EKF load contains only numeric values
PASS: trace combined_fault_load/19029 EKF load is non-missing
PASS: present trace combined_fault_load/19029 EKF load values are finite
PASS: trace combined_fault_load/19029 covariance asymmetry contains only numeric values
PASS: present trace combined_fault_load/19029 covariance asymmetry values are finite
PASS: trace covariance symmetry stays within tolerance for combined_fault_load/19029
PASS: trace combined_fault_load/19029 covariance eigenvalue contains only numeric values
PASS: present trace combined_fault_load/19029 covariance eigenvalue values are finite
PASS: trace covariance remains PSD for combined_fault_load/19029
PASS: trace combined_fault_load/19029 EKF timing contains only numeric values
PASS: trace combined_fault_load/19029 EKF timing is non-missing
PASS: present trace combined_fault_load/19029 EKF timing values are finite
PASS: trace combined_fault_load/19029 auxiliary timing contains only numeric values
PASS: trace combined_fault_load/19029 auxiliary timing is non-missing
PASS: present trace combined_fault_load/19029 auxiliary timing values are finite
PASS: trace combined_fault_load/19029 reliability timing contains only numeric values
PASS: trace combined_fault_load/19029 reliability timing is non-missing
PASS: present trace combined_fault_load/19029 reliability timing values are finite
PASS: trace combined_fault_load/19029 total reliability+observer overhead contains only numeric values
PASS: trace combined_fault_load/19029 total reliability+observer overhead is non-missing
PASS: present trace combined_fault_load/19029 total reliability+observer overhead values are finite
PASS: trace combined_fault_load/19029 SLSQP timing contains only numeric values
PASS: present trace combined_fault_load/19029 SLSQP timing values are finite
PASS: trace combined_fault_load/19029 EKF update timing is nonnegative
PASS: trace combined_fault_load/19029 auxiliary inference timing is nonnegative
PASS: trace combined_fault_load/19029 reliability update timing is nonnegative
PASS: trace combined_fault_load/19029 total reliability+observer overhead timing is nonnegative
PASS: trace combined_fault_load/19029 SLSQP timing is nonnegative when present
PASS: trace combined_fault_load/19029 total overhead equals EKF + auxiliary + reliability timing
PASS: trace combined_fault_load/19029 pre-window auxiliary/reliability overhead is zero
PASS: trace combined_fault_load/19029 SLSQP timing exists only at control updates
PASS: timing distribution contains at least one finite sample
PASS: timing distribution samples are nonnegative
PASS: timing distribution contains at least one finite sample
PASS: timing distribution samples are nonnegative
PASS: timing distribution contains at least one finite sample
PASS: timing distribution samples are nonnegative
PASS: run combined_fault_load/19029 mean_ekf_update_ms recomputes from raw timing
PASS: run combined_fault_load/19029 median_ekf_update_ms recomputes from raw timing
PASS: run combined_fault_load/19029 p95_ekf_update_ms recomputes from raw timing
PASS: run combined_fault_load/19029 p99_ekf_update_ms recomputes from raw timing
PASS: run combined_fault_load/19029 max_ekf_update_ms recomputes from raw timing
PASS: run combined_fault_load/19029 total_reliability_observer_overhead_sample_count recomputes from raw timing
PASS: run combined_fault_load/19029 mean_total_reliability_observer_overhead_ms recomputes from raw timing
PASS: run combined_fault_load/19029 median_total_reliability_observer_overhead_ms recomputes from raw timing
PASS: run combined_fault_load/19029 p95_total_reliability_observer_overhead_ms recomputes from raw timing
PASS: run combined_fault_load/19029 p99_total_reliability_observer_overhead_ms recomputes from raw timing
PASS: run combined_fault_load/19029 max_total_reliability_observer_overhead_ms recomputes from raw timing
PASS: run combined_fault_load/19029 slsqp_solve_count recomputes from raw timing
PASS: run combined_fault_load/19029 mean_slsqp_solve_ms recomputes from raw timing
PASS: run combined_fault_load/19029 median_slsqp_solve_ms recomputes from raw timing
PASS: run combined_fault_load/19029 p95_slsqp_solve_ms recomputes from raw timing
PASS: run combined_fault_load/19029 p99_slsqp_solve_ms recomputes from raw timing
PASS: run combined_fault_load/19029 max_slsqp_solve_ms recomputes from raw timing
PASS: trace sample count matches combined_fault_load/19030 completed_samples
PASS: trace combined_fault_load/19030 step seeds are numeric
PASS: trace combined_fault_load/19030 step seeds are finite
PASS: trace combined_fault_load/19030 step seeds are integers
PASS: trace steps are contiguous for combined_fault_load/19030
PASS: trace combined_fault_load/19030 EKF speed contains only numeric values
PASS: trace combined_fault_load/19030 EKF speed is non-missing
PASS: present trace combined_fault_load/19030 EKF speed values are finite
PASS: trace combined_fault_load/19030 EKF load contains only numeric values
PASS: trace combined_fault_load/19030 EKF load is non-missing
PASS: present trace combined_fault_load/19030 EKF load values are finite
PASS: trace combined_fault_load/19030 covariance asymmetry contains only numeric values
PASS: present trace combined_fault_load/19030 covariance asymmetry values are finite
PASS: trace covariance symmetry stays within tolerance for combined_fault_load/19030
PASS: trace combined_fault_load/19030 covariance eigenvalue contains only numeric values
PASS: present trace combined_fault_load/19030 covariance eigenvalue values are finite
PASS: trace covariance remains PSD for combined_fault_load/19030
PASS: trace combined_fault_load/19030 EKF timing contains only numeric values
PASS: trace combined_fault_load/19030 EKF timing is non-missing
PASS: present trace combined_fault_load/19030 EKF timing values are finite
PASS: trace combined_fault_load/19030 auxiliary timing contains only numeric values
PASS: trace combined_fault_load/19030 auxiliary timing is non-missing
PASS: present trace combined_fault_load/19030 auxiliary timing values are finite
PASS: trace combined_fault_load/19030 reliability timing contains only numeric values
PASS: trace combined_fault_load/19030 reliability timing is non-missing
PASS: present trace combined_fault_load/19030 reliability timing values are finite
PASS: trace combined_fault_load/19030 total reliability+observer overhead contains only numeric values
PASS: trace combined_fault_load/19030 total reliability+observer overhead is non-missing
PASS: present trace combined_fault_load/19030 total reliability+observer overhead values are finite
PASS: trace combined_fault_load/19030 SLSQP timing contains only numeric values
PASS: present trace combined_fault_load/19030 SLSQP timing values are finite
PASS: trace combined_fault_load/19030 EKF update timing is nonnegative
PASS: trace combined_fault_load/19030 auxiliary inference timing is nonnegative
PASS: trace combined_fault_load/19030 reliability update timing is nonnegative
PASS: trace combined_fault_load/19030 total reliability+observer overhead timing is nonnegative
PASS: trace combined_fault_load/19030 SLSQP timing is nonnegative when present
PASS: trace combined_fault_load/19030 total overhead equals EKF + auxiliary + reliability timing
PASS: trace combined_fault_load/19030 pre-window auxiliary/reliability overhead is zero
PASS: trace combined_fault_load/19030 SLSQP timing exists only at control updates
PASS: timing distribution contains at least one finite sample
PASS: timing distribution samples are nonnegative
PASS: timing distribution contains at least one finite sample
PASS: timing distribution samples are nonnegative
PASS: timing distribution contains at least one finite sample
PASS: timing distribution samples are nonnegative
PASS: run combined_fault_load/19030 mean_ekf_update_ms recomputes from raw timing
PASS: run combined_fault_load/19030 median_ekf_update_ms recomputes from raw timing
PASS: run combined_fault_load/19030 p95_ekf_update_ms recomputes from raw timing
PASS: run combined_fault_load/19030 p99_ekf_update_ms recomputes from raw timing
PASS: run combined_fault_load/19030 max_ekf_update_ms recomputes from raw timing
PASS: run combined_fault_load/19030 total_reliability_observer_overhead_sample_count recomputes from raw timing
PASS: run combined_fault_load/19030 mean_total_reliability_observer_overhead_ms recomputes from raw timing
PASS: run combined_fault_load/19030 median_total_reliability_observer_overhead_ms recomputes from raw timing
PASS: run combined_fault_load/19030 p95_total_reliability_observer_overhead_ms recomputes from raw timing
PASS: run combined_fault_load/19030 p99_total_reliability_observer_overhead_ms recomputes from raw timing
PASS: run combined_fault_load/19030 max_total_reliability_observer_overhead_ms recomputes from raw timing
PASS: run combined_fault_load/19030 slsqp_solve_count recomputes from raw timing
PASS: run combined_fault_load/19030 mean_slsqp_solve_ms recomputes from raw timing
PASS: run combined_fault_load/19030 median_slsqp_solve_ms recomputes from raw timing
PASS: run combined_fault_load/19030 p95_slsqp_solve_ms recomputes from raw timing
PASS: run combined_fault_load/19030 p99_slsqp_solve_ms recomputes from raw timing
PASS: run combined_fault_load/19030 max_slsqp_solve_ms recomputes from raw timing
PASS: trace sample count matches load_disturbance/19026 completed_samples
PASS: trace load_disturbance/19026 step seeds are numeric
PASS: trace load_disturbance/19026 step seeds are finite
PASS: trace load_disturbance/19026 step seeds are integers
PASS: trace steps are contiguous for load_disturbance/19026
PASS: trace load_disturbance/19026 EKF speed contains only numeric values
PASS: trace load_disturbance/19026 EKF speed is non-missing
PASS: present trace load_disturbance/19026 EKF speed values are finite
PASS: trace load_disturbance/19026 EKF load contains only numeric values
PASS: trace load_disturbance/19026 EKF load is non-missing
PASS: present trace load_disturbance/19026 EKF load values are finite
PASS: trace load_disturbance/19026 covariance asymmetry contains only numeric values
PASS: present trace load_disturbance/19026 covariance asymmetry values are finite
PASS: trace covariance symmetry stays within tolerance for load_disturbance/19026
PASS: trace load_disturbance/19026 covariance eigenvalue contains only numeric values
PASS: present trace load_disturbance/19026 covariance eigenvalue values are finite
PASS: trace covariance remains PSD for load_disturbance/19026
PASS: trace load_disturbance/19026 EKF timing contains only numeric values
PASS: trace load_disturbance/19026 EKF timing is non-missing
PASS: present trace load_disturbance/19026 EKF timing values are finite
PASS: trace load_disturbance/19026 auxiliary timing contains only numeric values
PASS: trace load_disturbance/19026 auxiliary timing is non-missing
PASS: present trace load_disturbance/19026 auxiliary timing values are finite
PASS: trace load_disturbance/19026 reliability timing contains only numeric values
PASS: trace load_disturbance/19026 reliability timing is non-missing
PASS: present trace load_disturbance/19026 reliability timing values are finite
PASS: trace load_disturbance/19026 total reliability+observer overhead contains only numeric values
PASS: trace load_disturbance/19026 total reliability+observer overhead is non-missing
PASS: present trace load_disturbance/19026 total reliability+observer overhead values are finite
PASS: trace load_disturbance/19026 SLSQP timing contains only numeric values
PASS: present trace load_disturbance/19026 SLSQP timing values are finite
PASS: trace load_disturbance/19026 EKF update timing is nonnegative
PASS: trace load_disturbance/19026 auxiliary inference timing is nonnegative
PASS: trace load_disturbance/19026 reliability update timing is nonnegative
PASS: trace load_disturbance/19026 total reliability+observer overhead timing is nonnegative
PASS: trace load_disturbance/19026 SLSQP timing is nonnegative when present
PASS: trace load_disturbance/19026 total overhead equals EKF + auxiliary + reliability timing
PASS: trace load_disturbance/19026 pre-window auxiliary/reliability overhead is zero
PASS: trace load_disturbance/19026 SLSQP timing exists only at control updates
PASS: timing distribution contains at least one finite sample
PASS: timing distribution samples are nonnegative
PASS: timing distribution contains at least one finite sample
PASS: timing distribution samples are nonnegative
PASS: timing distribution contains at least one finite sample
PASS: timing distribution samples are nonnegative
PASS: run load_disturbance/19026 mean_ekf_update_ms recomputes from raw timing
PASS: run load_disturbance/19026 median_ekf_update_ms recomputes from raw timing
PASS: run load_disturbance/19026 p95_ekf_update_ms recomputes from raw timing
PASS: run load_disturbance/19026 p99_ekf_update_ms recomputes from raw timing
PASS: run load_disturbance/19026 max_ekf_update_ms recomputes from raw timing
PASS: run load_disturbance/19026 total_reliability_observer_overhead_sample_count recomputes from raw timing
PASS: run load_disturbance/19026 mean_total_reliability_observer_overhead_ms recomputes from raw timing
PASS: run load_disturbance/19026 median_total_reliability_observer_overhead_ms recomputes from raw timing
PASS: run load_disturbance/19026 p95_total_reliability_observer_overhead_ms recomputes from raw timing
PASS: run load_disturbance/19026 p99_total_reliability_observer_overhead_ms recomputes from raw timing
PASS: run load_disturbance/19026 max_total_reliability_observer_overhead_ms recomputes from raw timing
PASS: run load_disturbance/19026 slsqp_solve_count recomputes from raw timing
PASS: run load_disturbance/19026 mean_slsqp_solve_ms recomputes from raw timing
PASS: run load_disturbance/19026 median_slsqp_solve_ms recomputes from raw timing
PASS: run load_disturbance/19026 p95_slsqp_solve_ms recomputes from raw timing
PASS: run load_disturbance/19026 p99_slsqp_solve_ms recomputes from raw timing
PASS: run load_disturbance/19026 max_slsqp_solve_ms recomputes from raw timing
PASS: trace sample count matches load_disturbance/19027 completed_samples
PASS: trace load_disturbance/19027 step seeds are numeric
PASS: trace load_disturbance/19027 step seeds are finite
PASS: trace load_disturbance/19027 step seeds are integers
PASS: trace steps are contiguous for load_disturbance/19027
PASS: trace load_disturbance/19027 EKF speed contains only numeric values
PASS: trace load_disturbance/19027 EKF speed is non-missing
PASS: present trace load_disturbance/19027 EKF speed values are finite
PASS: trace load_disturbance/19027 EKF load contains only numeric values
PASS: trace load_disturbance/19027 EKF load is non-missing
PASS: present trace load_disturbance/19027 EKF load values are finite
PASS: trace load_disturbance/19027 covariance asymmetry contains only numeric values
PASS: present trace load_disturbance/19027 covariance asymmetry values are finite
PASS: trace covariance symmetry stays within tolerance for load_disturbance/19027
PASS: trace load_disturbance/19027 covariance eigenvalue contains only numeric values
PASS: present trace load_disturbance/19027 covariance eigenvalue values are finite
PASS: trace covariance remains PSD for load_disturbance/19027
PASS: trace load_disturbance/19027 EKF timing contains only numeric values
PASS: trace load_disturbance/19027 EKF timing is non-missing
PASS: present trace load_disturbance/19027 EKF timing values are finite
PASS: trace load_disturbance/19027 auxiliary timing contains only numeric values
PASS: trace load_disturbance/19027 auxiliary timing is non-missing
PASS: present trace load_disturbance/19027 auxiliary timing values are finite
PASS: trace load_disturbance/19027 reliability timing contains only numeric values
PASS: trace load_disturbance/19027 reliability timing is non-missing
PASS: present trace load_disturbance/19027 reliability timing values are finite
PASS: trace load_disturbance/19027 total reliability+observer overhead contains only numeric values
PASS: trace load_disturbance/19027 total reliability+observer overhead is non-missing
PASS: present trace load_disturbance/19027 total reliability+observer overhead values are finite
PASS: trace load_disturbance/19027 SLSQP timing contains only numeric values
PASS: present trace load_disturbance/19027 SLSQP timing values are finite
PASS: trace load_disturbance/19027 EKF update timing is nonnegative
PASS: trace load_disturbance/19027 auxiliary inference timing is nonnegative
PASS: trace load_disturbance/19027 reliability update timing is nonnegative
PASS: trace load_disturbance/19027 total reliability+observer overhead timing is nonnegative
PASS: trace load_disturbance/19027 SLSQP timing is nonnegative when present
PASS: trace load_disturbance/19027 total overhead equals EKF + auxiliary + reliability timing
PASS: trace load_disturbance/19027 pre-window auxiliary/reliability overhead is zero
PASS: trace load_disturbance/19027 SLSQP timing exists only at control updates
PASS: timing distribution contains at least one finite sample
PASS: timing distribution samples are nonnegative
PASS: timing distribution contains at least one finite sample
PASS: timing distribution samples are nonnegative
PASS: timing distribution contains at least one finite sample
PASS: timing distribution samples are nonnegative
PASS: run load_disturbance/19027 mean_ekf_update_ms recomputes from raw timing
PASS: run load_disturbance/19027 median_ekf_update_ms recomputes from raw timing
PASS: run load_disturbance/19027 p95_ekf_update_ms recomputes from raw timing
PASS: run load_disturbance/19027 p99_ekf_update_ms recomputes from raw timing
PASS: run load_disturbance/19027 max_ekf_update_ms recomputes from raw timing
PASS: run load_disturbance/19027 total_reliability_observer_overhead_sample_count recomputes from raw timing
PASS: run load_disturbance/19027 mean_total_reliability_observer_overhead_ms recomputes from raw timing
PASS: run load_disturbance/19027 median_total_reliability_observer_overhead_ms recomputes from raw timing
PASS: run load_disturbance/19027 p95_total_reliability_observer_overhead_ms recomputes from raw timing
PASS: run load_disturbance/19027 p99_total_reliability_observer_overhead_ms recomputes from raw timing
PASS: run load_disturbance/19027 max_total_reliability_observer_overhead_ms recomputes from raw timing
PASS: run load_disturbance/19027 slsqp_solve_count recomputes from raw timing
PASS: run load_disturbance/19027 mean_slsqp_solve_ms recomputes from raw timing
PASS: run load_disturbance/19027 median_slsqp_solve_ms recomputes from raw timing
PASS: run load_disturbance/19027 p95_slsqp_solve_ms recomputes from raw timing
PASS: run load_disturbance/19027 p99_slsqp_solve_ms recomputes from raw timing
PASS: run load_disturbance/19027 max_slsqp_solve_ms recomputes from raw timing
PASS: trace sample count matches load_disturbance/19028 completed_samples
PASS: trace load_disturbance/19028 step seeds are numeric
PASS: trace load_disturbance/19028 step seeds are finite
PASS: trace load_disturbance/19028 step seeds are integers
PASS: trace steps are contiguous for load_disturbance/19028
PASS: trace load_disturbance/19028 EKF speed contains only numeric values
PASS: trace load_disturbance/19028 EKF speed is non-missing
PASS: present trace load_disturbance/19028 EKF speed values are finite
PASS: trace load_disturbance/19028 EKF load contains only numeric values
PASS: trace load_disturbance/19028 EKF load is non-missing
PASS: present trace load_disturbance/19028 EKF load values are finite
PASS: trace load_disturbance/19028 covariance asymmetry contains only numeric values
PASS: present trace load_disturbance/19028 covariance asymmetry values are finite
PASS: trace covariance symmetry stays within tolerance for load_disturbance/19028
PASS: trace load_disturbance/19028 covariance eigenvalue contains only numeric values
PASS: present trace load_disturbance/19028 covariance eigenvalue values are finite
PASS: trace covariance remains PSD for load_disturbance/19028
PASS: trace load_disturbance/19028 EKF timing contains only numeric values
PASS: trace load_disturbance/19028 EKF timing is non-missing
PASS: present trace load_disturbance/19028 EKF timing values are finite
PASS: trace load_disturbance/19028 auxiliary timing contains only numeric values
PASS: trace load_disturbance/19028 auxiliary timing is non-missing
PASS: present trace load_disturbance/19028 auxiliary timing values are finite
PASS: trace load_disturbance/19028 reliability timing contains only numeric values
PASS: trace load_disturbance/19028 reliability timing is non-missing
PASS: present trace load_disturbance/19028 reliability timing values are finite
PASS: trace load_disturbance/19028 total reliability+observer overhead contains only numeric values
PASS: trace load_disturbance/19028 total reliability+observer overhead is non-missing
PASS: present trace load_disturbance/19028 total reliability+observer overhead values are finite
PASS: trace load_disturbance/19028 SLSQP timing contains only numeric values
PASS: present trace load_disturbance/19028 SLSQP timing values are finite
PASS: trace load_disturbance/19028 EKF update timing is nonnegative
PASS: trace load_disturbance/19028 auxiliary inference timing is nonnegative
PASS: trace load_disturbance/19028 reliability update timing is nonnegative
PASS: trace load_disturbance/19028 total reliability+observer overhead timing is nonnegative
PASS: trace load_disturbance/19028 SLSQP timing is nonnegative when present
PASS: trace load_disturbance/19028 total overhead equals EKF + auxiliary + reliability timing
PASS: trace load_disturbance/19028 pre-window auxiliary/reliability overhead is zero
PASS: trace load_disturbance/19028 SLSQP timing exists only at control updates
PASS: timing distribution contains at least one finite sample
PASS: timing distribution samples are nonnegative
PASS: timing distribution contains at least one finite sample
PASS: timing distribution samples are nonnegative
PASS: timing distribution contains at least one finite sample
PASS: timing distribution samples are nonnegative
PASS: run load_disturbance/19028 mean_ekf_update_ms recomputes from raw timing
PASS: run load_disturbance/19028 median_ekf_update_ms recomputes from raw timing
PASS: run load_disturbance/19028 p95_ekf_update_ms recomputes from raw timing
PASS: run load_disturbance/19028 p99_ekf_update_ms recomputes from raw timing
PASS: run load_disturbance/19028 max_ekf_update_ms recomputes from raw timing
PASS: run load_disturbance/19028 total_reliability_observer_overhead_sample_count recomputes from raw timing
PASS: run load_disturbance/19028 mean_total_reliability_observer_overhead_ms recomputes from raw timing
PASS: run load_disturbance/19028 median_total_reliability_observer_overhead_ms recomputes from raw timing
PASS: run load_disturbance/19028 p95_total_reliability_observer_overhead_ms recomputes from raw timing
PASS: run load_disturbance/19028 p99_total_reliability_observer_overhead_ms recomputes from raw timing
PASS: run load_disturbance/19028 max_total_reliability_observer_overhead_ms recomputes from raw timing
PASS: run load_disturbance/19028 slsqp_solve_count recomputes from raw timing
PASS: run load_disturbance/19028 mean_slsqp_solve_ms recomputes from raw timing
PASS: run load_disturbance/19028 median_slsqp_solve_ms recomputes from raw timing
PASS: run load_disturbance/19028 p95_slsqp_solve_ms recomputes from raw timing
PASS: run load_disturbance/19028 p99_slsqp_solve_ms recomputes from raw timing
PASS: run load_disturbance/19028 max_slsqp_solve_ms recomputes from raw timing
PASS: trace sample count matches load_disturbance/19029 completed_samples
PASS: trace load_disturbance/19029 step seeds are numeric
PASS: trace load_disturbance/19029 step seeds are finite
PASS: trace load_disturbance/19029 step seeds are integers
PASS: trace steps are contiguous for load_disturbance/19029
PASS: trace load_disturbance/19029 EKF speed contains only numeric values
PASS: trace load_disturbance/19029 EKF speed is non-missing
PASS: present trace load_disturbance/19029 EKF speed values are finite
PASS: trace load_disturbance/19029 EKF load contains only numeric values
PASS: trace load_disturbance/19029 EKF load is non-missing
PASS: present trace load_disturbance/19029 EKF load values are finite
PASS: trace load_disturbance/19029 covariance asymmetry contains only numeric values
PASS: present trace load_disturbance/19029 covariance asymmetry values are finite
PASS: trace covariance symmetry stays within tolerance for load_disturbance/19029
PASS: trace load_disturbance/19029 covariance eigenvalue contains only numeric values
PASS: present trace load_disturbance/19029 covariance eigenvalue values are finite
PASS: trace covariance remains PSD for load_disturbance/19029
PASS: trace load_disturbance/19029 EKF timing contains only numeric values
PASS: trace load_disturbance/19029 EKF timing is non-missing
PASS: present trace load_disturbance/19029 EKF timing values are finite
PASS: trace load_disturbance/19029 auxiliary timing contains only numeric values
PASS: trace load_disturbance/19029 auxiliary timing is non-missing
PASS: present trace load_disturbance/19029 auxiliary timing values are finite
PASS: trace load_disturbance/19029 reliability timing contains only numeric values
PASS: trace load_disturbance/19029 reliability timing is non-missing
PASS: present trace load_disturbance/19029 reliability timing values are finite
PASS: trace load_disturbance/19029 total reliability+observer overhead contains only numeric values
PASS: trace load_disturbance/19029 total reliability+observer overhead is non-missing
PASS: present trace load_disturbance/19029 total reliability+observer overhead values are finite
PASS: trace load_disturbance/19029 SLSQP timing contains only numeric values
PASS: present trace load_disturbance/19029 SLSQP timing values are finite
PASS: trace load_disturbance/19029 EKF update timing is nonnegative
PASS: trace load_disturbance/19029 auxiliary inference timing is nonnegative
PASS: trace load_disturbance/19029 reliability update timing is nonnegative
PASS: trace load_disturbance/19029 total reliability+observer overhead timing is nonnegative
PASS: trace load_disturbance/19029 SLSQP timing is nonnegative when present
PASS: trace load_disturbance/19029 total overhead equals EKF + auxiliary + reliability timing
PASS: trace load_disturbance/19029 pre-window auxiliary/reliability overhead is zero
PASS: trace load_disturbance/19029 SLSQP timing exists only at control updates
PASS: timing distribution contains at least one finite sample
PASS: timing distribution samples are nonnegative
PASS: timing distribution contains at least one finite sample
PASS: timing distribution samples are nonnegative
PASS: timing distribution contains at least one finite sample
PASS: timing distribution samples are nonnegative
PASS: run load_disturbance/19029 mean_ekf_update_ms recomputes from raw timing
PASS: run load_disturbance/19029 median_ekf_update_ms recomputes from raw timing
PASS: run load_disturbance/19029 p95_ekf_update_ms recomputes from raw timing
PASS: run load_disturbance/19029 p99_ekf_update_ms recomputes from raw timing
PASS: run load_disturbance/19029 max_ekf_update_ms recomputes from raw timing
PASS: run load_disturbance/19029 total_reliability_observer_overhead_sample_count recomputes from raw timing
PASS: run load_disturbance/19029 mean_total_reliability_observer_overhead_ms recomputes from raw timing
PASS: run load_disturbance/19029 median_total_reliability_observer_overhead_ms recomputes from raw timing
PASS: run load_disturbance/19029 p95_total_reliability_observer_overhead_ms recomputes from raw timing
PASS: run load_disturbance/19029 p99_total_reliability_observer_overhead_ms recomputes from raw timing
PASS: run load_disturbance/19029 max_total_reliability_observer_overhead_ms recomputes from raw timing
PASS: run load_disturbance/19029 slsqp_solve_count recomputes from raw timing
PASS: run load_disturbance/19029 mean_slsqp_solve_ms recomputes from raw timing
PASS: run load_disturbance/19029 median_slsqp_solve_ms recomputes from raw timing
PASS: run load_disturbance/19029 p95_slsqp_solve_ms recomputes from raw timing
PASS: run load_disturbance/19029 p99_slsqp_solve_ms recomputes from raw timing
PASS: run load_disturbance/19029 max_slsqp_solve_ms recomputes from raw timing
PASS: trace sample count matches load_disturbance/19030 completed_samples
PASS: trace load_disturbance/19030 step seeds are numeric
PASS: trace load_disturbance/19030 step seeds are finite
PASS: trace load_disturbance/19030 step seeds are integers
PASS: trace steps are contiguous for load_disturbance/19030
PASS: trace load_disturbance/19030 EKF speed contains only numeric values
PASS: trace load_disturbance/19030 EKF speed is non-missing
PASS: present trace load_disturbance/19030 EKF speed values are finite
PASS: trace load_disturbance/19030 EKF load contains only numeric values
PASS: trace load_disturbance/19030 EKF load is non-missing
PASS: present trace load_disturbance/19030 EKF load values are finite
PASS: trace load_disturbance/19030 covariance asymmetry contains only numeric values
PASS: present trace load_disturbance/19030 covariance asymmetry values are finite
PASS: trace covariance symmetry stays within tolerance for load_disturbance/19030
PASS: trace load_disturbance/19030 covariance eigenvalue contains only numeric values
PASS: present trace load_disturbance/19030 covariance eigenvalue values are finite
PASS: trace covariance remains PSD for load_disturbance/19030
PASS: trace load_disturbance/19030 EKF timing contains only numeric values
PASS: trace load_disturbance/19030 EKF timing is non-missing
PASS: present trace load_disturbance/19030 EKF timing values are finite
PASS: trace load_disturbance/19030 auxiliary timing contains only numeric values
PASS: trace load_disturbance/19030 auxiliary timing is non-missing
PASS: present trace load_disturbance/19030 auxiliary timing values are finite
PASS: trace load_disturbance/19030 reliability timing contains only numeric values
PASS: trace load_disturbance/19030 reliability timing is non-missing
PASS: present trace load_disturbance/19030 reliability timing values are finite
PASS: trace load_disturbance/19030 total reliability+observer overhead contains only numeric values
PASS: trace load_disturbance/19030 total reliability+observer overhead is non-missing
PASS: present trace load_disturbance/19030 total reliability+observer overhead values are finite
PASS: trace load_disturbance/19030 SLSQP timing contains only numeric values
PASS: present trace load_disturbance/19030 SLSQP timing values are finite
PASS: trace load_disturbance/19030 EKF update timing is nonnegative
PASS: trace load_disturbance/19030 auxiliary inference timing is nonnegative
PASS: trace load_disturbance/19030 reliability update timing is nonnegative
PASS: trace load_disturbance/19030 total reliability+observer overhead timing is nonnegative
PASS: trace load_disturbance/19030 SLSQP timing is nonnegative when present
PASS: trace load_disturbance/19030 total overhead equals EKF + auxiliary + reliability timing
PASS: trace load_disturbance/19030 pre-window auxiliary/reliability overhead is zero
PASS: trace load_disturbance/19030 SLSQP timing exists only at control updates
PASS: timing distribution contains at least one finite sample
PASS: timing distribution samples are nonnegative
PASS: timing distribution contains at least one finite sample
PASS: timing distribution samples are nonnegative
PASS: timing distribution contains at least one finite sample
PASS: timing distribution samples are nonnegative
PASS: run load_disturbance/19030 mean_ekf_update_ms recomputes from raw timing
PASS: run load_disturbance/19030 median_ekf_update_ms recomputes from raw timing
PASS: run load_disturbance/19030 p95_ekf_update_ms recomputes from raw timing
PASS: run load_disturbance/19030 p99_ekf_update_ms recomputes from raw timing
PASS: run load_disturbance/19030 max_ekf_update_ms recomputes from raw timing
PASS: run load_disturbance/19030 total_reliability_observer_overhead_sample_count recomputes from raw timing
PASS: run load_disturbance/19030 mean_total_reliability_observer_overhead_ms recomputes from raw timing
PASS: run load_disturbance/19030 median_total_reliability_observer_overhead_ms recomputes from raw timing
PASS: run load_disturbance/19030 p95_total_reliability_observer_overhead_ms recomputes from raw timing
PASS: run load_disturbance/19030 p99_total_reliability_observer_overhead_ms recomputes from raw timing
PASS: run load_disturbance/19030 max_total_reliability_observer_overhead_ms recomputes from raw timing
PASS: run load_disturbance/19030 slsqp_solve_count recomputes from raw timing
PASS: run load_disturbance/19030 mean_slsqp_solve_ms recomputes from raw timing
PASS: run load_disturbance/19030 median_slsqp_solve_ms recomputes from raw timing
PASS: run load_disturbance/19030 p95_slsqp_solve_ms recomputes from raw timing
PASS: run load_disturbance/19030 p99_slsqp_solve_ms recomputes from raw timing
PASS: run load_disturbance/19030 max_slsqp_solve_ms recomputes from raw timing
PASS: trace sample count matches parameter_variation/19026 completed_samples
PASS: trace parameter_variation/19026 step seeds are numeric
PASS: trace parameter_variation/19026 step seeds are finite
PASS: trace parameter_variation/19026 step seeds are integers
PASS: trace steps are contiguous for parameter_variation/19026
PASS: trace parameter_variation/19026 EKF speed contains only numeric values
PASS: trace parameter_variation/19026 EKF speed is non-missing
PASS: present trace parameter_variation/19026 EKF speed values are finite
PASS: trace parameter_variation/19026 EKF load contains only numeric values
PASS: trace parameter_variation/19026 EKF load is non-missing
PASS: present trace parameter_variation/19026 EKF load values are finite
PASS: trace parameter_variation/19026 covariance asymmetry contains only numeric values
PASS: present trace parameter_variation/19026 covariance asymmetry values are finite
PASS: trace covariance symmetry stays within tolerance for parameter_variation/19026
PASS: trace parameter_variation/19026 covariance eigenvalue contains only numeric values
PASS: present trace parameter_variation/19026 covariance eigenvalue values are finite
PASS: trace covariance remains PSD for parameter_variation/19026
PASS: trace parameter_variation/19026 EKF timing contains only numeric values
PASS: trace parameter_variation/19026 EKF timing is non-missing
PASS: present trace parameter_variation/19026 EKF timing values are finite
PASS: trace parameter_variation/19026 auxiliary timing contains only numeric values
PASS: trace parameter_variation/19026 auxiliary timing is non-missing
PASS: present trace parameter_variation/19026 auxiliary timing values are finite
PASS: trace parameter_variation/19026 reliability timing contains only numeric values
PASS: trace parameter_variation/19026 reliability timing is non-missing
PASS: present trace parameter_variation/19026 reliability timing values are finite
PASS: trace parameter_variation/19026 total reliability+observer overhead contains only numeric values
PASS: trace parameter_variation/19026 total reliability+observer overhead is non-missing
PASS: present trace parameter_variation/19026 total reliability+observer overhead values are finite
PASS: trace parameter_variation/19026 SLSQP timing contains only numeric values
PASS: present trace parameter_variation/19026 SLSQP timing values are finite
PASS: trace parameter_variation/19026 EKF update timing is nonnegative
PASS: trace parameter_variation/19026 auxiliary inference timing is nonnegative
PASS: trace parameter_variation/19026 reliability update timing is nonnegative
PASS: trace parameter_variation/19026 total reliability+observer overhead timing is nonnegative
PASS: trace parameter_variation/19026 SLSQP timing is nonnegative when present
PASS: trace parameter_variation/19026 total overhead equals EKF + auxiliary + reliability timing
PASS: trace parameter_variation/19026 pre-window auxiliary/reliability overhead is zero
PASS: trace parameter_variation/19026 SLSQP timing exists only at control updates
PASS: timing distribution contains at least one finite sample
PASS: timing distribution samples are nonnegative
PASS: timing distribution contains at least one finite sample
PASS: timing distribution samples are nonnegative
PASS: timing distribution contains at least one finite sample
PASS: timing distribution samples are nonnegative
PASS: run parameter_variation/19026 mean_ekf_update_ms recomputes from raw timing
PASS: run parameter_variation/19026 median_ekf_update_ms recomputes from raw timing
PASS: run parameter_variation/19026 p95_ekf_update_ms recomputes from raw timing
PASS: run parameter_variation/19026 p99_ekf_update_ms recomputes from raw timing
PASS: run parameter_variation/19026 max_ekf_update_ms recomputes from raw timing
PASS: run parameter_variation/19026 total_reliability_observer_overhead_sample_count recomputes from raw timing
PASS: run parameter_variation/19026 mean_total_reliability_observer_overhead_ms recomputes from raw timing
PASS: run parameter_variation/19026 median_total_reliability_observer_overhead_ms recomputes from raw timing
PASS: run parameter_variation/19026 p95_total_reliability_observer_overhead_ms recomputes from raw timing
PASS: run parameter_variation/19026 p99_total_reliability_observer_overhead_ms recomputes from raw timing
PASS: run parameter_variation/19026 max_total_reliability_observer_overhead_ms recomputes from raw timing
PASS: run parameter_variation/19026 slsqp_solve_count recomputes from raw timing
PASS: run parameter_variation/19026 mean_slsqp_solve_ms recomputes from raw timing
PASS: run parameter_variation/19026 median_slsqp_solve_ms recomputes from raw timing
PASS: run parameter_variation/19026 p95_slsqp_solve_ms recomputes from raw timing
PASS: run parameter_variation/19026 p99_slsqp_solve_ms recomputes from raw timing
PASS: run parameter_variation/19026 max_slsqp_solve_ms recomputes from raw timing
PASS: trace sample count matches parameter_variation/19027 completed_samples
PASS: trace parameter_variation/19027 step seeds are numeric
PASS: trace parameter_variation/19027 step seeds are finite
PASS: trace parameter_variation/19027 step seeds are integers
PASS: trace steps are contiguous for parameter_variation/19027
PASS: trace parameter_variation/19027 EKF speed contains only numeric values
PASS: trace parameter_variation/19027 EKF speed is non-missing
PASS: present trace parameter_variation/19027 EKF speed values are finite
PASS: trace parameter_variation/19027 EKF load contains only numeric values
PASS: trace parameter_variation/19027 EKF load is non-missing
PASS: present trace parameter_variation/19027 EKF load values are finite
PASS: trace parameter_variation/19027 covariance asymmetry contains only numeric values
PASS: present trace parameter_variation/19027 covariance asymmetry values are finite
PASS: trace covariance symmetry stays within tolerance for parameter_variation/19027
PASS: trace parameter_variation/19027 covariance eigenvalue contains only numeric values
PASS: present trace parameter_variation/19027 covariance eigenvalue values are finite
PASS: trace covariance remains PSD for parameter_variation/19027
PASS: trace parameter_variation/19027 EKF timing contains only numeric values
PASS: trace parameter_variation/19027 EKF timing is non-missing
PASS: present trace parameter_variation/19027 EKF timing values are finite
PASS: trace parameter_variation/19027 auxiliary timing contains only numeric values
PASS: trace parameter_variation/19027 auxiliary timing is non-missing
PASS: present trace parameter_variation/19027 auxiliary timing values are finite
PASS: trace parameter_variation/19027 reliability timing contains only numeric values
PASS: trace parameter_variation/19027 reliability timing is non-missing
PASS: present trace parameter_variation/19027 reliability timing values are finite
PASS: trace parameter_variation/19027 total reliability+observer overhead contains only numeric values
PASS: trace parameter_variation/19027 total reliability+observer overhead is non-missing
PASS: present trace parameter_variation/19027 total reliability+observer overhead values are finite
PASS: trace parameter_variation/19027 SLSQP timing contains only numeric values
PASS: present trace parameter_variation/19027 SLSQP timing values are finite
PASS: trace parameter_variation/19027 EKF update timing is nonnegative
PASS: trace parameter_variation/19027 auxiliary inference timing is nonnegative
PASS: trace parameter_variation/19027 reliability update timing is nonnegative
PASS: trace parameter_variation/19027 total reliability+observer overhead timing is nonnegative
PASS: trace parameter_variation/19027 SLSQP timing is nonnegative when present
PASS: trace parameter_variation/19027 total overhead equals EKF + auxiliary + reliability timing
PASS: trace parameter_variation/19027 pre-window auxiliary/reliability overhead is zero
PASS: trace parameter_variation/19027 SLSQP timing exists only at control updates
PASS: timing distribution contains at least one finite sample
PASS: timing distribution samples are nonnegative
PASS: timing distribution contains at least one finite sample
PASS: timing distribution samples are nonnegative
PASS: timing distribution contains at least one finite sample
PASS: timing distribution samples are nonnegative
PASS: run parameter_variation/19027 mean_ekf_update_ms recomputes from raw timing
PASS: run parameter_variation/19027 median_ekf_update_ms recomputes from raw timing
PASS: run parameter_variation/19027 p95_ekf_update_ms recomputes from raw timing
PASS: run parameter_variation/19027 p99_ekf_update_ms recomputes from raw timing
PASS: run parameter_variation/19027 max_ekf_update_ms recomputes from raw timing
PASS: run parameter_variation/19027 total_reliability_observer_overhead_sample_count recomputes from raw timing
PASS: run parameter_variation/19027 mean_total_reliability_observer_overhead_ms recomputes from raw timing
PASS: run parameter_variation/19027 median_total_reliability_observer_overhead_ms recomputes from raw timing
PASS: run parameter_variation/19027 p95_total_reliability_observer_overhead_ms recomputes from raw timing
PASS: run parameter_variation/19027 p99_total_reliability_observer_overhead_ms recomputes from raw timing
PASS: run parameter_variation/19027 max_total_reliability_observer_overhead_ms recomputes from raw timing
PASS: run parameter_variation/19027 slsqp_solve_count recomputes from raw timing
PASS: run parameter_variation/19027 mean_slsqp_solve_ms recomputes from raw timing
PASS: run parameter_variation/19027 median_slsqp_solve_ms recomputes from raw timing
PASS: run parameter_variation/19027 p95_slsqp_solve_ms recomputes from raw timing
PASS: run parameter_variation/19027 p99_slsqp_solve_ms recomputes from raw timing
PASS: run parameter_variation/19027 max_slsqp_solve_ms recomputes from raw timing
PASS: trace sample count matches parameter_variation/19028 completed_samples
PASS: trace parameter_variation/19028 step seeds are numeric
PASS: trace parameter_variation/19028 step seeds are finite
PASS: trace parameter_variation/19028 step seeds are integers
PASS: trace steps are contiguous for parameter_variation/19028
PASS: trace parameter_variation/19028 EKF speed contains only numeric values
PASS: trace parameter_variation/19028 EKF speed is non-missing
PASS: present trace parameter_variation/19028 EKF speed values are finite
PASS: trace parameter_variation/19028 EKF load contains only numeric values
PASS: trace parameter_variation/19028 EKF load is non-missing
PASS: present trace parameter_variation/19028 EKF load values are finite
PASS: trace parameter_variation/19028 covariance asymmetry contains only numeric values
PASS: present trace parameter_variation/19028 covariance asymmetry values are finite
PASS: trace covariance symmetry stays within tolerance for parameter_variation/19028
PASS: trace parameter_variation/19028 covariance eigenvalue contains only numeric values
PASS: present trace parameter_variation/19028 covariance eigenvalue values are finite
PASS: trace covariance remains PSD for parameter_variation/19028
PASS: trace parameter_variation/19028 EKF timing contains only numeric values
PASS: trace parameter_variation/19028 EKF timing is non-missing
PASS: present trace parameter_variation/19028 EKF timing values are finite
PASS: trace parameter_variation/19028 auxiliary timing contains only numeric values
PASS: trace parameter_variation/19028 auxiliary timing is non-missing
PASS: present trace parameter_variation/19028 auxiliary timing values are finite
PASS: trace parameter_variation/19028 reliability timing contains only numeric values
PASS: trace parameter_variation/19028 reliability timing is non-missing
PASS: present trace parameter_variation/19028 reliability timing values are finite
PASS: trace parameter_variation/19028 total reliability+observer overhead contains only numeric values
PASS: trace parameter_variation/19028 total reliability+observer overhead is non-missing
PASS: present trace parameter_variation/19028 total reliability+observer overhead values are finite
PASS: trace parameter_variation/19028 SLSQP timing contains only numeric values
PASS: present trace parameter_variation/19028 SLSQP timing values are finite
PASS: trace parameter_variation/19028 EKF update timing is nonnegative
PASS: trace parameter_variation/19028 auxiliary inference timing is nonnegative
PASS: trace parameter_variation/19028 reliability update timing is nonnegative
PASS: trace parameter_variation/19028 total reliability+observer overhead timing is nonnegative
PASS: trace parameter_variation/19028 SLSQP timing is nonnegative when present
PASS: trace parameter_variation/19028 total overhead equals EKF + auxiliary + reliability timing
PASS: trace parameter_variation/19028 pre-window auxiliary/reliability overhead is zero
PASS: trace parameter_variation/19028 SLSQP timing exists only at control updates
PASS: timing distribution contains at least one finite sample
PASS: timing distribution samples are nonnegative
PASS: timing distribution contains at least one finite sample
PASS: timing distribution samples are nonnegative
PASS: timing distribution contains at least one finite sample
PASS: timing distribution samples are nonnegative
PASS: run parameter_variation/19028 mean_ekf_update_ms recomputes from raw timing
PASS: run parameter_variation/19028 median_ekf_update_ms recomputes from raw timing
PASS: run parameter_variation/19028 p95_ekf_update_ms recomputes from raw timing
PASS: run parameter_variation/19028 p99_ekf_update_ms recomputes from raw timing
PASS: run parameter_variation/19028 max_ekf_update_ms recomputes from raw timing
PASS: run parameter_variation/19028 total_reliability_observer_overhead_sample_count recomputes from raw timing
PASS: run parameter_variation/19028 mean_total_reliability_observer_overhead_ms recomputes from raw timing
PASS: run parameter_variation/19028 median_total_reliability_observer_overhead_ms recomputes from raw timing
PASS: run parameter_variation/19028 p95_total_reliability_observer_overhead_ms recomputes from raw timing
PASS: run parameter_variation/19028 p99_total_reliability_observer_overhead_ms recomputes from raw timing
PASS: run parameter_variation/19028 max_total_reliability_observer_overhead_ms recomputes from raw timing
PASS: run parameter_variation/19028 slsqp_solve_count recomputes from raw timing
PASS: run parameter_variation/19028 mean_slsqp_solve_ms recomputes from raw timing
PASS: run parameter_variation/19028 median_slsqp_solve_ms recomputes from raw timing
PASS: run parameter_variation/19028 p95_slsqp_solve_ms recomputes from raw timing
PASS: run parameter_variation/19028 p99_slsqp_solve_ms recomputes from raw timing
PASS: run parameter_variation/19028 max_slsqp_solve_ms recomputes from raw timing
PASS: trace sample count matches parameter_variation/19029 completed_samples
PASS: trace parameter_variation/19029 step seeds are numeric
PASS: trace parameter_variation/19029 step seeds are finite
PASS: trace parameter_variation/19029 step seeds are integers
PASS: trace steps are contiguous for parameter_variation/19029
PASS: trace parameter_variation/19029 EKF speed contains only numeric values
PASS: trace parameter_variation/19029 EKF speed is non-missing
PASS: present trace parameter_variation/19029 EKF speed values are finite
PASS: trace parameter_variation/19029 EKF load contains only numeric values
PASS: trace parameter_variation/19029 EKF load is non-missing
PASS: present trace parameter_variation/19029 EKF load values are finite
PASS: trace parameter_variation/19029 covariance asymmetry contains only numeric values
PASS: present trace parameter_variation/19029 covariance asymmetry values are finite
PASS: trace covariance symmetry stays within tolerance for parameter_variation/19029
PASS: trace parameter_variation/19029 covariance eigenvalue contains only numeric values
PASS: present trace parameter_variation/19029 covariance eigenvalue values are finite
PASS: trace covariance remains PSD for parameter_variation/19029
PASS: trace parameter_variation/19029 EKF timing contains only numeric values
PASS: trace parameter_variation/19029 EKF timing is non-missing
PASS: present trace parameter_variation/19029 EKF timing values are finite
PASS: trace parameter_variation/19029 auxiliary timing contains only numeric values
PASS: trace parameter_variation/19029 auxiliary timing is non-missing
PASS: present trace parameter_variation/19029 auxiliary timing values are finite
PASS: trace parameter_variation/19029 reliability timing contains only numeric values
PASS: trace parameter_variation/19029 reliability timing is non-missing
PASS: present trace parameter_variation/19029 reliability timing values are finite
PASS: trace parameter_variation/19029 total reliability+observer overhead contains only numeric values
PASS: trace parameter_variation/19029 total reliability+observer overhead is non-missing
PASS: present trace parameter_variation/19029 total reliability+observer overhead values are finite
PASS: trace parameter_variation/19029 SLSQP timing contains only numeric values
PASS: present trace parameter_variation/19029 SLSQP timing values are finite
PASS: trace parameter_variation/19029 EKF update timing is nonnegative
PASS: trace parameter_variation/19029 auxiliary inference timing is nonnegative
PASS: trace parameter_variation/19029 reliability update timing is nonnegative
PASS: trace parameter_variation/19029 total reliability+observer overhead timing is nonnegative
PASS: trace parameter_variation/19029 SLSQP timing is nonnegative when present
PASS: trace parameter_variation/19029 total overhead equals EKF + auxiliary + reliability timing
PASS: trace parameter_variation/19029 pre-window auxiliary/reliability overhead is zero
PASS: trace parameter_variation/19029 SLSQP timing exists only at control updates
PASS: timing distribution contains at least one finite sample
PASS: timing distribution samples are nonnegative
PASS: timing distribution contains at least one finite sample
PASS: timing distribution samples are nonnegative
PASS: timing distribution contains at least one finite sample
PASS: timing distribution samples are nonnegative
PASS: run parameter_variation/19029 mean_ekf_update_ms recomputes from raw timing
PASS: run parameter_variation/19029 median_ekf_update_ms recomputes from raw timing
PASS: run parameter_variation/19029 p95_ekf_update_ms recomputes from raw timing
PASS: run parameter_variation/19029 p99_ekf_update_ms recomputes from raw timing
PASS: run parameter_variation/19029 max_ekf_update_ms recomputes from raw timing
PASS: run parameter_variation/19029 total_reliability_observer_overhead_sample_count recomputes from raw timing
PASS: run parameter_variation/19029 mean_total_reliability_observer_overhead_ms recomputes from raw timing
PASS: run parameter_variation/19029 median_total_reliability_observer_overhead_ms recomputes from raw timing
PASS: run parameter_variation/19029 p95_total_reliability_observer_overhead_ms recomputes from raw timing
PASS: run parameter_variation/19029 p99_total_reliability_observer_overhead_ms recomputes from raw timing
PASS: run parameter_variation/19029 max_total_reliability_observer_overhead_ms recomputes from raw timing
PASS: run parameter_variation/19029 slsqp_solve_count recomputes from raw timing
PASS: run parameter_variation/19029 mean_slsqp_solve_ms recomputes from raw timing
PASS: run parameter_variation/19029 median_slsqp_solve_ms recomputes from raw timing
PASS: run parameter_variation/19029 p95_slsqp_solve_ms recomputes from raw timing
PASS: run parameter_variation/19029 p99_slsqp_solve_ms recomputes from raw timing
PASS: run parameter_variation/19029 max_slsqp_solve_ms recomputes from raw timing
PASS: trace sample count matches parameter_variation/19030 completed_samples
PASS: trace parameter_variation/19030 step seeds are numeric
PASS: trace parameter_variation/19030 step seeds are finite
PASS: trace parameter_variation/19030 step seeds are integers
PASS: trace steps are contiguous for parameter_variation/19030
PASS: trace parameter_variation/19030 EKF speed contains only numeric values
PASS: trace parameter_variation/19030 EKF speed is non-missing
PASS: present trace parameter_variation/19030 EKF speed values are finite
PASS: trace parameter_variation/19030 EKF load contains only numeric values
PASS: trace parameter_variation/19030 EKF load is non-missing
PASS: present trace parameter_variation/19030 EKF load values are finite
PASS: trace parameter_variation/19030 covariance asymmetry contains only numeric values
PASS: present trace parameter_variation/19030 covariance asymmetry values are finite
PASS: trace covariance symmetry stays within tolerance for parameter_variation/19030
PASS: trace parameter_variation/19030 covariance eigenvalue contains only numeric values
PASS: present trace parameter_variation/19030 covariance eigenvalue values are finite
PASS: trace covariance remains PSD for parameter_variation/19030
PASS: trace parameter_variation/19030 EKF timing contains only numeric values
PASS: trace parameter_variation/19030 EKF timing is non-missing
PASS: present trace parameter_variation/19030 EKF timing values are finite
PASS: trace parameter_variation/19030 auxiliary timing contains only numeric values
PASS: trace parameter_variation/19030 auxiliary timing is non-missing
PASS: present trace parameter_variation/19030 auxiliary timing values are finite
PASS: trace parameter_variation/19030 reliability timing contains only numeric values
PASS: trace parameter_variation/19030 reliability timing is non-missing
PASS: present trace parameter_variation/19030 reliability timing values are finite
PASS: trace parameter_variation/19030 total reliability+observer overhead contains only numeric values
PASS: trace parameter_variation/19030 total reliability+observer overhead is non-missing
PASS: present trace parameter_variation/19030 total reliability+observer overhead values are finite
PASS: trace parameter_variation/19030 SLSQP timing contains only numeric values
PASS: present trace parameter_variation/19030 SLSQP timing values are finite
PASS: trace parameter_variation/19030 EKF update timing is nonnegative
PASS: trace parameter_variation/19030 auxiliary inference timing is nonnegative
PASS: trace parameter_variation/19030 reliability update timing is nonnegative
PASS: trace parameter_variation/19030 total reliability+observer overhead timing is nonnegative
PASS: trace parameter_variation/19030 SLSQP timing is nonnegative when present
PASS: trace parameter_variation/19030 total overhead equals EKF + auxiliary + reliability timing
PASS: trace parameter_variation/19030 pre-window auxiliary/reliability overhead is zero
PASS: trace parameter_variation/19030 SLSQP timing exists only at control updates
PASS: timing distribution contains at least one finite sample
PASS: timing distribution samples are nonnegative
PASS: timing distribution contains at least one finite sample
PASS: timing distribution samples are nonnegative
PASS: timing distribution contains at least one finite sample
PASS: timing distribution samples are nonnegative
PASS: run parameter_variation/19030 mean_ekf_update_ms recomputes from raw timing
PASS: run parameter_variation/19030 median_ekf_update_ms recomputes from raw timing
PASS: run parameter_variation/19030 p95_ekf_update_ms recomputes from raw timing
PASS: run parameter_variation/19030 p99_ekf_update_ms recomputes from raw timing
PASS: run parameter_variation/19030 max_ekf_update_ms recomputes from raw timing
PASS: run parameter_variation/19030 total_reliability_observer_overhead_sample_count recomputes from raw timing
PASS: run parameter_variation/19030 mean_total_reliability_observer_overhead_ms recomputes from raw timing
PASS: run parameter_variation/19030 median_total_reliability_observer_overhead_ms recomputes from raw timing
PASS: run parameter_variation/19030 p95_total_reliability_observer_overhead_ms recomputes from raw timing
PASS: run parameter_variation/19030 p99_total_reliability_observer_overhead_ms recomputes from raw timing
PASS: run parameter_variation/19030 max_total_reliability_observer_overhead_ms recomputes from raw timing
PASS: run parameter_variation/19030 slsqp_solve_count recomputes from raw timing
PASS: run parameter_variation/19030 mean_slsqp_solve_ms recomputes from raw timing
PASS: run parameter_variation/19030 median_slsqp_solve_ms recomputes from raw timing
PASS: run parameter_variation/19030 p95_slsqp_solve_ms recomputes from raw timing
PASS: run parameter_variation/19030 p99_slsqp_solve_ms recomputes from raw timing
PASS: run parameter_variation/19030 max_slsqp_solve_ms recomputes from raw timing
PASS: trace sample count matches sensor_bias_5/19026 completed_samples
PASS: trace sensor_bias_5/19026 step seeds are numeric
PASS: trace sensor_bias_5/19026 step seeds are finite
PASS: trace sensor_bias_5/19026 step seeds are integers
PASS: trace steps are contiguous for sensor_bias_5/19026
PASS: trace sensor_bias_5/19026 EKF speed contains only numeric values
PASS: trace sensor_bias_5/19026 EKF speed is non-missing
PASS: present trace sensor_bias_5/19026 EKF speed values are finite
PASS: trace sensor_bias_5/19026 EKF load contains only numeric values
PASS: trace sensor_bias_5/19026 EKF load is non-missing
PASS: present trace sensor_bias_5/19026 EKF load values are finite
PASS: trace sensor_bias_5/19026 covariance asymmetry contains only numeric values
PASS: present trace sensor_bias_5/19026 covariance asymmetry values are finite
PASS: trace covariance symmetry stays within tolerance for sensor_bias_5/19026
PASS: trace sensor_bias_5/19026 covariance eigenvalue contains only numeric values
PASS: present trace sensor_bias_5/19026 covariance eigenvalue values are finite
PASS: trace covariance remains PSD for sensor_bias_5/19026
PASS: trace sensor_bias_5/19026 EKF timing contains only numeric values
PASS: trace sensor_bias_5/19026 EKF timing is non-missing
PASS: present trace sensor_bias_5/19026 EKF timing values are finite
PASS: trace sensor_bias_5/19026 auxiliary timing contains only numeric values
PASS: trace sensor_bias_5/19026 auxiliary timing is non-missing
PASS: present trace sensor_bias_5/19026 auxiliary timing values are finite
PASS: trace sensor_bias_5/19026 reliability timing contains only numeric values
PASS: trace sensor_bias_5/19026 reliability timing is non-missing
PASS: present trace sensor_bias_5/19026 reliability timing values are finite
PASS: trace sensor_bias_5/19026 total reliability+observer overhead contains only numeric values
PASS: trace sensor_bias_5/19026 total reliability+observer overhead is non-missing
PASS: present trace sensor_bias_5/19026 total reliability+observer overhead values are finite
PASS: trace sensor_bias_5/19026 SLSQP timing contains only numeric values
PASS: present trace sensor_bias_5/19026 SLSQP timing values are finite
PASS: trace sensor_bias_5/19026 EKF update timing is nonnegative
PASS: trace sensor_bias_5/19026 auxiliary inference timing is nonnegative
PASS: trace sensor_bias_5/19026 reliability update timing is nonnegative
PASS: trace sensor_bias_5/19026 total reliability+observer overhead timing is nonnegative
PASS: trace sensor_bias_5/19026 SLSQP timing is nonnegative when present
PASS: trace sensor_bias_5/19026 total overhead equals EKF + auxiliary + reliability timing
PASS: trace sensor_bias_5/19026 pre-window auxiliary/reliability overhead is zero
PASS: trace sensor_bias_5/19026 SLSQP timing exists only at control updates
PASS: timing distribution contains at least one finite sample
PASS: timing distribution samples are nonnegative
PASS: timing distribution contains at least one finite sample
PASS: timing distribution samples are nonnegative
PASS: timing distribution contains at least one finite sample
PASS: timing distribution samples are nonnegative
PASS: run sensor_bias_5/19026 mean_ekf_update_ms recomputes from raw timing
PASS: run sensor_bias_5/19026 median_ekf_update_ms recomputes from raw timing
PASS: run sensor_bias_5/19026 p95_ekf_update_ms recomputes from raw timing
PASS: run sensor_bias_5/19026 p99_ekf_update_ms recomputes from raw timing
PASS: run sensor_bias_5/19026 max_ekf_update_ms recomputes from raw timing
PASS: run sensor_bias_5/19026 total_reliability_observer_overhead_sample_count recomputes from raw timing
PASS: run sensor_bias_5/19026 mean_total_reliability_observer_overhead_ms recomputes from raw timing
PASS: run sensor_bias_5/19026 median_total_reliability_observer_overhead_ms recomputes from raw timing
PASS: run sensor_bias_5/19026 p95_total_reliability_observer_overhead_ms recomputes from raw timing
PASS: run sensor_bias_5/19026 p99_total_reliability_observer_overhead_ms recomputes from raw timing
PASS: run sensor_bias_5/19026 max_total_reliability_observer_overhead_ms recomputes from raw timing
PASS: run sensor_bias_5/19026 slsqp_solve_count recomputes from raw timing
PASS: run sensor_bias_5/19026 mean_slsqp_solve_ms recomputes from raw timing
PASS: run sensor_bias_5/19026 median_slsqp_solve_ms recomputes from raw timing
PASS: run sensor_bias_5/19026 p95_slsqp_solve_ms recomputes from raw timing
PASS: run sensor_bias_5/19026 p99_slsqp_solve_ms recomputes from raw timing
PASS: run sensor_bias_5/19026 max_slsqp_solve_ms recomputes from raw timing
PASS: trace sample count matches sensor_bias_5/19027 completed_samples
PASS: trace sensor_bias_5/19027 step seeds are numeric
PASS: trace sensor_bias_5/19027 step seeds are finite
PASS: trace sensor_bias_5/19027 step seeds are integers
PASS: trace steps are contiguous for sensor_bias_5/19027
PASS: trace sensor_bias_5/19027 EKF speed contains only numeric values
PASS: trace sensor_bias_5/19027 EKF speed is non-missing
PASS: present trace sensor_bias_5/19027 EKF speed values are finite
PASS: trace sensor_bias_5/19027 EKF load contains only numeric values
PASS: trace sensor_bias_5/19027 EKF load is non-missing
PASS: present trace sensor_bias_5/19027 EKF load values are finite
PASS: trace sensor_bias_5/19027 covariance asymmetry contains only numeric values
PASS: present trace sensor_bias_5/19027 covariance asymmetry values are finite
PASS: trace covariance symmetry stays within tolerance for sensor_bias_5/19027
PASS: trace sensor_bias_5/19027 covariance eigenvalue contains only numeric values
PASS: present trace sensor_bias_5/19027 covariance eigenvalue values are finite
PASS: trace covariance remains PSD for sensor_bias_5/19027
PASS: trace sensor_bias_5/19027 EKF timing contains only numeric values
PASS: trace sensor_bias_5/19027 EKF timing is non-missing
PASS: present trace sensor_bias_5/19027 EKF timing values are finite
PASS: trace sensor_bias_5/19027 auxiliary timing contains only numeric values
PASS: trace sensor_bias_5/19027 auxiliary timing is non-missing
PASS: present trace sensor_bias_5/19027 auxiliary timing values are finite
PASS: trace sensor_bias_5/19027 reliability timing contains only numeric values
PASS: trace sensor_bias_5/19027 reliability timing is non-missing
PASS: present trace sensor_bias_5/19027 reliability timing values are finite
PASS: trace sensor_bias_5/19027 total reliability+observer overhead contains only numeric values
PASS: trace sensor_bias_5/19027 total reliability+observer overhead is non-missing
PASS: present trace sensor_bias_5/19027 total reliability+observer overhead values are finite
PASS: trace sensor_bias_5/19027 SLSQP timing contains only numeric values
PASS: present trace sensor_bias_5/19027 SLSQP timing values are finite
PASS: trace sensor_bias_5/19027 EKF update timing is nonnegative
PASS: trace sensor_bias_5/19027 auxiliary inference timing is nonnegative
PASS: trace sensor_bias_5/19027 reliability update timing is nonnegative
PASS: trace sensor_bias_5/19027 total reliability+observer overhead timing is nonnegative
PASS: trace sensor_bias_5/19027 SLSQP timing is nonnegative when present
PASS: trace sensor_bias_5/19027 total overhead equals EKF + auxiliary + reliability timing
PASS: trace sensor_bias_5/19027 pre-window auxiliary/reliability overhead is zero
PASS: trace sensor_bias_5/19027 SLSQP timing exists only at control updates
PASS: timing distribution contains at least one finite sample
PASS: timing distribution samples are nonnegative
PASS: timing distribution contains at least one finite sample
PASS: timing distribution samples are nonnegative
PASS: timing distribution contains at least one finite sample
PASS: timing distribution samples are nonnegative
PASS: run sensor_bias_5/19027 mean_ekf_update_ms recomputes from raw timing
PASS: run sensor_bias_5/19027 median_ekf_update_ms recomputes from raw timing
PASS: run sensor_bias_5/19027 p95_ekf_update_ms recomputes from raw timing
PASS: run sensor_bias_5/19027 p99_ekf_update_ms recomputes from raw timing
PASS: run sensor_bias_5/19027 max_ekf_update_ms recomputes from raw timing
PASS: run sensor_bias_5/19027 total_reliability_observer_overhead_sample_count recomputes from raw timing
PASS: run sensor_bias_5/19027 mean_total_reliability_observer_overhead_ms recomputes from raw timing
PASS: run sensor_bias_5/19027 median_total_reliability_observer_overhead_ms recomputes from raw timing
PASS: run sensor_bias_5/19027 p95_total_reliability_observer_overhead_ms recomputes from raw timing
PASS: run sensor_bias_5/19027 p99_total_reliability_observer_overhead_ms recomputes from raw timing
PASS: run sensor_bias_5/19027 max_total_reliability_observer_overhead_ms recomputes from raw timing
PASS: run sensor_bias_5/19027 slsqp_solve_count recomputes from raw timing
PASS: run sensor_bias_5/19027 mean_slsqp_solve_ms recomputes from raw timing
PASS: run sensor_bias_5/19027 median_slsqp_solve_ms recomputes from raw timing
PASS: run sensor_bias_5/19027 p95_slsqp_solve_ms recomputes from raw timing
PASS: run sensor_bias_5/19027 p99_slsqp_solve_ms recomputes from raw timing
PASS: run sensor_bias_5/19027 max_slsqp_solve_ms recomputes from raw timing
PASS: trace sample count matches sensor_bias_5/19028 completed_samples
PASS: trace sensor_bias_5/19028 step seeds are numeric
PASS: trace sensor_bias_5/19028 step seeds are finite
PASS: trace sensor_bias_5/19028 step seeds are integers
PASS: trace steps are contiguous for sensor_bias_5/19028
PASS: trace sensor_bias_5/19028 EKF speed contains only numeric values
PASS: trace sensor_bias_5/19028 EKF speed is non-missing
PASS: present trace sensor_bias_5/19028 EKF speed values are finite
PASS: trace sensor_bias_5/19028 EKF load contains only numeric values
PASS: trace sensor_bias_5/19028 EKF load is non-missing
PASS: present trace sensor_bias_5/19028 EKF load values are finite
PASS: trace sensor_bias_5/19028 covariance asymmetry contains only numeric values
PASS: present trace sensor_bias_5/19028 covariance asymmetry values are finite
PASS: trace covariance symmetry stays within tolerance for sensor_bias_5/19028
PASS: trace sensor_bias_5/19028 covariance eigenvalue contains only numeric values
PASS: present trace sensor_bias_5/19028 covariance eigenvalue values are finite
PASS: trace covariance remains PSD for sensor_bias_5/19028
PASS: trace sensor_bias_5/19028 EKF timing contains only numeric values
PASS: trace sensor_bias_5/19028 EKF timing is non-missing
PASS: present trace sensor_bias_5/19028 EKF timing values are finite
PASS: trace sensor_bias_5/19028 auxiliary timing contains only numeric values
PASS: trace sensor_bias_5/19028 auxiliary timing is non-missing
PASS: present trace sensor_bias_5/19028 auxiliary timing values are finite
PASS: trace sensor_bias_5/19028 reliability timing contains only numeric values
PASS: trace sensor_bias_5/19028 reliability timing is non-missing
PASS: present trace sensor_bias_5/19028 reliability timing values are finite
PASS: trace sensor_bias_5/19028 total reliability+observer overhead contains only numeric values
PASS: trace sensor_bias_5/19028 total reliability+observer overhead is non-missing
PASS: present trace sensor_bias_5/19028 total reliability+observer overhead values are finite
PASS: trace sensor_bias_5/19028 SLSQP timing contains only numeric values
PASS: present trace sensor_bias_5/19028 SLSQP timing values are finite
PASS: trace sensor_bias_5/19028 EKF update timing is nonnegative
PASS: trace sensor_bias_5/19028 auxiliary inference timing is nonnegative
PASS: trace sensor_bias_5/19028 reliability update timing is nonnegative
PASS: trace sensor_bias_5/19028 total reliability+observer overhead timing is nonnegative
PASS: trace sensor_bias_5/19028 SLSQP timing is nonnegative when present
PASS: trace sensor_bias_5/19028 total overhead equals EKF + auxiliary + reliability timing
PASS: trace sensor_bias_5/19028 pre-window auxiliary/reliability overhead is zero
PASS: trace sensor_bias_5/19028 SLSQP timing exists only at control updates
PASS: timing distribution contains at least one finite sample
PASS: timing distribution samples are nonnegative
PASS: timing distribution contains at least one finite sample
PASS: timing distribution samples are nonnegative
PASS: timing distribution contains at least one finite sample
PASS: timing distribution samples are nonnegative
PASS: run sensor_bias_5/19028 mean_ekf_update_ms recomputes from raw timing
PASS: run sensor_bias_5/19028 median_ekf_update_ms recomputes from raw timing
PASS: run sensor_bias_5/19028 p95_ekf_update_ms recomputes from raw timing
PASS: run sensor_bias_5/19028 p99_ekf_update_ms recomputes from raw timing
PASS: run sensor_bias_5/19028 max_ekf_update_ms recomputes from raw timing
PASS: run sensor_bias_5/19028 total_reliability_observer_overhead_sample_count recomputes from raw timing
PASS: run sensor_bias_5/19028 mean_total_reliability_observer_overhead_ms recomputes from raw timing
PASS: run sensor_bias_5/19028 median_total_reliability_observer_overhead_ms recomputes from raw timing
PASS: run sensor_bias_5/19028 p95_total_reliability_observer_overhead_ms recomputes from raw timing
PASS: run sensor_bias_5/19028 p99_total_reliability_observer_overhead_ms recomputes from raw timing
PASS: run sensor_bias_5/19028 max_total_reliability_observer_overhead_ms recomputes from raw timing
PASS: run sensor_bias_5/19028 slsqp_solve_count recomputes from raw timing
PASS: run sensor_bias_5/19028 mean_slsqp_solve_ms recomputes from raw timing
PASS: run sensor_bias_5/19028 median_slsqp_solve_ms recomputes from raw timing
PASS: run sensor_bias_5/19028 p95_slsqp_solve_ms recomputes from raw timing
PASS: run sensor_bias_5/19028 p99_slsqp_solve_ms recomputes from raw timing
PASS: run sensor_bias_5/19028 max_slsqp_solve_ms recomputes from raw timing
PASS: trace sample count matches sensor_bias_5/19029 completed_samples
PASS: trace sensor_bias_5/19029 step seeds are numeric
PASS: trace sensor_bias_5/19029 step seeds are finite
PASS: trace sensor_bias_5/19029 step seeds are integers
PASS: trace steps are contiguous for sensor_bias_5/19029
PASS: trace sensor_bias_5/19029 EKF speed contains only numeric values
PASS: trace sensor_bias_5/19029 EKF speed is non-missing
PASS: present trace sensor_bias_5/19029 EKF speed values are finite
PASS: trace sensor_bias_5/19029 EKF load contains only numeric values
PASS: trace sensor_bias_5/19029 EKF load is non-missing
PASS: present trace sensor_bias_5/19029 EKF load values are finite
PASS: trace sensor_bias_5/19029 covariance asymmetry contains only numeric values
PASS: present trace sensor_bias_5/19029 covariance asymmetry values are finite
PASS: trace covariance symmetry stays within tolerance for sensor_bias_5/19029
PASS: trace sensor_bias_5/19029 covariance eigenvalue contains only numeric values
PASS: present trace sensor_bias_5/19029 covariance eigenvalue values are finite
PASS: trace covariance remains PSD for sensor_bias_5/19029
PASS: trace sensor_bias_5/19029 EKF timing contains only numeric values
PASS: trace sensor_bias_5/19029 EKF timing is non-missing
PASS: present trace sensor_bias_5/19029 EKF timing values are finite
PASS: trace sensor_bias_5/19029 auxiliary timing contains only numeric values
PASS: trace sensor_bias_5/19029 auxiliary timing is non-missing
PASS: present trace sensor_bias_5/19029 auxiliary timing values are finite
PASS: trace sensor_bias_5/19029 reliability timing contains only numeric values
PASS: trace sensor_bias_5/19029 reliability timing is non-missing
PASS: present trace sensor_bias_5/19029 reliability timing values are finite
PASS: trace sensor_bias_5/19029 total reliability+observer overhead contains only numeric values
PASS: trace sensor_bias_5/19029 total reliability+observer overhead is non-missing
PASS: present trace sensor_bias_5/19029 total reliability+observer overhead values are finite
PASS: trace sensor_bias_5/19029 SLSQP timing contains only numeric values
PASS: present trace sensor_bias_5/19029 SLSQP timing values are finite
PASS: trace sensor_bias_5/19029 EKF update timing is nonnegative
PASS: trace sensor_bias_5/19029 auxiliary inference timing is nonnegative
PASS: trace sensor_bias_5/19029 reliability update timing is nonnegative
PASS: trace sensor_bias_5/19029 total reliability+observer overhead timing is nonnegative
PASS: trace sensor_bias_5/19029 SLSQP timing is nonnegative when present
PASS: trace sensor_bias_5/19029 total overhead equals EKF + auxiliary + reliability timing
PASS: trace sensor_bias_5/19029 pre-window auxiliary/reliability overhead is zero
PASS: trace sensor_bias_5/19029 SLSQP timing exists only at control updates
PASS: timing distribution contains at least one finite sample
PASS: timing distribution samples are nonnegative
PASS: timing distribution contains at least one finite sample
PASS: timing distribution samples are nonnegative
PASS: timing distribution contains at least one finite sample
PASS: timing distribution samples are nonnegative
PASS: run sensor_bias_5/19029 mean_ekf_update_ms recomputes from raw timing
PASS: run sensor_bias_5/19029 median_ekf_update_ms recomputes from raw timing
PASS: run sensor_bias_5/19029 p95_ekf_update_ms recomputes from raw timing
PASS: run sensor_bias_5/19029 p99_ekf_update_ms recomputes from raw timing
PASS: run sensor_bias_5/19029 max_ekf_update_ms recomputes from raw timing
PASS: run sensor_bias_5/19029 total_reliability_observer_overhead_sample_count recomputes from raw timing
PASS: run sensor_bias_5/19029 mean_total_reliability_observer_overhead_ms recomputes from raw timing
PASS: run sensor_bias_5/19029 median_total_reliability_observer_overhead_ms recomputes from raw timing
PASS: run sensor_bias_5/19029 p95_total_reliability_observer_overhead_ms recomputes from raw timing
PASS: run sensor_bias_5/19029 p99_total_reliability_observer_overhead_ms recomputes from raw timing
PASS: run sensor_bias_5/19029 max_total_reliability_observer_overhead_ms recomputes from raw timing
PASS: run sensor_bias_5/19029 slsqp_solve_count recomputes from raw timing
PASS: run sensor_bias_5/19029 mean_slsqp_solve_ms recomputes from raw timing
PASS: run sensor_bias_5/19029 median_slsqp_solve_ms recomputes from raw timing
PASS: run sensor_bias_5/19029 p95_slsqp_solve_ms recomputes from raw timing
PASS: run sensor_bias_5/19029 p99_slsqp_solve_ms recomputes from raw timing
PASS: run sensor_bias_5/19029 max_slsqp_solve_ms recomputes from raw timing
PASS: trace sample count matches sensor_bias_5/19030 completed_samples
PASS: trace sensor_bias_5/19030 step seeds are numeric
PASS: trace sensor_bias_5/19030 step seeds are finite
PASS: trace sensor_bias_5/19030 step seeds are integers
PASS: trace steps are contiguous for sensor_bias_5/19030
PASS: trace sensor_bias_5/19030 EKF speed contains only numeric values
PASS: trace sensor_bias_5/19030 EKF speed is non-missing
PASS: present trace sensor_bias_5/19030 EKF speed values are finite
PASS: trace sensor_bias_5/19030 EKF load contains only numeric values
PASS: trace sensor_bias_5/19030 EKF load is non-missing
PASS: present trace sensor_bias_5/19030 EKF load values are finite
PASS: trace sensor_bias_5/19030 covariance asymmetry contains only numeric values
PASS: present trace sensor_bias_5/19030 covariance asymmetry values are finite
PASS: trace covariance symmetry stays within tolerance for sensor_bias_5/19030
PASS: trace sensor_bias_5/19030 covariance eigenvalue contains only numeric values
PASS: present trace sensor_bias_5/19030 covariance eigenvalue values are finite
PASS: trace covariance remains PSD for sensor_bias_5/19030
PASS: trace sensor_bias_5/19030 EKF timing contains only numeric values
PASS: trace sensor_bias_5/19030 EKF timing is non-missing
PASS: present trace sensor_bias_5/19030 EKF timing values are finite
PASS: trace sensor_bias_5/19030 auxiliary timing contains only numeric values
PASS: trace sensor_bias_5/19030 auxiliary timing is non-missing
PASS: present trace sensor_bias_5/19030 auxiliary timing values are finite
PASS: trace sensor_bias_5/19030 reliability timing contains only numeric values
PASS: trace sensor_bias_5/19030 reliability timing is non-missing
PASS: present trace sensor_bias_5/19030 reliability timing values are finite
PASS: trace sensor_bias_5/19030 total reliability+observer overhead contains only numeric values
PASS: trace sensor_bias_5/19030 total reliability+observer overhead is non-missing
PASS: present trace sensor_bias_5/19030 total reliability+observer overhead values are finite
PASS: trace sensor_bias_5/19030 SLSQP timing contains only numeric values
PASS: present trace sensor_bias_5/19030 SLSQP timing values are finite
PASS: trace sensor_bias_5/19030 EKF update timing is nonnegative
PASS: trace sensor_bias_5/19030 auxiliary inference timing is nonnegative
PASS: trace sensor_bias_5/19030 reliability update timing is nonnegative
PASS: trace sensor_bias_5/19030 total reliability+observer overhead timing is nonnegative
PASS: trace sensor_bias_5/19030 SLSQP timing is nonnegative when present
PASS: trace sensor_bias_5/19030 total overhead equals EKF + auxiliary + reliability timing
PASS: trace sensor_bias_5/19030 pre-window auxiliary/reliability overhead is zero
PASS: trace sensor_bias_5/19030 SLSQP timing exists only at control updates
PASS: timing distribution contains at least one finite sample
PASS: timing distribution samples are nonnegative
PASS: timing distribution contains at least one finite sample
PASS: timing distribution samples are nonnegative
PASS: timing distribution contains at least one finite sample
PASS: timing distribution samples are nonnegative
PASS: run sensor_bias_5/19030 mean_ekf_update_ms recomputes from raw timing
PASS: run sensor_bias_5/19030 median_ekf_update_ms recomputes from raw timing
PASS: run sensor_bias_5/19030 p95_ekf_update_ms recomputes from raw timing
PASS: run sensor_bias_5/19030 p99_ekf_update_ms recomputes from raw timing
PASS: run sensor_bias_5/19030 max_ekf_update_ms recomputes from raw timing
PASS: run sensor_bias_5/19030 total_reliability_observer_overhead_sample_count recomputes from raw timing
PASS: run sensor_bias_5/19030 mean_total_reliability_observer_overhead_ms recomputes from raw timing
PASS: run sensor_bias_5/19030 median_total_reliability_observer_overhead_ms recomputes from raw timing
PASS: run sensor_bias_5/19030 p95_total_reliability_observer_overhead_ms recomputes from raw timing
PASS: run sensor_bias_5/19030 p99_total_reliability_observer_overhead_ms recomputes from raw timing
PASS: run sensor_bias_5/19030 max_total_reliability_observer_overhead_ms recomputes from raw timing
PASS: run sensor_bias_5/19030 slsqp_solve_count recomputes from raw timing
PASS: run sensor_bias_5/19030 mean_slsqp_solve_ms recomputes from raw timing
PASS: run sensor_bias_5/19030 median_slsqp_solve_ms recomputes from raw timing
PASS: run sensor_bias_5/19030 p95_slsqp_solve_ms recomputes from raw timing
PASS: run sensor_bias_5/19030 p99_slsqp_solve_ms recomputes from raw timing
PASS: run sensor_bias_5/19030 max_slsqp_solve_ms recomputes from raw timing
PASS: trace sample count matches sensor_dropout/19026 completed_samples
PASS: trace sensor_dropout/19026 step seeds are numeric
PASS: trace sensor_dropout/19026 step seeds are finite
PASS: trace sensor_dropout/19026 step seeds are integers
PASS: trace steps are contiguous for sensor_dropout/19026
PASS: trace sensor_dropout/19026 EKF speed contains only numeric values
PASS: trace sensor_dropout/19026 EKF speed is non-missing
PASS: present trace sensor_dropout/19026 EKF speed values are finite
PASS: trace sensor_dropout/19026 EKF load contains only numeric values
PASS: trace sensor_dropout/19026 EKF load is non-missing
PASS: present trace sensor_dropout/19026 EKF load values are finite
PASS: trace sensor_dropout/19026 covariance asymmetry contains only numeric values
PASS: present trace sensor_dropout/19026 covariance asymmetry values are finite
PASS: trace covariance symmetry stays within tolerance for sensor_dropout/19026
PASS: trace sensor_dropout/19026 covariance eigenvalue contains only numeric values
PASS: present trace sensor_dropout/19026 covariance eigenvalue values are finite
PASS: trace covariance remains PSD for sensor_dropout/19026
PASS: trace sensor_dropout/19026 EKF timing contains only numeric values
PASS: trace sensor_dropout/19026 EKF timing is non-missing
PASS: present trace sensor_dropout/19026 EKF timing values are finite
PASS: trace sensor_dropout/19026 auxiliary timing contains only numeric values
PASS: trace sensor_dropout/19026 auxiliary timing is non-missing
PASS: present trace sensor_dropout/19026 auxiliary timing values are finite
PASS: trace sensor_dropout/19026 reliability timing contains only numeric values
PASS: trace sensor_dropout/19026 reliability timing is non-missing
PASS: present trace sensor_dropout/19026 reliability timing values are finite
PASS: trace sensor_dropout/19026 total reliability+observer overhead contains only numeric values
PASS: trace sensor_dropout/19026 total reliability+observer overhead is non-missing
PASS: present trace sensor_dropout/19026 total reliability+observer overhead values are finite
PASS: trace sensor_dropout/19026 SLSQP timing contains only numeric values
PASS: present trace sensor_dropout/19026 SLSQP timing values are finite
PASS: trace sensor_dropout/19026 EKF update timing is nonnegative
PASS: trace sensor_dropout/19026 auxiliary inference timing is nonnegative
PASS: trace sensor_dropout/19026 reliability update timing is nonnegative
PASS: trace sensor_dropout/19026 total reliability+observer overhead timing is nonnegative
PASS: trace sensor_dropout/19026 SLSQP timing is nonnegative when present
PASS: trace sensor_dropout/19026 total overhead equals EKF + auxiliary + reliability timing
PASS: trace sensor_dropout/19026 pre-window auxiliary/reliability overhead is zero
PASS: trace sensor_dropout/19026 SLSQP timing exists only at control updates
PASS: timing distribution contains at least one finite sample
PASS: timing distribution samples are nonnegative
PASS: timing distribution contains at least one finite sample
PASS: timing distribution samples are nonnegative
PASS: timing distribution contains at least one finite sample
PASS: timing distribution samples are nonnegative
PASS: run sensor_dropout/19026 mean_ekf_update_ms recomputes from raw timing
PASS: run sensor_dropout/19026 median_ekf_update_ms recomputes from raw timing
PASS: run sensor_dropout/19026 p95_ekf_update_ms recomputes from raw timing
PASS: run sensor_dropout/19026 p99_ekf_update_ms recomputes from raw timing
PASS: run sensor_dropout/19026 max_ekf_update_ms recomputes from raw timing
PASS: run sensor_dropout/19026 total_reliability_observer_overhead_sample_count recomputes from raw timing
PASS: run sensor_dropout/19026 mean_total_reliability_observer_overhead_ms recomputes from raw timing
PASS: run sensor_dropout/19026 median_total_reliability_observer_overhead_ms recomputes from raw timing
PASS: run sensor_dropout/19026 p95_total_reliability_observer_overhead_ms recomputes from raw timing
PASS: run sensor_dropout/19026 p99_total_reliability_observer_overhead_ms recomputes from raw timing
PASS: run sensor_dropout/19026 max_total_reliability_observer_overhead_ms recomputes from raw timing
PASS: run sensor_dropout/19026 slsqp_solve_count recomputes from raw timing
PASS: run sensor_dropout/19026 mean_slsqp_solve_ms recomputes from raw timing
PASS: run sensor_dropout/19026 median_slsqp_solve_ms recomputes from raw timing
PASS: run sensor_dropout/19026 p95_slsqp_solve_ms recomputes from raw timing
PASS: run sensor_dropout/19026 p99_slsqp_solve_ms recomputes from raw timing
PASS: run sensor_dropout/19026 max_slsqp_solve_ms recomputes from raw timing
PASS: trace sample count matches sensor_dropout/19027 completed_samples
PASS: trace sensor_dropout/19027 step seeds are numeric
PASS: trace sensor_dropout/19027 step seeds are finite
PASS: trace sensor_dropout/19027 step seeds are integers
PASS: trace steps are contiguous for sensor_dropout/19027
PASS: trace sensor_dropout/19027 EKF speed contains only numeric values
PASS: trace sensor_dropout/19027 EKF speed is non-missing
PASS: present trace sensor_dropout/19027 EKF speed values are finite
PASS: trace sensor_dropout/19027 EKF load contains only numeric values
PASS: trace sensor_dropout/19027 EKF load is non-missing
PASS: present trace sensor_dropout/19027 EKF load values are finite
PASS: trace sensor_dropout/19027 covariance asymmetry contains only numeric values
PASS: present trace sensor_dropout/19027 covariance asymmetry values are finite
PASS: trace covariance symmetry stays within tolerance for sensor_dropout/19027
PASS: trace sensor_dropout/19027 covariance eigenvalue contains only numeric values
PASS: present trace sensor_dropout/19027 covariance eigenvalue values are finite
PASS: trace covariance remains PSD for sensor_dropout/19027
PASS: trace sensor_dropout/19027 EKF timing contains only numeric values
PASS: trace sensor_dropout/19027 EKF timing is non-missing
PASS: present trace sensor_dropout/19027 EKF timing values are finite
PASS: trace sensor_dropout/19027 auxiliary timing contains only numeric values
PASS: trace sensor_dropout/19027 auxiliary timing is non-missing
PASS: present trace sensor_dropout/19027 auxiliary timing values are finite
PASS: trace sensor_dropout/19027 reliability timing contains only numeric values
PASS: trace sensor_dropout/19027 reliability timing is non-missing
PASS: present trace sensor_dropout/19027 reliability timing values are finite
PASS: trace sensor_dropout/19027 total reliability+observer overhead contains only numeric values
PASS: trace sensor_dropout/19027 total reliability+observer overhead is non-missing
PASS: present trace sensor_dropout/19027 total reliability+observer overhead values are finite
PASS: trace sensor_dropout/19027 SLSQP timing contains only numeric values
PASS: present trace sensor_dropout/19027 SLSQP timing values are finite
PASS: trace sensor_dropout/19027 EKF update timing is nonnegative
PASS: trace sensor_dropout/19027 auxiliary inference timing is nonnegative
PASS: trace sensor_dropout/19027 reliability update timing is nonnegative
PASS: trace sensor_dropout/19027 total reliability+observer overhead timing is nonnegative
PASS: trace sensor_dropout/19027 SLSQP timing is nonnegative when present
PASS: trace sensor_dropout/19027 total overhead equals EKF + auxiliary + reliability timing
PASS: trace sensor_dropout/19027 pre-window auxiliary/reliability overhead is zero
PASS: trace sensor_dropout/19027 SLSQP timing exists only at control updates
PASS: timing distribution contains at least one finite sample
PASS: timing distribution samples are nonnegative
PASS: timing distribution contains at least one finite sample
PASS: timing distribution samples are nonnegative
PASS: timing distribution contains at least one finite sample
PASS: timing distribution samples are nonnegative
PASS: run sensor_dropout/19027 mean_ekf_update_ms recomputes from raw timing
PASS: run sensor_dropout/19027 median_ekf_update_ms recomputes from raw timing
PASS: run sensor_dropout/19027 p95_ekf_update_ms recomputes from raw timing
PASS: run sensor_dropout/19027 p99_ekf_update_ms recomputes from raw timing
PASS: run sensor_dropout/19027 max_ekf_update_ms recomputes from raw timing
PASS: run sensor_dropout/19027 total_reliability_observer_overhead_sample_count recomputes from raw timing
PASS: run sensor_dropout/19027 mean_total_reliability_observer_overhead_ms recomputes from raw timing
PASS: run sensor_dropout/19027 median_total_reliability_observer_overhead_ms recomputes from raw timing
PASS: run sensor_dropout/19027 p95_total_reliability_observer_overhead_ms recomputes from raw timing
PASS: run sensor_dropout/19027 p99_total_reliability_observer_overhead_ms recomputes from raw timing
PASS: run sensor_dropout/19027 max_total_reliability_observer_overhead_ms recomputes from raw timing
PASS: run sensor_dropout/19027 slsqp_solve_count recomputes from raw timing
PASS: run sensor_dropout/19027 mean_slsqp_solve_ms recomputes from raw timing
PASS: run sensor_dropout/19027 median_slsqp_solve_ms recomputes from raw timing
PASS: run sensor_dropout/19027 p95_slsqp_solve_ms recomputes from raw timing
PASS: run sensor_dropout/19027 p99_slsqp_solve_ms recomputes from raw timing
PASS: run sensor_dropout/19027 max_slsqp_solve_ms recomputes from raw timing
PASS: trace sample count matches sensor_dropout/19028 completed_samples
PASS: trace sensor_dropout/19028 step seeds are numeric
PASS: trace sensor_dropout/19028 step seeds are finite
PASS: trace sensor_dropout/19028 step seeds are integers
PASS: trace steps are contiguous for sensor_dropout/19028
PASS: trace sensor_dropout/19028 EKF speed contains only numeric values
PASS: trace sensor_dropout/19028 EKF speed is non-missing
PASS: present trace sensor_dropout/19028 EKF speed values are finite
PASS: trace sensor_dropout/19028 EKF load contains only numeric values
PASS: trace sensor_dropout/19028 EKF load is non-missing
PASS: present trace sensor_dropout/19028 EKF load values are finite
PASS: trace sensor_dropout/19028 covariance asymmetry contains only numeric values
PASS: present trace sensor_dropout/19028 covariance asymmetry values are finite
PASS: trace covariance symmetry stays within tolerance for sensor_dropout/19028
PASS: trace sensor_dropout/19028 covariance eigenvalue contains only numeric values
PASS: present trace sensor_dropout/19028 covariance eigenvalue values are finite
PASS: trace covariance remains PSD for sensor_dropout/19028
PASS: trace sensor_dropout/19028 EKF timing contains only numeric values
PASS: trace sensor_dropout/19028 EKF timing is non-missing
PASS: present trace sensor_dropout/19028 EKF timing values are finite
PASS: trace sensor_dropout/19028 auxiliary timing contains only numeric values
PASS: trace sensor_dropout/19028 auxiliary timing is non-missing
PASS: present trace sensor_dropout/19028 auxiliary timing values are finite
PASS: trace sensor_dropout/19028 reliability timing contains only numeric values
PASS: trace sensor_dropout/19028 reliability timing is non-missing
PASS: present trace sensor_dropout/19028 reliability timing values are finite
PASS: trace sensor_dropout/19028 total reliability+observer overhead contains only numeric values
PASS: trace sensor_dropout/19028 total reliability+observer overhead is non-missing
PASS: present trace sensor_dropout/19028 total reliability+observer overhead values are finite
PASS: trace sensor_dropout/19028 SLSQP timing contains only numeric values
PASS: present trace sensor_dropout/19028 SLSQP timing values are finite
PASS: trace sensor_dropout/19028 EKF update timing is nonnegative
PASS: trace sensor_dropout/19028 auxiliary inference timing is nonnegative
PASS: trace sensor_dropout/19028 reliability update timing is nonnegative
PASS: trace sensor_dropout/19028 total reliability+observer overhead timing is nonnegative
PASS: trace sensor_dropout/19028 SLSQP timing is nonnegative when present
PASS: trace sensor_dropout/19028 total overhead equals EKF + auxiliary + reliability timing
PASS: trace sensor_dropout/19028 pre-window auxiliary/reliability overhead is zero
PASS: trace sensor_dropout/19028 SLSQP timing exists only at control updates
PASS: timing distribution contains at least one finite sample
PASS: timing distribution samples are nonnegative
PASS: timing distribution contains at least one finite sample
PASS: timing distribution samples are nonnegative
PASS: timing distribution contains at least one finite sample
PASS: timing distribution samples are nonnegative
PASS: run sensor_dropout/19028 mean_ekf_update_ms recomputes from raw timing
PASS: run sensor_dropout/19028 median_ekf_update_ms recomputes from raw timing
PASS: run sensor_dropout/19028 p95_ekf_update_ms recomputes from raw timing
PASS: run sensor_dropout/19028 p99_ekf_update_ms recomputes from raw timing
PASS: run sensor_dropout/19028 max_ekf_update_ms recomputes from raw timing
PASS: run sensor_dropout/19028 total_reliability_observer_overhead_sample_count recomputes from raw timing
PASS: run sensor_dropout/19028 mean_total_reliability_observer_overhead_ms recomputes from raw timing
PASS: run sensor_dropout/19028 median_total_reliability_observer_overhead_ms recomputes from raw timing
PASS: run sensor_dropout/19028 p95_total_reliability_observer_overhead_ms recomputes from raw timing
PASS: run sensor_dropout/19028 p99_total_reliability_observer_overhead_ms recomputes from raw timing
PASS: run sensor_dropout/19028 max_total_reliability_observer_overhead_ms recomputes from raw timing
PASS: run sensor_dropout/19028 slsqp_solve_count recomputes from raw timing
PASS: run sensor_dropout/19028 mean_slsqp_solve_ms recomputes from raw timing
PASS: run sensor_dropout/19028 median_slsqp_solve_ms recomputes from raw timing
PASS: run sensor_dropout/19028 p95_slsqp_solve_ms recomputes from raw timing
PASS: run sensor_dropout/19028 p99_slsqp_solve_ms recomputes from raw timing
PASS: run sensor_dropout/19028 max_slsqp_solve_ms recomputes from raw timing
PASS: trace sample count matches sensor_dropout/19029 completed_samples
PASS: trace sensor_dropout/19029 step seeds are numeric
PASS: trace sensor_dropout/19029 step seeds are finite
PASS: trace sensor_dropout/19029 step seeds are integers
PASS: trace steps are contiguous for sensor_dropout/19029
PASS: trace sensor_dropout/19029 EKF speed contains only numeric values
PASS: trace sensor_dropout/19029 EKF speed is non-missing
PASS: present trace sensor_dropout/19029 EKF speed values are finite
PASS: trace sensor_dropout/19029 EKF load contains only numeric values
PASS: trace sensor_dropout/19029 EKF load is non-missing
PASS: present trace sensor_dropout/19029 EKF load values are finite
PASS: trace sensor_dropout/19029 covariance asymmetry contains only numeric values
PASS: present trace sensor_dropout/19029 covariance asymmetry values are finite
PASS: trace covariance symmetry stays within tolerance for sensor_dropout/19029
PASS: trace sensor_dropout/19029 covariance eigenvalue contains only numeric values
PASS: present trace sensor_dropout/19029 covariance eigenvalue values are finite
PASS: trace covariance remains PSD for sensor_dropout/19029
PASS: trace sensor_dropout/19029 EKF timing contains only numeric values
PASS: trace sensor_dropout/19029 EKF timing is non-missing
PASS: present trace sensor_dropout/19029 EKF timing values are finite
PASS: trace sensor_dropout/19029 auxiliary timing contains only numeric values
PASS: trace sensor_dropout/19029 auxiliary timing is non-missing
PASS: present trace sensor_dropout/19029 auxiliary timing values are finite
PASS: trace sensor_dropout/19029 reliability timing contains only numeric values
PASS: trace sensor_dropout/19029 reliability timing is non-missing
PASS: present trace sensor_dropout/19029 reliability timing values are finite
PASS: trace sensor_dropout/19029 total reliability+observer overhead contains only numeric values
PASS: trace sensor_dropout/19029 total reliability+observer overhead is non-missing
PASS: present trace sensor_dropout/19029 total reliability+observer overhead values are finite
PASS: trace sensor_dropout/19029 SLSQP timing contains only numeric values
PASS: present trace sensor_dropout/19029 SLSQP timing values are finite
PASS: trace sensor_dropout/19029 EKF update timing is nonnegative
PASS: trace sensor_dropout/19029 auxiliary inference timing is nonnegative
PASS: trace sensor_dropout/19029 reliability update timing is nonnegative
PASS: trace sensor_dropout/19029 total reliability+observer overhead timing is nonnegative
PASS: trace sensor_dropout/19029 SLSQP timing is nonnegative when present
PASS: trace sensor_dropout/19029 total overhead equals EKF + auxiliary + reliability timing
PASS: trace sensor_dropout/19029 pre-window auxiliary/reliability overhead is zero
PASS: trace sensor_dropout/19029 SLSQP timing exists only at control updates
PASS: timing distribution contains at least one finite sample
PASS: timing distribution samples are nonnegative
PASS: timing distribution contains at least one finite sample
PASS: timing distribution samples are nonnegative
PASS: timing distribution contains at least one finite sample
PASS: timing distribution samples are nonnegative
PASS: run sensor_dropout/19029 mean_ekf_update_ms recomputes from raw timing
PASS: run sensor_dropout/19029 median_ekf_update_ms recomputes from raw timing
PASS: run sensor_dropout/19029 p95_ekf_update_ms recomputes from raw timing
PASS: run sensor_dropout/19029 p99_ekf_update_ms recomputes from raw timing
PASS: run sensor_dropout/19029 max_ekf_update_ms recomputes from raw timing
PASS: run sensor_dropout/19029 total_reliability_observer_overhead_sample_count recomputes from raw timing
PASS: run sensor_dropout/19029 mean_total_reliability_observer_overhead_ms recomputes from raw timing
PASS: run sensor_dropout/19029 median_total_reliability_observer_overhead_ms recomputes from raw timing
PASS: run sensor_dropout/19029 p95_total_reliability_observer_overhead_ms recomputes from raw timing
PASS: run sensor_dropout/19029 p99_total_reliability_observer_overhead_ms recomputes from raw timing
PASS: run sensor_dropout/19029 max_total_reliability_observer_overhead_ms recomputes from raw timing
PASS: run sensor_dropout/19029 slsqp_solve_count recomputes from raw timing
PASS: run sensor_dropout/19029 mean_slsqp_solve_ms recomputes from raw timing
PASS: run sensor_dropout/19029 median_slsqp_solve_ms recomputes from raw timing
PASS: run sensor_dropout/19029 p95_slsqp_solve_ms recomputes from raw timing
PASS: run sensor_dropout/19029 p99_slsqp_solve_ms recomputes from raw timing
PASS: run sensor_dropout/19029 max_slsqp_solve_ms recomputes from raw timing
PASS: trace sample count matches sensor_dropout/19030 completed_samples
PASS: trace sensor_dropout/19030 step seeds are numeric
PASS: trace sensor_dropout/19030 step seeds are finite
PASS: trace sensor_dropout/19030 step seeds are integers
PASS: trace steps are contiguous for sensor_dropout/19030
PASS: trace sensor_dropout/19030 EKF speed contains only numeric values
PASS: trace sensor_dropout/19030 EKF speed is non-missing
PASS: present trace sensor_dropout/19030 EKF speed values are finite
PASS: trace sensor_dropout/19030 EKF load contains only numeric values
PASS: trace sensor_dropout/19030 EKF load is non-missing
PASS: present trace sensor_dropout/19030 EKF load values are finite
PASS: trace sensor_dropout/19030 covariance asymmetry contains only numeric values
PASS: present trace sensor_dropout/19030 covariance asymmetry values are finite
PASS: trace covariance symmetry stays within tolerance for sensor_dropout/19030
PASS: trace sensor_dropout/19030 covariance eigenvalue contains only numeric values
PASS: present trace sensor_dropout/19030 covariance eigenvalue values are finite
PASS: trace covariance remains PSD for sensor_dropout/19030
PASS: trace sensor_dropout/19030 EKF timing contains only numeric values
PASS: trace sensor_dropout/19030 EKF timing is non-missing
PASS: present trace sensor_dropout/19030 EKF timing values are finite
PASS: trace sensor_dropout/19030 auxiliary timing contains only numeric values
PASS: trace sensor_dropout/19030 auxiliary timing is non-missing
PASS: present trace sensor_dropout/19030 auxiliary timing values are finite
PASS: trace sensor_dropout/19030 reliability timing contains only numeric values
PASS: trace sensor_dropout/19030 reliability timing is non-missing
PASS: present trace sensor_dropout/19030 reliability timing values are finite
PASS: trace sensor_dropout/19030 total reliability+observer overhead contains only numeric values
PASS: trace sensor_dropout/19030 total reliability+observer overhead is non-missing
PASS: present trace sensor_dropout/19030 total reliability+observer overhead values are finite
PASS: trace sensor_dropout/19030 SLSQP timing contains only numeric values
PASS: present trace sensor_dropout/19030 SLSQP timing values are finite
PASS: trace sensor_dropout/19030 EKF update timing is nonnegative
PASS: trace sensor_dropout/19030 auxiliary inference timing is nonnegative
PASS: trace sensor_dropout/19030 reliability update timing is nonnegative
PASS: trace sensor_dropout/19030 total reliability+observer overhead timing is nonnegative
PASS: trace sensor_dropout/19030 SLSQP timing is nonnegative when present
PASS: trace sensor_dropout/19030 total overhead equals EKF + auxiliary + reliability timing
PASS: trace sensor_dropout/19030 pre-window auxiliary/reliability overhead is zero
PASS: trace sensor_dropout/19030 SLSQP timing exists only at control updates
PASS: timing distribution contains at least one finite sample
PASS: timing distribution samples are nonnegative
PASS: timing distribution contains at least one finite sample
PASS: timing distribution samples are nonnegative
PASS: timing distribution contains at least one finite sample
PASS: timing distribution samples are nonnegative
PASS: run sensor_dropout/19030 mean_ekf_update_ms recomputes from raw timing
PASS: run sensor_dropout/19030 median_ekf_update_ms recomputes from raw timing
PASS: run sensor_dropout/19030 p95_ekf_update_ms recomputes from raw timing
PASS: run sensor_dropout/19030 p99_ekf_update_ms recomputes from raw timing
PASS: run sensor_dropout/19030 max_ekf_update_ms recomputes from raw timing
PASS: run sensor_dropout/19030 total_reliability_observer_overhead_sample_count recomputes from raw timing
PASS: run sensor_dropout/19030 mean_total_reliability_observer_overhead_ms recomputes from raw timing
PASS: run sensor_dropout/19030 median_total_reliability_observer_overhead_ms recomputes from raw timing
PASS: run sensor_dropout/19030 p95_total_reliability_observer_overhead_ms recomputes from raw timing
PASS: run sensor_dropout/19030 p99_total_reliability_observer_overhead_ms recomputes from raw timing
PASS: run sensor_dropout/19030 max_total_reliability_observer_overhead_ms recomputes from raw timing
PASS: run sensor_dropout/19030 slsqp_solve_count recomputes from raw timing
PASS: run sensor_dropout/19030 mean_slsqp_solve_ms recomputes from raw timing
PASS: run sensor_dropout/19030 median_slsqp_solve_ms recomputes from raw timing
PASS: run sensor_dropout/19030 p95_slsqp_solve_ms recomputes from raw timing
PASS: run sensor_dropout/19030 p99_slsqp_solve_ms recomputes from raw timing
PASS: run sensor_dropout/19030 max_slsqp_solve_ms recomputes from raw timing

EKF role decision: BASELINE_ONLY
EKF VERIFIER RESULT: PASS
